t,volume,energy,exact_energy,cx,cy,r2,px,py,relative_l1,shore_area,velocity_l2,max_speed
0,0.1570973714192711,0.1800100591103149,0.1800100591103149,0.49999999999999939,7.4401038881598377e-17,0.58341189131280913,0,0.11000546429186733,0,0,3.258377275417074e-17,0.70023745972348561
0.070101055764318118,0.15709737141927058,0.17991895873968669,0.17999551071633038,0.4972248342611077,0.047002095939528934,0.58246270143622536,-0.010603491167567532,0.10944792138608553,0.016532007928637564,0.166015625,0.014571877787816653,0.7410716767496669
0.14020211152863624,0.15709737141927091,0.17977259852992927,0.17996382512084971,0.48979349750033524,0.093476887600784944,0.58130810646513342,-0.021013132766993757,0.10784624056374952,0.022526800542647871,0.25390625,0.021493912526003623,0.80726620452133058
0.21030316729295434,0.15709737141927074,0.17960716793461176,0.17998677122744419,0.47789951812652764,0.13900819862365921,0.58011806311502179,-0.031184237120384279,0.10524341071261231,0.027833605363919049,0.38671875,0.035701860151329409,0.88186171869041885
0.28040422305727247,0.15709737141927088,0.17942248697975335,0.17997511120613968,0.46167443189477975,0.18316793959290092,0.57894850556305644,-0.041019092327421028,0.10166604649432208,0.032394143356798265,0.478515625,0.046065834238761913,0.94669061486389139
0.3505052788215906,0.15709737141927105,0.17921925837134631,0.1799935921606847,0.44128885292198194,0.22553154885312005,0.57784181800887513,-0.050426382449902475,0.097152587242282124,0.036256328994685956,0.568359375,0.055148798975774405,1.0055205790816109
0.42060633458590868,0.15709737141927077,0.17899687155596278,0.17997286668507526,0.41695285341284338,0.26569631126208726,0.5768296275757786,-0.05931767079486739,0.091755528610778042,0.039449392253159091,0.6171875,0.065361689952701918,1.0568719685184911
0.49070739035022681,0.15709737141927058,0.17875457993317756,0.18000871541635463,0.38892622886465472,0.30330923455982994,0.57598066140815485,-0.067612600471413292,0.085522280178603943,0.041898842222850868,0.66015625,0.073942083821269447,1.1102540892934967
0.56080844611454495,0.15709737141927088,0.17849522116621414,0.17994870437309335,0.35748367564313333,0.33801069318778937,0.57532212995707899,-0.075241474748862766,0.078522370342645004,0.043682330257000426,0.724609375,0.082288420995818651,1.1304651533342045
0.63090950187886308,0.15709737141927088,0.17821971294421132,0.18000871541635502,0.32295431893702387,0.3695135481376472,0.57491740391615775,-0.0821364879838868,0.070821616489089551,0.045257827318574889,0.77734375,0.088982284414571261,1.147964340174281
0.70101055764318121,0.15709737141927058,0.17793400000568022,0.17997286668507564,0.28566738501216227,0.39753414828130063,0.5747844087512195,-0.088247007612635986,0.062496163364201732,0.047351502340503428,0.833984375,0.09405065789262522,1.1617144914025863
0.77111161340749934,0.15709737141927105,0.17764220137794404,0.17999359216068497,0.24600352402318862,0.42185637143527255,0.57498794740229364,-0.093524874058626903,0.053618019186205068,0.050895622453203726,0.861328125,0.096849277392185601,1.1496560641057771
0.84121266917181736,0.15709737141927088,0.17735125155004164,0.17997511120613968,0.20432568881214558,0.44227033470397581,0.57551557914478113,-0.097934921261441252,0.044274491230338789,0.055677359580305646,0.916015625,0.098089794938983357,1.1541614436455376
0.91131372493613549,0.1570973714192711,0.17707355592951457,0.17998677122744419,0.16103782267746217,0.45861933041551017,0.57635606168037057,-0.10144331277079854,0.034543362199293721,0.062401479279953632,0.955078125,0.0976338965846901,1.1122301656549329
0.98141478070045363,0.15709737141927083,0.17681608234901242,0.17996382512084977,0.11654485109115957,0.47078612813806381,0.57751137375243755,-0.1040306400553771,0.024512504629308023,0.069996804886329825,1.005859375,0.096249160311813672,1.121710441335547
1.0515158364647719,0.15709737141927091,0.17659466283594713,0.17999551071633055,0.071240141703001025,0.47867076876476389,0.57888238046650209,-0.10568710506218354,0.014274054840374814,0.077164110176988598,1.033203125,0.09277238947292929,1.1107579414946995
1.1216168922290899,0.15709737141927127,0.17641788481448706,0.1800100591103149,0.025522625355909077,0.48221811497993627,0.58035879517987621,-0.10640040262008298,0.0039178763824197658,0.083355390956791148,1.0859375,0.088738308430242052,1.0739789018755921
1.1917179479934079,0.1570973714192708,0.17629224734883611,0.18000011222096496,-0.020199043337675068,0.48141963101637181,0.58184831291743366,-0.10616707977035661,-0.006458615221967709,0.088404158951351938,1.1640625,0.085791217234860995,1.0364503904725215
1.2618190037577262,0.15709737141927077,0.17620488195799008,0.17998013320315756,-0.065533281551227285,0.47627423601183783,0.58318110980467108,-0.1049798232848434,-0.016742330862527587,0.092657853781308711,1.23046875,0.082161032418819821,1.034600882398661
1.3319200595220442,0.15709737141927077,0.17615067453932304,0.17995197968680735,-0.1100654916734275,0.46684238579142928,0.58426246553895766,-0.10285018617833756,-0.026835580505156987,0.095700819044001476,1.283203125,0.080313883328740246,1.0531461825601163
1.4020211152863624,0.15709737141927105,0.17610701813928206,0.17999061743901065,-0.15342056054907977,0.45320581133888205,0.58498872738319629,-0.09978866031805686,-0.036635451031794726,0.097299324726925332,1.359375,0.083172034209976875,1.068833788838736
1.4721221710506804,0.15709737141927085,0.17606932071586001,0.17999753238111657,-0.19520223643494536,0.43550325315367039,0.58531335702679133,-0.09582360107378475,-0.04606459328174084,0.09765023610475991,1.443359375,0.086565264808586354,1.0579684818619948
1.5422232268149987,0.15709737141927085,0.17602280999359735,0.17996278899174739,-0.23502172555412437,0.41389009267190324,0.58516350317622301,-0.090994453386042007,-0.055032305978615519,0.096753930289131554,1.513671875,0.091535977101489571,1.0709497783276876
1.6123242825793167,0.15709737141927066,0.17596814753846027,0.18000998619288863,-0.27251144041076047,0.38858664404618953,0.58451033842437794,-0.085351939825182757,-0.063470644876484975,0.095004106426395146,1.58984375,0.097297963529625053,1.157113542912275
1.6824253383436347,0.15709737141927074,0.1758935412919701,0.17998174297233702,-0.30737697248711998,0.35981861521613007,0.58333883449770307,-0.078947318606311337,-0.071304806200774618,0.094085270788047792,1.70703125,0.10292417376942839,1.242238024672002
1.752526394107953,0.15709737141927102,0.17579258648512375,0.18000998619288872,-0.33932067365089064,0.32785844842066214,0.58164795375392986,-0.071837161482164999,-0.078463253382066264,0.094758930650173961,1.77734375,0.10762184415996555,1.3187288878849324
1.822627449872271,0.15709737141927113,0.17566754909574342,0.17996278899174759,-0.36806386995458312,0.29299506595723307,0.57948348904060143,-0.06409024289859129,-0.084889758854024805,0.096077812856864467,1.896484375,0.11201749744455296,1.3850683930596686
1.8927285056365892,0.15709737141927102,0.175518870619677,0.17999753238111632,-0.39334476099292826,0.25555209942188711,0.57688912373323742,-0.055788154252034476,-0.090521829935696824,0.098132085453247753,1.97265625,0.11566658530502857,1.4651189473683102
1.9628295614009073,0.15709737141927063,0.1753542772275696,0.17999061743901076,-0.41494204367877657,0.21588430454115642,0.57397362743888025,-0.047012357168194713,-0.095317030651951129,0.10116641840318003,2.06640625,0.11710348291018423,1.5199272248897366
2.0329306171652255,0.15709737141927116,0.17516978774348102,0.1799519796868074,-0.43265591765713757,0.17436559321810258,0.57076893087965486,-0.037849157236255086,-0.099234811078250565,0.10494463374921703,2.15625,0.11911908821615724,1.5689988684763183
2.1030316729295437,0.15709737141927091,0.17496124438847893,0.17998013320315742,-0.44632790612138395,0.13137601992206252,0.56736736047706549,-0.0283892099655772,-0.10224280043285738,0.10786867825467188,2.234375,0.12214645885585169,1.6421283855412572
2.1731327286938615,0.15709737141927047,0.17472928115361264,0.18000011222096485,-0.45585409478893263,0.087311592462302995,0.56389855800689548,-0.018727848017088256,-0.10431520848634782,0.11189674883942984,2.3125,0.1276999754599083,1.6692429624515328
2.2432337844581798,0.15709737141927094,0.17446090680875934,0.18001005911031479,-0.46116458311730563,0.042567358763239929,0.56042754250553062,-0.0089590076941121286,-0.10543661236718151,0.11546415173278318,2.43359375,0.13376674701738245,1.653224062509421
2.313334840222498,0.15709737141927074,0.17416611022122663,0.17999551071633069,-0.46221812008222496,-0.0024253884098424305,0.557111676761748,0.00081998147947337388,-0.10560014677215239,0.11920689624949614,2.546875,0.13946244257283036,1.6385611734811012
2.3834358959868158,0.15709737141927077,0.17382668533008086,0.17996382512084985,-0.45903028554808112,-0.047252708794198336,0.55411930309597335,0.010524082474015454,-0.10480757839883213,0.12130243087451698,2.626953125,0.14318529402574851,1.5965942161527227
2.4535369517511341,0.15709737141927099,0.17345591405581134,0.17998677122744403,-0.45166131998299652,-0.091509620080719029,0.55158676995247158,0.020069615700085659,-0.10306828864611026,0.12298421307550775,2.744140625,0.14497359693070344,1.4194575507521332
2.5236380075154523,0.15709737141927094,0.17307125596069683,0.17997511120613915,-0.44020900251235218,-0.13479287468150755,0.5496080006706483,0.029365892972151541,-0.10039761856916372,0.12450811643437756,2.828125,0.14737837943354629,1.1861479827050547
2.5937390632797706,0.15709737141927124,0.17268039795006127,0.17999359216068467,-0.42480103627780746,-0.17670809298665119,0.54824549943170187,0.038328469038915174,-0.096822379054585364,0.12642752208082347,2.921875,0.15159975508938617,1.1492109158103556
2.6638401190440884,0.15709737141927071,0.17228528638414875,0.17997286668507598,-0.40561786341697992,-0.21688071576330312,0.54760938491241562,0.046888945961740154,-0.092375191960568481,0.12845303731830099,3.013671875,0.15486640126520895,1.151954854719017
2.7339411748084066,0.15709737141927099,0.17189095666743781,0.18000871541635471,-0.38285931684167335,-0.25493787253569378,0.54768594973916473,0.05497925612934125,-0.087099103875774089,0.13072907827249935,3.078125,0.1595023022431932,1.1564862239523725
2.8040422305727248,0.15709737141927163,0.17150459701692961,0.17994870437309315,-0.35677690670421469,-0.29055374347722879,0.5484959352760721,0.062526965943295876,-0.081037651031577423,0.1324739555120179,3.158203125,0.16328515636764226,1.1478147374975198
2.8741432863370426,0.15709737141927171,0.17112254197379109,0.18000871541635452,-0.32761660228359424,-0.32339437708812707,0.54998886174273975,0.069476411361658552,-0.07425168467127162,0.13288299447857432,3.208984375,0.16872669108709615,1.1160375924252184
2.9442443421013609,0.15709737141927127,0.17075038741759579,0.17997286668507589,-0.29567483017473856,-0.35318099060634894,0.55208239530114478,0.075766021969608355,-0.066799439341710412,0.13292692830471359,3.287109375,0.17189041851020462,1.1358086669472269
3.0143453978656791,0.15709737141927055,0.1703972750255103,0.17999359216068472,-0.2612546450666744,-0.37964998676743811,0.5546631634130198,0.081352499654890678,-0.058756314398126952,0.13305537167897319,3.32421875,0.17551629901506005,1.1567405531359738
3.0844464536299974,0.1570973714192713,0.17005928645460239,0.17997511120613915,-0.22466320192720751,-0.40254528945380225,0.55757425435707142,0.086184207705795365,-0.050194211251743302,0.13340340867841019,3.365234375,0.17615265291747495,1.1477269756326913
3.1545475093943152,0.15709737141927041,0.16974853434100762,0.17998677122744428,-0.18625273966907355,-0.42168906853201121,0.56070128880736769,0.090227901310080585,-0.04119489560469395,0.13446896116952328,3.412109375,0.17514641396421643,1.1447702741384183
3.2246485651586334,0.15709737141927049,0.16946793489402648,0.17996382512084982,-0.14635360613048187,-0.43691238798719439,0.56384311898653339,0.093450609755660691,-0.031849210245596046,0.1369375600221043,3.44921875,0.17393399046559285,1.1201282830444255
3.2947496209229516,0.15709737141927063,0.16922324097014907,0.17999551071633074,-0.10533411222870614,-0.44811161704197655,0.56688776252399675,0.095829371558729823,-0.022223776397965942,0.14074998426695354,3.474609375,0.17157931256946077,1.0795898173983562
3.3648506766872694,0.15709737141927088,0.16901752755697805,0.1800100591103147,-0.063567619976090381,-0.4552109871455105,0.569694305371089,0.097344406571727493,-0.012414891889460402,0.14530822388823236,3.486328125,0.1666371074754518,1.0700200386536067
3.4349517324515877,0.15709737141927113,0.16885333240870187,0.18000011222096476,-0.021422886681831951,-0.45815666495461332,0.5721079041353021,0.097985604354570863,-0.0025104207611457725,0.14994604889056937,3.498046875,0.16022346009790983,1.0148964661879341
3.5050527882159059,0.15709737141927041,0.16871985004286202,0.17998013320315737,0.020736536201165591,-0.45691426388987882,0.57390859167272912,0.097735950856510725,0.007386192229271356,0.15503387357330001,3.515625,0.15440494734573915,1.0790079634853402
3.5751538439802242,0.15709737141927083,0.16861594158011078,0.17995197968680721,0.062523850017168592,-0.45150922929919657,0.57499673922105921,0.096600762333358681,0.017184440043889884,0.16046835145481933,3.5234375,0.15143490751403207,1.144309426266618
3.645254899744542,0.1570973714192711,0.16852798485155726,0.17999061743901054,0.10357231780078116,-0.4419945147228479,0.57528624274925566,0.09458433526096606,0.026789848597886596,0.16584190366275806,3.513671875,0.14867752874722409,1.1965322299320491
3.7153559555088602,0.15709737141927077,0.16845390901743085,0.17999753238111599,0.14350929265595525,-0.42847495804592084,0.5747339372436413,0.091707027577318315,0.036115114609405023,0.17059204100739814,3.52734375,0.14744687563439507,1.2360808984299427
3.7854570112731785,0.15709737141927055,0.16838674845139348,0.17996278899174767,0.18196377471072236,-0.41107779583986381,0.57332498327538117,0.087999460809571509,0.045074781735217145,0.17417849677589778,3.55859375,0.14786276059833253,1.2618813362544403
3.8555580670374967,0.1570973714192711,0.1683151658102657,0.18000998619288866,0.21859405988740577,-0.38996262910612567,0.57106105939600216,0.083498476747217235,0.053583300404894854,0.17614727114849776,3.568359375,0.14935677192167607,1.2795808060252041
3.9256591228018145,0.15709737141927108,0.16824272682120917,0.17998174297233746,0.25307670287597533,-0.36534273672263345,0.56802144106563035,0.078246427846244318,0.061574709956614147,0.17651213690079207,3.619140625,0.15140162610924313,1.2697600083572076
3.9957601785661327,0.15709737141927088,0.1681528874812219,0.18000998619288872,0.28512400893423123,-0.3374409543722689,0.56425235720874778,0.072290575625117648,0.068970349899671379,0.1757217554961315,3.630859375,0.1541569489007279,1.2797629368242693
4.065861234330451,0.15709737141927094,0.16804236486247079,0.17996278899174772,0.31446281292301792,-0.30650999653902794,0.55986931781449334,0.065686548437235731,0.075707826365450731,0.17503453351169607,3.658203125,0.15773271989665236,1.2857184785244415
4.1359622900947688,0.15709737141927155,0.16791505152370578,0.17999753238111607,0.34083417664093302,-0.27283685210952358,0.55501468925000341,0.058497428748700328,0.081733084855824867,0.17658504120677154,3.685546875,0.1611799111200182,1.3209803492209764
4.2060633458590875,0.15709737141927099,0.16776898766207032,0.17999061743901026,0.36399213963081145,-0.23673671774214811,0.54983660209705221,0.050793523629885935,0.086992536130775094,0.17988431558200613,3.69140625,0.16561487809394768,1.3366846358920095
4.2761644016234053,0.1570973714192711,0.16760437990665544,0.17995197968680726,0.38373939545414271,-0.19854406241898323,0.54452972833650581,0.042650113962927769,0.091443453680503897,0.18367331086692498,3.6953125,0.16673809173337401,1.3535822873914225
4.3462654573877231,0.1570973714192708,0.1674215330063841,0.17998013320315781,0.39988723103590579,-0.15861836190220469,0.53922375120535504,0.034146329077846739,0.095048484288963384,0.18786054344519657,3.705078125,0.17066201429644542,1.3561451186084239
4.4163665131520418,0.15709737141927066,0.16722211603306203,0.18000011222096482,0.41230130115083363,-0.1173309272828276,0.53411816129017431,0.025370051220867346,0.097774929014347589,0.19200423212893938,3.6796875,0.17543783577996874,1.3505153466704329
4.4864675689163596,0.15709737141927066,0.16700388099036326,0.1800100591103149,0.42086202018633406,-0.075069479754746954,0.52934340279586412,0.016412160449359035,0.099597508880785793,0.19517943083679012,3.66796875,0.18186050977717622,1.3695598286732604
4.5565686246806774,0.1570973714192708,0.16676613442837376,0.17999551071633027,0.42547774258053173,-0.032240752677002056,0.52500023451383593,0.007373356656380085,0.10050555805484636,0.19737079302419724,3.6640625,0.18580192946992458,1.297886395216074
4.626669680444996,0.15709737141927069,0.16650310152991524,0.17996382512084971,0.42613975693175332,0.010762871254777847,0.52124502852655341,-0.0016664510093315271,0.10049506896791949,0.19754051484878929,3.673828125,0.19270997050591884,1.2577685141677586
4.6967707362093138,0.15709737141927074,0.16621801572876294,0.17998677122744425,0.42285453310041837,0.053525616170953465,0.51824099958578207,-0.010628606557690294,0.099571051586359732,0.19667780683295555,3.68359375,0.19823981596307089,1.2171574991691396
4.7668717919736316,0.15709737141927108,0.16590120344270254,0.17997511120613971,0.41567788560348601,0.095643017196175809,0.51611324277840587,-0.019426882379972768,0.097744879986447875,0.19502886669928596,3.65625,0.20646965581962262,1.1656249421782474
4.8369728477379503,0.15709737141927088,0.16554808039223115,0.1799935921606847,0.40470787051676027,0.13672414278324593,0.51490964497776104,-0.027979283956711384,0.095034808840009102,0.19271648743561434,3.646484375,0.2141651114458909,1.1462962770540854
4.9070739035022681,0.15709737141927027,0.16516974638146323,0.17997286668507526,0.39009694659798011,0.17640141727779748,0.51473814959605757,-0.03622171233881083,0.091466795439995904,0.19051965698933723,3.662109375,0.22038797394294529,1.1577456425759987
4.9771749592665868,0.15709737141927096,0.16478033590329716,0.18000871541635471,0.37201750897977576,0.21432135410584402,0.51557583128342321,-0.044082237795525232,0.087072969390812271,0.18929346305880154,3.6328125,0.22711397596533087,1.1457984396065228
5.0472760150309046,0.15709737141927096,0.16437465845508198,0.17994870437309335,0.3506600058516251,0.25014605143575752,0.51739238104229357,-0.051493497259335233,0.08189321195289323,0.18874642893594423,3.640625,0.23160658129094913,1.1150327870816492
5.1173770707952224,0.15709737141927077,0.16396791687492879,0.18000871541635494,0.32625317424734002,0.28355252075636039,0.52011056587083127,-0.05839980294728573,0.07597777747108235,0.18799078543695388,3.634765625,0.23562151792953598,1.1191892205010943
5.1874781265595411,0.15709737141927102,0.16356638539349871,0.17997286668507556,0.29904160367466437,0.31424937054438662,0.52360643425368736,-0.064741118054785537,0.069387006635010004,0.18771704986312571,3.654296875,0.23858980136910923,1.090404210977046
5.2575791823238589,0.15709737141927058,0.16317324185153018,0.179993592160685,0.26929060899293317,0.34196261877145312,0.52773307917340118,-0.070472514696706942,0.062177035945930013,0.18800757223027617,3.646484375,0.23928927793681057,1.0785940894392125
5.3276802380881767,0.15709737141927071,0.16279957282150995,0.17997511120613963,0.2372947655109342,0.36647085894252296,0.53233468231910153,-0.075547545548810643,0.054417199340766539,0.18928344861572394,3.6640625,0.23884781157854496,1.0999709527331631
5.3977812938524954,0.15709737141927102,0.16244768969388521,0.17998677122744425,0.20334490545688219,0.38754259310956946,0.53716967729689669,-0.079928152822904802,0.046178957669234078,0.19137258092182022,3.69140625,0.23614296049574388,1.0673078473309414
5.4678823496168132,0.15709737141927096,0.1621297010929397,0.17996382512084985,0.16776176329725939,0.40502932730954216,0.5420703893004134,-0.083582698778665671,0.037539248273391536,0.19528028662002397,3.681640625,0.23416610467755816,1.0993952807965031
5.537983405381131,0.15709737141927052,0.16185188655303165,0.17999551071633055,0.13086521710788357,0.41878866828574068,0.54681034227347625,-0.086486268321699547,0.028571970599837692,0.20167020452117237,3.681640625,0.23005141943327978,1.0741903414139577
5.6080844611454497,0.15709737141927071,0.16160930510178101,0.18001005911031481,0.092992574791656249,0.42871690303582466,0.55118072378379468,-0.088608439964849614,0.019349694852024309,0.20895060770883622,3.677734375,0.22499678804120324,1.0507563396085291
5.6781855169097675,0.15709737141927099,0.16140992075107569,0.18000011222096499,0.054478928495872603,0.43474146417531156,0.55499003961627957,-0.089940781992346661,0.0099659716094896225,0.21619090190671694,3.654296875,0.22018779785199757,1.0202329588760437
5.7482865726740853,0.15709737141927108,0.16125091785290566,0.17998013320315753,0.015638296774896875,0.43678983525221948,0.55795309299574247,-0.090461906431731645,0.00051440034662441031,0.22355241921015828,3.658203125,0.21368556882187795,1.0134070083590465
5.818387628438404,0.15709737141927074,0.16112737251428039,0.17995197968680729,-0.023188485155646647,0.43484741560478118,0.55992304268646986,-0.090164767355840558,-0.0089158555844987518,0.23097874666380325,3.6484375,0.20759493060539727,1.0134272551690442
5.8884886842027218,0.15709737141927085,0.16102589954058477,0.17999061743901065,-0.061657182692950764,0.42893840708484182,0.56077441475583312,-0.089046533243625811,-0.018225550270004963,0.23792625791196734,3.65234375,0.20269231127053036,1.0134421919176528
5.9585897399670404,0.15709737141927044,0.16094353735754227,0.1799975323811166,-0.099418210784021979,0.41913095056618066,0.56046501860511511,-0.087120374335960635,-0.027329238477998927,0.24380544395735251,3.666015625,0.20006842741750433,1.0134529248268378
6.0286907957313582,0.15709737141927085,0.16087255021201707,0.17996278899174745,-0.13613748095521355,0.40552632215295192,0.5589831155389392,-0.084402246958090441,-0.036141336301121471,0.24922190160011609,3.68359375,0.19628280234871007,1.01346026699877
6.098791851495676,0.15709737141927069,0.16080482547958208,0.18000998619288863,-0.17147460670797907,0.38826350624533063,0.55635906518089373,-0.080913234531288347,-0.044587014386836321,0.25296623335649127,3.673828125,0.19466057475721812,1.0174088360999465
6.1688929072599947,0.1570973714192711,0.1607366529869888,0.17998174297233699,-0.20512118042059482,0.36750586939529428,0.55267463709222442,-0.076692023499630071,-0.0525922047674168,0.25548439743346191,3.712890625,0.19412186268048937,1.0305780986040343
6.2389939630243125,0.15709737141927083,0.16065258572756802,0.18000998619288877,-0.23677828327242817,0.34343289234745911,0.54800343142521823,-0.071780308753642316,-0.060078634178465866,0.25692604768839911,3.693359375,0.19371776387315862,1.0691286306351839
6.3090950187886303,0.1570973714192706,0.16054859488422002,0.17996278899174759,-0.26617970992968293,0.31626898538343795,0.54248905895976784,-0.066217457156176759,-0.066989873006608705,0.25820176233339026,3.70703125,0.19443970501742505,1.1103326623553709
6.379196074552949,0.15709737141927099,0.16043194140064068,0.17999753238111632,-0.29305728398450359,0.28626030527144303,0.53630982602879029,-0.060064528469355102,-0.073268084185590568,0.25929081459546366,3.693359375,0.19638832538834947,1.1581901506854724
6.4492971303172668,0.1570973714192708,0.16030410292193104,0.17999061743901074,-0.31716659106502693,0.25369535739891469,0.529672889052344,-0.053374954668848833,-0.078862087742542747,0.25979029020096062,3.69921875,0.19786528536618303,1.196504389000848
6.5193981860815846,0.15709737141927127,0.16016710614128682,0.17995197968680735,-0.33829392706836281,0.218873945292169,0.52280698845612417,-0.046216285780222098,-0.083723403852052125,0.25987787080537728,3.693359375,0.20146907835141248,1.2370969511124146
6.5894992418459033,0.15709737141927135,0.1600196126701498,0.17998013320315737,-0.35625548564062298,0.18211149787690728,0.51594107866249761,-0.038659842109355705,-0.087805827451303303,0.26058242712520491,3.6875,0.20571110047964017,1.2443645586157601
6.6596002976102211,0.15709737141927052,0.15985953559424324,0.18000011222096488,-0.37088217184521849,0.14375219160423588,0.50927196486517989,-0.030773916402110208,-0.091074999774857571,0.26193650755308384,3.6796875,0.21118723640355824,1.2569080634531353
6.7297013533745389,0.15709737141927052,0.15968664983776287,0.18001005911031479,-0.38204181201672949,0.10415258034071029,0.50304038389201122,-0.022638847347099565,-0.09349944417173138,0.26361786568784834,3.681640625,0.21874607303812146,1.2711712881430115
6.7998024091388576,0.15709737141927066,0.15949800315571003,0.17999551071633077,-0.38964183843581168,0.063680795699623621,0.4974310819943768,-0.01433210739356734,-0.095057125505118051,0.26470898758906536,3.67578125,0.22570253719466249,1.2616835848192125
6.8699034649031754,0.15709737141927091,0.15929346814322465,0.17996382512084991,-0.39361553240260622,0.022713424516635494,0.49260051902587065,-0.0059342958767986832,-0.095738926091967061,0.26477156023964638,3.677734375,0.23688075652914403,1.2651972670259173
6.9400045206674941,0.15709737141927069,0.15907046166989219,0.17998677122744403,-0.3939025484153692,-0.018338596019820214,0.48868734368313971,0.0024634491569706443,-0.09553873070235383,0.2635652153393222,3.673828125,0.24567646941600091,1.2415655998089485
7.0101055764318119,0.15709737141927077,0.15883236014594312,0.17997511120613913,-0.39051955498569324,-0.059092964612138706,0.4858515391580262,0.010790647002053113,-0.094468668511217463,0.26145159967098969,3.658203125,0.25551949527985401,1.2452765939305728
7.0802066321961297,0.1570973714192706,0.15857285099190033,0.1799935921606847,-0.3835296763057533,-0.099168272776623642,0.48420665406758856,0.018973268218443622,-0.092536349010870392,0.25935337597090308,3.64453125,0.26396453186423885,1.2344095005668667
7.1503076879604484,0.15709737141927099,0.15829418590691666,0.17997286668507595,-0.37301455071753042,-0.13818861604163399,0.48377929273911807,0.026931295146379899,-0.089764482340012927,0.25745179118837963,3.640625,0.27209129466081139,1.2505984251014528
7.2204087437247662,0.15709737141927124,0.15799654166779001,0.18000871541635469,-0.35910260929549465,-0.17578644337762489,0.4845819796428375,0.034595173409862755,-0.086177121477927582,0.25499954279160331,3.59375,0.27988951506345022,1.2409987180813906
7.290509799489084,0.15709737141927069,0.15769021647763981,0.1799487043730931,-0.34196307783605118,-0.21163153787764491,0.48660253798935366,0.04190438467631101,-0.081810184738814573,0.25206313244840362,3.595703125,0.28659510850220049,1.2431205517473716
7.3606108552534026,0.15709737141927063,0.15738365169103896,0.18000871541635452,-0.32178520485283119,-0.24540485519909969,0.48970466916151817,0.04879043373501029,-0.076701623535416694,0.24845499168418952,3.58203125,0.29167184054539802,1.2153121857831581
7.4307119110177204,0.15709737141927113,0.15707471516536101,0.17997286668507589,-0.29875972551824098,-0.27678871042901232,0.49376820132130628,0.055197694886599154,-0.070902295352065825,0.24590835248293497,3.599609375,0.29577447893664371,1.171724078501853
7.5008129667820382,0.15709737141927083,0.15676335463514471,0.17999359216068467,-0.2731213757062757,-0.30551078514023694,0.49865777482428408,0.061069743534413495,-0.064465183069444931,0.24452400436300123,3.599609375,0.2985466975511798,1.1593344126259526
7.5709140225463569,0.15709737141927083,0.15646109309137798,0.17997511120613907,-0.24512440195954305,-0.33131001649567782,0.50413010124249014,0.066361209104669736,-0.057458719862365788,0.24480352442118583,3.603515625,0.29832869837868542,1.0907433685356767
7.6410150783106747,0.15709737141927138,0.15616347889431095,0.17998677122744425,-0.21503115253830987,-0.35395579179313225,0.5100042696132806,0.071028924939600308,-0.049938797783454641,0.24767990484180338,3.6328125,0.29773367108704785,1.0960853644219919
7.7111161340749934,0.15709737141927091,0.15588938217426426,0.1799638251208498,-0.18314655399930369,-0.37327759677328592,0.51604262394514033,0.075041828443907263,-0.041982524780413207,0.25247857322042028,3.6328125,0.294491339014126,1.0764839226669065
7.7812171898393112,0.15709737141927047,0.15564032481160492,0.17999551071633074,-0.14976175979599676,-0.38911090971540135,0.52198031490944719,0.078364830634642488,-0.033654661683384227,0.25870690267018154,3.625,0.29055643634420053,1.0713950524086968
7.851318245603629,0.15709737141927116,0.1554150134130346,0.18001005911031467,-0.11520152418321455,-0.40134329073442371,0.52763579482650569,0.080973994370108354,-0.025027388712013765,0.26553619629250386,3.62109375,0.2864140045774059,1.0415117810171757
7.9214193013679477,0.15709737141927066,0.15522052203695552,0.18000011222096476,-0.079771326053462419,-0.40988560931334855,0.53274819045294397,0.082850409667891298,-0.016184895973416019,0.27302979449041315,3.59765625,0.27946918756336986,1.0383328232726128
7.9915203571322655,0.15709737141927071,0.15505839472563837,0.17998013320315737,-0.043786886895267635,-0.414671661590646,0.53708521658039188,0.083975723057167787,-0.0072006566662173484,0.28036100644466566,3.6015625,0.27200499412736401,1.0133151681791197
8.0616214128965833,0.15709737141927041,0.15492611935754588,0.17995197968680726,-0.007565359232623311,-0.41565708436857485,0.54044448836632308,0.084336972639039429,0.0018308952274337681,0.28739772096246841,3.587890625,0.26469399267923438,1.0133076439200932
8.131722468660902,0.15709737141927116,0.15482434782208482,0.17999061743901054,0.028567619259947673,-0.41284169809742111,0.54266639354422219,0.083933081535192161,0.010819789619193663,0.29375945502982453,3.568359375,0.25888903513148298,1.0133000893262012
8.2018235244252207,0.15709737141927069,0.15474354579785612,0.17999753238111593,0.064301399489676683,-0.40625778687972275,0.54361026567953519,0.082763400730652165,0.019675973407956033,0.29967607420696907,3.578125,0.25254628349102726,1.0183109351946147
8.2719245801895376,0.15709737141927085,0.15468008520542423,0.17996278899174767,0.099322252531685321,-0.39597454357857309,0.54321948176180612,0.08084007630701702,0.028312499781979823,0.30533249315225913,3.607421875,0.24768980099324794,1.0132848778258876
8.3420256359538563,0.15709737141927096,0.15462644839274264,0.18000998619288869,0.13331066022512927,-0.38209357112547149,0.54149262378185503,0.07818462489498712,0.03664269699203624,0.30993981826748801,3.595703125,0.24434836739666344,1.0132772143224782
8.412126691718175,0.1570973714192708,0.15458063316258577,0.17998174297233749,0.16596176143404329,-0.36476394864472167,0.53851821488382268,0.074820569065521675,0.044605068159066646,0.31382352723843682,3.646484375,0.24191449275297142,1.0132695074132001
8.4822277474824919,0.15709737141927094,0.15453279644901849,0.18000998619288872,0.19699644274707295,-0.34414456678244254,0.53437270826709637,0.070776855832266519,0.052132541857181164,0.31701028528744285,3.634765625,0.24055688638378556,1.0132617531209414
8.5523288032468106,0.15709737141927069,0.15447459742134415,0.17996278899174784,0.22614188125846399,-0.32042115822869055,0.52915815649340814,0.066095460783416549,0.059150944554027932,0.32016235296474982,3.66015625,0.23991458057522874,1.0222030502567714
8.6224298590111292,0.1570973714192713,0.15439544568882407,0.17999753238111615,0.25315460997695705,-0.29380005027989581,0.52304010628237474,0.060820897119693254,0.065597655860811274,0.32308548683356797,3.662109375,0.23940537803589762,1.0393874686272868
8.6925309147754461,0.15709737141927116,0.15430227472296215,0.17999061743901026,0.27778762955930686,-0.2645346137956513,0.51622063380998928,0.055000941052994495,0.071425359264975286,0.32454385071748898,3.6640625,0.24021532042331656,1.0825448324870042
8.7626319705397648,0.15709737141927085,0.15419400077891501,0.17995197968680726,0.2998160214587024,-0.23288948773539628,0.50893860413288861,0.048694275076025278,0.076581979992053531,0.32452305511468282,3.65625,0.24209324087005699,1.1206530411632458
8.8327330263040835,0.15709737141927063,0.15407651039679107,0.17998013320315778,0.31904161270842485,-0.19916611910865875,0.5014432540170618,0.041959418456888747,0.081027867342279,0.32409911079676995,3.6484375,0.2451898083785391,1.1635366309553161
8.9028340820684004,0.15709737141927063,0.15394622386109208,0.18000011222096479,0.3352966394787068,-0.16366550221497317,0.49399307600846459,0.034863862819756168,0.084721597309566257,0.32395729881036472,3.626953125,0.25069899138193413,1.2046022870909432
8.9729351378327191,0.15709737141927049,0.15380293472929743,0.18001005911031487,0.348423235538316,-0.12671966095006826,0.48681820812842153,0.027474895870470136,0.087631827613411623,0.32370797342040875,3.61328125,0.25711716985285471,1.2005548349828628
9.0430361935970378,0.15709737141927063,0.15364674276371423,0.17999551071633038,0.3583096949995514,-0.088671480573792483,0.48016036847077731,0.01986504275233027,0.089730223715021637,0.32342185098953991,3.607421875,0.26544988220248417,1.1999879604381467
9.1131372493613547,0.15709737141927074,0.15347744381619779,0.17996382512084966,0.36485911835275603,-0.049877415470444574,0.47424759654116572,0.012109196735041974,0.091001311081726308,0.32259259187420236,3.611328125,0.27549485131931511,1.1932844756596144
9.1832383051256734,0.15709737141927049,0.15329474395537582,0.17998677122744425,0.36802362760929158,-0.010707148708932962,0.46924671550959235,0.0042735989054933018,0.091432616021446755,0.32165535022809449,3.619140625,0.28634905969287711,1.1735037689352024
9.2533393608899921,0.15709737141927116,0.15309549042051482,0.17997511120613974,0.36775677970627269,0.028472611697325158,0.46532182776387654,-0.0035574339576641711,0.091023926811477529,0.32002211772231953,3.599609375,0.29780774642731717,1.1395335036260221
9.323440416654309,0.15709737141927074,0.15288363216083661,0.17999359216068481,0.36406932679253856,0.067272170828180364,0.46259662178100469,-0.011317923101542105,0.089783908670039742,0.31764345177030351,3.58984375,0.30837070895062019,1.1408598090533488
9.3935414724186277,0.15709737141927063,0.15265822351900057,0.17997286668507523,0.35701743690972904,0.10532938164829818,0.4611899169763895,-0.018934246799519404,0.087726242681735622,0.31507919224924952,3.572265625,0.31927802611059297,1.1043355639193646
9.4636425281829464,0.15709737141927077,0.15241942633434949,0.18000871541635466,0.3466942550305791,0.14229633127253238,0.46115740797345273,-0.026343527577766153,0.084869081977049871,0.31317125748124341,3.5234375,0.32851052854517571,1.0891824060360651
9.5337435839472633,0.15709737141927074,0.15216984278096909,0.17994870437309332,0.33322005238054647,0.17783814172157533,0.46250477399938172,-0.033475786782628247,0.081239346893640957,0.31109736060014598,3.498046875,0.33707783366506971,1.1041318355399354
9.603844639711582,0.15709737141927144,0.15191690444537548,0.18000871541635502,0.31674485208721775,0.21162539294880378,0.46511681392443699,-0.040271604776743054,0.076871873548022773,0.30801429621090154,3.453125,0.34422008185983061,1.0946408924962012
9.6739456954759007,0.15709737141927091,0.15165846031093536,0.17997286668507564,0.29744423798041802,0.2433604059188639,0.46893170197721129,-0.046667197928013202,0.071804220777808334,0.30486337132252694,3.453125,0.34911483137380223,1.0754234872245441
9.7440467512402176,0.1570973714192706,0.15140427176079099,0.17999359216068497,0.27550654555211179,0.27274152257833034,0.47375134518278184,-0.05260925256775268,0.066088714736995666,0.30201729214192696,3.427734375,0.35187582344625867,1.0794163459508759
9.8141478070045363,0.15709737141927085,0.15114737360025768,0.17997511120613963,0.25114510031970766,0.29950185850749839,0.47938164821830365,-0.058042034495565178,0.059777383322699891,0.3005832129635555,3.4296875,0.35263019250073002,1.0436750706762683
9.8842488627688549,0.15709737141927069,0.15090015705210236,0.17998677122744425,0.2246089930902323,0.32341062833559192,0.48559640750107208,-0.06292574016342449,0.052934661380833685,0.30205060028884201,3.458984375,0.35097876615844575,1.0224727555013899
9.9543499185331736,0.15709737141927096,0.15066199313732201,0.17996382512084988,0.19614429186926893,0.34425186879023811,0.49214576348915984,-0.067218721677992158,0.045615030082308688,0.30582716243210278,3.455078125,0.34952543359170118,1.0553969097792568
10.024450974297491,0.15709737141927058,0.15043819299878117,0.17999551071633049,0.16602866720535664,0.36185516497994669,0.49880726482364596,-0.070889458660829754,0.037892167832136482,0.31107123845972096,3.453125,0.34633357228751022,1.0394361450876342
10.094552030061809,0.15709737141927088,0.15023283218799077,0.18001005911031498,0.13454275075977992,0.37607053379217387,0.50529193860113897,-0.073909581186850537,0.029833686488273586,0.31734842255473755,3.44921875,0.34078361940922475,1.0601974854362792
10.164653085826128,0.15709737141927044,0.15005097522113192,0.18000011222096501,0.10198937958605175,0.38679762629775161,0.51135273138408155,-0.07625546918877435,0.021511043848936512,0.32505088521771258,3.4375,0.33530113451079624,1.0684729365437442
10.234754141590445,0.15709737141927083,0.14989704783511862,0.17998013320315756,0.068667361124036416,0.39396448247269811,0.51675780670455818,-0.077905864201462158,0.01300132369013875,0.33309445409974303,3.466796875,0.32815160882716782,1.0498844267980805
10.304855197354764,0.15709737141927088,0.1497704798805983,0.17995197968680729,0.034869802755130248,0.39750831476853171,0.52124536688968737,-0.078849207071991778,0.0043873333266210663,0.34116957529187697,3.484375,0.32011479321372288,1.0346898199508876
10.374956253119082,0.15709737141927071,0.14966857379900403,0.17999061743901065,0.00089996438060378282,0.39740736611536348,0.5246172570551455,-0.07907355399462733,-0.0042483559398365225,0.34903559554344776,3.48046875,0.31204680048342104,1.0363356353674842
10.445057308883399,0.15709737141927113,0.1495873436377026,0.17999753238111663,-0.03293323250844659,0.39367481422147332,0.52673978036195401,-0.078573865648100746,-0.012820137567276898,0.35645856250054475,3.498046875,0.30600371576337432,1.012984560201754
10.515158364647718,0.15709737141927096,0.14952341801980459,0.17996278899174734,-0.066334565712727403,0.38635567830794387,0.52751742086054565,-0.077356631715225138,-0.021241829260246897,0.36330892878432786,3.509765625,0.29914212532022277,1.0129720003102205
10.585259420412036,0.15709737141927121,0.1494730417976354,0.18000998619288872,-0.099016108679092232,0.37552219828490546,0.52692334801678331,-0.075434893203577075,-0.029431020823005156,0.3692066465129405,3.48828125,0.29370511999179122,1.0129593110770394
10.655360476176353,0.15709737141927091,0.14943500089192965,0.17998174297233704,-0.13066690490952523,0.36129816312136959,0.52495652147039562,-0.072830738983070548,-0.037312370599264212,0.37425319498847115,3.533203125,0.29048475903127052,1.0129464780185691
10.725461531940672,0.15709737141927099,0.14939708776437199,0.18000998619288872,-0.16102425420027108,0.34381359454967209,0.52168779331005977,-0.069562198586505281,-0.044822208276962205,0.37854459480201003,3.517578125,0.28754561878440393,1.0138842892607547
10.795562587704991,0.15709737141927069,0.14935875869577123,0.17996278899174756,-0.18981888572052893,0.32323547004239661,0.51722291162096201,-0.065664932707550056,-0.051897767301647052,0.38212999580970447,3.5390625,0.28573471098086406,1.0330780331271991
10.865663643469308,0.15709737141927077,0.14930546440890721,0.17999753238111629,-0.21680394293734981,0.29974081642666384,0.51167710230596009,-0.061178687972403958,-0.058460587005943199,0.38533566520297124,3.55859375,0.28472090547057288,1.0324805314850587
10.935764699233626,0.15709737141927119,0.14923409654127714,0.17999061743901082,-0.24174961634102443,0.27354355470323233,0.50524195898042323,-0.056140465771424938,-0.06446514976447891,0.38728261806809616,3.564453125,0.28397462831167514,1.0521099703557097
11.005865754997945,0.15709737141927096,0.14914775624558108,0.17995197968680743,-0.26443279317583446,0.24487977346196105,0.49814497967671012,-0.05060574923384531,-0.069856202314246815,0.38788970255980504,3.560546875,0.28557613694023126,1.0605044278108373
11.075966810762262,0.15709737141927041,0.14904897399873335,0.17998013320315745,-0.2846415951702565,0.2140252336268576,0.49063059288889593,-0.044623128746410494,-0.074595746251076372,0.3873602851317523,3.564453125,0.28781454738431805,1.0759543265172349
11.146067866526581,0.15709737141927049,0.14893506803449877,0.18000011222096485,-0.30220007006455629,0.18125512291314927,0.48296745974862559,-0.038252585176499501,-0.07863680363978913,0.38613906840664153,3.548828125,0.2933153727971386,1.1135593133470327
11.216168922290899,0.15709737141927044,0.14880799840042766,0.18001005911031484,-0.31695112754746346,0.14687478923304018,0.47541503351034031,-0.031552465431850946,-0.081951109685253473,0.38464531097419569,3.564453125,0.30052771489789937,1.1605652108171784
11.286269978055216,0.15709737141927094,0.14866831513071713,0.17999551071633074,-0.32874833429249811,0.11120529800792853,0.46821260084463506,-0.024590962543997511,-0.084506817789385347,0.3831861087897343,3.556640625,0.30877830198009582,1.2077650219033842
11.356371033819535,0.15709737141927116,0.1485179168953584,0.17996382512084988,-0.33749182130535144,0.074578420758971989,0.46160616097995855,-0.017437294265990083,-0.086283951536880107,0.38139064246481275,3.548828125,0.31927692106980726,1.2103354809862039
11.426472089583854,0.15709737141927058,0.14835932152207271,0.17998677122744411,-0.34311373581376087,0.037331144032860211,0.45581331784429691,-0.010152369809302945,-0.087268967358325733,0.37905852979423466,3.53515625,0.33140584954099278,1.17860713456943
11.496573145348171,0.15709737141927077,0.14818790495021095,0.17997511120613913,-0.34556282855264375,-0.0001864251472226796,0.45100284573325294,-0.0028055269722605416,-0.087449571447506591,0.37635625905205355,3.509765625,0.34364182438596236,1.1700339302392186
11.566674201112489,0.15709737141927105,0.14800318711418375,0.17999359216068472,-0.34479369629431178,-0.037599538261682705,0.44732495040587983,0.0045270832660848073,-0.086829000060773195,0.37299508525127184,3.4921875,0.35358316769824649,1.1353808189317316
11.636775256876808,0.15709737141927085,0.14780711910442207,0.17997286668507598,-0.34082556203592923,-0.074562574558562161,0.4449027438611905,0.011784880983192764,-0.085419094588266728,0.36915174360711622,3.466796875,0.36573915891741704,1.1298855278358577
11.706876312641127,0.15709737141927063,0.14759391017327561,0.18000871541635469,-0.33371563290241668,-0.11072088786149049,0.44385540328514167,0.018896766352115575,-0.083227117130587613,0.36488133583008309,3.423828125,0.3735584677111024,1.0740138462256632
11.776977368405444,0.15709737141927102,0.14737307625456514,0.17994870437309315,-0.3235498068550674,-0.14574542948474598,0.44417691205580906,0.025805176279614865,-0.080280838250594774,0.3608433667991488,3.40234375,0.38218204781210269,1.0428527594987969
11.847078424169762,0.15709737141927119,0.14713863308834124,0.18000871541635455,-0.31043801550720257,-0.17930211347433847,0.44587405250828488,0.03244213243180908,-0.076603178878285799,0.35818737827472502,3.376953125,0.38873142261180232,1.033266176715516
11.917179479934081,0.15709737141927069,0.14690167116921735,0.17997286668507592,-0.29453466944214435,-0.21109433910045208,0.44886652637956231,0.038752740882394485,-0.072233478821727246,0.35581113683404897,3.38671875,0.39512342356625091,1.0408379950907842
11.987280535698398,0.15709737141927102,0.14666367129715641,0.1799935921606847,-0.27600773579220844,-0.24083643494395979,0.45301004236099618,0.044681973630510283,-0.067205589767354801,0.35359257027142166,3.37109375,0.39910341761414514,1.0126561271253343
12.057381591462716,0.15709737141927074,0.14643041488906819,0.17997511120613913,-0.25503939811471427,-0.26825858613459225,0.458128875393572,0.050178305642991701,-0.061572968597733806,0.35187382463915329,3.375,0.40187391498750136,1.0126373513252211
12.127482647227035,0.15709737141927033,0.14620172717667143,0.17998677122744425,-0.23183936220292295,-0.29310845116459089,0.46402595898822308,0.055191958372187225,-0.05538380031696373,0.35152250626860704,3.380859375,0.40300915060126702,1.0126181144473161
12.197583702991352,0.15709737141927108,0.14598433359965743,0.1799638251208498,-0.20663425613017775,-0.31516926576559634,0.47047708600372845,0.059684275948272351,-0.048704119083367102,0.35375503440652822,3.38671875,0.40160896176112615,1.0125983990418903
12.267684758755671,0.15709737141927035,0.14577802649758445,0.17999551071633088,-0.17965696390628447,-0.33423659275586265,0.47720756626717403,0.063618395918269205,-0.041591101267924466,0.35851000332214228,3.3828125,0.39908658146913245,1.0125357399149453
12.337785814519989,0.15709737141927121,0.14558579184341283,0.18001005911031462,-0.15118120914149402,-0.3501700875486759,0.48401448405395142,0.066964689863969765,-0.034106926607216231,0.36445694542177293,3.3828125,0.39531624351844663,1.0125159627478639
12.407886870284306,0.15709737141927044,0.14541121238102467,0.18000011222096479,-0.12146782074094568,-0.36282816498096343,0.49058348888909598,0.069696383556835106,-0.026321276362273958,0.3722957682798877,3.3828125,0.38861951422957081,1.0124956003755745
12.477987926048625,0.15709737141927052,0.14525465358914216,0.17998013320315737,-0.090798942896522988,-0.37211271171404958,0.49667110867055853,0.071791326673147152,-0.018300037695434142,0.38096325616608179,3.3984375,0.38279764582207937,1.0124746353775183
12.548088981812944,0.15709737141927047,0.14512234325783144,0.17995197968680726,-0.059458654329124054,-0.37796489317581283,0.50203533542165957,0.073234797491449719,-0.010126598171011272,0.39013138823818311,3.3984375,0.37530071929186953,1.0124530498135345
12.618190037577261,0.15709737141927096,0.14501522609295034,0.17999061743901054,-0.027722981937674925,-0.3803471040250252,0.50643747602410905,0.074013502619790492,-0.0018757366118231122,0.39905127569147836,3.40625,0.36655238805991136,1.0124308252079699
12.688291093341579,0.1570973714192708,0.14492877996184197,0.1799975323811161,0.0041268721146461365,-0.37924005192369631,0.50968005596882227,0.074117421185402155,0.0063717622782662239,0.40754612375413696,3.416015625,0.35755140514619677,1.0124079425337493
12.758392149105898,0.15709737141927066,0.14486088111902337,0.17996278899174764,0.035807823805063164,-0.37466610803225742,0.51164778039314085,0.073543805459873351,0.014533759106748445,0.41540443734576343,3.42578125,0.35062509833056121,1.0123843821960017
12.828493204870215,0.15709737141927066,0.14480614327985547,0.18000998619288872,0.067035340808782193,-0.36668127847834109,0.51223995501884012,0.072297734584984105,0.022530192401055284,0.42269268028391827,3.421875,0.34240847240495415,1.0123601240151363
12.898594260634534,0.15709737141927052,0.14476907427362526,0.17998174297233752,0.097526402210526511,-0.3553710973781451,0.51143770437859781,0.070398575581884948,0.030284388193922443,0.42941561745998968,3.478515625,0.33704927730775192,1.0123351472094491
12.968695316398852,0.15709737141927013,0.14473778295981279,0.18000998619288872,0.12702152997073837,-0.34084796900262027,0.50927563677731391,0.067858916600341004,0.037723100317450277,0.43508642439982154,3.484375,0.33312992097150917,1.0123094303772346
13.038796372163169,0.15709737141927102,0.14470881789835741,0.17996278899174775,0.15526096290476366,-0.32326005712322192,0.50582132680367531,0.064702070845432363,0.044790773863107348,0.44028431592280265,3.529296875,0.32923626259464922,1.0122829514783747
13.108897427927488,0.1570973714192711,0.14467262848916868,0.17999753238111615,0.18199792100586673,-0.30276742659851219,0.50117960868688183,0.060961291892083755,0.05141578955673215,0.44460536034126535,3.560546875,0.32705748992587458,1.0122556878153746
13.178998483691807,0.15709737141927099,0.14462368316729682,0.17999061743901026,0.20700440153928376,-0.27954853019143544,0.49549605540645814,0.056673722234431935,0.057538379446946147,0.4471580477267651,3.576171875,0.32648646085676292,1.012227616013909
13.249099539456124,0.15709737141927074,0.14455854826029862,0.17995197968680729,0.23006265147434246,-0.2538215983898463,0.48895412285222301,0.051874569641532225,0.063113861437789132,0.44796742623792057,3.58984375,0.32711602708337945,1.0121987120027411
13.319200595220442,0.15709737141927052,0.14447944930774723,0.17998013320315781,0.25096664769863392,-0.22581633830631551,0.48179958063944622,0.046616437441462204,0.068092531130092004,0.4470490256714269,3.587890625,0.32890098498778642,1.0121689509927982
13.389301650984761,0.15709737141927102,0.1443920899336596,0.18000011222096482,0.2695261724048621,-0.19579515575759662,0.4742902551822315,0.040948970377684316,0.072436214787478387,0.4448138143242269,3.572265625,0.33437470465763941,1.0121383074560322
13.459402706749078,0.15709737141927096,0.14428962437549495,0.1800100591103149,0.28557364116038092,-0.16402352116733271,0.46666125439261991,0.034926560651221843,0.076104340186813696,0.4416145495897606,3.552734375,0.34091774407398917,1.0255711183430292
13.529503762513396,0.1570973714192711,0.14417871507130206,0.17999551071633027,0.29896377723144008,-0.13080384802608605,0.45918796102206294,0.028604450396576844,0.079069050499922855,0.43843562981542161,3.572265625,0.3491909496610604,1.0324212252305833
13.599604818277715,0.15709737141927146,0.14405272400742969,0.17996382512084971,0.30957826810069838,-0.096434109944317586,0.45211360768418968,0.022044447634494337,0.081301291221381355,0.43566924547488739,3.55859375,0.35942058832927198,1.0120408148597704
13.669705874042034,0.15709737141927052,0.14391848714021926,0.17998677122744433,0.31731990845667857,-0.061241459368933888,0.44569779345477356,0.015310637416443519,0.08278638270607433,0.43308385551584971,3.564453125,0.37123719392864507,1.0189414474427292
13.739806929806351,0.15709737141927099,0.1437730945904564,0.17997511120613968,0.32212516837730309,-0.025547109091870301,0.44012538585056432,0.0084648843094950865,0.083507890897703926,0.43052165731717457,3.5390625,0.38221597511128175,1.0193314762703729
13.809907985570669,0.15709737141927074,0.14361746191513985,0.1799935921606847,0.32395955816534311,0.010324464910718152,0.43557813512894827,0.0015690303701984044,0.083461593258194175,0.42712544141522951,3.5078125,0.39341327108374546,1.0171115173355514
13.880009041334988,0.15709737141927058,0.14345262489323851,0.17997286668507531,0.32278539198018336,0.046016840594713525,0.4322019361948306,-0.0053102618585220097,0.082650795886097292,0.4231742936069704,3.474609375,0.40556789525455367,1.0469443564834793
13.950110097099305,0.1570973714192706,0.1432781652979036,0.1800087154163546,0.31861880219593863,0.081189260744342989,0.43010902597395217,-0.012110729619022037,0.081083757485967065,0.41832517423259352,3.416015625,0.41467827565524723,1.0709225749239419
14.020211152863624,0.15709737141927108,0.14309225930826772,0.17994870437309332,0.31151054357036334,0.11551070945095307,0.4293843140406679,-0.018767493113431861,0.078776014180874293,0.41299315060189312,3.376953125,0.42275069422818962,1.0942617518810185
14.090312208627942,0.15709737141927094,0.1428974063549889,0.18000871541635502,0.30154811041619417,0.14865716839270449,0.43004625826851223,-0.025225013038996488,0.075752901691561764,0.40862953248202072,3.3359375,0.43071990510974739,1.105331341802785
14.160413264392259,0.15709737141927105,0.1426990925326084,0.17997286668507564,0.28884552828832616,0.18033644332297374,0.43205909408106508,-0.031422770159807906,0.072036810404841931,0.4055632393463246,3.322265625,0.43640073093653076,1.0874647605745753
14.230514320156578,0.15709737141927071,0.14250006467671969,0.17999359216068503,0.27353783543811744,0.21024719500614869,0.43532760347591931,-0.037310732278755851,0.067667534674993993,0.40334478400135709,3.296875,0.44016241179581783,1.0808793683402329
14.300615375920897,0.15709737141927069,0.14230038378340851,0.17997511120613971,0.25577693326112216,0.23811696912048411,0.43971640508510351,-0.042831850197793148,0.062682355524736749,0.40168817113226762,3.30078125,0.44287329751265203,1.0584037014161762
14.370716431685214,0.15709737141927091,0.14210501319663976,0.17998677122744422,0.23574390708742354,0.26369783156840498,0.44504607445378236,-0.047939643362106016,0.057132360656118888,0.40148377710924843,3.32421875,0.44432112664181911,1.0182013452046901
14.440817487449532,0.15709737141927063,0.14191785303878499,0.17996382512084988,0.21363353515646211,0.28675061217185954,0.45109339009221955,-0.052590873585254709,0.051068857413359106,0.40301847886564934,3.3203125,0.44370505375084351,1.011552858885534
14.510918543213851,0.15709737141927069,0.14173698497693951,0.17999551071633044,0.18966507801013363,0.30707321479762767,0.45762631548624305,-0.056744861412347414,0.044546158785333433,0.40677384033730685,3.322265625,0.44225626496829407,1.0115039275669133
14.581019598978168,0.15709737141927049,0.14156912951901043,0.18001005911031492,0.16406456915363329,0.32448519117325281,0.46439496487908055,-0.060371829611662174,0.037627764616767465,0.41142063571638299,3.333984375,0.43901150873090111,1.011453542829954
14.651120654742487,0.1570973714192703,0.14141459807863227,0.18000011222096499,0.13708654838359932,0.33885056796996033,0.4711446220567605,-0.063437893955610683,0.030370037819972669,0.41716973706489974,3.330078125,0.43391050695941003,1.0114016614183003
14.721221710506805,0.15709737141927069,0.14127441718408551,0.17998013320315753,0.1089784486768279,0.35004019533916059,0.4776214957190752,-0.065921575219287251,0.022844340971494955,0.42460117228670374,3.33203125,0.42813617118757152,1.0113482387944461
14.791322766271122,0.15709737141927074,0.14115229740723559,0.17995197968680732,0.080006082542663212,0.35797138785991339,0.48355630551143941,-0.067801292147702058,0.015118464263175709,0.43294729996824577,3.33984375,0.41969963296889201,1.0112932291018393
14.861423822035441,0.15709737141927049,0.14104906917080864,0.17999061743901063,0.050437922925748953,0.36259404078946589,0.48870811220701893,-0.069062480619645622,0.0072613122225143019,0.44137677157933347,3.34375,0.41125639584239793,1.0112365851261893
14.93152487779976,0.15709737141927121,0.14096209456234082,0.17999753238111663,0.020534849310696573,0.36387409637744278,0.49287424616153491,-0.069687726859888541,-0.00064567706670998085,0.44986886784982327,3.34375,0.40188500026733659,1.0111782582563142
15.001625933564076,0.15709737141927102,0.14089298749811494,0.17996278899174747,-0.0094297956709793931,0.36181008715877422,0.4958838513720859,-0.069676597385094519,-0.0085258083511538484,0.45811892783977015,3.34375,0.39234637673962036,1.0111181984437392
15.071726989328395,0.15709737141927102,0.14084222442553329,0.18000998619288866,-0.039188227885786561,0.3564303011068653,0.49760266428846156,-0.069029395434739446,-0.016306526191139793,0.46613684333271699,3.34375,0.38394192205799921,1.0110563541610669
15.141828045092714,0.15709737141927069,0.14080106202508422,0.17998174297233704,-0.068482340246214371,0.34779187480227891,0.49796034037902687,-0.067747654303618371,-0.023907477550995922,0.47373313503090264,3.380859375,0.37578135826962411,1.0109926723589862
15.211929100857031,0.15709737141927102,0.14077124408995098,0.18000998619288863,-0.09704067394729779,0.3359949803887492,0.49696770227639198,-0.065850056172880173,-0.031257255877334744,0.48069041159799686,3.3984375,0.36957147415522024,1.0109270984222964
15.282030156621349,0.15709737141927099,0.14074915488027695,0.17996278899174759,-0.12460593743988098,0.32115780049255099,0.49465529979126127,-0.063355725453067044,-0.03828975974020022,0.4868759083167345,3.439453125,0.36382717126245268,1.01085957612458
15.352131212385668,0.15709737141927099,0.14072540962225752,0.17999753238111632,-0.15094097495498299,0.30342159010716452,0.49106508536015425,-0.060287962594641642,-0.044939596368385695,0.49222042160371821,3.466796875,0.36045437929531893,1.0107900475818019
15.422232268149987,0.15709737141927102,0.14069559887928895,0.17999061743901079,-0.17582231170414128,0.28295411783820246,0.4863429734247775,-0.056672446462979538,-0.051149709316859901,0.49560045947949882,3.498046875,0.35870933392529608,1.0107184532049853
15.492333323914304,0.15709737141927113,0.14065562390514699,0.1799519796868074,-0.19903562213638071,0.25994280371518774,0.48064898067199502,-0.052547789445333823,-0.056866386362819925,0.49721924731386941,3.498046875,0.35923779932517724,1.0106447316509941
15.562434379678622,0.15709737141927069,0.14060101461397917,0.17998013320315745,-0.22038509317778227,0.23458988295091973,0.47416527448354379,-0.04795278642900664,-0.062038792065404108,0.4968976972069703,3.509765625,0.36137968877346305,1.0105688197724301
15.632535435442941,0.15709737141927108,0.14053142682115474,0.18000011222096488,-0.2396675464281815,0.20713121308088234,0.46710530275437312,-0.042931534956240539,-0.066622976558978378,0.49493569525278663,3.505859375,0.36617903125709428,1.0104906525659036
15.702636491207258,0.15709737141927055,0.14045029159384181,0.18001005911031479,-0.25671411502785801,0.17781544371018942,0.45975295845338132,-0.037536106320950877,-0.070582894191810616,0.49152124300145589,3.5234375,0.37410592409766175,1.0104101631189935
15.772737546971577,0.15709737141927049,0.14035510182089875,0.17999551071633088,-0.27137944309026579,0.14691607427588307,0.45234390958484799,-0.031813302827614201,-0.073886368468504257,0.48771161329934348,3.52734375,0.3830396259524812,1.0103272825558862
15.842838602735895,0.15709737141927096,0.14025083582664372,0.17996382512084985,-0.28351936800935579,0.11472011075866405,0.44514135554400613,-0.025823663082155633,-0.076506160093235784,0.48399910803145085,3.53125,0.39267691145662087,1.0126995710774844
15.912939658500212,0.15709737141927102,0.14013461272837324,0.17998677122744408,-0.29302585108810653,0.081524611208015019,0.43837652532706234,-0.019623578199069906,-0.078418853172622344,0.48037110200680977,3.515625,0.40549056578740322,1.0101540624183014
15.983040714264531,0.15709737141927119,0.14000892237271689,0.17997511120613921,-0.29981234691799458,0.047640231178396504,0.43229663325167822,-0.013272148147663884,-0.079609823281302741,0.47698009197503605,3.484375,0.41815333582169034,1.0170978234226333
16.053141770028848,0.15709737141927094,0.139874026890316,0.1799935921606847,-0.30383008491453667,0.013383408596646475,0.42709661581618963,-0.0068230607604948916,-0.080069522607316104,0.47314890289598299,3.45703125,0.43075164926790122,1.0099703997112877
16.123242825793167,0.1570973714192708,0.13972808593968039,0.17997286668507601,-0.30504227917160637,-0.020935131622025458,0.42292676226389847,-0.00033859423756830694,-0.079794775171233928,0.46887262301946148,3.439453125,0.44171510533805119,1.0098744577009631
16.193343881557485,0.15709737141927088,0.13957753867994893,0.18000871541635471,-0.30343926650991887,-0.054978879021689575,0.41992229704588424,0.0061261613313924306,-0.078792654496756501,0.46400981744732478,3.37890625,0.45238471552911896,1.009775666849277
16.263444937321804,0.15709737141927088,0.13941386780029202,0.17994870437309313,-0.29902934931704822,-0.088426351249639365,0.41818775127963342,0.012503861569280995,-0.077067335539551932,0.45874082577771103,3.353515625,0.46031330161768025,1.0126322069642613
16.333545993086123,0.15709737141927113,0.13924407824089355,0.18000871541635449,-0.29187451425775929,-0.1209721094872553,0.41779131970566058,0.018743490004353377,-0.074643319263673097,0.45418899210894509,3.3125,0.46876337160024856,1.030057941966144
16.403647048850441,0.15709737141927085,0.13906637238775318,0.17997286668507595,-0.28204503564228606,-0.15230836862831817,0.41873576313426364,0.024789932242860219,-0.071538768691827237,0.45082419705891663,3.291015625,0.47414228830337712,1.0411845531846526
16.473748104614756,0.15709737141927133,0.13888195981696747,0.17999359216068472,-0.26965786484401999,-0.1821601288793801,0.42100167004300781,0.030585203038327576,-0.067780329413131279,0.44855311623129651,3.275390625,0.478488717622224,1.017507340519916
16.543849160379075,0.15709737141927033,0.13870109586972598,0.17997511120613915,-0.25484138594711286,-0.21024242367802548,0.42444226454872613,0.036082559390552049,-0.063408144794808413,0.44711822311972393,3.28125,0.4812937557261544,1.011434592962845
16.613950216143394,0.15709737141927047,0.13852201315879631,0.17998677122744428,-0.23774416572103296,-0.23630111135915408,0.42893856774941652,0.041227727452925488,-0.058457105412386738,0.44677891063729058,3.2890625,0.48224753691931971,1.0091182013575914
16.684051271907713,0.15709737141927066,0.13834879820444149,0.17996382512084991,-0.21853330272671287,-0.26009965122439421,0.43430372239804577,0.045978403916897913,-0.052978878216748924,0.44809528705150797,3.2734375,0.48180186130490593,1.0089969667882994
16.754152327672031,0.15709737141927135,0.13818358564361635,0.17999551071633088,-0.19738745347265493,-0.28141144118628592,0.44030487292652087,0.050293425252126482,-0.047025111702876835,0.45151833357624599,3.255859375,0.48015148045921874,1.0088721365650881
16.82425338343635,0.15709737141927116,0.13802728446639226,0.18001005911031465,-0.174526457633978,-0.30005666324751495,0.44673199029322941,0.054137315074839189,-0.040648303373039707,0.45616590184833233,3.26171875,0.4770733900483487,1.0087436047727554
16.894354439200665,0.15709737141927127,0.13788451227942239,0.18000011222096482,-0.15016489119542831,-0.31587668166427507,0.45333800989135908,0.057480082854472529,-0.033907570574723801,0.4614571950255687,3.265625,0.47190202339352239,1.0086112624456645
16.964455494964984,0.15709737141927124,0.13775186206065873,0.17998013320315737,-0.12452483575868972,-0.32872574795867376,0.45985986447400856,0.060288157501246907,-0.026859456647180768,0.46804160751716489,3.298828125,0.46649055661453775,1.0084749974840019
17.034556550729302,0.15709737141927038,0.13763486167143169,0.17995197968680729,-0.097862763556578497,-0.33850887534164237,0.46605668899707897,0.062544700726981678,-0.019572534958266365,0.4754753566239982,3.31640625,0.46044162572036523,1.0083346945686193
17.104657606493621,0.15709737141927047,0.13753652113168868,0.17999061743901054,-0.070423273970748268,-0.34514888151484191,0.47167731723161399,0.064227653597661874,-0.012118085227805633,0.48318919574772995,3.33984375,0.45245578805005543,1.0081902350726515
17.17475866225794,0.15709737141927094,0.13745211888477171,0.17999753238111596,-0.042447725128579972,-0.34858878746830341,0.47647434925640458,0.065319187434636772,-0.0045637105154557505,0.49115001056145108,3.35546875,0.44469313330942362,1.0080414969731113
17.244859718022258,0.15709737141927141,0.13738413604270586,0.17996278899174778,-0.014207074309150356,-0.34881961265399192,0.48027143639314829,0.065811609406476929,0.0030157819066767978,0.49925457563279407,3.373046875,0.43676248171971765,1.0078883547604502
17.314960773786574,0.15709737141927066,0.13733167655372869,0.18000998619288872,0.014038662853057233,-0.34585417260434326,0.48293609673168875,0.065701853885425987,0.010550409909440091,0.50745341819640299,3.373046875,0.42782921274604285,1.0077306793453642
17.385061829550892,0.15709737141927105,0.13729188461747127,0.17998174297233746,0.042048890484180867,-0.33972140085791896,0.48433699099319322,0.06498859427397792,0.017962701431359553,0.51559127731446464,3.3984375,0.41902413326270221,1.0075683379637399
17.455162885315211,0.1570973714192711,0.13726021929369511,0.18000998619288874,0.069580029076637837,-0.33048355106575056,0.48442559407387187,0.06367943361434672,0.025180911479309353,0.5237445585980528,3.4140625,0.4113998634899384,1.0074011940793839
17.52526394107953,0.15709737141927008,0.13723732554741089,0.17996278899174781,0.096373095713938747,-0.3182430977395081,0.48320576455591996,0.061791252429381993,0.03213911750051323,0.53101948095603135,3.443359375,0.40552763028800926,1.0072291072842392
17.595364996843848,0.15709737141927033,0.13721802820258258,0.17999753238111618,0.1221930677943153,-0.30312284046977828,0.48070641993307839,0.059344184409523937,0.038769725244313775,0.5373038875428392,3.45703125,0.39998764905572914,1.0070519331966981
17.665466052608167,0.15709737141927105,0.13719794813605382,0.17999061743901029,0.14682185900952002,-0.2852681434222869,0.4770298846617903,0.056358458197499732,0.045022919666507774,0.54205215580882415,3.478515625,0.39809070388922341,1.0068695233585654
17.735567108372482,0.15709737141927058,0.13717102477376264,0.17995197968680729,0.17004563537331274,-0.26485006268785477,0.47227721936455053,0.052859853796241911,0.050839118120278651,0.54497934851808205,3.4921875,0.39683038325561776,1.0066817251299156
17.805668164136801,0.15709737141927158,0.13713225272980459,0.17998013320315781,0.19166654278338174,-0.24204431937154705,0.46663901462383001,0.048887897954727533,0.056164607078748111,0.54555093530810139,3.49609375,0.39829274688392163,1.0064883815810202
17.87576921990112,0.15709737141927108,0.13708256371438607,0.18000011222096479,0.21148706613501933,-0.2170606048015489,0.46028343231053109,0.044479749218591477,0.060957758300367433,0.54400328890696692,3.478515625,0.40116570813591756,1.0062893313825476
17.945870275665438,0.15709737141927058,0.13701935854760083,0.18001005911031492,0.22932877057413101,-0.19012712866971238,0.45343388517491773,0.039676980527310238,0.065175449473791863,0.54052418060388208,3.46875,0.40777936327605274,1.0060844086930552
18.015971331429757,0.15709737141927096,0.13694564159635328,0.1799955107163303,0.24503919043205494,-0.16149113004339524,0.4463634020833106,0.034529040490712516,0.068780977715357211,0.53611478017077208,3.48828125,0.41617360513413382,1.005873443045304
18.086072387194076,0.15709737141927071,0.13686201566402237,0.17996382512084969,0.25847715455854331,-0.13142124992537713,0.43930674782391921,0.029080739702316987,0.071749598037751355,0.53154254614892638,3.4765625,0.4265393599194009,1.0056562592299654
18.156173442958394,0.15709737141927091,0.13676609523046382,0.1799867712274443,0.26951699221215081,-0.10019062650026776,0.43249472809921335,0.023389437471500289,0.074050564949201564,0.52692273395578548,3.466796875,0.438182848615424,1.0054326771770417
18.226274498722709,0.15709737141927035,0.13666294107677832,0.17997511120613968,0.27805295310232953,-0.068098325690313516,0.4261760819723675,0.017509761689553174,0.075670985752256545,0.52258346950284418,3.4375,0.45149990583501254,1.0052025118308749
18.296375554487028,0.15709737141927077,0.13654848713717885,0.17999359216068478,0.28401303049523774,-0.03543967975460996,0.42056221016510914,0.011495834806512917,0.076592328234022691,0.51792622999720994,3.40625,0.46408627192800223,1.0049655730347993
18.366476610251347,0.15709737141927124,0.13642612477930763,0.17997286668507528,0.28735238224513338,-0.0025187561679455512,0.41584600504439573,0.0054014505482440659,0.076811982335467544,0.51313005588846994,3.37890625,0.47626575370098601,1.0047216654041475
18.436577666015665,0.15709737141927133,0.13629638815346237,0.1800087154163546,0.28803946438888883,0.030356684117799529,0.41214845877582601,-0.00071996090852039841,0.076327670073493156,0.50795006008262145,3.326171875,0.48823267248055308,1.0044705881987028
18.506678721779984,0.15709737141927063,0.13615836978794796,0.17994870437309335,0.28606367525652948,0.062871754643095454,0.40958129207623606,-0.0068052390701078347,0.075146778446956775,0.5024614478392655,3.29296875,0.49801849934674891,1.0042121351959234
18.576779777544303,0.15709737141927113,0.13601576057577142,0.18000871541635508,0.28145804874664931,0.094719455343509298,0.40825492222663684,-0.012806259836851927,0.073278008438176237,0.49735327180117422,3.248046875,0.50556912838816681,1.0039460945578291
18.646880833308618,0.15709737141927108,0.13586508651530169,0.17997286668507567,0.27427786261105375,0.12561797858266666,0.40823493004157391,-0.018668256255563571,0.070741580445311966,0.49291522327965132,3.23828125,0.51314125529953014,1.003672248700844
18.716981889072937,0.15709737141927058,0.13571071808066526,0.179993592160685,0.26459422712242664,0.15526961816772036,0.40948549117324068,-0.024339834156884687,0.067559670311116926,0.48962185806616493,3.2265625,0.51832841394083773,1.0033903741613253
18.787082944837255,0.1570973714192708,0.13555120592795855,0.1799751112061396,0.25250886862514493,0.18339973105696447,0.41196625241807561,-0.029765132462632453,0.063760577529595977,0.48794355795014599,3.21875,0.52196657573287975,1.0031002414575556
18.857184000601574,0.15709737141927063,0.1353922378588078,0.1799867712274443,0.23815151171040835,0.20975347831255631,0.41556024347680448,-0.034901353261165204,0.059385799062592344,0.48798318301962185,3.22265625,0.52391015070875691,1.0028016149493253
18.927285056365893,0.15709737141927069,0.13523510443430392,0.17996382512084988,0.22166582980851657,0.23409091839835752,0.42013201589022203,-0.039699413942814545,0.05447015057010092,0.48919501969385093,3.208984375,0.5239845126866044,1.0024942527020673
18.997386112130211,0.15709737141927133,0.1350834639093372,0.17999551071633041,0.20320812104997604,0.25618302068059107,0.42547301010371469,-0.044119073643905903,0.049064548754827852,0.49250539554167216,3.21484375,0.52180960783617425,1.0024549620932461
19.067487167894527,0.15709737141927124,0.1349390485324187,0.18001005911031492,0.18295967054238269,0.27583226236825459,0.43137582798815749,-0.048123188474940362,0.043214423122706166,0.49748366569587621,3.23046875,0.51891024403730601,1.0024292784399054
19.137588223658845,0.15709737141927052,0.13480532606442269,0.18000011222096496,0.16112305082373302,0.29287595722065524,0.43764174782317583,-0.051676902278827493,0.036975699584931292,0.50311169164800362,3.2265625,0.51328216672380289,1.0024033868706828
19.207689279423164,0.1570973714192708,0.13468354982489822,0.17998013320315753,0.13789925659725183,0.30716015474199604,0.44401398221592425,-0.054754308806476477,0.030407505784880048,0.50946938146816145,3.2421875,0.5067253325635046,1.0023772868755914
19.277790335187483,0.15709737141927069,0.13457252330339176,0.17995197968680735,0.11350766407102403,0.31856155253688856,0.45023427843598968,-0.057328190880099793,0.023565218005189324,0.51662740773087756,3.244140625,0.49826259128168221,1.0023509779475823
19.347891390951801,0.15709737141927088,0.13447517747578436,0.17999061743901065,0.088181914060391928,0.32698935836725945,0.45609451664390449,-0.059374182176482299,0.016512794870116823,0.52422017019417644,3.255859375,0.49162184084948102,1.0023244595825376
19.41799244671612,0.15709737141927052,0.13439264669060044,0.17999753238111654,0.062158880367939984,0.33237794366427525,0.46134015876522361,-0.060874289210061931,0.0093210557910659627,0.53216506634427885,3.26171875,0.48152726311183963,1.0022977312792478
19.488093502480435,0.15709737141927113,0.13432353809361414,0.17996278899174747,0.035669447590213448,0.33467973453788236,0.46573403568933763,-0.061814671290514357,0.002061089686187748,0.54032516380194318,3.263671875,0.47319966637697253,1.0022707925393575
19.558194558244754,0.15709737141927069,0.13426962099569636,0.18000998619288863,0.0089709067390766357,0.33390463103246393,0.46914762051489373,-0.062189058549929704,-0.0052030838749046746,0.54890898125060061,3.2890625,0.46312779399930604,1.0022436428673986
19.628295614009073,0.15709737141927085,0.13422747770273033,0.17998174297233704,-0.017697407712293452,0.3300679869835712,0.47145135879098882,-0.061989613382672434,-0.012398962579525484,0.55735444774829046,3.32421875,0.45414698877524801,1.0022162817707743
19.698396669773391,0.15709737141927077,0.13419650442198192,0.1800099861928888,-0.044101297000659692,0.32321101120578555,0.47254641812519738,-0.061221031524712512,-0.019456171152113198,0.56567298441296376,3.341796875,0.44753247067904317,1.0021887087597401
19.76849772553771,0.15709737141927049,0.13417325470129232,0.17996278899174756,-0.070003178907031671,0.31341036094632596,0.4723849130552274,-0.059893214291693954,-0.026304139663175231,0.57306727826353576,3.3671875,0.43927569792278703,1.0021609233473729
19.838598781302029,0.15709737141927119,0.13415673423292551,0.17999753238111635,-0.095166410272172569,0.30076524831700502,0.47097978609707236,-0.058020403973525168,-0.032881756444885508,0.57967654550937064,3.3828125,0.43496982612058926,1.0021329250495665
19.908699837066347,0.15709737141927105,0.13414235121628668,0.17999061743901068,-0.11937398558594717,0.2854113938369735,0.46837703489190641,-0.055619450057126658,-0.039134580824763371,0.58492333459616175,3.40625,0.43126809036150865,1.0021047133849934
19.978800892830662,0.15709737141927071,0.13412707964832604,0.17995197968680737,-0.14241632478962787,0.26748988977668253,0.46467591580723311,-0.052714622087657363,-0.045008924874120046,0.58854559802602069,3.416015625,0.43166960986618613,1.0020762878751126
20.048901948594981,0.15709737141927108,0.13410081452522793,0.17998013320315742,-0.16409934197149384,0.24716288814225798,0.45996834944003828,-0.049331739907724305,-0.050441700807710682,0.58984873136704774,3.435546875,0.4319886144807899,1.0020476480441589
20.1190030043593,0.15709737141927083,0.13406203852537926,0.18000011222096488,-0.18423252901490073,0.22460435410528118,0.45443779565665693,-0.045506402493252329,-0.055389805141054342,0.58909176053333046,3.4375,0.437665456116618,1.0020187934191216
20.189104060123618,0.15709737141927074,0.13401301875350632,0.18001005911031473,-0.20263557482536421,0.200028826064438,0.44827512949914156,-0.041277938131718039,-0.059815004064432915,0.5861490583189829,3.451171875,0.44274770253038193,1.0019897235297293
20.259205115887937,0.15709737141927144,0.13395121050996711,0.17999551071633069,-0.21914819194214172,0.17365448216273444,0.44170264287896821,-0.036685411348317085,-0.063676254966314558,0.58183814291036851,3.451171875,0.4506438675132366,1.0019604379084361
20.329306171652256,0.1570973714192706,0.13387822929752494,0.17996382512084985,-0.2336145288491191,0.14572956995892572,0.43494897103951119,-0.031772891531933724,-0.066944324919580481,0.57692391077711913,3.451171875,0.46071121587350483,1.0019309360904087
20.399407227416571,0.15709737141927105,0.13379581761246911,0.17998677122744405,-0.24591345557953484,0.11650597355229475,0.42826513440257258,-0.026586040758664293,-0.069591911667382628,0.572097640234288,3.435546875,0.47092678786456144,1.0019012176134998
20.46950828318089,0.15709737141927096,0.13370252826728812,0.17997511120613918,-0.25593453564910157,0.086259114629705452,0.42187549685071235,-0.021174413209207509,-0.071594186073188251,0.56735376293675066,3.392578125,0.48350499003985692,1.0018712820182314
20.539609338945208,0.15709737141927088,0.13360231454850022,0.1799935921606847,-0.26358207471619155,0.055270788444750224,0.41601515759009522,-0.015590929789849344,-0.072938117018564133,0.56217214314858566,3.365234375,0.49563949952509095,1.0018411288477875
20.609710394709527,0.15709737141927071,0.13349366292491124,0.17997286668507595,-0.26878678904851472,0.023834763899072586,0.41086134732431751,-0.0098903247356058911,-0.073610160403833655,0.55691511074741296,3.34375,0.50748809736417,1.0018107576479818
20.679811450473846,0.15709737141927077,0.13337807381534517,0.18000871541635471,-0.27151668270390045,-0.0077675270708782596,0.40658779010137541,-0.0041219455116802356,-0.073606729945847535,0.5512203118401876,3.28515625,0.51822731702604108,1.0017801679672229
20.749912506238164,0.15709737141927085,0.13325809699922092,0.17994870437309315,-0.27174002924838536,-0.039233547146229591,0.40332376198455572,0.001661908129490437,-0.072931266025501401,0.54516020241941698,3.255859375,0.5285400790145276,1.0017493593565472
20.82001356200248,0.15709737141927041,0.13313138029174329,0.18000871541635455,-0.26946040150499695,-0.070274522557608118,0.40117086759730597,0.0074100729842819617,-0.071585412682606625,0.53928625552630549,3.224609375,0.53703690946614202,1.0017183313753648
20.890114617766798,0.15709737141927113,0.13300081781184797,0.17997286668507592,-0.26470608227096043,-0.10059652599363368,0.40022370254136042,0.01307153988490742,-0.069585097246510436,0.53362129017301463,3.1953125,0.54325998360646577,1.0016870832013149
20.960215673531117,0.15709737141927094,0.13286651246931874,0.17999359216068472,-0.25752166927466108,-0.12991651902619711,0.40050154913588187,0.018593453065890126,-0.066950632188866918,0.52897044225879031,3.18359375,0.54865725306306823,1.0016556132211796
21.030316729295436,0.15709737141927099,0.13272611840705023,0.17997511120613904,-0.24797867295365217,-0.15795308750553566,0.4019735644514581,0.023925254001646273,-0.063703992775159965,0.52625608898238108,3.166015625,0.55209161378049909,1.0016239197323469
21.100417785059754,0.15709737141927121,0.13258502581820611,0.17998677122744422,-0.23618682039087899,-0.1844517666418658,0.40459313651981421,0.02901805020089274,-0.05987589273869573,0.5255882332083569,3.171875,0.55417902138907071,1.0015920010187889
21.170518840824073,0.15709737141927119,0.13244818456265145,0.17996382512084988,-0.2222683030792664,-0.20917576859824374,0.40823771202102621,0.033832254874849699,-0.055505751527962367,0.52659352523766112,3.154296875,0.55435271529630403,1.0015598553511218
21.240619896588388,0.15709737141927099,0.13231368869179605,0.17999551071633069,-0.20634975234882891,-0.23188944896324767,0.41275532450345725,0.038320234118191646,-0.050628379324468044,0.52950561430322041,3.1484375,0.55363871817689425,1.0015274809864076
21.310720952352707,0.15709737141927121,0.13218410320549753,0.18001005911031467,-0.18858951916743383,-0.25238548922634235,0.41796348354903418,0.042442062577161863,-0.045294490399684834,0.53413149984137864,3.16796875,0.55194667046102797,1.0014948761680715
21.380822008117025,0.15709737141927088,0.1320621427752286,0.18000011222096471,-0.16916146549726779,-0.27047694190087768,0.42365066921663858,0.046166452429095894,-0.039553289205503321,0.53944305257851666,3.185546875,0.54775585598159005,1.0014620391258062
21.450923063881344,0.15709737141927074,0.1319485161135755,0.17998013320315731,-0.14825505949481116,-0.28601094551780015,0.4296136669070445,0.049459468626860341,-0.033452103135054569,0.54547488831641311,3.203125,0.54216190371358897,1.0014289680754391
21.521024119645663,0.15709737141927088,0.13184402092973418,0.17995197968680729,-0.1260679189953039,-0.29885552074156069,0.43561991614120027,0.052294263392609466,-0.027050518278706522,0.55196440847673034,3.21484375,0.53578611544592236,1.001395661218808
21.591125175409982,0.15709737141927083,0.13175279735867379,0.17999061743901057,-0.10280684978011816,-0.30889443786156245,0.4414301678135944,0.054646423793315003,-0.02040891677438874,0.55885526515654704,3.228515625,0.52708294602858219,1.001362116743669
21.6612262311743,0.15709737141927116,0.13167240510714684,0.17999753238111593,-0.078694129134632682,-0.31604608953152591,0.44683678191004922,0.056494171776768388,-0.013583628134235843,0.56624212224600379,3.244140625,0.51957275878254761,1.0013283328235789
21.731327286938615,0.15709737141927102,0.13160511643087727,0.17996278899174764,-0.05396277577011506,-0.3202616545610919,0.45162289644530745,0.057820646373143818,-0.0066448452889846764,0.57411665145540791,3.244140625,0.50955274375599957,1.001294307617788
21.801428342702934,0.15709737141927121,0.13155032048641649,0.18000998619288872,-0.028830531218662032,-0.32150762240409136,0.45557953819424218,0.058614520042572747,0.0003379398232039276,0.58272721956882712,3.259765625,0.50015479201064073,1.0012600392711182
21.871529398467253,0.15709737141927099,0.13150607728300753,0.17998174297233749,-0.0035289670705859499,-0.31978617828719802,0.45856575206179639,0.058866742252291125,0.0072990547998915759,0.59151974864278167,3.28125,0.49000986738405433,1.0012255259139478
21.941630454231571,0.15709737141927044,0.13147215066835302,0.18000998619288872,0.021707446931081946,-0.31513160934361278,0.46048742027561435,0.058576745254001618,0.014176912038520301,0.60054498535815426,3.294921875,0.48053319252974308,1.0011907656620207
22.01173150999589,0.15709737141927052,0.13144786357562963,0.17996278899174784,0.046647765620958917,-0.30759271051675047,0.4612636259002153,0.057749766357610824,0.02089982948350717,0.6084116414439309,3.330078125,0.47352402979944297,1.0011557566163494
22.081832565760209,0.15709737141927083,0.13142999475912862,0.17999753238111618,0.071061153187679624,-0.29725453132643753,0.46086213915134494,0.05639162987657232,0.027407269656648386,0.61560550955261906,3.3671875,0.46619768712035864,1.0011204968630893
22.151933621524524,0.15709737141927016,0.13141739560172191,0.1799906174390104,0.094738588454824427,-0.28421939257002143,0.45930125133441158,0.054520320921888944,0.033635216040991706,0.62145629799598712,3.39453125,0.46259619134597657,1.0010849844734353
22.222034677288843,0.15709737141927071,0.13140900275766476,0.17995197968680726,0.11746491329597609,-0.26862221443674994,0.45663722043725719,0.05215582094570851,0.039533599481897719,0.62570996679312219,3.40625,0.46070402705470664,1.0010492175034982
22.292135733053161,0.15709737141927108,0.13139836609543923,0.17998013320315784,0.13904893713937908,-0.25061410180116778,0.45295230029033445,0.04931571888302267,0.045050299829863881,0.62768053260620116,3.416015625,0.4622379054740805,1.0010131939942026
22.36223678881748,0.1570973714192708,0.13137505643957359,0.18000011222096482,0.15931224577544822,-0.23033990050452541,0.44836540224383065,0.046032089891081998,0.050123189794123113,0.62752310079682327,3.40234375,0.46464453033438835,1.0009769119710632
22.432337844581799,0.15709737141927052,0.13134391852035615,0.1800100591103149,0.17806443157467311,-0.20799915476805667,0.44303245986583367,0.042334275481499414,0.054721263060100868,0.62508060150066369,3.404296875,0.47141185419130133,1.0009403694442323
22.502438900346117,0.15709737141927121,0.13130073507718631,0.1799955107163303,0.19514895174940494,-0.1837873240118614,0.43717010557919683,0.038261115477278347,0.058800618520619609,0.62095910364004181,3.390625,0.47967624560516536,1.0009035644083299
22.572539956110433,0.15709737141927144,0.13124322621945636,0.17996382512084974,0.21041517064872092,-0.15792159538554859,0.43096020364354887,0.033853031645125861,0.062323282570596869,0.61615366002189909,3.384765625,0.48858835462112188,1.0008664948423207
22.642641011874751,0.15709737141927124,0.13117696716816551,0.1799867712274443,0.22371809983581442,-0.13065009528009114,0.42464458626885415,0.029151239144915294,0.065267261623612363,0.61076729419963771,3.376953125,0.49984228022195898,1.0008291587093887
22.71274206763907,0.15709737141927069,0.13109748150462716,0.1799751112061396,0.23493912408111337,-0.1022167286174626,0.4184269941360747,0.024201642446146813,0.067603029409644078,0.60528392030220712,3.33984375,0.5099341256610459,1.0007915539568188
22.782843123403389,0.15709737141927102,0.13100995826254608,0.1799935921606847,0.2439828970631456,-0.072891842117391081,0.41254813397431084,0.019049820699534595,0.069315718157785061,0.59958888059699045,3.314453125,0.52241174661457879,1.0007536785158777
22.852944179167707,0.15709737141927091,0.1309133705741192,0.17997286668507539,0.25076689445984834,-0.042947029945439717,0.40720749795186506,0.013744830182398013,0.070390486983165926,0.59397612089020668,3.2890625,0.53445147587406483,1.0007155303016719
22.923045234932026,0.1570973714192706,0.13081010867194806,0.18000871541635463,0.25523046264124888,-0.012669819389577439,0.40258538865708826,0.0083378406465829235,0.070820082023849942,0.58795986943240663,3.21484375,0.54499076500337895,1.0006771072130323
22.993146290696341,0.15709737141927119,0.13070045442260994,0.17994870437309343,0.25734771254763589,0.017675201957693284,0.3988253072546466,0.0028742622497403354,0.070602511907544768,0.58168219537133981,3.173828125,0.55540551822851991,1.0006384071323911
23.06324734646066,0.15709737141927077,0.1305873408389098,0.18000871541635496,0.25710045242179369,0.047794120044001916,0.39602922531844509,-0.0025966467158958966,0.069738608450781336,0.57544094178974226,3.125,0.56346012525558919,1.0005994279256452
23.133348402224978,0.15709737141927047,0.13047014775737245,0.17997286668507556,0.25449283424398345,0.07741560255382425,0.39430949866447307,-0.0080254995776701411,0.068236552690733671,0.56957120714359744,3.08984375,0.56976880692169662,1.0005601674420386
23.203449457989297,0.15709737141927091,0.13034888015639018,0.179993592160685,0.24955727304545902,0.10626147142203979,0.39371783727123028,-0.013363350965433042,0.066111315721102806,0.56482820205798878,3.0625,0.57521904140916424,1.0005206235140445
23.273550513753616,0.15709737141927077,0.1302249145978254,0.17997511120613974,0.24233097981480145,0.13404889069464565,0.3942566262988299,-0.018562297671867383,0.063384705790619125,0.56164409106991675,3.05078125,0.57893378395891792,1.0004807939572267
23.343651569517935,0.15709737141927116,0.13009680350907696,0.17998677122744441,0.23289645075870199,0.16053482105228312,0.39591108118083546,-0.023574141343340505,0.060076018563997378,0.56050329929818221,3.0546875,0.5805560795399014,1.0004406765701295
23.413752625282253,0.15709737141927083,0.12996966687506306,0.17996382512084982,0.22135389565890579,0.18547133176529523,0.39863324755225021,-0.02835491858911798,0.056222649018289703,0.56136200155366001,3.037109375,0.58143454954091245,1.000400269134134
23.483853681046568,0.15709737141927035,0.12984579480463423,0.17999551071633046,0.20781752363503728,0.20862611439566894,0.40226830842547617,-0.032864101185905117,0.051858867559879125,0.56387372900877131,3.04296875,0.58035819689967794,1.0003595694133225
23.553954736810887,0.15709737141927066,0.12972381749767672,0.18001005911031487,0.19241156290745776,0.2297833383184103,0.40667352509895183,-0.037056868700511732,0.047019143941180702,0.56812213323306093,3.06640625,0.57901353880189277,1.0003185751543526
23.624055792575206,0.15709737141927102,0.12960976774473981,0.18000011222096507,0.17529456960652068,0.24875651653268865,0.41168654183939574,-0.0408996687945367,0.041755917657071477,0.57327475056915134,3.083984375,0.57551014644234377,1.0002772840863252
23.694156848339524,0.15709737141927071,0.12950392135398531,0.17998013320315751,0.1566280869360597,0.265371242574444,0.41710067550104118,-0.04436112616323528,0.03611817379186779,0.57914287709268197,3.125,0.56971291415475434,1.0002356939206594
23.764257904103843,0.15709737141927099,0.12940469506879604,0.17995197968680729,0.13658985880155103,0.27948172886704237,0.42271210532276388,-0.047409235286796206,0.030149490248747426,0.58569418337067214,3.146484375,0.5645282068589631,1.0001938023509531
23.834358959868162,0.15709737141927085,0.12931615646399378,0.17999061743901065,0.11537330034254149,0.2909680840027612,0.42829941815442912,-0.050018676215639733,0.02391116272574793,0.59245485340929704,3.166015625,0.55630624563173525,1.0001516070527587
23.904460015632477,0.15709737141927058,0.12924045809675624,0.17999753238111665,0.093174412429148395,0.29972756020160979,0.43365669540468932,-0.052167630753834106,0.017460210792079163,0.59967869272544316,3.201171875,0.5489039320930752,1.0001091056835212
23.974561071396796,0.15709737141927094,0.12917417231332931,0.17996278899174753,0.07020140879970771,0.30568821278479957,0.43856058416668064,-0.053833919964629398,0.010854084655457169,0.60767105919905828,3.212890625,0.53932060103072299,1.0000662958825566
24.044662127161114,0.15709737141927047,0.12911943880527765,0.18000998619288869,0.046674633990974969,0.30881009588499653,0.44282627794698415,-0.055001660565113727,0.0041595243560435397,0.6164282241188086,3.228515625,0.53120854516224558,1.0000231752708049
24.114763182925433,0.15709737141927047,0.12907471439655782,0.17998174297233702,0.02280603188769326,0.30907398020342491,0.44627880150348881,-0.055660669495990488,-0.0025527425191718888,0.62570226602955836,3.263671875,0.52042573251525515,0.99997974145064372
24.184864238689752,0.15709737141927108,0.12904043138313004,0.18000998619288874,-0.0011849539702415669,0.30649010442374341,0.4488208357593606,-0.055807981242599294,-0.0092263136049700722,0.63497547916980712,3.267578125,0.51260186512612982,0.9999359920058325
24.25496529445407,0.15709737141927094,0.12901563704703539,0.17996278899174747,-0.025073191270738236,0.30109585656049359,0.45032636146716243,-0.055441590588668217,-0.015797909259698463,0.64332744249183882,3.259765625,0.50437400029148294,0.99989192450134612
24.325066350218385,0.15709737141927108,0.12899782966120538,0.17999753238111632,-0.048647971011915564,0.29294665241475115,0.450751766193495,-0.054564677657147863,-0.02220205252647902,0.65107971027389999,3.2734375,0.49815109573888877,0.99984753648322711
24.395167405982704,0.15709737141927094,0.12898358041353819,0.17999061743901071,-0.071690927075264033,0.28212862196713367,0.45008259406547657,-0.053185754504655527,-0.028379182063315016,0.65746775944681857,3.302734375,0.49303928815161668,0.999802825478463
24.465268461747023,0.15709737141927066,0.12897456207150368,0.17995197968680737,-0.093993887209559368,0.26875403756775917,0.4483550530436376,-0.051322910130497112,-0.03427767990690251,0.66239024087039311,3.30859375,0.49077723731127221,0.99975778899483447
24.535369517511342,0.15709737141927044,0.12896703124441422,0.17998013320315734,-0.11536102142146719,0.25295398749517883,0.44561075291076285,-0.04899587856384624,-0.039837659768268377,0.66512269032466642,3.326171875,0.49084061240038135,0.99971242452075904
24.60547057327566,0.15709737141927094,0.12895437906033189,0.18000011222096488,-0.13561627377154939,0.23487574000996803,0.44193874315616588,-0.046224318538506726,-0.04500772523916366,0.66566471296332475,3.33203125,0.49404048442213189,0.9996667295251711
24.675571629039979,0.15709737141927121,0.12893287456678462,0.18001005911031487,-0.15458393412685437,0.21467784677057394,0.43747730179428457,-0.043034743862373409,-0.049745454541265825,0.66398658679621647,3.337890625,0.49887684786676073,0.99962070145736648
24.745672684804294,0.15709737141927127,0.12890474805916308,0.17999551071633085,-0.17208774975704089,0.19255732765900063,0.43237423161017657,-0.039458439376603337,-0.054013671906624552,0.6605935870343852,3.330078125,0.50607153210166744,0.99957433774673365
24.815773740568613,0.1570973714192713,0.12886271230961385,0.17996382512084985,-0.18797934510978476,0.16869832787711744,0.42682435748389502,-0.035537194733095322,-0.057764929720965419,0.65593632847487882,3.310546875,0.51596561520049844,0.99952763580277382
24.885874796332931,0.15709737141927124,0.12881147387503436,0.17998677122744411,-0.20211819013919902,0.14333106291355036,0.42102016290428274,-0.031302507961555842,-0.060976859849638208,0.65042560485723921,3.3046875,0.5264170370200183,0.99948059301494474
24.95597585209725,0.15709737141927083,0.128749101481344,0.17997511120613918,-0.21437436377012611,0.11668822360300642,0.41516722301959874,-0.026798246640842217,-0.063619340962587839,0.64446635285295872,3.265625,0.53699079751138967,0.99943320675248104
25.026076907861569,0.1570973714192706,0.12867700307286364,0.17999359216068475,-0.22463625386137021,0.089014506122757631,0.40947059387924672,-0.022066989515921124,-0.065673247302314677,0.63823401030660376,3.234375,0.54921282960751694,0.99938547436424596
25.096177963625887,0.15709737141927094,0.12859689291495985,0.17997286668507598,-0.23281504057744751,0.060572037583134175,0.40413426252838791,-0.017152663689807876,-0.067121804896640921,0.6320336006395525,3.201171875,0.56177228630146669,0.99933739317855352
25.166279019390206,0.15709737141927049,0.12850887095017891,0.18000871541635463,-0.23883886198433527,0.031621109345975368,0.39935614788495083,-0.0121026199373407,-0.067952786959069367,0.62543238697376613,3.14453125,0.57307422331430591,0.99928896050302551
25.236380075154521,0.15709737141927124,0.12841557181386723,0.17994870437309313,-0.24266035882862666,0.0024354201555312131,0.39528353452942538,-0.0069616389632838034,-0.068162421565922976,0.61839267214795568,3.11328125,0.58417139631361215,0.99924017362442707
25.30648113091884,0.15709737141927121,0.1283172177335678,0.18000871541635463,-0.24425359145011757,-0.026721098946027581,0.39204512739926256,-0.0017741817181020174,-0.067748628654417511,0.6113412123031231,3.072265625,0.59294468437568248,0.99919102980852093
25.376582186683159,0.15709737141927066,0.12821417498635654,0.17997286668507592,-0.24360756050163393,-0.055577062247717746,0.3897357335313878,0.0034116437033779798,-0.066715029779617976,0.60474584519589469,3.046875,0.60019934939212549,0.9991415262999237
25.446683242447477,0.15709737141927133,0.12810850709994437,0.17999359216068475,-0.24073099269394296,-0.083863478139312511,0.38844687014017171,0.0085520920012700664,-0.065071014906395053,0.5990353068039812,3.037109375,0.60584318409105975,0.9990916603219282
25.516784298211796,0.15709737141927063,0.12799891746503098,0.17997511120613915,-0.23564997509775915,-0.11131902940371509,0.38819638962758218,0.013598354301528115,-0.062833273868902792,0.59451240368573555,3.0078125,0.60923719452868796,0.99904142907636595
25.586885353976115,0.15709737141926997,0.12788764748749773,0.17998677122744419,-0.22840998809371946,-0.13768102301610374,0.38899409119149936,0.01850517635073121,-0.060022136853847427,0.59200188112940966,2.986328125,0.61136207246165419,0.99899082974344955
25.65698640974043,0.15709737141927105,0.12777346017394361,0.17996382512084969,-0.21908968174744417,-0.16271206110147415,0.39080825834396743,0.023226198600200063,-0.056660349131629414,0.59229626895924681,2.958984375,0.61175414418429408,0.99893985948161645
25.727087465504749,0.15709737141927094,0.12766024633840634,0.1799955107163308,-0.20778463180840673,-0.18617625864323492,0.39357483239869173,0.027720292577298876,-0.052784728733701963,0.59498166470557867,2.94921875,0.61141117480469853,0.99888851542736457
25.797188521269067,0.15709737141927044,0.12754954074658437,0.18001005911031467,-0.19460266166696594,-0.20785292153843335,0.39714730175367635,0.031950302538051832,-0.048432206393690141,0.59964278841695484,2.994140625,0.60963569683466834,0.99883679469505249
25.867289577033386,0.15709737141927066,0.12744057949610357,0.18000011222096465,-0.17967136332622527,-0.22754637416800566,0.40139445083929026,0.035873898364793717,-0.043634661437763927,0.60532198975626172,3.03515625,0.60694138164880351,0.99878469437676065
25.937390632797705,0.15709737141927052,0.12733953862324091,0.17998013320315742,-0.16314788706545755,-0.24508689741263481,0.40616693238974871,0.039460950654969233,-0.038442032715861198,0.61180627381265762,3.068359375,0.601638160608848,0.99873221154214709
26.007491688562023,0.15709737141927044,0.12724786446321981,0.17995197968680726,-0.14518367285444744,-0.26031072656905319,0.41125684501888765,0.042681026184637344,-0.032903068389529146,0.61879077914506164,3.087890625,0.59549453949702402,0.99867934323826291
26.077592744326338,0.15709737141927033,0.12716251080012211,0.1799906174390106,-0.12594496029762886,-0.27308233149826067,0.41646405948912507,0.045502888172522661,-0.027061412444087711,0.62553583491000064,3.134765625,0.58959006808842718,0.99862608648917672
26.147693800090657,0.15709737141927049,0.12708769200637424,0.17999753238111599,-0.10562267142861591,-0.28329345084795016,0.42161077595160512,0.047904766130123032,-0.020978704251139721,0.63258760874700881,3.171875,0.58077082152640991,0.99857243829627118
26.217794855854976,0.1570973714192708,0.12702481203436619,0.17996278899174772,-0.084400739784886769,-0.29085323941010632,0.42648430339846966,0.049866125251902572,-0.014713136139455936,0.64019305502842838,3.19140625,0.57377013668379173,0.99851839563781841
26.287895911619295,0.15709737141927099,0.12697274158235849,0.18000998619288874,-0.062477699768911724,-0.29570107018794134,0.4308775060991713,0.051364772344268193,-0.0083213474240779357,0.64850301927170761,3.205078125,0.56333843611528811,0.99846395546877365
26.357996967383613,0.15709737141927121,0.12692753987196695,0.17998174297233749,-0.040052427966368875,-0.29779721390501757,0.43463973242824022,0.052386021888718451,-0.0018681549888807652,0.65728722872464374,3.228515625,0.55471495307247487,0.99840911472063898
26.428098023147932,0.15709737141927044,0.12689360970037036,0.18000998619288866,-0.017350979388934751,-0.29715088653117833,0.43764321045631244,0.052924815537870908,0.0045881029692787937,0.66659174788978215,3.25,0.54451223706119212,0.99835387030130762
26.498199078912247,0.15709737141927074,0.1268690626180444,0.17996278899174778,0.0054256180876402103,-0.29376778874702031,0.4397715006109183,0.052977207610766422,0.010985494229844968,0.67537508115153155,3.25390625,0.53686572033561319,0.99829821909490235
26.568300134676566,0.1570973714192708,0.12685240748803833,0.17999753238111607,0.028066169413678545,-0.28769825798128584,0.44092811390228226,0.052540099514073797,0.017263538097136405,0.68342720017900849,3.28125,0.52907085631918349,0.99824215796161198
26.638401190440884,0.15709737141927177,0.12683970288391153,0.17999061743901026,0.050376946535883059,-0.27899358717612249,0.44109399729696508,0.051619259509559673,0.023361145787642236,0.69026466456579372,3.302734375,0.52475487741365512,0.99818568373749172
26.708502246205203,0.15709737141927113,0.12683035706198703,0.17995197968680718,0.072144316521871837,-0.26775494234026564,0.44024158701434873,0.050223849975568044,0.02922245846582815,0.69574104958785954,3.31640625,0.52202123777113452,0.99812879323431403
26.778603301969522,0.15709737141927024,0.12682355870573392,0.17998013320315784,0.093176996321766917,-0.25408932384264582,0.43842264804777109,0.048374124215667565,0.034794051223925919,0.69925339781711049,3.330078125,0.52160138936121292,0.9980714832393619
26.84870435773384,0.15709737141926999,0.12681577377923556,0.18000011222096468,0.1132887238249244,-0.23813304454624354,0.43567375273989756,0.046083861791335605,0.040026159852399552,0.70060845802600413,3.314453125,0.52486387095196363,0.99801375051527019
26.918805413498156,0.15709737141927119,0.12680180496260937,0.1800100591103149,0.13231456802779731,-0.2200338935551466,0.43211586340507391,0.043374827329089857,0.044871693451779014,0.69975568093762863,3.310546875,0.52858121864022423,0.99795559179984972
26.988906469262474,0.15709737141927041,0.12678173507846591,0.17999551071633033,0.15008407239966184,-0.19995635149954913,0.42786269963448159,0.040272999337665483,0.049290772599886533,0.69697305138695753,3.3125,0.53566460018008855,0.99789700380593926
27.059007525026793,0.15709737141927113,0.12675105325993133,0.17996382512084977,0.16643531852201693,-0.17808237684139633,0.42305088009002467,0.036813434865302357,0.053238650935854018,0.69260908555000167,3.291015625,0.54299656578460942,0.99783798322116812
27.129108580791112,0.15709737141927116,0.1267108613339856,0.17998677122744428,0.18122234203086837,-0.15461073010204979,0.41786947892783793,0.033030659621895934,0.056683307546976092,0.68727345082787872,3.2734375,0.55276190631083955,0.99777852670777245
27.19920963655543,0.15709737141927022,0.12666208302386583,0.17997511120613971,0.19432078808478925,-0.12976173741058469,0.41250533426116215,0.028958059753768431,0.059598899695599707,0.68120339351753434,3.23828125,0.56293916502363817,0.99771863090232482
27.269310692319749,0.15709737141927113,0.12660114251567986,0.17999359216068472,0.20561566456637556,-0.1037561334289786,0.40714568684900887,0.024637922941841462,0.061955819861123793,0.67472280240785076,3.205078125,0.57334041632587662,0.99765829241584336
27.339411748084068,0.15709737141927099,0.12653440746424879,0.17997286668507539,0.21499503726590516,-0.076848258022847268,0.40198434519170378,0.020111229306751747,0.063743990548290524,0.66814086066553924,3.15234375,0.58422010261674107,0.99759750783342593
27.409512803848383,0.15709737141927013,0.12645826629068876,0.1800087154163546,0.22238080030701149,-0.049283597881208972,0.39719468143293474,0.015419784801499505,0.064943292927581026,0.66097394632598638,3.08984375,0.59540090270702062,0.99753627371409315
27.479613859612702,0.15709737141927105,0.12637585637889429,0.17994870437309346,0.22770867352301494,-0.021319531511086686,0.39295996756413182,0.010607598906867837,0.065547716727064401,0.65335943424481457,3.0546875,0.60611586353542224,0.99747458659058863
27.54971491537702,0.15709737141927105,0.12628829897651114,0.18000871541635494,0.23094185899893777,0.0067850052782730619,0.38940176626056772,0.0057161453943345994,0.065552426528335941,0.64553751108274215,3.029296875,0.61551416519710178,0.99741244296918974
27.619815971141339,0.15709737141927055,0.12619553808339545,0.17997286668507553,0.23205290575492074,0.034774419280104558,0.38663576285084189,0.00079086931761503977,0.064957567522685541,0.63821618366717148,3.009765625,0.62407363303777419,0.99734983932952881
27.689917026905658,0.15709737141927121,0.12609954004587251,0.17999359216068503,0.23104280439757066,0.06238941576904871,0.38473913212185501,-0.0041262300189987625,0.063769584097700699,0.63149914435876053,2.978515625,0.63040951572826942,0.99728677212438377
27.760018082669976,0.15709737141927099,0.12600088606832544,0.17997511120613977,0.22791597432132657,0.089369357531299987,0.38378513590689917,-0.0089909230018400087,0.061999419346167144,0.62568907333587376,2.953125,0.63523013719339261,0.99722323777940225
27.830119138434291,0.15709737141927096,0.12590068045711095,0.17998677122744419,0.22271121086874171,0.11547594246497826,0.38380295082516469,-0.013762483110437365,0.059663401325643177,0.62186438977298242,2.943359375,0.63871681503741895,0.99715923269305495
27.90022019419861,0.15709737141927085,0.12580014552560739,0.17996382512084985,0.21547226931811655,0.14045803488898487,0.38478173359234574,-0.018394790958612406,0.056783078487124175,0.6213250852287252,2.92578125,0.63967128089987202,0.99709475323645447
27.970321249962929,0.15709737141927044,0.1256964665987669,0.17999551071633049,0.20627547456348608,0.16408374793289954,0.38667926022866411,-0.022843823533300295,0.053380827659530471,0.62325873705081525,2.939453125,0.63966346671733032,0.99702979575309636
28.040422305727247,0.15709737141927116,0.12559492866742314,0.1800100591103149,0.1952110529348923,0.18613223821089614,0.38942248487684006,-0.027071422747729508,0.04949504222921678,0.62729427102168567,2.974609375,0.63815776498382304,0.99696435655863036
28.110523361491566,0.15709737141927149,0.12549762482091395,0.1800001122209651,0.18238714788789528,0.2063995943879228,0.39286708740144832,-0.03104188954477248,0.045162359306046514,0.632762806578689,3.017578125,0.63460996566363803,0.99689843194064953
28.180624417255885,0.15709737141927083,0.12540253857344674,0.17998013320315751,0.16792627770776875,0.2247044191894543,0.39690780337344445,-0.03471734701182233,0.040415382021294362,0.63937593258269065,3.052734375,0.62979803415241276,0.99683201815837985
28.2507254730202,0.15709737141927105,0.12531390849428958,0.17995197968680743,0.15197618362379894,0.2408820437776539,0.40138935278255561,-0.038068153273721865,0.035301055131145405,0.64696601037883095,3.08203125,0.62391077935763239,0.99676511144289526
28.320826528784519,0.15709737141927058,0.12523314581583889,0.1799906174390106,0.13468194876213166,0.25478481472566111,0.40611570834780308,-0.041064485655811722,0.029869430531194549,0.65442946359508791,3.1171875,0.61677615280808051,0.99669770799663715
28.390927584548837,0.15709737141927121,0.12515922935451315,0.17999753238111654,0.11620364472078687,0.26629153111181519,0.4109010925275961,-0.043678225468898595,0.024164792987630222,0.66171776746278732,3.154296875,0.60753752259209748,0.9966298039932584
28.461028640313156,0.15709737141927083,0.12509470263536182,0.17996278899174747,0.096726366060363639,0.27530314842273618,0.41557898222631684,-0.045887786818408979,0.018244226650225532,0.66918668585807217,3.17578125,0.59954340406283957,0.99656139557743617
28.531129696077475,0.15709737141927091,0.12504196980669424,0.18000998619288872,0.076430208687099127,0.28174630362737496,0.41995896736569122,-0.047675689012402274,0.012165191300334126,0.67720926097896483,3.185546875,0.59018459406867918,0.9964924788645988
28.601230751841793,0.15709737141927038,0.12499829177402269,0.17998174297233707,0.05549438393438761,0.28555700025222391,0.42385943617338712,-0.049020350568916606,0.0059871309726396678,0.68584394949857408,3.19921875,0.57945258352020523,0.99642304994083097
28.671331807606109,0.15709737141927077,0.12496187686171976,0.18000998619288872,0.034119950811117239,0.2867154449060686,0.4271408275474719,-0.049911158012923069,-0.00023576535391464307,0.69498412865834969,3.208984375,0.56983851229285531,0.9963531048626012
28.741432863370427,0.15709737141927016,0.12493394485665403,0.17996278899174767,0.012516506349477931,0.28522801780812329,0.42969020965359522,-0.050340606183643562,-0.0064416784688595911,0.70405600411564351,3.205078125,0.56072917421159618,0.99628263965648367
28.811533919134746,0.15709737141927105,0.12491529448863858,0.17999753238111632,-0.0091205198444172658,0.28111941000678425,0.43141784127842325,-0.050306844221661817,-0.012573270125958125,0.71241811985290693,3.216796875,0.55416409131418809,0.99621165031911052
28.881634974899065,0.15709737141927049,0.12490303070562583,0.17999061743901082,-0.030595261735681851,0.2744366626868851,0.43225486886873621,-0.049808918039984912,-0.018571913271037317,0.71958883014748698,3.2265625,0.54788663314553931,0.99614013281691705
28.951736030663383,0.15709737141927069,0.1248954449386326,0.17995197968680735,-0.051717489781114664,0.26524055476291136,0.43216832054194082,-0.048855540134031969,-0.024379012592436789,0.72553866101935793,3.234375,0.54575335611443809,0.99606808308592698
29.021837086427702,0.15709737141927088,0.12488955277735858,0.17998013320315739,-0.072291208382517735,0.25362857325085886,0.43114740751814973,-0.047451085426985305,-0.029940328016080112,0.72957633596806637,3.259765625,0.54547222876522317,0.99599549703153389
29.091938142192021,0.1570973714192706,0.12488454756885348,0.18000011222096488,-0.092134916113335727,0.23972028645519131,0.42924100634929979,-0.045616763460969441,-0.035204106205548064,0.73151622643665914,3.267578125,0.54802791938541928,0.99592237052828392
29.162039197956336,0.15709737141927071,0.12487868367387968,0.18001005911031465,-0.11107660467235272,0.22365489722076901,0.42651950131538985,-0.04336744742859943,-0.040129525396722536,0.73105113951009304,3.271484375,0.5517585978159989,0.99584869941969589
29.232140253720654,0.1570973714192708,0.12486647585527935,0.17999551071633083,-0.12894954786321877,0.20557684679478236,0.42306870671659413,-0.040724249597720953,-0.044668322843248245,0.72861995657835421,3.25,0.55892657553027614,0.99577447951801445
29.302241309484973,0.1570973714192706,0.12484611350561221,0.17996382512084988,-0.14560201396032879,0.18564777354305795,0.41900943220963571,-0.037715011784377084,-0.048778534126602227,0.72469427893265315,3.22265625,0.5654701496699307,0.9956997066040455
29.372342365249292,0.15709737141927094,0.12481491992425872,0.17998677122744416,-0.16088168729186519,0.16404621523012233,0.41448229184518037,-0.034370977418110113,-0.052423887341421463,0.71955431909047751,3.20703125,0.57375664105188173,0.99562437642692436
29.442443421013611,0.15709737141927108,0.12477663819638839,0.17997511120613915,-0.17464918400548504,0.14097723568728601,0.40966230880427429,-0.030723658346640061,-0.055579589787744209,0.71352420492147461,3.166015625,0.5838818349692092,0.99554848470391033
29.512544476777929,0.15709737141927066,0.12472697535732087,0.1799935921606847,-0.18678746514226263,0.11665137595892112,0.40471062844855854,-0.026810677260346878,-0.05821244008105611,0.70689113115547109,3.1328125,0.59389765113770743,0.99547202712000482
29.582645532542244,0.15709737141927038,0.12466831019273479,0.17997286668507598,-0.19719199083484956,0.091290937493752611,0.39982913883026061,-0.022668162572605517,-0.06030397204256855,0.70012641508808637,3.099609375,0.60462844623646472,0.99539499932791731
29.652746588306563,0.15709737141927074,0.12460462989618801,0.18000871541635463,-0.20576344963133311,0.065143876283733526,0.39517855439186195,-0.018335457054629817,-0.061842574407128398,0.69282427829086313,3.0390625,0.6151702547159591,0.99531739694791388
29.722847644070882,0.15709737141927074,0.12453179752376717,0.1799487043730931,-0.21242927183035679,0.038443493788162759,0.39091518093623762,-0.01385660184960285,-0.062809131982987335,0.68500221959286745,3.005859375,0.6254460975085735,0.99523921556751982
29.7929486998352,0.15709737141927024,0.12445544978452794,0.18000871541635455,-0.21713365993876577,0.011443209022338217,0.38720309899270694,-0.0092695147991264902,-0.063202984775653531,0.67692895224520844,2.974609375,0.63483533808754333,0.99516045074127579
29.863049755599519,0.15709737141927049,0.12437201888473232,0.17997286668507589,-0.21984207219892682,-0.015614868596142353,0.38414276778880613,-0.0046159459256857119,-0.063016800022005284,0.6691795914715376,2.95703125,0.64356194304304748,0.99508109799051014
29.933150811363838,0.15709737141927027,0.12428553973397187,0.1799935921606847,-0.2205358389486253,-0.042473952867512682,0.38182907882814265,6.3406430116714593e-05,-0.062256424188735754,0.66193786881751826,2.953125,0.65025350511698454,0.99500115280311963
30.003251867128153,0.15709737141927066,0.12419618040623542,0.17997511120613913,-0.2192172554483815,-0.068893632441759306,0.38033986682286336,0.0047290604045827044,-0.060927579111288308,0.65565049453622015,2.9296875,0.65551614527626234,0.9949206106333911
30.073352922892472,0.15709737141927096,0.12410545864412248,0.17998677122744419,-0.21590164189580693,-0.094630745093132018,0.37974202783817573,0.0093411888024706093,-0.059040692844204747,0.65066084129669566,2.9140625,0.65894217057962967,0.99483946690176361
30.14345397865679,0.15709737141927083,0.12401301466175818,0.17996382512084971,-0.21062012352877157,-0.11944953038859754,0.38003396436437337,0.013856783866637284,-0.056613788949459537,0.64888299013442075,2.91015625,0.66068368519216847,0.99475771699460414
30.213555034421109,0.15709737141927152,0.1239209750472965,0.1799955107163308,-0.20341634776614417,-0.14311018908694514,0.38119831534413284,0.018232533418002777,-0.053670230325822813,0.64984310908401099,2.908203125,0.66112098103821693,0.99467535626401438
30.283656090185428,0.15709737141927124,0.12382778224748428,0.18001005911031462,-0.1943665361033502,-0.16539424698994035,0.3831847638925846,0.022428425881488273,-0.050234535408988069,0.65323541805707708,2.927734375,0.66051700023111304,0.99459238002753769
30.353757145949746,0.15709737141927119,0.12373591701632532,0.18000011222096468,-0.18355603784689759,-0.18609107501671612,0.3859153079111633,0.026408597125694946,-0.046345138387868953,0.65841759678164968,2.9609375,0.65780369907707803,0.99450878356786987
30.423858201714062,0.15709737141927005,0.1236482235076653,0.17998013320315731,-0.1710933354345533,-0.20501536917689334,0.38926882509791505,0.030139044012616228,-0.042034712119920326,0.66476048433300039,3.005859375,0.65338202527362421,0.99442456213242669
30.49395925747838,0.15709737141927052,0.12356391129649646,0.17995197968680723,-0.15709945155935487,-0.22199796023950494,0.39312387361595741,0.033585113596870268,-0.037337010579876102,0.67244638318212724,3.03515625,0.64789429166381651,0.99433971093374696
30.564060313242699,0.15709737141927096,0.12348586594791383,0.1799906174390106,-0.14171102035245828,-0.23688424643368999,0.39733341924098775,0.036716931499181475,-0.032299957546529777,0.68021849007733926,3.05859375,0.64138180447250792,0.99425422514892869
30.634161369007018,0.15709737141927113,0.12341623139151645,0.1799975323811159,-0.12506734078664861,-0.24953414369181134,0.40171041382617378,0.03950702789283695,-0.026974684129153801,0.68808860699316154,3.072265625,0.63279882794553322,0.9941680999193635
30.704262424771336,0.15709737141927094,0.12335337184897435,0.17996278899174772,-0.10732308589501195,-0.25983920749923983,0.40608996255072266,0.04192981636595168,-0.021404572307460248,0.69593825041443558,3.0859375,0.62336124867993392,0.99408133035050716
30.774363480535655,0.1570973714192708,0.12329943103019259,0.1800099861928888,-0.088658454888872168,-0.26771443470958534,0.41031546151025078,0.043963847730306607,-0.015642006787521087,0.7040544008356433,3.107421875,0.61488862456579207,0.99399391151168026
30.844464536299974,0.15709737141927044,0.1232562893289656,0.17998174297233746,-0.069242383702817933,-0.273090605919108,0.4142151380527731,0.04559105207961113,-0.0097465084397023588,0.71272423709435595,3.12109375,0.60474486326038412,0.99390583843584135
30.914565592064289,0.1570973714192706,0.1232204519844234,0.18000998619288877,-0.049249886929276537,-0.27592016915774209,0.41764091958509492,0.046795582021930064,-0.003773345069737219,0.72196464489589629,3.134765625,0.59478655806570413,0.99381710611936713
30.984666647828607,0.15709737141927055,0.12319161311286778,0.17996278899174778,-0.028870673620055836,-0.27618953385433642,0.42044049677805051,0.047564938951921494,0.0022219742454257091,0.73157570772211999,3.150390625,0.58561349297907606,0.99372770952168343
31.054767703592926,0.1570973714192708,0.12317055135733819,0.17999753238111607,-0.0083018789876696825,-0.27391237156875425,0.42254441780773683,0.047894955753176649,0.0081818339839354465,0.74038846753558762,3.169921875,0.57804715836209841,0.99363764356517581
31.124868759357245,0.15709737141927166,0.1231567109138396,0.17999061743901026,0.012268065472855317,-0.26911821787065082,0.4238821141692759,0.047784359713629911,0.014052859249090626,0.74814317706607947,3.203125,0.57272474183037791,0.99354690313496152
31.194969815121564,0.15709737141927063,0.12314807715912951,0.17995197968680718,0.032649440276983473,-0.26186083652353531,0.42439065132049425,0.047233648417289213,0.019777704121964251,0.75462619978281575,3.234375,0.56982957208984408,0.99345548307863507
31.265070870885882,0.15709737141927049,0.12314407799749737,0.17998013320315787,0.052660827379733169,-0.25221187878980911,0.42404828193768496,0.04624914410679179,0.025305732879681006,0.75927450528831963,3.255859375,0.56925768513769004,0.99336337820601595
31.335171926650197,0.15709737141927052,0.1231408144598634,0.18000011222096476,0.072119868603939583,-0.24026801257522809,0.42285169387565946,0.044839524543601572,0.030578158407824272,0.76188556751187564,3.25390625,0.57129410579970896,0.99327058328889783
31.405272982414516,0.15709737141927074,0.12313785686691354,0.1800100591103149,0.090856384374269974,-0.22614954107513821,0.42086336841915689,0.043020795179929822,0.035551856986110533,0.76199874930853917,3.248046875,0.5758512957910934,0.99317709306081514
31.475374038178835,0.15709737141927077,0.12313310936052739,0.17999551071633033,0.1087041058501146,-0.20999360050794852,0.41815072605992204,0.040812993826098258,0.040184101174421415,0.76005670114766544,3.248046875,0.58158260606377954,0.99308290221682582
31.545475093943153,0.15709737141927049,0.12312244038392715,0.17996382512084977,0.12550438936361738,-0.19195031080199698,0.41478706798552156,0.038233245249439128,0.044431643438909332,0.7564679515403947,3.23828125,0.58967532342892137,0.99298800541325838
31.615576149707472,0.15709737141927091,0.12310213975973194,0.17998677122744428,0.14111710900126384,-0.17217388017775234,0.41091084545757317,0.035312079325024941,0.048249677876781735,0.75143591263179954,3.224609375,0.59858481564379251,0.99289239726747558
31.685677205471791,0.1570973714192711,0.1230737152002917,0.17997511120613946,0.15539813189071358,-0.15085371233687977,0.40665933206098581,0.032076838585577923,0.051613393139877096,0.74548711158606507,3.17578125,0.60686449908089946,0.99279607235763778
31.755778261236106,0.15709737141927077,0.12303662878503029,0.17999359216068472,0.16821413307366617,-0.12818392604404205,0.40217662738017207,0.028560167930854696,0.054493660530670847,0.73880507886826841,3.150390625,0.61740674618042302,0.9926990252225264
31.825879317000425,0.15709737141927102,0.12298844598545369,0.17997286668507539,0.17945813380859263,-0.10437510184208666,0.39762608440885655,0.024799338064574083,0.056860959582184012,0.73178113195565198,3.115234375,0.62714925569854962,0.99260125036122437
31.895980372764743,0.15709737141927049,0.1229339301757711,0.18000871541635463,0.18903460110808243,-0.079648611563630928,0.39319551906987854,0.020826019450326892,0.0587047675652866,0.72418368061492366,3.044921875,0.63766514272137986,0.99250274223287238
31.966081428529062,0.15709737141927119,0.12287265953770621,0.17994870437309346,0.19685505597100306,-0.054238478072848192,0.38901911560553559,0.016679714621346833,0.060007918708181764,0.71599387514742185,2.994140625,0.64744464861488893,0.99240349525643212
32.036182484293377,0.1570973714192706,0.12280423411868938,0.18000871541635494,0.20285058397491723,-0.028373716767204293,0.38526001883654465,0.01240110401897053,0.060758689207812203,0.70744314516120699,2.9609375,0.65613912858810131,0.99230350381026489
32.106283540057696,0.15709737141927077,0.12273110129410203,0.17997286668507587,0.20697379757077727,-0.0023001592285702508,0.38203056007823544,0.0080266112155191627,0.060955566061393712,0.69905391598906397,2.931640625,0.66422985430993808,0.99220276223218029
32.176384595822014,0.15709737141927074,0.12265367906054084,0.17999359216068503,0.20919807335439591,0.023747982588193384,0.37943197852226018,0.0035956457448292163,0.06059503763665449,0.6913313080547997,2.904296875,0.67129933357198679,0.99210126481913063
32.246485651586333,0.15709737141927074,0.1225725980330966,0.17997511120613968,0.20951160390354798,0.049531580036291559,0.37754880492145565,-0.00085339033153476545,0.059680933798026234,0.6843839426499132,2.888671875,0.67663339682352674,0.99199900582693246
32.316586707350652,0.15709737141927049,0.12248972657113055,0.17998677122744419,0.20791458221697015,0.074814304638294055,0.37645243488131053,-0.0052823499297479674,0.058222144215028228,0.67883018246599758,2.876953125,0.68004536276745642,0.99189597947001085
32.386687763114971,0.15709737141927091,0.12240623306146656,0.17996382512084988,0.20442475039471916,0.099365088219038902,0.37617521476101357,-0.009653856918425548,0.056231337487791175,0.6755573661240698,2.853515625,0.68258917072588621,0.99179217992117574
32.456788818879289,0.15709737141927069,0.12232080402109717,0.17999551071633049,0.19906991798094709,0.12295226776448988,0.37670526187716125,-0.01392395009079431,0.053725773158779258,0.67553534875381804,2.837890625,0.68321051378030329,0.99168760131134348
32.526889874643608,0.15709737141927069,0.12223557521457064,0.1800100591103149,0.19190314439551587,0.14535242091370768,0.37802912803984923,-0.018055534340987184,0.050728918250283667,0.6781897659101277,2.87890625,0.68267633648722348,0.99158223772917353
32.596990930407927,0.15709737141927099,0.12214995065565484,0.18000011222096504,0.18299348517516933,0.16635985534104963,0.38008510974396642,-0.022009966029038562,0.047269000132978925,0.68299315189103005,2.908203125,0.68084711046570467,0.99147608322075298
32.667091986172245,0.15709737141927074,0.12206678840164002,0.17998013320315756,0.17242987566308102,0.18577982881209276,0.3828022435725093,-0.025754930422284404,0.043380821966483872,0.68933709408402344,2.953125,0.67728404805670905,0.9913691317897555
32.737193041936564,0.15709737141927091,0.12198658918106833,0.17995197968680732,0.16031606889688277,0.20343797250678183,0.38606132799765991,-0.029256154716944548,0.039096921384335431,0.69686205458218031,2.982421875,0.67183425213836956,0.99126137739696663
32.807294097700883,0.15709737141927071,0.12191009627021591,0.17999061743901076,0.14676805563837472,0.21917257300246601,0.38973561946496604,-0.032481951148216344,0.034453136151202872,0.70482063567416897,3.01171875,0.66617530404489722,0.99115281395999144
32.877395153465194,0.15709737141927047,0.12183905474691877,0.17999753238111663,0.13191795261191175,0.23284023289158104,0.39368401542656634,-0.035403312110306999,0.029496148310877456,0.7128711626757841,3.025390625,0.65944832057000202,0.99104343535303996
32.947496209229513,0.1570973714192706,0.12177750471295706,0.17996278899174753,0.11590402260990279,0.24431713445494299,0.39773167764985767,-0.037996683322534162,0.024276405884163594,0.72098018710573375,3.0234375,0.64967596098289937,0.99093323540669376
33.017597264993832,0.15709737141927066,0.12172335626549903,0.18000998619288888,0.098872380757295708,0.25350088819756833,0.40173272541223326,-0.040236219883086718,0.018836336512525944,0.72898354241458119,3.03125,0.64021486165394315,0.99082220790759734
33.08769832075815,0.1570973714192711,0.12167770539426259,0.17998174297233699,0.080993289548193334,0.26031391905948892,0.40553365227217963,-0.042102541607563257,0.013227084390873828,0.73740025462692393,3.0703125,0.63132147183415388,0.99071034659827095
33.157799376522469,0.15709737141927019,0.1216402641869235,0.18000998619288874,0.062428002691887523,0.26469855109055257,0.40899051163673522,-0.043577895284070578,0.0075068640351523084,0.74654387886066931,3.087890625,0.6209263563313776,0.99059764517690352
33.227900432286788,0.15709737141927102,0.12161154842891266,0.1799627889917477,0.043350418915230629,0.26662180513972145,0.41196081222694253,-0.044650321163338981,0.001732568789870023,0.75593248779883149,3.091796875,0.61165655337640468,0.99048409729698994
33.298001488051106,0.15709737141927044,0.12158945958125075,0.17999753238111632,0.023938019901733283,0.26607493489592421,0.41432718141945973,-0.045305947853431734,-0.0040443638342651019,0.76518815628046677,3.12109375,0.6040462576420581,0.99036969656702167
33.368102543815425,0.1570973714192708,0.12157383959904436,0.17999061743901082,0.00436921448972428,0.26307264547359399,0.41602957993917677,-0.045544908683335321,-0.0097698220229596403,0.77354249007241394,3.1328125,0.59734102557387259,0.99025443655032253
33.438203599579744,0.15709737141927055,0.12156420095695475,0.17995197968680735,-0.015168292566940035,0.25765563809896536,0.41700277710483225,-0.04536433845999506,-0.015391748425766363,0.78059965056133107,3.16015625,0.59317171304916161,0.99013831076492731
33.508304655344062,0.15709737141927102,0.12155844565528832,0.17998013320315737,-0.034496620576253342,0.24988166828205655,0.41720552712997494,-0.044764710501915807,-0.020856012307411569,0.78585304192261096,3.19140625,0.59201418918919824,0.990021312683249
33.578405711108381,0.15709737141927038,0.12155634795342483,0.18000011222096496,-0.053440709556434589,0.23982954653643082,0.41663118522316256,-0.043755801481550914,-0.026113354486428368,0.78928934601477119,3.201171875,0.59239727262851793,0.98990343573172002
33.6485067668727,0.15709737141927085,0.1215550587343435,0.18001005911031481,-0.071828583982868996,0.22759959000197139,0.41528444734385478,-0.042343335091485343,-0.031111994546924954,0.79026060279488153,3.197265625,0.59600366158539786,0.98978467329062692
33.718607822637011,0.15709737141927047,0.12155284765468845,0.1799955107163308,-0.089500047852063072,0.21331082278467495,0.41322860586155047,-0.040546456209969092,-0.035808216480082977,0.78904960112422595,3.185546875,0.60089934418735269,0.98966501869386214
33.78870887840133,0.15709737141927094,0.12154796157651071,0.17996382512084988,-0.10629830200010654,0.19710046447817653,0.41052396043334344,-0.038380748110971835,-0.040163181909164666,0.78602099429985994,3.16015625,0.60764477978635578,0.98954446522867123
33.858809934165649,0.1570973714192708,0.12153663761629448,0.17998677122744416,-0.12207535460115593,0.17911759606471189,0.40725816740251897,-0.035865819667034338,-0.044131909338737577,0.7813082477796448,3.150390625,0.61558629094567552,0.98942300613540457
33.928910989929967,0.15709737141927116,0.12151648247226408,0.17997511120613915,-0.13669737519498504,0.1595165453062232,0.40356515011363581,-0.033029960400659066,-0.047678169280295946,0.77551898827950672,3.109375,0.62415783123683988,0.98930063460727435
33.999012045694286,0.15709737141927094,0.12148941860428414,0.17999359216068483,-0.1500280631523731,0.13848809708347717,0.39957569272809657,-0.029902845220886137,-0.050775446532279694,0.76876993997087861,3.072265625,0.63395087406815431,0.98917734379010824
34.069113101458605,0.15709737141927071,0.12145277886248722,0.17997286668507595,-0.16194421038587584,0.11622199103911685,0.39541446887778392,-0.026516304719697296,-0.053394614017129804,0.76165378666737971,3.03125,0.64369391050019542,0.98905312678211577
34.139214157222924,0.15709737141927055,0.12140753684326887,0.18000871541635466,-0.17234578818429105,0.09293093355105031,0.39125030387507681,-0.022902974815747341,-0.055515769174652785,0.75378067955063766,2.95703125,0.65314255656636344,0.98892797663358367
34.209315212987242,0.15709737141927116,0.12135609430507387,0.1799487043730931,-0.18114274346885309,0.068824372648656124,0.38723738752703202,-0.019095196731357247,-0.057126554803959624,0.74527431527184029,2.9296875,0.66380985976459717,0.98880188634663058
34.279416268751561,0.15709737141927127,0.12129748473064723,0.18000871541635452,-0.18825846180872566,0.044132737124868468,0.3834980235436829,-0.015128784653061592,-0.058210869727107498,0.73624954847105806,2.89453125,0.6727779923440842,0.98867484887497026
34.34951732451588,0.15709737141927108,0.12123365530349471,0.17997286668507592,-0.19363179167609895,0.019081617206286951,0.38019194586921656,-0.011040974714934631,-0.058760703232005954,0.72734021635832713,2.876953125,0.68138748558416806,0.98854685712342294
34.419618380280198,0.15709737141927047,0.12116495810630534,0.17999359216068467,-0.19722004172193275,-0.006098829275532981,0.37740110352911821,-0.0068705212242419281,-0.058776011402203343,0.71889241477066501,2.857421875,0.6886336474822119,0.98841790394806184
34.489719436044517,0.15709737141927121,0.12109363639042188,0.17997511120613896,-0.19900143731745523,-0.031175289832123913,0.37522192500669732,-0.0026511081050287649,-0.058253578431263935,0.71133439108380581,2.83203125,0.69443779557966612,0.98828798215583546
34.559820491808836,0.15709737141927094,0.12101829472454043,0.17998677122744419,-0.19896980588284333,-0.055926121507607757,0.37372921241127333,0.001580280163211014,-0.057197433264110246,0.70429643025663569,2.818359375,0.69842952598990582,0.98815708450429951
34.629921547573147,0.15709737141927102,0.1209418735319974,0.17996382512084971,-0.19712382787210606,-0.080120712236664463,0.37297318467245077,0.0057863862240397773,-0.055620133677333906,0.69980639918877519,2.796875,0.70137410942315004,0.98802520370138958
34.700022603337466,0.15709737141927096,0.12086477276503471,0.17999551071633069,-0.19348288581905707,-0.10353360853880172,0.37296516702842619,0.0099303799273686311,-0.05353523565258908,0.69824964582688109,2.80859375,0.70229338999501889,0.98789233240517371
34.770123659101785,0.15709737141927066,0.12078588073393298,0.18001005911031465,-0.18807230686487891,-0.12594494823654723,0.37369118531364093,0.013970831210892071,-0.050960631924655442,0.69998913934497309,2.818359375,0.7018788657018642,0.98775846322309246
34.840224714866103,0.15709737141927063,0.12070739495686791,0.18000011222096474,-0.1809526041522761,-0.14714710249745172,0.37512974575156527,0.017874318713592203,-0.04792024631789242,0.70413163075793928,2.849609375,0.7002918743041846,0.98762358871252409
34.910325770630422,0.15709737141927146,0.12062962038813785,0.17998013320315728,-0.17219044677957118,-0.16694762371599089,0.37722115007653712,0.02160534340055582,-0.044443181906780538,0.71005639114976671,2.896484375,0.69690501652143266,0.9874877013802057
34.980426826394741,0.15709737141927055,0.1205552142660601,0.17995197968680726,-0.16187202028269729,-0.18515931271817293,0.37988543813191139,0.025132403638224308,-0.040562194684690446,0.71748665602343786,2.919921875,0.69217568678720598,0.98735079368195622
35.050527882159059,0.15709737141927071,0.12048345201273489,0.1799906174390106,-0.1500942150712167,-0.20161695598453103,0.38300706139953911,0.028421344327392815,-0.036309315635126953,0.72558731513988139,2.951171875,0.68659379336154269,0.98721285802240477
35.120628937923378,0.15709737141927121,0.12041519281927364,0.1799975323811159,-0.13697483817711301,-0.21617270984049303,0.38646803179854738,0.031443511930602089,-0.031721300390092695,0.73397473236668498,2.978515625,0.67985795537647831,0.9870738867546861
35.190729993687697,0.15709737141927074,0.12035270808527167,0.17996278899174772,-0.12263662392981212,-0.22869412584969931,0.39012906875157632,0.03417105039663787,-0.026846584027519729,0.74267554320636475,3,0.67129371715558861,0.98693387218033013
35.260831049452015,0.15709737141927077,0.12029937572390145,0.18000998619288872,-0.10721552524068807,-0.23906961888602224,0.39384490446308484,0.036583196020250522,-0.02173163216853841,0.75102291351035699,3.021484375,0.66100934871732553,0.98679280654901635
35.330932105216334,0.15709737141927119,0.12025307927641986,0.17998174297233749,-0.090849716497537952,-0.2472005552659455,0.39746458739256785,0.038654243496567924,-0.016419558160156625,0.75937597930238299,3.046875,0.6517900413370209,0.98665068205831186
35.401033160980653,0.15709737141927124,0.12021469440371219,0.1800099861928886,-0.073701262656111238,-0.25302246741948808,0.40085170112508473,0.040366186350306595,-0.010962259336671505,0.76841139674225678,3.060546875,0.64161169842063137,0.98650749085338374
35.471134216744964,0.15709737141927058,0.12018434578548752,0.17996278899174742,-0.055926507163302885,-0.2564856110767878,0.40388077496164626,0.041704030453866156,-0.0054176897011875011,0.77755073476601133,3.083984375,0.6315584336361868,0.98636322502669516
35.541235272509283,0.15709737141927149,0.12016280759274126,0.17999753238111607,-0.037695126499334632,-0.25756943606888694,0.40643371099969977,0.042654590666777403,0.00016475442098188618,0.78695683670971706,3.1015625,0.62325074570825634,0.98621787661781746
35.611336328273602,0.15709737141927116,0.12014742970920621,0.17999061743901021,-0.019176586581745918,-0.25627063279108925,0.40842088379653019,0.04320824574696356,0.0057327543393267486,0.79558153758898342,3.107421875,0.61691180200824236,0.98607143761313576
35.68143738403792,0.15709737141927063,0.12013713617014429,0.17995197968680723,-0.00053660174005459762,-0.25260511934253427,0.40977542531191052,0.043363460642620755,0.011232144224707512,0.80303212206084273,3.123046875,0.61268445011336181,0.98592389994571838
35.751538439802239,0.15709737141927113,0.12013154816803459,0.17998013320315789,0.018042547324828826,-0.24662195054615937,0.41043998182376307,0.043118458557171967,0.016615748446152784,0.80869067893586355,3.138671875,0.61159483509187418,0.98577525549517631
35.821639495566558,0.1570973714192706,0.12012942735752188,0.18000011222096468,0.036392302097256642,-0.23838553322504619,0.41040270335714374,0.04247570411919601,0.021833890994899595,0.8126158284159688,3.125,0.611817019444299,0.98562549608726968
35.891740551330876,0.15709737141927085,0.12013021776367033,0.18001005911031487,0.054347573484465464,-0.22797603894933471,0.40965469616195971,0.04144472494883459,0.026836180275801497,0.81420730612222081,3.130859375,0.61487200493413119,0.9854746134937078
35.961841607095195,0.15709737141927027,0.12013035248420136,0.17999551071633033,0.071746118824749239,-0.21549616997989693,0.40821720880001006,0.040030924600030764,0.031574558421755904,0.81366053979111297,3.130859375,0.61964352365187803,0.98532259943187794
36.031942662859514,0.15709737141927102,0.12012927838954876,0.17996382512084957,0.088431856414786791,-0.20106858519034385,0.40614511142280835,0.038252805754988406,0.036007980074908366,0.81136371742995606,3.103515625,0.62621071497709302,0.98516944556465169
36.102043718623833,0.15709737141927071,0.12012426471846402,0.17998677122744428,0.10425900333420482,-0.18482722371283489,0.40350488514112853,0.036126699118171561,0.040097008728854536,0.80710622830193235,3.080078125,0.63282026584756046,0.98501514350015673
36.172144774388151,0.15709737141927083,0.1201127105385251,0.17997511120613949,0.11908600739328995,-0.16692277151016319,0.40038765076040328,0.033674763146572105,0.043800251428183022,0.8018020086941603,3.0390625,0.64076435059517056,0.984859684791624
36.24224583015247,0.15709737141927088,0.12009279593744855,0.17999359216068453,0.13278453472530308,-0.14751390570219913,0.396914278102805,0.03092176203100331,0.047087238121644753,0.79536839707011531,3.015625,0.64982634336449985,0.98470306093710913
36.312346885916789,0.15709737141927071,0.120066172538625,0.17997286668507539,0.14523263232073436,-0.12678600717773322,0.39321238519392149,0.027894403885345566,0.049931610188328354,0.78850504305634328,2.982421875,0.65951391889652999,0.98454526337934034
36.3824479416811,0.15709737141927049,0.12003017409808149,0.18000871541635452,0.15631751016681356,-0.10492477650246432,0.38940572655077932,0.024627475999392853,0.052305934566667191,0.7807986782530294,2.916015625,0.6680356948846059,0.98438628350541102
36.452548997445419,0.15709737141927094,0.11998824440766999,0.17994870437309349,0.16593891525247201,-0.082143120233157896,0.38564556683060841,0.021150051697928999,0.054196002619314482,0.77242224705403628,2.873046875,0.67777635041794726,0.98422611264651183
36.522650053209738,0.15709737141927077,0.11993947371272473,0.18000871541635491,0.1740152046507292,-0.058646441814807548,0.38205344501274463,0.017494290534107424,0.055587192114091362,0.76339377476845915,2.837890625,0.68742980702670686,0.98406474207774508
36.592751108974056,0.15709737141927069,0.11988498366671881,0.17997286668507576,0.18047664069704628,-0.034659873625024366,0.37875782094945765,0.013695495732328783,0.056466534798563846,0.75426288120934526,2.82421875,0.69614305747569327,0.98390216301790578
36.662852164738375,0.15709737141927083,0.11982548385457394,0.17999359216068506,0.1852708773141884,-0.01039934766991127,0.37589066748278571,0.0097881908813351268,0.05682864517509699,0.74540791325114919,2.8046875,0.70410124333846058,0.98373836662921132
36.732953220502694,0.15709737141927074,0.11976201932134926,0.17997511120613968,0.18836469038164053,0.013915127845983871,0.37352721027224961,0.005805581481188384,0.056673609204348101,0.73728763052141699,2.78515625,0.71038834475964796,0.98357334401711471
36.803054276267012,0.15709737141927096,0.11969584234226897,0.17998677122744419,0.18973775702996809,0.03805604574646311,0.37175181652118272,0.0017826264579940611,0.055999787450714607,0.72940190685046513,2.779296875,0.71538896931438878,0.98340708623010975
36.873155332031331,0.15709737141927077,0.11962661141792769,0.17996382512084985,0.18938746995164976,0.061811130267084471,0.37061786859956652,-0.0022461889526780177,0.054813879908334751,0.72356974331779567,2.78515625,0.71919823925590431,0.98323958425944347
36.94325638779565,0.15709737141927094,0.11955639086772546,0.17999551071633052,0.187311763683782,0.084952865712504794,0.37016226808911545,-0.0062441887855500672,0.053128571821580026,0.72044948391564778,2.796875,0.72112109257283363,0.98307082903907594
37.013357443559968,0.15709737141927071,0.1194842745083019,0.18001005911031495,0.18352629513369953,0.10726960493339473,0.37038666157728939,-0.010174000267680033,0.050957685924407928,0.7206800757634011,2.810546875,0.72139374335637352,0.98290081144532992
37.083458499324287,0.15709737141927088,0.11941191280218742,0.18000011222096504,0.17806844196203406,0.12855255912854599,0.37127182140709014,-0.014001923413613627,0.04832121085911905,0.7238569880705511,2.84375,0.72072966804311145,0.98272952229678279
37.153559555088606,0.15709737141927066,0.1193396670907645,0.17998013320315756,0.17099587363723082,0.1486098817712509,0.37279515183848783,-0.017692893042886768,0.045242807040910563,0.72929767127768885,2.87890625,0.71777848904020236,0.9825569523539992
37.223660610852917,0.15709737141927138,0.11926830787504532,0.1799519796868074,0.16237435652713492,0.16725584842911784,0.37489652743805396,-0.021215478606838888,0.041752296983471958,0.73644515810557643,2.921875,0.71411097042608962,0.98238309231935761
37.293761666617236,0.15709737141927085,0.1192003083895502,0.1799906174390106,0.15228769326461916,0.18431409727023154,0.37748763696448373,-0.024538073856929011,0.037882503764576879,0.74445386930322865,2.95703125,0.70810659452986946,0.98220793283684515
37.363862722381555,0.15709737141927091,0.11913566045400743,0.17999753238111657,0.14082849977551937,0.19962921061169595,0.38045362867558741,-0.027629046768285058,0.03366482577048209,0.75310653289254981,2.978515625,0.70203626211471748,0.98203146449179879
37.433963778145873,0.15709737141927119,0.11907465316081155,0.1799627889917475,0.12811387145917855,0.2130677868091872,0.38368452712475559,-0.030460156707024399,0.02913555447481932,0.76217706779094585,2.994140625,0.69396620443881107,0.9818536778107757
37.504064833910192,0.15709737141927066,0.11901974523528297,0.18000998619288872,0.11425852729869169,0.2245004175434068,0.38705210707944193,-0.033007779973879055,0.024344748061664184,0.7710207496387812,3.013671875,0.6837412630219396,0.98167456326129121
37.574165889674511,0.15709737141927105,0.1189720753967517,0.17998174297233696,0.099393562015765394,0.23382883004753585,0.39042483545495599,-0.035249961020202808,0.019335563054230023,0.77977483179500995,3.03515625,0.67314419063565878,0.98149411125179309
37.644266945438829,0.15709737141927071,0.11893215591890285,0.18000998619288874,0.083652419641601361,0.24096529852526283,0.39366129984268999,-0.037163830267187212,0.014153691284643244,0.78897910719426856,3.0546875,0.66264026060241188,0.98131231213127723
37.714368001203148,0.15709737141927094,0.11890021786083695,0.1799627889917475,0.067192573308073864,0.24585431638150135,0.39664141008881948,-0.038733097245989986,0.0088495499802119636,0.7983339914049068,3.05078125,0.65254983385103493,0.98112915618926488
37.784469056967467,0.15709737141927091,0.11887640801797822,0.17999753238111632,0.050164187142210458,0.24845704778547303,0.3992577314670166,-0.039943145104231768,0.0034755468150414973,0.80795570945113904,3.07421875,0.64379410629192957,0.98094463365549611
37.854570112731786,0.15709737141927091,0.11885991384862267,0.17999061743901087,0.032728514406992822,0.24875818676286038,0.40141202224877065,-0.040781891120633261,-0.0019199966900675651,0.81709261688027168,3.06640625,0.63694766272494385,0.98075873469942831
37.924671168496104,0.15709737141927069,0.11884872121385329,0.17995197968680757,0.015047372199747451,0.24676000155248551,0.40302334483046204,-0.041243118908088135,-0.0072832819648263585,0.82512347225223681,3.080078125,0.63236225730285422,0.98057144943077534
37.994772224260423,0.15709737141927066,0.11884244116268726,0.17998013320315737,-0.0027189672239230343,0.24248779760403469,0.40403717682915963,-0.041323282825207926,-0.012565251599790824,0.83155729533708289,3.10546875,0.63018739482748731,0.9803827678991498
38.064873280024742,0.15709737141927088,0.11884097540453467,0.18000011222096496,-0.020398379304272195,0.23599420683678804,0.4044117293391799,-0.041022299796636817,-0.017720095565934957,0.83619049468706697,3.107421875,0.63083254118755661,0.98019268009372451
38.134974335789053,0.15709737141927116,0.11884112121855714,0.18001005911031467,-0.037833929101961365,0.22734332529322948,0.40414264803370359,-0.040343516780389541,-0.022698433719271438,0.83846971314328556,3.119140625,0.63257833809925845,0.9800011759431525
38.205075391553372,0.15709737141927102,0.11884306926779142,0.1799955107163308,-0.054867603397450157,0.21662199913622221,0.40322814821514774,-0.039294677007575815,-0.027454130864005933,0.83848207398454999,3.115234375,0.63685527062988434,0.97980824531507305
38.275176447317691,0.15709737141927033,0.11884417123287568,0.17996382512084988,-0.071343637776090138,0.20393512738376046,0.40170421096044312,-0.037884710612906984,-0.031941900792237472,0.83658176974143417,3.0859375,0.64225461946707407,0.97961387801641375
38.345277503082009,0.15709737141927077,0.1188424632030825,0.17998677122744414,-0.087115785859541717,0.18940447285741918,0.39961912680605038,-0.036128866442278813,-0.03612001577502412,0.83278305661594898,3.0703125,0.65000273652609764,0.97941806379301766
38.415378558846328,0.15709737141927069,0.11883638719683086,0.17997511120613913,-0.10204663638280966,0.17316327152200314,0.3970466237178808,-0.034047544017108175,-0.039950824267574375,0.82767924353692557,3.0234375,0.6580389240237553,0.97922079232964365
38.485479614610647,0.15709737141927083,0.11882461074672111,0.17999359216068483,-0.11600085712135448,0.15536576661346249,0.394078869626103,-0.031659192222249596,-0.04340169255728956,0.82136580535888293,2.982421875,0.66614804604441957,0.97902205324982172
38.555580670374965,0.15709737141927071,0.11880575772394061,0.17997286668507601,-0.12885727446463544,0.13617350710670859,0.39082918641823322,-0.028987226092187599,-0.046442985475908513,0.81465542148127323,2.9453125,0.67538262629395529,0.97882183611564078
38.625681726139284,0.15709737141927041,0.11877805754204905,0.18000871541635466,-0.14050105176520541,0.11576172719006129,0.38740951742372182,-0.026059153916205946,-0.04904428597887564,0.80712261503760507,2.875,0.68519880781813636,0.97862013042771023
38.695782781903603,0.15709737141927102,0.11874369176638508,0.1799487043730931,-0.15082584324114906,0.094323333310957311,0.38395657151860435,-0.022907182001782381,-0.051188395001567653,0.79888969226138984,2.849609375,0.69353008275902062,0.97841692562494031
38.765883837667921,0.15709737141927041,0.11870380334714026,0.18000871541635452,-0.15973864818730404,0.072061674867356318,0.38058735703085766,-0.019559638798370402,-0.052860265589081287,0.7900289005776967,2.818359375,0.70321163277463739,0.9782122110843775
38.83598489343224,0.15709737141927044,0.11865762488819423,0.17997286668507592,-0.16716547004066099,0.049180242526729048,0.37740862542418036,-0.016048906619676617,-0.054045362566289959,0.78088679007634854,2.80859375,0.71208936927876654,0.97800597612104467
38.906085949196559,0.15709737141927058,0.11860649919909755,0.17999359216068475,-0.17304290555954918,0.025895169692639455,0.37454491001187984,-0.012407103644634569,-0.054733469952826547,0.77177504848189227,2.79296875,0.72012595449801708,0.97779820998787959
38.97618700496087,0.15709737141927105,0.11855023643450098,0.1799751112061391,-0.17732049185752694,0.0024134859770257935,0.37209891295117681,-0.0086694426470328538,-0.05492063323549478,0.76282820222960934,2.767578125,0.72676213853312677,0.97758890187564274
39.046288060725189,0.15709737141927063,0.11849163816535932,0.17998677122744416,-0.17997404677042236,-0.02104432004902165,0.37014202087180709,-0.0048642289635098309,-0.054609579538089724,0.75439349397780497,2.748046875,0.73190864342453776,0.97737804091276581
39.116389116489508,0.1570973714192713,0.11843008878942317,0.17996382512084974,-0.1809906240077841,-0.044267573092516888,0.36873896130705514,-0.0010245679292105938,-0.053797852128121972,0.74743836438999789,2.71875,0.73610314472184513,0.97716561616528297
39.186490172253826,0.15709737141927044,0.11836588597730144,0.17999551071633074,-0.18036151141889228,-0.067048806687920098,0.367935150829447,0.0028127447631444711,-0.052494387665889534,0.74288104958036782,2.712890625,0.73876434890514042,0.97695161663667318
39.256591228018145,0.15709737141927071,0.11830106575856174,0.18001005911031465,-0.17809107741394034,-0.089170589577085221,0.36775546843671963,0.0066153678744140468,-0.050712256369093663,0.74161942636198919,2.744140625,0.73920472841190454,0.97673603126784592
39.326692283782464,0.15709737141927058,0.11823389937025673,0.18000011222096474,-0.17419675701194337,-0.11042958290760958,0.36818312314092283,0.010347737859966934,-0.048466934303371421,0.74360823193193282,2.78125,0.73902278199456239,0.97651884893707841
39.396793339546782,0.15709737141927102,0.11816734071952588,0.17998013320315745,-0.16871733451344068,-0.13062711786998696,0.36920483975312041,0.01397702821525647,-0.045778666493596659,0.7480396290896032,2.80859375,0.73711120943705277,0.97630005845983103
39.466894395311101,0.15709737141927005,0.11810178568394344,0.17995197968680729,-0.16170924526482511,-0.14958426831488972,0.37079007768780925,0.01747111423420224,-0.042671437705200287,0.75461899207906336,2.84375,0.73442129509947962,0.97607964858862095
39.53699545107542,0.15709737141927102,0.11803733526641816,0.17999061743901057,-0.15324055192830874,-0.16712317986287875,0.37287479883820784,0.020799611994730276,-0.039175137979527777,0.76220428364929882,2.880859375,0.72995876852598074,0.97585760801316779
39.607096506839738,0.15709737141927113,0.11797495091419719,0.1799975323811161,-0.14338865053130942,-0.18307732540584523,0.37537488073935527,0.023931525441312003,-0.035322863289073636,0.77073415071616092,2.919921875,0.72396402284715211,0.97563392536018945
39.677197562604057,0.1570973714192703,0.11791642608589628,0.17996278899174767,-0.13224696113425288,-0.19730086614504044,0.37817701321184316,0.026838073922206912,-0.031147201624464389,0.77972709077321034,2.939453125,0.71639108976604826,0.97540858919319917
39.747298618368376,0.15709737141927094,0.11786161832287685,0.18000998619288872,-0.11992551278629522,-0.20967019419551608,0.38117355662518365,0.02949225685208702,-0.026684803572863673,0.788775051517698,2.955078125,0.70727975047922098,0.97518158801249744
39.817399674132695,0.15709737141927024,0.11781318344189691,0.17998174297233746,-0.10654035707387732,-0.2200715209220204,0.3842531280164489,0.031872330223463106,-0.02198175387603685,0.79770361554830604,2.984375,0.69630227892869756,0.97495291025532049
39.887500729897006,0.15709737141927044,0.11777179359335201,0.1800099861928888,-0.092214901166890836,-0.22841127990073309,0.38729254453291595,0.033957261617979642,-0.017082965480456291,0.80692744381067549,2.99609375,0.68552098730107192,0.97472254429530014
39.957601785661325,0.15709737141927116,0.11773794252087295,0.17996278899174784,-0.077079643656878374,-0.23461323181207611,0.39016305410339408,0.035727080737235406,-0.012034722464484183,0.81643757211069445,3.015625,0.67483933234977156,0.97449047844289116
40.027702841425643,0.15709737141927124,0.11771188580290513,0.17999753238111607,-0.061281854552119458,-0.23863067432016963,0.39275980484779272,0.037165985949748154,-0.0068820880686364929,0.82637299123340313,3.04296875,0.66532188581029705,0.97425670094557892
40.097803897189962,0.15709737141927105,0.11769269404365422,0.17999061743901026,-0.044965395512136748,-0.24043070776078396,0.39499202635667502,0.038259381014912733,-0.0016768717435727356,0.83593402606964906,3.060546875,0.65775135240463112,0.974021199987534
40.167904952954281,0.1570973714192708,0.11768007553012692,0.17995197968680718,-0.028287755775664718,-0.24000566793453249,0.39677649948406679,0.038996876721432157,0.0035333368938988935,0.84454561907346082,3.072265625,0.65239368171998879,0.97378396368956832
40.2380060087186,0.15709737141927099,0.11767279499808905,0.17998013320315789,-0.01140690525069794,-0.23736563501683483,0.39804255367541114,0.039374344776317093,0.0086968175143448539,0.85173071888819174,3.095703125,0.64939349220242026,0.97354498010907309
40.308107064482918,0.15709737141927091,0.11766981410337364,0.18000011222096474,0.0055279255968132806,-0.23253956155422681,0.39875539093917106,0.039385652693752854,0.013769933685641833,0.85726658908380593,3.091796875,0.64866832654978923,0.9733042372399956
40.378208120247237,0.15709737141927066,0.1176708975965977,0.18001005911031487,0.02235355551929211,-0.22558479857710054,0.39887649326640018,0.039035744785328834,0.018701930691419465,0.86034872772791504,3.080078125,0.65000735488550365,0.9730617230130133
40.448309176011556,0.15709737141927091,0.11767297285468026,0.17999551071633038,0.038924037955297239,-0.21656569697847758,0.39841296955462163,0.038326750963504803,0.023447190372708652,0.86114656429345116,3.07421875,0.65390582807222131,0.97281742529560655
40.518410231775874,0.1570973714192708,0.11767640923842893,0.17996382512084957,0.055083211633109717,-0.20557605954270375,0.39736387502988751,0.037266320229344396,0.027964300437363084,0.85997765384003133,3.046875,0.65834640610141593,0.97257133189188782
40.588511287540193,0.15709737141927144,0.11767664694341662,0.17998677122744425,0.070685546909521058,-0.19271846667997183,0.39577424376746562,0.035865151843403047,0.032207330011765088,0.85688575184286675,3.02734375,0.66515891281657469,0.97232343054276282
40.658612343304512,0.15709737141927094,0.11767316478528954,0.17997511120613949,0.085596545482227684,-0.17811817302143623,0.39369215726372347,0.034135424033414297,0.036138724792198859,0.85220730095641828,2.978515625,0.67284278176282752,0.97207370892489753
40.728713399068823,0.15709737141927058,0.11766672468853995,0.17999359216068481,0.099682969137630542,-0.16191530862359335,0.39121009248641964,0.032099746374752575,0.039727295075651363,0.84613002295873918,2.94140625,0.68069869516529258,0.97182215465253019
40.798814454833142,0.15709737141927047,0.11765498040888772,0.17997286668507534,0.11281759887179947,-0.14425681765929679,0.38840476708508526,0.029772588878157241,0.042941650860162849,0.83943347637053878,2.904296875,0.68938040027733272,0.97156875527690434
40.868915510597461,0.15709737141927133,0.11763542269553216,0.18000871541635466,0.12488213505336754,-0.12530449049665879,0.38537270774180582,0.027181281621795075,0.045748616295068836,0.83192973389618452,2.845703125,0.6982850793277493,0.97131349828607982
40.939016566361779,0.15709737141927069,0.11760761745599817,0.17994870437309349,0.1357717204089168,-0.10523098907422317,0.38223227251355252,0.024351153662512455,0.048123191810010443,0.82373197509515439,2.806640625,0.70735249771133424,0.97105637110504306
41.009117622126098,0.1570973714192706,0.11757445149431157,0.18000871541635491,0.14538656229569424,-0.084230679228954122,0.37910722851127465,0.021311346466296351,0.050051709469443539,0.81477489705673711,2.7734375,0.71645346095074469,0.97079736109590309
41.079218677890417,0.15709737141927166,0.11753530498074664,0.17997286668507556,0.15364495197434302,-0.062497428562743595,0.37609056484322506,0.018090226045942698,0.051518417687066928,0.80541924797450515,2.74609375,0.72531158869604029,0.97053645555785961
41.149319733654735,0.1570973714192708,0.11749103014245386,0.17999359216068508,0.16047415466544723,-0.040233158507124826,0.37329421478325253,0.014720640742386798,0.052510180372616358,0.79578532588078721,2.736328125,0.73302874180008537,0.97027364172719399
41.219420789419054,0.15709737141927047,0.11744214666883283,0.17997511120613971,0.16581565863966655,-0.017644191166163732,0.370822092229041,0.011231875080129437,0.053020568442590246,0.78648572444783016,2.708984375,0.73984963284529615,0.97000890677736473
41.289521845183373,0.15709737141927094,0.11738871197060689,0.17998677122744444,0.16963094662785791,0.0050682956834293613,0.36875531115721322,0.0076544606482578884,0.053047017637284324,0.77704904134746522,2.681640625,0.74580628919317127,0.9697422378192958
41.359622900947691,0.1570973714192708,0.11733373245672847,0.1799638251208498,0.17189562027197047,0.027690072346017641,0.36715843335968901,0.0040165886445776211,0.052591785310187773,0.76928629927487702,2.669921875,0.74997675287188281,0.96947362190128639
41.42972395671201,0.15709737141927105,0.11727505600776052,0.17999551071633049,0.17259711792808172,0.050020330474852603,0.36608270566111356,0.00035440644233334387,0.051652728278752794,0.76352313706341934,2.69921875,0.75316258899313027,0.96920304600928109
41.499825012476329,0.15709737141927146,0.1172148690176518,0.18001005911031484,0.17173012118345926,0.071856032650787355,0.36557189946892144,-0.0033011034613424296,0.050242309835187307,0.76087788402922973,2.708984375,0.75428154113919776,0.96893049706693879
41.569926068240648,0.15709737141927071,0.1171542287965968,0.18000011222096501,0.1692977257806747,0.092990468566184953,0.3656240078191007,-0.0069180216669492639,0.048375651110566104,0.76147182112922562,2.73828125,0.75408738116718599,0.96865596193584769
41.640027124004959,0.15709737141927074,0.11709218297499019,0.17998013320315756,0.16532496785747361,0.11322829452860796,0.36621704322745763,-0.010463550759507431,0.046066518002223285,0.76488933162497963,2.78515625,0.75265112519221056,0.96837942741562788
41.710128179769278,0.1570973714192708,0.11703032560528139,0.1799519796868074,0.15984933377943467,0.13238531085368727,0.36734942971267992,-0.0139061542213332,0.043334575451067316,0.77055647146278194,2.822265625,0.74983592215435801,0.80938813738436721
41.780229235533596,0.15709737141927071,0.11696966936175854,0.1799906174390106,0.15292572609310698,0.15028779362315917,0.36897393761043523,-0.017214361349058883,0.04020594940625713,0.77779013272580055,2.869140625,0.7462128868018908,0.80933273056188926
41.850330291297915,0.15709737141927033,0.11691098230064695,0.1799975323811166,0.14462216258961275,0.16676839325638165,0.37102634217584157,-0.020359203720372743,0.036710727533834649,0.78602791934274741,2.912109375,0.7409349485766098,0.80927719073351412
41.920431347062234,0.15709737141927033,0.11685453907266313,0.17996278899174756,0.13501212454500405,0.18167224979553828,0.37342339690286291,-0.023311858660275495,0.032882460614063934,0.79497499684089379,2.943359375,0.73417386877736879,0.8092215179754717
41.990532402826553,0.15709737141927091,0.11680199771891638,0.18000998619288872,0.12418919668092705,0.19486390697808642,0.37605866880769812,-0.026045018260363748,0.028753025308703127,0.80393170063242281,2.953125,0.72497050630346371,0.80916571236435675
42.060633458590871,0.1570973714192706,0.11675358813841326,0.17998174297233707,0.11225765849156337,0.20622595627236762,0.3788329945428649,-0.028533822161344688,0.024360429404290014,0.81310868695157767,2.982421875,0.7150392641130966,0.80910977397709405
42.13073451435519,0.15709737141927083,0.11671148231524478,0.18000998619288872,0.09933371889439449,0.21565413314731993,0.38163721250248767,-0.030757816348784897,0.019747091160843021,0.82255567680198838,2.990234375,0.70446231994916875,0.80905370289092315
42.200835570119509,0.15709737141927022,0.11667651829124895,0.17996278899174753,0.085533564504929063,0.22306640932916846,0.38436167933485293,-0.032696962434620482,0.014958476149332829,0.83209024176459945,2.9921875,0.69419586622844853,0.80899749918345687
42.270936625883827,0.15709737141927063,0.11664848414466042,0.17999753238111629,0.070983875469370683,0.22839296576335641,0.38689185451498109,-0.034332529090651667,0.010040582637878671,0.84179466152673543,3.029296875,0.68474766616769889,0.80894116293265717
42.341037681648146,0.15709737141927041,0.11662715588095027,0.17999061743901085,0.055822503015423887,0.231591961051623,0.38913628984390447,-0.035649715260016451,0.0050367804798704301,0.85166730524487066,3.037109375,0.67591467169722785,0.80888469421681308
42.411138737412465,0.1570973714192708,0.11661193984517403,0.17995197968680757,0.040189448861062613,0.23264017218868546,0.39101584316893762,-0.036634552869543077,-3.7127508052761217e-06,0.8607998959983052,3.044921875,0.67019991016792657,0.80882809311454185
42.481239793176776,0.15709737141927074,0.11660308306130081,0.17998013320315737,0.024242145395469369,0.23153809141470355,0.39245654598063417,-0.037279959514357419,-0.0050330753411272329,0.86860926720281151,3.064453125,0.66599697119645673,0.80877135970480318
42.551340848941095,0.15709737141927094,0.11659872482026613,0.18000011222096496,0.0081222690199561735,0.22829879693473989,0.39341746061683475,-0.037578869249378768,-0.010005443893630559,0.87485748279454878,3.064453125,0.66479692070649254,0.80871449406686846
42.621441904705414,0.15709737141927105,0.11659883845016412,0.18001005911031473,-0.008019048043490325,0.22296125298096048,0.39385746863522658,-0.037530795500864245,-0.014875917922220249,0.87878604329469823,3.0703125,0.6650925563241824,0.80865749628034156
42.691542960469732,0.15709737141927063,0.11660163309217288,0.17999551071633077,-0.024032490923784879,0.2155805116402931,0.39375621648208187,-0.037137740078045843,-0.019594799043737839,0.88043139749727095,3.0625,0.668153890456198,0.80860036642515576
42.761644016234051,0.15709737141927091,0.11660599622866463,0.17996382512084988,-0.039778760777410889,0.20622852267792138,0.39312094951413601,-0.036402775126077119,-0.024119998959914707,0.88009931002257957,3.033203125,0.67268476283027856,0.80854310458157386
42.83174507199837,0.15709737141927085,0.11661127403114764,0.17998677122744414,-0.055109525534243205,0.19499817176827391,0.39196809984405762,-0.035336956267086189,-0.028409308425993242,0.87774492527811876,3,0.67771727484942024,0.80848571083016463
42.901846127762688,0.15709737141927058,0.11661169571196317,0.17997511120613915,-0.069885492156533127,0.18199644148038677,0.39032430857381795,-0.033947084731107441,-0.032417664234981207,0.87384887547812085,2.9453125,0.68398485876984882,0.80842818525183224
42.971947183527007,0.15709737141927144,0.11660916306101424,0.1799935921606847,-0.08397996565941028,0.1673529170600056,0.38826842217216206,-0.03224686544149262,-0.036116510505720151,0.86817148995175497,2.896484375,0.69265003546402382,0.80837052792776476
43.042048239291326,0.15709737141927038,0.11660249102350582,0.17997286668507598,-0.097266787811366259,0.15120367233719048,0.38587189687470674,-0.030256413125000835,-0.039473817419619091,0.86172825025870459,2.87109375,0.69964967708971493,0.80831273893945288
43.112149295055644,0.15709737141927035,0.11659010231814146,0.18000871541635463,-0.1096239299853746,0.13369637520076694,0.38321655739769561,-0.027992987632814138,-0.042458591016306078,0.85454904870333748,2.80078125,0.70896859253024314,0.8082548183687448
43.182250350819963,0.15709737141927085,0.11656947094784942,0.17994870437309324,-0.12094158033547797,0.11499037189882717,0.38039079637579215,-0.025481554485866999,-0.045039480924792749,0.84643251142777709,2.767578125,0.71695624914824818,0.8081967662977747
43.252351406584282,0.15709737141927055,0.11654173901721943,0.18000871541635452,-0.13112060586964819,0.095258125775385102,0.3775150071507487,-0.022747964614737232,-0.047197165965095052,0.83756387323523074,2.7265625,0.72574458666557407,0.80813858280899331
43.3224524623486,0.1570973714192703,0.11650918906945427,0.17997286668507592,-0.14006978871012277,0.074692556065286242,0.37469482350775962,-0.019818702972825872,-0.048918569757984955,0.828121266763158,2.72265625,0.73446534393870888,0.80808026798515264
43.392553518112912,0.15709737141927108,0.11647086258589184,0.17999359216068467,-0.14771245496868179,0.053483250902058035,0.37201750018642865,-0.016722209413589061,-0.050188170717488365,0.81818986889455947,2.716796875,0.74257212494240898,0.80802182190931793
43.462654573877231,0.15709737141927138,0.11642837881456856,0.1799751112061391,-0.1539797207104934,0.031828738243296829,0.36958398305454571,-0.013489374440701956,-0.050996634240389922,0.80847354453050368,2.693359375,0.74978997891252497,0.80796324466484537
43.532755629641549,0.15709737141927038,0.11638137724182039,0.17998677122744425,-0.15882191723152009,0.009925643642316297,0.36747986069074817,-0.010147093027159888,-0.05133868390025649,0.79877012915298085,2.6796875,0.75657870730319232,0.8079045363353865
43.602856685405868,0.15709737141927124,0.11633094808317647,0.17996382512084974,-0.16220508186772095,-0.012027710141891619,0.36577387000482942,-0.0067253915214180882,-0.05121348307583784,0.79013264157804008,2.677734375,0.76149621645208676,0.80784569700488584
43.672957741170187,0.15709737141927069,0.11627849937545959,0.17999551071633074,-0.16410915269424384,-0.033827095476470947,0.36451297487977685,-0.0032526536624126762,-0.050621287121569443,0.783310824397766,2.6796875,0.76502403495118732,0.8077867267575749
43.743058796934505,0.1570973714192708,0.11622238883108932,0.18001005911031459,-0.16452708835164523,-0.055283292248221622,0.36374984224270818,0.00023861892380114963,-0.049563291771789336,0.7791447671439744,2.681640625,0.76734414962680308,0.80772762567799827
43.813159852698824,0.15709737141927113,0.11616488567447124,0.18000011222096474,-0.16344796631788189,-0.076195107205424301,0.3635033604397564,0.003718101317815694,-0.048054312301959966,0.77831995517837094,2.72265625,0.76797364032753435,0.80766839385096501
43.883260908463143,0.15709737141927041,0.11610802655401863,0.17998013320315737,-0.16088412263642654,-0.096368505716439012,0.36377552936509983,0.007157876951920941,-0.046109747279329878,0.78044584870498168,2.748046875,0.76726722300238726,0.80760903136158169
43.953361964227462,0.1570973714192708,0.11604982843956453,0.1799519796868071,-0.15685860085297218,-0.11561746300440311,0.36453678158971448,0.010523698548419161,-0.043742284533023985,0.78517194697233905,2.78125,0.76492291892262521,0.80754953829523768
44.02346301999178,0.15709737141927066,0.1159919370779169,0.17999061743901057,-0.15141041287868748,-0.1337639287833727,0.36577106440429352,0.013786997054831843,-0.040973187418493075,0.79166081220457774,2.810546875,0.76145572751710988,0.80748991473759779
44.093564075756099,0.15709737141927094,0.11593492018429009,0.1799975323811161,-0.14459399285730604,-0.15064411090029212,0.36743015342606489,0.01691774760629336,-0.037828134622844817,0.79957495765622144,2.84375,0.75690106170136817,0.80743016077461804
44.163665131520418,0.15709737141927069,0.11587976828113823,0.17996278899174767,-0.13647041789317263,-0.16610242926382623,0.36944826894074823,0.019888246160257143,-0.034339320200819742,0.80853033224701631,2.869140625,0.75019842796210789,0.80737027649251414
44.233766187284729,0.15709737141927119,0.11582784316518834,0.18000998619288877,-0.12711508182680245,-0.17999287195744301,0.3717389148543353,0.022671841351854544,-0.03053924291315907,0.81770729161309064,2.8828125,0.74193356276446742,0.80731026197776445
44.303867243049048,0.15709737141927047,0.11577923506948654,0.17998174297233752,-0.11661654622507156,-0.1921893665241583,0.37420760698340616,0.02524202590027701,-0.026459652092186602,0.827254581252162,2.919921875,0.73177311645774867,0.80725011731711083
44.373968298813367,0.15709737141927074,0.11573555757787528,0.1800099861928888,-0.10507925204197582,-0.20258229653754017,0.37676407752286289,0.027576795928948735,-0.022139733185619122,0.83721760561251279,2.93359375,0.72127563044562937,0.80718984259759397
44.444069354577685,0.15709737141927113,0.11569817945168356,0.17996278899174778,-0.092614187603180742,-0.21108044341412971,0.37930116275315884,0.029655417840001242,-0.01761903213712375,0.84714262634532456,2.95703125,0.71090513347052742,0.80712943790651293
44.514170410342004,0.15709737141927058,0.11566761180974605,0.17999753238111602,-0.079334171200232451,-0.21760745564613856,0.38171586826948595,0.031457953917108671,-0.012942510945148967,0.85707001256054816,2.978515625,0.70157705588175712,0.80706890333144732
44.584271466106323,0.15709737141927047,0.11564349070332604,0.17999061743901029,-0.065358099365154465,-0.22210155191179509,0.38391594491742137,0.032968495592750592,-0.0081560018548592038,0.86723176899619936,2.98828125,0.69227124160599485,0.80700823896024332
44.654372521870641,0.1570973714192708,0.11562590686706607,0.17995197968680718,-0.050818581773037143,-0.22452714588438361,0.38581641046999782,0.034173079399271097,-0.0033019120203308604,0.87681706889773769,2.990234375,0.68565346573852337,0.80694744488099779
44.72447357763496,0.15709737141927016,0.11561368024928659,0.17998013320315792,-0.035854058235335565,-0.22487149163693573,0.38735314549425187,0.035059983521215553,0.0015735541160466228,0.88516639354667137,3.00390625,0.68148129860228301,0.80688652118206683
44.794574633399279,0.15709737141927119,0.11560708213087577,0.18000011222096476,-0.02060900835504445,-0.22313834110340905,0.38846576707126068,0.035620935591559919,0.0064222599507557975,0.89209808109659738,3.01171875,0.67889918936674398,0.80682546795204724
44.864675689163597,0.15709737141927099,0.11560511186479475,0.18001005911031479,-0.0052224969474689038,-0.21934674235529558,0.38913077203195295,0.035851390432959152,0.011203971038713552,0.89676932089964745,3.0234375,0.67927700702390648,0.80676428527981359
