t,volume,energy,exact_energy,cx,cy,r2,px,py,relative_l1,shore_area,velocity_l2,max_speed
0,0.15711975097656306,0.18007678867046531,0.18007678867046531,0.49999999999999967,-3.9677777319807339e-18,0.58351116374914846,0,0.110021135296215,0,0,3.7831000463415293e-17,0.70023745972348561
0.070101055764318118,0.15711975097656264,0.18007242948106958,0.18005273998495969,0.49767082765245368,0.046436057436553671,0.58341451022976776,-0.010699279762195816,0.10950145567562174,0.01079254128660833,0.19140625,0.0088322194154213766,0.73307895952477431
0.14020211152863624,0.15711975097656236,0.18008420809600489,0.1799840816890719,0.49090806470865761,0.092450560969850437,0.58333717530176632,-0.021297179792942551,0.1079572004212377,0.02030691209882618,0.29296875,0.016180451911870963,0.78111398127913068
0.21030316729295434,0.1571197509765625,0.18010784952070011,0.17999809674587833,0.47976387756710259,0.1375563617019572,0.58320651213869767,-0.031689115075001759,0.10541834537152382,0.028597370506261367,0.40234375,0.028528936303414507,0.84532341664572341
0.28040422305727247,0.15711975097656253,0.18014372542299734,0.1800084844224939,0.46434615633278342,0.18130478367724587,0.58299942008659777,-0.041782208162024187,0.10191342962499772,0.034813021476414428,0.5390625,0.03989264980513061,0.91061531022451014
0.3505052788215906,0.1571197509765625,0.18017938942542353,0.18004830469293626,0.44478421328660356,0.22326887044776592,0.5826613150982487,-0.051479971443037627,0.097481672019289589,0.040025143828058815,0.62109375,0.048880141778894298,0.97167412082957227
0.42060633458590868,0.15711975097656239,0.180207930461146,0.17998515728584188,0.42125219338432324,0.26304767865720152,0.58218123922781384,-0.060690091739850738,0.092170129324814387,0.044512834962916109,0.71484375,0.061161960204516599,1.023787994348671
0.49070739035022681,0.15711975097656225,0.18022023172294344,0.18006757779699703,0.39396261196473359,0.30028313060758521,0.58151193118562683,-0.06933031087162668,0.086030050545959344,0.047279436132637062,0.80078125,0.068800759924733584,1.0661513781372243
0.56080844611454495,0.15711975097656275,0.18021219711237646,0.17998539247938777,0.36316078293175752,0.33464772765657708,0.58071007159371824,-0.077328026316422632,0.079126128125641487,0.048975549434602604,0.90234375,0.079008288532368173,1.10061178129482
0.63090950187886308,0.15711975097656269,0.18017550616801395,0.18006757779699689,0.32912515864713171,0.36582370995202301,0.57970246323228125,-0.084606071588552934,0.071524283255904042,0.050346875803337368,0.9609375,0.08411906444881595,1.1209929888436858
0.70101055764318121,0.15711975097656247,0.18011291208335969,0.17998515728584166,0.29215986606282068,0.39357330129465989,0.57859263341133715,-0.09110815861945791,0.063299324751414685,0.051554056385309084,1.0625,0.091478133149331231,1.1332245552286955
0.77111161340749934,0.15711975097656242,0.18002192937468101,0.1800483046929364,0.25260565393287632,0.4176521375818385,0.57735268984551691,-0.096771799804023784,0.054527276613273216,0.054522636334081977,1.06640625,0.095073388210715579,1.1305640165668318
0.84121266917181736,0.15711975097656236,0.17991006026215023,0.18000848442249384,0.21082185585668672,0.43788764909238292,0.57611873347867659,-0.10155206579013236,0.0452962041030949,0.059428140124079903,1.13671875,0.099723676827222982,1.128001735650934
0.91131372493613549,0.15711975097656261,0.17978312204668104,0.17999809674587847,0.16719778220758352,0.45411810171519523,0.57488988109643779,-0.10540521700568203,0.035690932431333124,0.065212156437620281,1.2421875,0.10261676566589475,1.1118566724465069
0.98141478070045363,0.15711975097656233,0.17964267400140074,0.17998408168907193,0.12215022790736949,0.46623874080753747,0.57378507724926309,-0.10830137151780357,0.025793149658681298,0.071668168315778297,1.24609375,0.10490406333652749,1.0966249066485179
1.0515158364647719,0.15711975097656242,0.17949784251620166,0.18005273998495977,0.076089914993623317,0.47417400839824103,0.5728700541613182,-0.11021488520520474,0.015703655843945924,0.078318824765050615,1.29296875,0.10764901150391575,1.0754865692810607
1.1216168922290899,0.15711975097656256,0.17935196040028539,0.18007678867046534,0.029451993324494774,0.47788596029084923,0.57218053035154959,-0.1111295461526695,0.0055107980592821269,0.08435724546746845,1.34765625,0.11018966217819046,1.0522246055202584
1.1917179479934079,0.15711975097656231,0.17920672583165376,0.1800527399849598,-0.01731301627120211,0.47736655291907593,0.57176435122869695,-0.11104268418323546,-0.0046997618627710458,0.089557997103527132,1.38671875,0.10958078331390192,1.0415601872130964
1.2618190037577262,0.15711975097656258,0.17905838008000877,0.17998408168907193,-0.063784401622727083,0.47264090293239591,0.57163423483620079,-0.10995437115491022,-0.014835763701486733,0.093418023856224608,1.44921875,0.10960572361168119,1.0568919526735199
1.3319200595220442,0.15711975097656272,0.17891575849824751,0.17999809674587838,-0.10952652774361334,0.46377625256339927,0.57181764188537287,-0.10787793400707696,-0.024806299850046468,0.095585204529991308,1.46875,0.10988283516747474,1.0905656217575725
1.4020211152863624,0.15711975097656244,0.17878454585402534,0.18000848442249387,-0.15409596609802995,0.45086110922518063,0.57225323913234505,-0.10483740373735899,-0.034513922665341382,0.095982044400342303,1.54296875,0.10975641201398244,1.1169262448164259
1.4721221710506804,0.15711975097656256,0.17865518181310797,0.18004830469293628,-0.19709711472729316,0.43402171424069058,0.57292045284467896,-0.10086241160441431,-0.04387523812958178,0.09524970576142959,1.5859375,0.11318914324874618,1.1324564615162385
1.5422232268149987,0.15711975097656253,0.17853148620196302,0.17998515728584169,-0.23816178254751097,0.41342684805925228,0.57382473507408627,-0.095991050216568299,-0.052815553176110266,0.093408611251754647,1.62109375,0.11643150970211232,1.1660155848126763
1.6123242825793167,0.1571197509765625,0.17840298182832234,0.18006757779699686,-0.27689358725335145,0.38924342753948232,0.57484111116781222,-0.090272025518283686,-0.06124525878761538,0.090703780244053164,1.68359375,0.12064319881088714,1.1814873250268916
1.6824253383436347,0.15711975097656258,0.17826277484129685,0.17998539247938772,-0.31298202895030003,0.36169155386145324,0.57594430480228798,-0.083760071289803548,-0.069090663507509642,0.089180919109228859,1.72265625,0.12607144521688612,1.1841110296025956
1.752526394107953,0.15711975097656236,0.17811231225819588,0.180067577796997,-0.34609819466874997,0.33102119486936654,0.57709102918706645,-0.076515524843547414,-0.076293732296404848,0.08943498540786958,1.765625,0.13139506510445351,1.1997690960666278
1.822627449872271,0.15711975097656244,0.17794017669102827,0.17998515728584191,-0.37597542837362308,0.29748190237891742,0.57818498556949505,-0.068612258126307293,-0.082779836862395623,0.092315127370709557,1.84765625,0.13701901426124299,1.1894293281186736
1.8927285056365892,0.15711975097656236,0.17775190323658419,0.1800483046929362,-0.40236031982346288,0.26139089337954158,0.57918581520583401,-0.060119779295376832,-0.088502167942953,0.098023498323563066,1.8515625,0.14084888999832842,1.1873848063192078
1.9628295614009073,0.15711975097656244,0.17754211680632145,0.18000848442249395,-0.42504055379597055,0.22305239532200974,0.58004881443790246,-0.05112635194059293,-0.093407088402881089,0.1042438120117551,1.91015625,0.14527935571711406,1.1682704058793241
2.0329306171652255,0.15711975097656233,0.17733014878546358,0.17999809674587827,-0.44383005621321264,0.1828320158554555,0.58074076369638317,-0.041711409328650868,-0.097464662677779965,0.10914603544954841,1.98828125,0.14929197378203976,1.1415383353910529
2.1030316729295437,0.15711975097656269,0.1770962691386688,0.17998408168907185,-0.45860489840884927,0.14108867079938345,0.58123259063930888,-0.031954655025768032,-0.10063244531427763,0.11341673091681245,1.98828125,0.15257598343633319,1.088651099350278
2.1731327286938615,0.15711975097656244,0.17686262525879362,0.18005273998495966,-0.46926350180246745,0.098214303603175887,0.58152884377214864,-0.021952246192084291,-0.10289271142701464,0.11708351691975508,2.0546875,0.15482723728708128,1.0621678673792627
2.2432337844581798,0.15711975097656269,0.17662815926672293,0.18007678867046542,-0.47574268376987194,0.054596571402310085,0.58163494651872205,-0.011787198046852092,-0.10422651372978017,0.12000197316952385,2.10546875,0.15540943775536667,1.0416342673079362
2.313334840222498,0.15711975097656253,0.17639288308376949,0.18005273998495969,-0.47799029120660758,0.010637474075379516,0.58150902379057234,-0.0015489951450212501,-0.10462174440851522,0.12210740578911868,2.15625,0.15324483637545952,1.0526495927872388
2.3834358959868158,0.15711975097656244,0.17616583744477785,0.17998408168907185,-0.47599446819245589,-0.033258170867394063,0.58115777129395674,0.0086707476604283729,-0.10407977772672003,0.12404195450698721,2.19921875,0.14942549422451423,1.1099153408296429
2.4535369517511341,0.15711975097656211,0.17594408182214694,0.17999809674587822,-0.4697890407965265,-0.076707918470154776,0.58059110464659247,0.018780795025263683,-0.10260406607905048,0.12631013407387959,2.2578125,0.14411101050331088,1.1361705117863352
2.5236380075154523,0.15711975097656244,0.17573928475113931,0.18000848442249423,-0.45943475946115564,-0.1192960593601208,0.57981036098520311,0.028686173247441257,-0.10021235379961554,0.12885448450730791,2.3359375,0.13899456501972468,1.1895629311678904
2.5937390632797706,0.157119750976562,0.17554367163988729,0.18004830469293642,-0.44502746414497041,-0.16065266989667795,0.57884079224975227,0.038303916082551639,-0.096928255433887833,0.13285790384780519,2.40625,0.13638521506498327,1.2237892091686129
2.6638401190440884,0.15711975097656242,0.17535548153663028,0.179985157285842,-0.42669726319789347,-0.20041114076074726,0.57770107618083244,0.047547787320855045,-0.09277904830307919,0.13785365139678291,2.4609375,0.13356668250346732,1.23327130096225
2.7339411748084066,0.15711975097656253,0.17517706721818582,0.18006757779699709,-0.40459741747517713,-0.23819401948253058,0.57635207225855989,0.056329822444373311,-0.087808710256932293,0.14315935387767575,2.5703125,0.13138100415209536,1.2821815674021031
2.8040422305727248,0.15711975097656264,0.1750025675486076,0.17998539247938758,-0.37893837820860204,-0.27368861361388958,0.57487783399798698,0.064578442703290675,-0.082060830560355916,0.14831073427857874,2.6640625,0.13278704329989016,1.277491825344099
2.8741432863370426,0.15711975097656219,0.17483288604068398,0.18006757779699714,-0.34993642428504634,-0.30655518246136798,0.57327687739162603,0.07222219713741436,-0.075591464494612279,0.15246951165744166,2.765625,0.13467456865304214,1.2697394173629677
2.9442443421013609,0.15711975097656247,0.17465691875914111,0.17998515728584166,-0.31784895700303317,-0.33652465715018648,0.57157574416157209,0.07918357705779952,-0.068459767495721746,0.15557905601813238,2.8515625,0.13887312254371273,1.2751895222392131
3.0143453978656791,0.15711975097656253,0.17448458133801042,0.18004830469293631,-0.2829736498288008,-0.36332444725817692,0.56982040414903468,0.085414816239662336,-0.060734184798472313,0.15794021533743585,2.93359375,0.14298905019448055,1.2453603164668583
3.0844464536299974,0.15711975097656269,0.17430688193202964,0.18000848442249393,-0.24562151865597653,-0.38673322767916668,0.5680385460132773,0.090850623878935055,-0.052481667536492339,0.15870304993723283,2.97265625,0.14650336822455451,1.2637929819299716
3.1545475093943152,0.15711975097656269,0.17412931028029802,0.17999809674587811,-0.20614767895668679,-0.4065560129023042,0.56630560393098661,0.095455019016242745,-0.043783410421425327,0.15901319804516537,3.078125,0.15180223470257939,1.2184574970499571
3.2246485651586334,0.15711975097656283,0.17395243032080709,0.17998408168907201,-0.1649006397543302,-0.42261889905495853,0.56462378926434587,0.099180248682172595,-0.034720183499356044,0.15943745689064043,3.109375,0.15862841176333689,1.1940821905356516
3.2947496209229516,0.15711975097656247,0.17378024839770242,0.18005273998495985,-0.12229141545367563,-0.43480994760432429,0.56306427526301284,0.10200232440011758,-0.025367355354468327,0.16052124977962171,3.15234375,0.16315862949339777,1.1327703678666883
3.3648506766872694,0.15711975097656286,0.17359939212580502,0.18007678867046592,-0.078703600411637431,-0.44304284388273429,0.56167560690358265,0.10389361825272186,-0.015811742526300104,0.1611668439866642,3.19921875,0.16876430214170693,1.081494613559381
3.4349517324515877,0.15711975097656231,0.17342499143769632,0.18005273998495985,-0.034553284625920902,-0.44725238384646193,0.56050718425581414,0.10484211283162156,-0.0061439650632471908,0.16139303135191768,3.23046875,0.17426994796988712,1.0718657978506858
3.5050527882159059,0.15711975097656256,0.17325391127945694,0.17998408168907198,0.009748044530785302,-0.44742289952192382,0.55956761979164138,0.10484004852518879,0.0035535821073919638,0.16183066081602751,3.26953125,0.18035396000338505,1.1242595484606597
3.5751538439802242,0.15711975097656283,0.17308132247414057,0.17999809674587811,0.053787425783518202,-0.44355738577132175,0.558850313629081,0.10388921357263109,0.013186062283186677,0.1626611619457084,3.28515625,0.18491899025303374,1.1681012086611202
3.645254899744542,0.15711975097656258,0.17291066327416871,0.1800084844224939,0.097147626898151471,-0.43570777516761289,0.55835168008822877,0.10200432792457759,0.02266566815301858,0.16294684473765819,3.26953125,0.18825032821838739,1.1944875102391503
3.7153559555088602,0.15711975097656256,0.17273268670093006,0.18004830469293623,0.13944347701970716,-0.42394864289952827,0.5580484751878092,0.099202231861931389,0.031899895781569695,0.16423510622972787,3.3046875,0.1935781583190245,1.2069319233201503
3.7854570112731785,0.15711975097656267,0.17255413147601498,0.17998515728584169,0.18027867914451753,-0.40840566604879003,0.55795095082608914,0.095512315444899729,0.040818873590740101,0.16649679856937288,3.2734375,0.19654340838499818,1.2360185573400373
3.8555580670374967,0.15711975097656244,0.17236203404746592,0.1800675777969972,0.21929029013904888,-0.38921368096679171,0.55800660817354908,0.090970156484798212,0.049339143218652001,0.16877288698427156,3.2890625,0.19866703015851767,1.230607330932896
3.9256591228018145,0.1571197509765625,0.17215824030521878,0.1799853924793875,0.25613671234419144,-0.36654767087291967,0.55821316636427931,0.085624552835315781,0.057382392810329745,0.17180015373098678,3.33203125,0.20066473690840061,1.2469932409764253
3.9957601785661327,0.15711975097656261,0.17194426288224551,0.18006757779699711,0.29049060871033477,-0.34062380415310639,0.55848619099325836,0.079521091675869252,0.064870672836981891,0.17446354107614126,3.29296875,0.20239421983786551,1.2244555866119928
4.065861234330451,0.15711975097656253,0.17171922550852081,0.17998515728584208,0.32205849545044379,-0.31167684286282615,0.55883800735334266,0.072723660854588479,0.07174525075883785,0.17643690406696502,3.28515625,0.2014925076032523,1.198400777438547
4.1359622900947688,0.15711975097656231,0.171485519539788,0.1800483046929364,0.35057658998306468,-0.27997889738200393,0.55920684671750853,0.065291769137512501,0.077944330696744904,0.17846463737327325,3.26171875,0.2008795738989072,1.22215313525817
4.2060633458590875,0.15711975097656233,0.17124577554006076,0.18000848442249417,0.37581648457537159,-0.24582213781939458,0.55958306834538973,0.057300078852163254,0.083418105987021401,0.17985458140802407,3.21484375,0.2015669643292391,1.1996033028515087
4.2761644016234053,0.15711975097656214,0.17100612651403993,0.17999809674587833,0.39755955906545759,-0.20952182131894428,0.55990964427413215,0.048822223335915987,0.088120335791161616,0.18037482632323243,3.18359375,0.20263224600986227,1.2081402777594679
4.3462654573877231,0.15711975097656247,0.17076236684859705,0.17998408168907187,0.41566099034972326,-0.17142270395152312,0.56021318539488874,0.03992994308796765,0.092012456044374608,0.18195183770908491,3.1640625,0.20454577639959878,1.1869132695588653
4.4163665131520418,0.15711975097656253,0.17052319089313847,0.18005273998495969,0.42996520541754224,-0.13187728085322326,0.56048567485758005,0.03071406319292995,0.095063149581281023,0.18399565341197699,3.203125,0.20841574635941415,1.1909231152413891
4.4864675689163596,0.15711975097656258,0.1702799228980971,0.18007678867046534,0.440392186733015,-0.091262934737953647,0.56069462912455947,0.021253226391358605,0.097247871085806681,0.18635539872439755,3.2265625,0.2123679999191139,1.1400967618796707
4.5565686246806774,0.15711975097656264,0.17004383149343866,0.18005273998495969,0.44687168800229182,-0.049954940030346631,0.56079786321839098,0.011630161082318669,0.098548910744851725,0.18884927786666589,3.29296875,0.21782274685492012,1.1568802168940293
4.626669680444996,0.15711975097656233,0.16981809094212474,0.1799840816890719,0.44935266346682995,-0.0083402897663107239,0.56079084227757958,0.0019370948410464526,0.098959718418645065,0.19263554110910822,3.3046875,0.22087623604692858,1.1768768448180797
4.6967707362093138,0.15711975097656203,0.16959673199925038,0.17999809674587836,0.44781912098273258,0.033208908297997941,0.56064072140719245,-0.0077372708493469141,0.098475737127384277,0.19738586766770624,3.31640625,0.22389245752854173,1.1962847219917501
4.7668717919736316,0.15711975097656264,0.16938801761619607,0.18000848442249384,0.44230228407254157,0.074299406617803404,0.56034683253202444,-0.017306638865927513,0.09710690156684762,0.20267471890145916,3.37109375,0.22571717591962828,1.212044404702177
4.8369728477379503,0.15711975097656275,0.1691902156605635,0.18004830469293623,0.43286665958706433,0.11455811174856849,0.5598569453464427,-0.026691358424605183,0.094865745937463969,0.20867705158961203,3.39453125,0.22707459649423839,1.2091729220312291
4.9070739035022681,0.15711975097656236,0.16899061869596335,0.17998515728584191,0.41958714866544267,0.15362831268526053,0.55914858838606496,-0.035798236073461678,0.091776776266900797,0.21656206259717731,3.39453125,0.22558828015152155,1.2135712567000838
4.9771749592665868,0.15711975097656225,0.16878812545526786,0.18006757779699706,0.4025838224993652,0.19116381128274682,0.55823072925857131,-0.044549582046356208,0.087868435908325854,0.22321687709884858,3.4296875,0.22579446974728537,1.2044575641837052
5.0472760150309046,0.15711975097656214,0.1685909727891779,0.17998539247938777,0.38202484134625536,0.22681890821457343,0.55707780189572431,-0.052878859874261337,0.083182260831147103,0.23018943078692974,3.4609375,0.22425181571151184,1.1692761297224399
5.1173770707952224,0.15711975097656261,0.16838430333461868,0.18006757779699689,0.35807781712383374,0.2603003198573931,0.55571302888762286,-0.060702102203466488,0.077760867236498693,0.23602477213244599,3.4453125,0.22354303220399382,1.1718512133482653
5.1874781265595411,0.15711975097656267,0.16816665030048689,0.17998515728584169,0.33094786736756621,0.29130050631008148,0.55412112029871219,-0.067953432446724971,0.071653558320578306,0.24047084947146091,3.421875,0.22069562802225157,1.1454256515748302
5.2575791823238589,0.15711975097656261,0.1679470611957031,0.1800483046929364,0.3008907748650258,0.31956950514451088,0.5523648961801727,-0.074574879615500619,0.064922223626774897,0.24411570119667717,3.42578125,0.21950449107797468,1.1298716328550897
5.3276802380881767,0.15711975097656272,0.16771314827392017,0.18000848442249387,0.26815195663858671,0.34485348179884584,0.55045008919541083,-0.080502172921558215,0.057624906518734802,0.24604442483774683,3.34765625,0.21696026133967292,1.1165482683422083
5.3977812938524954,0.15711975097656256,0.16748255996558381,0.17999809674587847,0.23305164910747386,0.36696810563530469,0.54849113624609969,-0.085694568558208423,0.049830969149049324,0.2461986872205974,3.359375,0.21563342324879278,1.0983728858896125
5.4678823496168132,0.15711975097656228,0.16724907769956013,0.17998408168907196,0.19588741864659037,0.3857069005770194,0.5464778040790631,-0.090096699995891608,0.041614416042356835,0.24550033368751306,3.3203125,0.2138257004589226,1.0484633679028366
5.537983405381131,0.15711975097656247,0.16702072868652415,0.18005273998495974,0.15701705281753398,0.40092910264717474,0.54452991621402136,-0.093677805421147328,0.033045064337222346,0.24385040332261343,3.26171875,0.2136393734619168,1.0555629855708692
5.6080844611454497,0.15711975097656258,0.16679531122327731,0.18007678867046534,0.11680141698035315,0.41251456105059614,0.54268206564569588,-0.096402125790918114,0.024202957422894019,0.24142432759589322,3.21484375,0.2124059119661677,1.0151309940088651
5.6781855169097675,0.15711975097656278,0.16658598785199008,0.18005273998495977,0.075615903668378157,0.42037412905067734,0.54100966527467731,-0.098250555670111317,0.015169495188305114,0.23834512016281459,3.2109375,0.21222620612555371,1.0180532650923029
5.7482865726740853,0.15711975097656272,0.16639302045193186,0.17998408168907193,0.033845612652059445,0.42445590032948605,0.53954193321178157,-0.099204634857291515,0.006023423795134787,0.23487501408770403,3.23046875,0.21449981797635459,1.0673458409467609
5.818387628438404,0.15711975097656236,0.16621871289494,0.17999809674587838,-0.0081084188478627185,0.4247259720956798,0.5382826138213771,-0.099259986323644356,-0.0031465408550045014,0.23202564464572858,3.265625,0.21891127378217307,1.1013164919269862
5.8884886842027218,0.15711975097656272,0.16605619796554674,0.18000848442249387,-0.049862158673596883,0.42118936595275919,0.53727182330809131,-0.098415378017980212,-0.012259314337264047,0.23095198534255851,3.328125,0.22517511329852452,1.1286706770653312
5.9585897399670404,0.15711975097656219,0.16590716098750441,0.18004830469293634,-0.09101961886327789,0.41389308254857266,0.53650728641110224,-0.096680676688937636,-0.021234914167538817,0.23216236084825034,3.37890625,0.23448774015973264,1.1568950147682391
6.0286907957313582,0.15711975097656261,0.16576579403389324,0.17998515728584175,-0.13118434112482946,0.4029059847570205,0.53596500225859911,-0.094075555824175289,-0.029992295384175659,0.2369587285733272,3.40234375,0.24211497784510233,1.1872111981504054
6.098791851495676,0.15711975097656236,0.16561902478077548,0.18006757779699686,-0.17000069630807177,0.38832151027977402,0.53562647135236252,-0.090626737078486716,-0.038441964750885599,0.24189966004604546,3.44140625,0.24923491203021225,1.1931274004196835
6.1688929072599947,0.15711975097656275,0.16547548410318333,0.17998539247938775,-0.20710290258767386,0.37029053134582895,0.53546862688311825,-0.086364591902113721,-0.046520094800072027,0.24688028644097881,3.48046875,0.25656966128823694,1.1912587573884525
6.2389939630243125,0.15711975097656261,0.16532858585470689,0.180067577796997,-0.24215819641896491,0.34897075042608061,0.5354506111053039,-0.081334162492512518,-0.054160205884106728,0.25129183687416889,3.43359375,0.26001135283465932,1.1839031487439591
6.3090950187886303,0.15711975097656242,0.16517245608396722,0.17998515728584188,-0.27486211392098481,0.32455741319558762,0.53554902187132625,-0.075581726384056969,-0.061287340791555213,0.25468978822927152,3.421875,0.26371020798460248,1.1734440428028099
6.379196074552949,0.15711975097656256,0.1649996398493519,0.18004830469293631,-0.30491502601253012,0.2972560933216063,0.53567726624722578,-0.069162785568375726,-0.067834801376895265,0.25739864108838417,3.37890625,0.26419381956618027,1.151523907385704
6.4492971303172668,0.15711975097656239,0.16481561783833856,0.18000848442249404,-0.33207604231450172,0.26732479020183514,0.53587919244107662,-0.062139690683054957,-0.073749947144134659,0.25889966003006309,3.32421875,0.2646958233215792,1.1392949071083227
6.5193981860815846,0.15711975097656264,0.16461776062516009,0.17999809674587824,-0.35610145572227997,0.23502607979656609,0.53604004324398402,-0.054577715587452336,-0.078979316501633687,0.2591410111288292,3.26171875,0.26307212971309846,1.1049667561558076
6.5894992418459033,0.15711975097656242,0.16441173424163358,0.17998408168907187,-0.37680942156414382,0.20066701506951043,0.53622044532643809,-0.046544775628637507,-0.083482111135184972,0.25911302008109927,3.19140625,0.26193959984616411,1.1116682004765437
6.6596002976102211,0.15711975097656281,0.16419834821932511,0.18005273998495969,-0.39402458431565007,0.16454666880788621,0.53635250680384561,-0.038123093361670975,-0.087215758605745222,0.2588327176668988,3.1484375,0.2596360416732939,1.0663911670856283
6.7297013533745389,0.15711975097656233,0.16398402986876584,0.18007678867046539,-0.40761352530818551,0.1270168778025576,0.53643465484955877,-0.029382363719444082,-0.090152466197993539,0.25916531660372183,3.0546875,0.2566542462389223,1.0505411850690465
6.7998024091388576,0.1571197509765625,0.16377129995032433,0.1800527399849596,-0.41749418152728485,0.088420920514901011,0.53650029064597959,-0.020399551299634451,-0.092267689678066145,0.2598607899565199,3.1015625,0.25623819435808132,1.0302023537047278
6.8699034649031754,0.15711975097656272,0.16355932050719277,0.17998408168907182,-0.42358745051583169,0.049123476519974597,0.53649987171955216,-0.011268994047839024,-0.093541190802106294,0.26150348889425229,3.15234375,0.2570989435415254,1.0292790932994862
6.9400045206674941,0.15711975097656211,0.16335582046930072,0.17999809674587822,-0.42587089282112706,0.0094995716962828596,0.53646011362129176,-0.0020633903998221411,-0.093967730048105907,0.26419977355491703,3.1875,0.26130600994156333,1.0485798300924696
7.0101055764318119,0.15711975097656233,0.16316246786598304,0.18000848442249417,-0.42432605903607024,-0.030091511061463766,0.53634256286490511,0.0071263281945322709,-0.093541834386912964,0.26855782782247861,3.2421875,0.26706167285119453,1.0946648007031041
7.0802066321961297,0.15711975097656244,0.16298597539761348,0.1800483046929364,-0.41898714173449941,-0.069266816747465029,0.53611820260424337,0.016218082476714385,-0.092271405893826666,0.27487271613848846,3.25390625,0.27041770049483699,1.1176567805573061
7.1503076879604484,0.15711975097656258,0.16281662981972667,0.17998515728584194,-0.40990907419358336,-0.10767100619623703,0.53578669397195477,0.02512896947719637,-0.090168921947930178,0.28329382068077241,3.265625,0.27184891677819339,1.1263314180658037
7.2204087437247662,0.15711975097656242,0.16265992415728342,0.18006757779699714,-0.39719223418516947,-0.14494757641376194,0.53536005933264208,0.033781572637730919,-0.087257231824828821,0.29127602185843615,3.2890625,0.27600215108384601,1.140900473040541
7.290509799489084,0.15711975097656203,0.16250624583628606,0.17998539247938763,-0.38095781625244141,-0.18075111573961822,0.53475248549728083,0.042089482798607754,-0.08356498643056659,0.29940722861629882,3.28515625,0.27587615046390729,1.1326755786693063
7.3606108552534026,0.15711975097656269,0.16235981977183145,0.18006757779699711,-0.36136158661485174,-0.21477185339408136,0.5340467704099936,0.049990782055542846,-0.079127099572206663,0.30649908263345899,3.2734375,0.27718467481564901,1.1276633672639
7.4307119110177204,0.15711975097656189,0.16221278264120739,0.17998515728584169,-0.338580877607565,-0.24669687584182851,0.53318742089896942,0.057418200578845072,-0.073985088671510518,0.31226195277455171,3.22265625,0.27501421819883964,1.1344743378338382
7.5008129667820382,0.15711975097656272,0.16206451835958904,0.18004830469293634,-0.31282100191573109,-0.27625717917174936,0.53219368919300958,0.064300768074462472,-0.068191340760889937,0.31709196961803626,3.1953125,0.27523564742691498,1.1560052298622929
7.5709140225463569,0.15711975097656264,0.1619057629424939,0.18000848442249387,-0.28430659968532657,-0.30318374571857931,0.53102666410823285,0.070575246742162062,-0.061799423293933245,0.32039886484537378,3.10546875,0.27236111193946333,1.1596397442345157
7.6410150783106747,0.15711975097656286,0.16174155711713811,0.17999809674587813,-0.25330066347295266,-0.32726922232053063,0.52978852324709735,0.07619483824446209,-0.054866783379968573,0.32192425437587535,3.06640625,0.27044681869312687,1.1658996451227783
7.7111161340749934,0.15711975097656247,0.16157006055420089,0.17998408168907201,-0.22007753901471883,-0.34829419819438723,0.52841651660878874,0.081105206101711902,-0.047465152818149246,0.32254689336279302,2.9921875,0.26933064467771523,1.1736790865831921
7.7812171898393112,0.15711975097656256,0.16139205499070691,0.18005273998495985,-0.18494169221194809,-0.36608868457220395,0.52699876490216579,0.085271648875504674,-0.039655576482321334,0.3219204835792428,2.9296875,0.26702876595769165,1.1541044152197462
7.851318245603629,0.15711975097656233,0.1612038124495288,0.18007678867046589,-0.14821176610219763,-0.38053501913353677,0.52557407016582958,0.088654198983169993,-0.031509651969854162,0.32021906876131939,2.93359375,0.26619553548981312,1.1255621982399162
7.9214193013679477,0.15711975097656286,0.16102285117743392,0.18005273998495985,-0.11022313420365686,-0.39150832650774525,0.52417048581805525,0.09123089414939238,-0.023110151981471379,0.31798959040414343,2.9921875,0.26921667557702328,1.1097360437854367
7.9915203571322655,0.15711975097656264,0.16084050123389387,0.17998408168907201,-0.071330813650844926,-0.39892499150473093,0.52280145378131448,0.092975430077767207,-0.014529266849804172,0.31541493049219738,3,0.27290778228359724,1.0697707071297975
8.0616214128965833,0.15711975097656275,0.16065655919000016,0.17999809674587816,-0.031887468824782474,-0.40273211122850688,0.52152763394782109,0.093877634403365676,-0.0058422202967564644,0.31224073710775185,3.0234375,0.27869085929965204,1.0661043213180093
8.131722468660902,0.15711975097656275,0.16047820971890209,0.18000848442249395,0.007741841131077864,-0.4029141900737791,0.52039692388555225,0.093928414960636017,0.0028776516958583446,0.30936795050518096,3.01171875,0.28403968335647994,1.0912189494545408
8.2018235244252207,0.15711975097656222,0.16030617983839915,0.18004830469293631,0.047181603545685305,-0.39947408045000699,0.51939376634945167,0.093130455816805305,0.011543881084077969,0.3074565084762873,3.01171875,0.28852972024589663,1.0846424805989938
8.2719245801895376,0.15711975097656256,0.16014286031640396,0.17998515728584169,0.086079154034111774,-0.39245388118092817,0.5185753322993103,0.091491716672642914,0.020080068012371482,0.30961096193470583,3.01953125,0.29445580186193154,1.1033252321403737
8.3420256359538563,0.15711975097656258,0.15998854243210764,0.1800675777969972,0.12406331988247774,-0.38192338459311914,0.51788525256206785,0.089027331759603881,0.028402378146674595,0.3140684163149603,3.0078125,0.29870024301789705,1.1135815427111431
8.412126691718175,0.15711975097656272,0.15984159339118781,0.17998539247938755,0.16079313013836527,-0.36798491143768219,0.51736165675072554,0.08576455726732872,0.036443103750029626,0.31905390832859581,3.03515625,0.30253531249271937,1.161411745441207
8.4822277474824919,0.15711975097656267,0.15969768822656294,0.18006757779699706,0.19593384355041654,-0.35076597740802684,0.5169718751373269,0.081729658521998608,0.044132062821153076,0.32360231138896839,2.98828125,0.30733467098374745,1.1810112556239309
8.5523288032468106,0.15711975097656264,0.15955329255091941,0.17998515728584205,0.22915645538988477,-0.33041458392178186,0.51669114499013957,0.076968087083548103,0.051394348069728521,0.32768377710478558,2.94921875,0.30886741418311481,1.207906092970872
8.6224298590111292,0.15711975097656278,0.15940388632802013,0.18004830469293637,0.26017456750558149,-0.30711999189050293,0.51650742650368298,0.071518129604353872,0.058164256389697383,0.33122756104818174,2.90625,0.31075694075995908,1.2429262383448889
8.6925309147754461,0.15711975097656292,0.15925174320093383,0.18000848442249412,0.28870254262315093,-0.28109700950814376,0.51639552780366094,0.065439088551019445,0.064386506653081363,0.33355903857942221,2.828125,0.3109465375577401,1.2450229615158728
8.7626319705397648,0.15711975097656244,0.15909547598189186,0.1799980967458783,0.31449743128943025,-0.25258206869382788,0.51635419160854723,0.05877960049898702,0.070008477054294888,0.33451205245234006,2.8125,0.30920615935713031,1.2659532282924295
8.8327330263040835,0.15711975097656278,0.15893166171368897,0.17998408168907185,0.3373388586052698,-0.22183860621912213,0.51636652903422586,0.051609652343418799,0.074976350285901064,0.3349978134941255,2.75390625,0.30822689082027405,1.2688568694606592
8.9028340820684004,0.15711975097656267,0.15876685797178,0.18005273998495969,0.35702453807158524,-0.18915029010120146,0.51640685037117895,0.043995905116294455,0.079253397144322793,0.33443383966690565,2.8125,0.3075145571723914,1.2623985002632716
8.9729351378327191,0.15711975097656261,0.15859850469125386,0.18007678867046534,0.37340731226510826,-0.15482134025299263,0.51646330806287744,0.035999883103171725,0.082797467541762204,0.33342588725006367,2.78515625,0.30891517094978688,1.2592915262728552
9.0430361935970378,0.15711975097656264,0.15842869127160231,0.18005273998495966,0.3863463265881858,-0.1191706736776694,0.51654566826983972,0.027704211169297829,0.08558379852911166,0.33236116784576281,2.8671875,0.31246742273697281,1.2565996615519399
9.1131372493613547,0.15711975097656264,0.15825642236694512,0.17998408168907176,0.3957437906065398,-0.082530603309423065,0.51660460211511805,0.019186438559891706,0.087584289359131623,0.33128375476187277,2.88671875,0.31506263174771049,1.2284623266036552
9.1832383051256734,0.15711975097656242,0.15809384590375322,0.17999809674587833,0.40154169266752093,-0.045237317806382175,0.51664926742291062,0.010518437439035652,0.08878937874388626,0.33022295635141841,2.890625,0.32140590329287289,1.1574862603564504
9.2533393608899921,0.15711975097656283,0.15793294053376739,0.18000848442249384,0.40368714036387127,-0.0076419361249730183,0.51662377688802097,0.0017808520282258289,0.089184381548666966,0.33030894174223197,2.89453125,0.32479867071147384,1.140109330614564
9.323440416654309,0.15711975097656228,0.15777507619154962,0.18004830469293623,0.40218320548450803,0.029912152448302382,0.51656704123500885,-0.0069503482878342402,0.088772093275861233,0.33352025833928456,2.90625,0.32982972128679328,1.1506841079156847
9.3935414724186277,0.15711975097656231,0.1576247443446718,0.17998515728584197,0.39706550194667878,0.067066679780803676,0.51642128967850043,-0.015595045173018844,0.087554511097491169,0.34038537715480538,2.890625,0.33164939053997783,1.1622772380203226
9.4636425281829464,0.15711975097656244,0.15748126615734634,0.18006757779699706,0.38838374680895071,0.10348265744542894,0.51617147891564163,-0.024064159776742453,0.085549538310469408,0.34875224348670048,2.890625,0.33320172481217525,1.1577457163655116
9.5337435839472633,0.15711975097656236,0.15734390442377874,0.17998539247938775,0.376237976220681,0.13883618606468406,0.51581816602368324,-0.032291563308378728,0.082770334115738031,0.35762938095773794,2.91796875,0.33638185259132081,1.1593301266544997
9.603844639711582,0.15711975097656272,0.15721447877181702,0.18006757779699689,0.36073416136453851,0.17279031591712357,0.5153351924181937,-0.040202698525870391,0.079250332500241175,0.36572112123498918,2.86328125,0.33520732249079616,1.1507147495892323
9.6739456954759007,0.15711975097656278,0.15708055285770214,0.17998515728584169,0.34200685977107831,0.20506270772625504,0.51473962498853709,-0.047721573772546794,0.075020999988969245,0.37272286571112229,2.859375,0.33660476624456875,1.1386275165724025
9.7440467512402176,0.15711975097656253,0.15694702967977381,0.18004830469293637,0.32024018327907355,0.23533889319473342,0.51397927278750355,-0.054781156321599071,0.070124798554644527,0.37890126325931422,2.79296875,0.33464917511423586,1.1521253088836951
9.8141478070045363,0.15711975097656281,0.156806829731263,0.18000848442249387,0.29562619736947587,0.26337979479807722,0.51311181557968177,-0.061319143412647908,0.064607275288802862,0.38370270167799519,2.75,0.332687046594345,1.1952875091414958
9.8842488627688549,0.15711975097656264,0.15666606249055584,0.17999809674587847,0.26840077709299204,0.28892001085338831,0.51210326095571101,-0.067283706560276171,0.05852264040044327,0.3866935796071575,2.78125,0.32926144549283531,1.1845236451190118
9.9543499185331736,0.15711975097656253,0.15651421492906367,0.17998408168907193,0.23880080064554246,0.31175793869005786,0.51100592441928794,-0.072615944915689831,0.051925588616647839,0.38880839064811956,2.75,0.32752649794930699,1.1999946475613004
10.024450974297491,0.15711975097656247,0.15636251632433976,0.18005273998495974,0.20711201753342787,0.33170597556963521,0.50985069915210879,-0.077277173026757587,0.044881732380684998,0.38918221436458728,2.8203125,0.32581674444469538,1.1880863285477323
10.094552030061809,0.15711975097656264,0.15620710582838684,0.18007678867046539,0.17361444182276098,0.34858711430635603,0.50864594544107944,-0.081225568820810237,0.037453696153180657,0.38820946647948917,2.81640625,0.32565544781678918,1.2181354351074798
10.164653085826128,0.15711975097656261,0.15604380275237753,0.18005273998495977,0.13862565343513411,0.36227762626228216,0.50745257545961686,-0.084427536001532882,0.029703683923698654,0.3863486537480384,2.8671875,0.32614856392521074,1.1855467615942763
10.234754141590445,0.15711975097656247,0.15588456779743257,0.17998408168907193,0.10245856468201103,0.37268025122377618,0.50627743070221676,-0.086857974625650286,0.021712315593212739,0.38389850146208626,2.8984375,0.32952050210586314,1.1507724665027379
10.304855197354764,0.15711975097656242,0.15572783942399993,0.17999809674587841,0.065451072785740735,0.37970925611021078,0.50518111201337712,-0.08849724754053169,0.01354698198212469,0.38063198964848599,2.90625,0.33508984236914868,1.1375148705433624
10.374956253119082,0.15711975097656247,0.15557014193763549,0.18000848442249387,0.027948108992647627,0.38330664256773456,0.50415313383635207,-0.089333841995102636,0.0052858163751560924,0.37690891358738376,2.93359375,0.33940670102003678,1.1462004678347457
10.445057308883399,0.15711975097656239,0.1554193478739998,0.18004830469293637,-0.0097175217535990042,0.3834549366251036,0.50323900159387225,-0.089359733658218102,-0.0030023740890182571,0.37340274458634043,2.953125,0.34723050612761158,1.1823581812010246
10.515158364647718,0.15711975097656292,0.15527669270610073,0.17998515728584163,-0.047183855223546546,0.38016030990434546,0.50242940749556098,-0.088577261708966612,-0.011239452137511576,0.37377810627186336,2.9375,0.35076417966370227,1.2005126796635812
10.585259420412036,0.1571197509765625,0.15513811215667472,0.18006757779699689,-0.084115313513600021,0.37345385930713493,0.50174635090362074,-0.086996833850625316,-0.019348937522834068,0.37762365257547981,2.96875,0.35748114382443485,1.1993967216314969
10.655360476176353,0.15711975097656264,0.15500369391851559,0.17998539247938769,-0.12017081655081173,0.36340830331192064,0.50120205052004752,-0.084631722504082546,-0.027260779295101571,0.38339562441281538,2.9921875,0.36130563921169356,1.2169029330577559
10.725461531940672,0.15711975097656275,0.15487135390864468,0.180067577796997,-0.15501835790433505,0.3501170747171331,0.5007735512824969,-0.081509344673368803,-0.034904354666009975,0.38963276865508106,2.94921875,0.36438596033306159,1.2125738284582503
10.795562587704991,0.15711975097656247,0.15473855041116952,0.17998515728584186,-0.18835025508890688,0.33370383664874192,0.50045521573496698,-0.077653831144794239,-0.042210726839872002,0.39542513889600928,2.93359375,0.3677563656920248,1.1973294649884334
10.865663643469308,0.15711975097656242,0.15460245258290903,0.1800483046929362,-0.21985243979785907,0.31431235643487215,0.50019970785290402,-0.073108513340314665,-0.049105906519666058,0.40053037593855417,2.890625,0.36931621754857574,1.1813231695144566
10.935764699233626,0.15711975097656242,0.15446715006839948,0.18000848442249387,-0.24925988373920413,0.29212838888131915,0.50006003211524441,-0.067910625642250561,-0.055541570349192396,0.40449816214071854,2.828125,0.36959059648251569,1.1790897622535397
11.005865754997945,0.15711975097656267,0.15432815164216374,0.17999809674587833,-0.2763066650764851,0.26735204035319837,0.49998046854361755,-0.062114748651469723,-0.061459059611988991,0.4066667951824422,2.8359375,0.36888548334257604,1.1549179152574613
11.075966810762262,0.15711975097656253,0.15418000686679378,0.1799840816890719,-0.30075243661053003,0.24019695340482877,0.49991906656314961,-0.055771156298127962,-0.066795723468450904,0.40782667777372172,2.78125,0.36624503025273991,1.1461042288225547
11.146067866526581,0.15711975097656264,0.15402955594356588,0.18005273998495966,-0.32239721200307464,0.21092746492760434,0.49993249853931854,-0.048943736617013664,-0.071517475770613154,0.40760621682358245,2.81640625,0.36492197479795163,1.1626913361962883
11.216168922290899,0.15711975097656269,0.15387707347111274,0.18007678867046531,-0.34104811309146854,0.17980408625687666,0.4999295652182843,-0.041696567687183786,-0.07557636345474944,0.40616657994155919,2.83984375,0.36446171392707372,1.1494154939308709
11.286269978055216,0.15711975097656281,0.15371978773807984,0.1800527399849596,-0.35655201733219144,0.14712142578379367,0.49994025543066262,-0.034090146348794238,-0.078942026289947398,0.40375958507109794,2.84375,0.36572584334574132,1.1374630859365251
11.356371033819535,0.15711975097656264,0.15355738575618622,0.17998408168907187,-0.36880191763916664,0.11318243646431214,0.49998879936010937,-0.026194255680417146,-0.081586319349709877,0.40146436622308901,2.87109375,0.36886601639270949,1.093371403404735
11.426472089583854,0.15711975097656256,0.15340161705992131,0.17999809674587808,-0.37769512699985663,0.078302504337055448,0.50001116109579236,-0.018086187226255646,-0.083484297698536769,0.39931026967701722,2.90234375,0.37001862177099759,1.0957425040117916
11.496573145348171,0.15711975097656239,0.15325357165775844,0.18000848442249409,-0.38316380472006056,0.042804138137060389,0.50002502349704236,-0.0098396877044146097,-0.084625636743795307,0.39832186257442465,2.91796875,0.37499226781394085,1.1203880348590733
11.566674201112489,0.15711975097656228,0.1531087296706353,0.18004830469293637,-0.3851675800459366,0.0070201731108303616,0.49998111043541493,-0.0015250095171937897,-0.084995874625585957,0.39947922050494317,2.921875,0.37693115918093373,1.1616948256601951
11.636775256876808,0.15711975097656233,0.15296964122951692,0.17998515728584194,-0.38369791500098499,-0.028718647598051279,0.49990157091060866,0.006779679087791101,-0.084600387331428051,0.40453059325603913,2.93359375,0.38029976704470203,1.1874856252854074
11.706876312641127,0.15711975097656253,0.1528368156342397,0.18006757779699709,-0.37877949456290927,-0.064081707305094104,0.49974099714537712,0.015000680197087696,-0.083437070574792105,0.4118399183311201,2.94140625,0.38279763086086593,1.2249368083576226
11.776977368405444,0.15711975097656275,0.15271248392746672,0.17998539247938758,-0.37047070869343746,-0.098740807386609175,0.49949864976217778,0.023059840085787434,-0.08152552389863027,0.42085997135396547,2.94140625,0.38380684273553656,1.2346026508803092
11.847078424169762,0.15711975097656264,0.15259155021396481,0.18006757779699714,-0.35885894710242761,-0.13239171232653249,0.4991664560239425,0.030887784873726936,-0.078877533417742909,0.42998403713311661,2.90625,0.38714509140417025,1.2539242761186611
11.917179479934081,0.15711975097656261,0.15247768992516866,0.17998515728584169,-0.3440494699924071,-0.16471160154772704,0.49871898418120242,0.038416254008541394,-0.075523500368594162,0.43861305310341592,2.8671875,0.38608832806881688,1.2583330829929245
11.987280535698398,0.15711975097656283,0.15236242186675589,0.18004830469293631,-0.32617999856807095,-0.19542556212322312,0.49816991005995204,0.045571726741148531,-0.071494861661412168,0.44630296923477425,2.84375,0.38644076774710223,1.2564048810706365
12.057381591462716,0.15711975097656225,0.15224468896944524,0.18000848442249393,-0.30540899469877347,-0.22423870080107336,0.49747103674550225,0.052284933498496583,-0.066832648580168685,0.4524378916254197,2.78125,0.38399789378066412,1.2548090793769162
12.127482647227035,0.15711975097656231,0.15212599223554063,0.17999809674587816,-0.28193871326946002,-0.25092548560165134,0.4967010490912292,0.058510261053808778,-0.061577257960731657,0.45651497758697729,2.8203125,0.38195670424524925,1.2356598870580542
12.197583702991352,0.15711975097656244,0.1520040740626708,0.17998408168907201,-0.25597820602223753,-0.27523359311894585,0.49581237152603846,0.064188260866886296,-0.055783677257561316,0.45892478716207963,2.80078125,0.37963827292594116,1.2251896685108459
12.267684758755671,0.15711975097656236,0.15187313225976951,0.18005273998495988,-0.22776009737525812,-0.29696555328648933,0.49484661260058882,0.069263657127322756,-0.049499818825410637,0.45951315023219247,2.84375,0.37864491196908251,1.200513148811805
12.337785814519989,0.15711975097656217,0.15174187454842983,0.18007678867046592,-0.19755649645218609,-0.31593850238945398,0.49383500082345744,0.073701502673626226,-0.042792279615687094,0.45825324234213805,2.87109375,0.37798988881609785,1.1623797259129656
12.407886870284306,0.15711975097656233,0.15160624897900801,0.18005273998495983,-0.16562818222592857,-0.33198926526715639,0.49276904282057477,0.077456711428033176,-0.035722434694670867,0.45528559487523212,2.92578125,0.3810329325870998,1.1417459535257921
12.477987926048625,0.15711975097656225,0.15146369666592707,0.17998408168907196,-0.13228927272996902,-0.34499973071723239,0.4917367911004496,0.080502540463087316,-0.028346581263682013,0.45126358380190507,2.9296875,0.3817611563581596,1.1163511709911746
12.548088981812944,0.15711975097656306,0.15131777979630595,0.17999809674587819,-0.097832764207107903,-0.35486875686553132,0.49074160770976444,0.082812186691088738,-0.020739083969767938,0.44672147736168411,2.96484375,0.38593441075142604,1.0871096803976368
12.618190037577261,0.15711975097656256,0.15117585028896943,0.1800084844224939,-0.062585395053295481,-0.36152790194827661,0.4898141683869025,0.084367753426982176,-0.012967192911575292,0.44273218764964706,2.9296875,0.38793773775017854,1.0889622455897483
12.688291093341579,0.15711975097656269,0.15103470043052,0.18004830469293628,-0.026868318278254592,-0.36491927969622173,0.48896468080985328,0.085157466507122595,-0.0051003132051440836,0.43969098597015166,2.93359375,0.39117372983942916,1.1134426393183061
12.758392149105898,0.15711975097656269,0.15089523524750573,0.17998515728584169,0.0089934428389458285,-0.36502597564110512,0.48822889831256588,0.085175867816683487,0.002790446607912151,0.43960360782874214,2.94140625,0.39665535216409625,1.1616496675973047
12.828493204870215,0.15711975097656292,0.1507573774828144,0.180067577796997,0.044658459524071291,-0.36184756717546906,0.48758011718826699,0.084424299482517923,0.010631272596200284,0.44212738320570405,2.9375,0.39955377674076969,1.1646718518469732
12.898594260634534,0.15711975097656233,0.15062358779047091,0.17998539247938744,0.079813594468636354,-0.35543388483200189,0.48705868630922505,0.082912910114493588,0.01835089822633645,0.44680357348692762,2.97265625,0.40416382119425071,1.2043422227910625
12.968695316398852,0.15711975097656236,0.15049378566223587,0.18006757779699714,0.11412251781292841,-0.34585037079573017,0.48663290173717205,0.08065516933340465,0.025879308540397276,0.45210055034684421,2.9140625,0.40627225218534746,1.2132563305404864
13.038796372163169,0.15711975097656258,0.15036735596106671,0.179985157285842,0.1472791472683713,-0.33318312346177176,0.48632235963785364,0.077677579556563084,0.033148046946092594,0.45777624839456649,2.8984375,0.40986248489519772,1.2178665970705544
13.108897427927488,0.15711975097656308,0.15024151971526414,0.18004830469293637,0.17898276670084665,-0.317555480503597,0.48609096643518046,0.074002855871603157,0.040094290495678843,0.46344254843975774,2.8359375,0.41112525968416269,1.2246574660733047
13.178998483691807,0.15711975097656283,0.15011352601820796,0.18000848442249415,0.20894608303889226,-0.29910518683444937,0.4859408771655469,0.06967330092301785,0.046652659187450846,0.46836700224697486,2.77734375,0.41044419273600485,1.2179791342779041
13.249099539456124,0.1571197509765625,0.14998750215804624,0.1799980967458783,0.23690831284319466,-0.27800930233669574,0.48586838887353373,0.064723984085745354,0.052776413283809817,0.47171222062039631,2.77734375,0.4088536423277887,1.2006227481979834
13.319200595220442,0.15711975097656256,0.14985628133469095,0.17998408168907185,0.26262212384578826,-0.25445351793363891,0.48584496817323003,0.059206803380408839,0.05840297997901029,0.47405686262435659,2.78125,0.4074595503931957,1.1859597244117501
13.389301650984761,0.15711975097656228,0.14971839393746658,0.18005273998495969,0.28585195584863354,-0.22864065338662967,0.48581204593889082,0.053173945376286537,0.063477558862371497,0.47471930040905636,2.81640625,0.40649624210793511,1.1660341241036023
13.459402706749078,0.15711975097656228,0.14957787647275955,0.18007678867046531,0.30642021388536561,-0.20083087890700252,0.48583049445025339,0.046677273038488586,0.067968408134284064,0.47387914059731173,2.859375,0.40607810427753344,1.1430314612111907
13.529503762513396,0.15711975097656253,0.14943362627746998,0.18005273998495969,0.32414498161845695,-0.17126432178257076,0.48584025806953518,0.039783768962561514,0.0718282325697953,0.47159518696582275,2.8984375,0.40772622401943459,1.1169859840385634
13.599604818277715,0.15711975097656233,0.14928811733714317,0.17998408168907176,0.33887926416400671,-0.14022479296806237,0.48583324526108934,0.03255190018086692,0.075029709706777248,0.46889860730886351,2.91015625,0.40857510736404018,1.0866272365707166
13.669705874042034,0.15711975097656219,0.14914175655546683,0.17999809674587833,0.35052304980509669,-0.10798984810765616,0.48583355093906055,0.025043685809074019,0.077543804539800962,0.46577404854768589,2.92578125,0.41214624830940055,1.0712287117673474
13.739806929806351,0.15711975097656231,0.14899352250766129,0.1800084844224937,0.35897883821629029,-0.07487203431219086,0.48581799203835557,0.017333532009019846,0.079349155006011224,0.46369257190579488,2.91015625,0.41322903855905058,1.0702776773451095
13.809907985570669,0.1571197509765625,0.1488495317805994,0.18004830469293623,0.36417700439843803,-0.041168252679020946,0.48579110664808656,0.0094926972341777358,0.080434632490197569,0.46307993711287132,2.9375,0.41826970450219059,1.0698578751229937
13.880009041334988,0.15711975097656275,0.14870791309421855,0.17998515728584194,0.3660821848694697,-0.0071924593641361067,0.48571593332855023,0.0015867057671463463,0.080787627426606154,0.46570303449743949,2.9140625,0.41869385582487928,1.0696701958842663
13.950110097099305,0.15711975097656261,0.14857442957437775,0.18006757779699703,0.36468455098152602,0.026745101130667141,0.48560221828292333,-0.0063090184226426088,0.080411990132063044,0.47175342966893308,2.95703125,0.42376551939322787,1.1022333248858855
14.020211152863624,0.15711975097656281,0.14844449536208112,0.17998539247938777,0.3600105683044369,0.060328211544579395,0.48540650971538263,-0.014126084671156228,0.079307195313169626,0.47945514241341153,2.9375,0.42431322133042737,1.1127540646546574
14.090312208627942,0.15711975097656292,0.14831914738545662,0.18006757779699689,0.35210662633109219,0.093250010287047741,0.48514301610600657,-0.021785778204224223,0.077490728695677094,0.48732863530059589,2.91796875,0.4262253869908495,1.1454795452523192
14.160413264392259,0.15711975097656244,0.14819697477871877,0.17998515728584169,0.34106046592427558,0.12521061932500707,0.48479556142956726,-0.029223506779645553,0.07497582308956012,0.49512256276776451,2.875,0.42695643067900102,1.1408577642729139
14.230514320156578,0.15711975097656236,0.14807824102029613,0.18004830469293637,0.32697374585525796,0.1559106450122989,0.48436215291049345,-0.036371899963746096,0.071794172267431372,0.5024586822334558,2.8203125,0.4261798244249671,1.155721863858596
14.300615375920897,0.15711975097656236,0.14796056520480383,0.18000848442249373,0.30997972885189007,0.1850893086191249,0.48382276666852986,-0.043165625402314563,0.067967574038041212,0.5089051138020444,2.7578125,0.42550972115874153,1.1482824793296404
14.370716431685214,0.15711975097656256,0.14784528584352372,0.17999809674587836,0.29023599304788505,0.21247195246037601,0.48320311944208455,-0.049547438622093584,0.063541898629000323,0.51358053837517725,2.796875,0.42127045251405987,1.1432411892433196
14.440817487449532,0.15711975097656258,0.14772848936743799,0.17998408168907187,0.26793044913331021,0.23782876778481565,0.48250975942060781,-0.055465180157412544,0.058550753726205267,0.51713023875710207,2.74609375,0.41819170090692315,1.1265474042233135
14.510918543213851,0.15711975097656247,0.14760935135320291,0.18005273998495983,0.24326030502011473,0.26093380963405338,0.48172712777534377,-0.060857878620899017,0.053049259362130168,0.51898224544974358,2.8046875,0.41463062115179478,1.0975288649471058
14.581019598978168,0.15711975097656244,0.14748502236635136,0.18007678867046528,0.21644883973601475,0.28158183206880005,0.48085504895665532,-0.06568162806904683,0.047085842957895495,0.51886008121901073,2.80078125,0.41428261784280107,1.0817665423427623
14.651120654742487,0.15711975097656247,0.14736099042526021,0.18005273998495977,0.18776110508498178,0.29961621940081751,0.47996779134346185,-0.069900004821472975,0.040712330949666323,0.51747325565065516,2.8203125,0.41389874659130083,1.0604410357666796
14.721221710506805,0.15711975097656281,0.14723039894712184,0.17998408168907196,0.15744048012676254,0.3148886371813483,0.479049406408113,-0.073468234503087357,0.033994798015601894,0.51489513945370946,2.87109375,0.41688425943672447,1.0357083754148944
14.791322766271122,0.15711975097656242,0.14710422896409808,0.17999809674587838,0.12578599000761023,0.32725945041644888,0.47811762167728183,-0.076364425079070847,0.026994461044303749,0.51182269820162118,2.859375,0.41860653589937608,1.0183444811758853
14.861423822035441,0.15711975097656244,0.14697114167747138,0.18000848442249395,0.093072383969128911,0.33664108814023136,0.47721379375627659,-0.078558030922784752,0.01976786058117197,0.5082569757296862,2.8828125,0.42297666116453581,1.0091646158315959
14.93152487779976,0.15711975097656256,0.14683865643294627,0.18004830469293631,0.059619199621261935,0.34296906467350102,0.47637510581126191,-0.080037320472267165,0.012381913979298186,0.50443578276758416,2.8984375,0.42798145600637938,1.0200136146719425
15.001625933564076,0.15711975097656236,0.14670633481279829,0.17998515728584175,0.025722079962143624,0.34618776551631431,0.47560256215198143,-0.08078750709346029,0.0049099477312277351,0.50219088171279391,2.8984375,0.43264207556872863,1.0625065742333741
15.071726989328395,0.15711975097656258,0.14657916023632597,0.18006757779699689,-0.0083031209757644369,0.34628813311136719,0.47492424955809087,-0.080804693996404622,-0.0025851224877001923,0.50283854258661465,2.9140625,0.43871121183952966,1.095631437077925
15.141828045092714,0.15711975097656247,0.14645531560468611,0.17998539247938769,-0.042143756555110781,0.34327541831846248,0.47432517139015801,-0.080090447740307324,-0.010032144445954056,0.50628410461117457,2.94921875,0.44280579172125217,1.1223960868707377
15.211929100857031,0.15711975097656233,0.14633531909512848,0.18006757779699692,-0.075494352954676103,0.33718598824797402,0.47381530107524555,-0.078653889142977523,-0.017358524033405789,0.51090999377002522,2.90234375,0.4488137955197275,1.1447574730856325
15.282030156621349,0.15711975097656269,0.14621620931508589,0.1799851572858418,-0.10803971014505577,0.32808107260146979,0.47337661562728373,-0.076508658869460289,-0.024504358814464531,0.51580504304472574,2.87890625,0.4509911196302735,1.155112718849082
15.352131212385668,0.15711975097656242,0.14609802925400384,0.1800483046929362,-0.13949981924199606,0.31604691803695895,0.47304432300794375,-0.07367676606862128,-0.03140237283875591,0.52056403901520121,2.83203125,0.45483694992229595,1.1590794249417671
15.422232268149987,0.15711975097656256,0.14598006881596354,0.1800084844224939,-0.16957366774784063,0.30119487242224924,0.47277377650566377,-0.070187619983930347,-0.037992535485648633,0.52467435087667813,2.76171875,0.45525436977225631,1.1647672859377405
15.492333323914304,0.15711975097656253,0.14586322400422472,0.1799980967458783,-0.19800679253128284,0.28367015889594954,0.47261304256658015,-0.066075262394471118,-0.044219330382449115,0.52766197117813496,2.7890625,0.45343685651284255,1.1465885448179396
15.562434379678622,0.15711975097656231,0.14574192570679767,0.17998408168907187,-0.22453458743224364,0.2636278689574531,0.4724909160908578,-0.061375923681270997,-0.050026019102434011,0.53006198253018122,2.75390625,0.45091955594072458,1.1406436988247075
15.632535435442941,0.15711975097656236,0.14561838974181379,0.18005273998495969,-0.24892995246352001,0.24125677451272964,0.47242733053792574,-0.056136600619808755,-0.055359271745426063,0.53133994473997792,2.78515625,0.44773511673147559,1.120403178844688
15.702636491207258,0.15711975097656242,0.14549404653645684,0.18007678867046542,-0.27097811225011842,0.21675906621452254,0.47238724259865034,-0.050409284977889782,-0.060176078303206919,0.53147277569724949,2.80859375,0.44454609247406129,1.1157361219169313
15.772737546971577,0.15711975097656267,0.1453671646722639,0.18005273998495963,-0.29049197846850211,0.1903672991138993,0.47237958346973535,-0.044239590155784866,-0.064436681409274013,0.53099720600533051,2.8359375,0.44321347800781691,1.0927577979437404
15.842838602735895,0.15711975097656267,0.14523509599057099,0.17998408168907187,-0.30731433929306051,0.16231077172692382,0.47239027240861448,-0.037692701225829427,-0.068096481090942407,0.53012284375431096,2.8515625,0.44466280576181538,1.0622931629448682
15.912939658500212,0.15711975097656278,0.14510553566422074,0.17999809674587833,-0.32130169692392246,0.13286390952331989,0.47239180690599974,-0.030828589953223854,-0.071132522820667662,0.52941559403574678,2.85546875,0.44441449026005131,1.0321041237817523
15.983040714264531,0.15711975097656281,0.14497401495879678,0.18000848442249415,-0.332338571859147,0.10228075695823145,0.47236935866573393,-0.023707578510983787,-0.073513304660411005,0.52883749748626108,2.8828125,0.44877280944743309,1.0025018767929925
16.053141770028848,0.15711975097656267,0.14483959235884847,0.18004830469293642,-0.34035163092867482,0.070864684584835205,0.47234672689587542,-0.016386691960585599,-0.075224402665705223,0.52842259794537139,2.8828125,0.45089716260755658,0.98760707100282086
16.123242825793167,0.15711975097656228,0.14470459727224985,0.17998515728584197,-0.34526953856254822,0.038890568364706952,0.47230943709291051,-0.0089428672128325833,-0.076249023765565707,0.52879010561293871,2.90625,0.45716996288410355,0.9959677735638669
16.193343881557485,0.15711975097656256,0.1445757226713362,0.18006757779699711,-0.34706544440627474,0.0066654509427701682,0.47223309502270755,-0.0014401932082595175,-0.076581038069150911,0.53208162448519614,2.91015625,0.45918752764916193,1.0466404795518542
16.263444937321804,0.15711975097656258,0.14445167254751476,0.17998539247938761,-0.34572714164998886,-0.025526204895259679,0.47213165049654837,0.006051028189812931,-0.076219808396992134,0.53825273789473993,2.94140625,0.46465875032414039,1.078828066512767
16.333545993086123,0.15711975097656264,0.14433453976053631,0.18006757779699709,-0.34128380368276107,-0.057375236970372993,0.47195616529520662,0.013467537453609584,-0.075167000271376641,0.54480591869560113,2.89453125,0.46575756390651707,1.1091584180175071
16.403647048850441,0.15711975097656219,0.14421933514741983,0.17998515728584172,-0.33377149838943504,-0.088603338579344049,0.47171787997999937,0.020730247814160187,-0.073437722934321784,0.55157867181085718,2.87890625,0.47023777406427675,1.1266188011945995
16.473748104614756,0.15711975097656244,0.1441063100790313,0.18004830469293631,-0.32327192435521146,-0.11891248577687155,0.47139017986902543,0.02778190299526534,-0.071046264531896747,0.55798958714657032,2.82421875,0.47094742425664993,1.1443019716333851
16.543849160379075,0.1571197509765625,0.14399691197469458,0.18000848442249393,-0.30988643066439953,-0.14803220285029875,0.47098784420789336,0.034556247126961558,-0.068021374360650491,0.56364608071811662,2.796875,0.47134721966317283,1.1523293374832781
16.613950216143394,0.15711975097656275,0.14389007175867313,0.17999809674587816,-0.29374389508013821,-0.17569960228269391,0.47050173697946535,0.040995040029422766,-0.064386888649235655,0.56792921168215027,2.828125,0.46975583439189633,1.1475644747954989
16.684051271907713,0.15711975097656278,0.1437858076734301,0.1799840816890719,-0.27500253603738101,-0.20167417935002221,0.46997356985932903,0.047046518893760617,-0.060182086724927558,0.57155565577143319,2.8046875,0.46785573853049811,1.1530212578319523
16.754152327672031,0.15711975097656264,0.14368190483962126,0.18005273998495985,-0.25383065965889345,-0.2257159387399896,0.46935248748272568,0.052652398864861671,-0.055440895202484172,0.57365059260919893,2.83984375,0.46534395898679259,1.1415507164165895
16.82425338343635,0.15711975097656267,0.143575708112825,0.18007678867046592,-0.23041671223762886,-0.24762714507616523,0.46867888222754012,0.057759635403015201,-0.050214537733737734,0.57422754796303321,2.8515625,0.46328061769178941,1.1105044855407586
16.894354439200665,0.15711975097656236,0.14346776721931956,0.18005273998495991,-0.20498106114794665,-0.26721037671518788,0.46793713216972743,0.062329232358519733,-0.044555650293904549,0.57360153767776523,2.921875,0.46328397674264443,1.0966840390913117
16.964455494964984,0.15711975097656242,0.14336081028415487,0.17998408168907204,-0.17776466434303281,-0.28430290522725432,0.46715233722041444,0.066319248449416127,-0.038504383877110228,0.57197265826451216,2.91796875,0.46364039412836167,1.0763475175123485
17.034556550729302,0.15711975097656306,0.14324734344304879,0.17999809674587819,-0.14900371697430762,-0.29877250258966226,0.46635855370592155,0.069694462909509911,-0.032127341743900972,0.56932783448342605,2.9453125,0.46683867325013478,1.0468342389343657
17.104657606493621,0.15711975097656264,0.14313709550138184,0.18000848442249398,-0.1189815399611142,-0.31049479437027566,0.46554435661358562,0.072428967932462285,-0.025483630575991498,0.56653678888172987,2.921875,0.46610338078739816,1.0131690728583584
17.17475866225794,0.15711975097656278,0.14302137781602209,0.18004830469293623,-0.087961048428117181,-0.31936967786611542,0.46474618738352697,0.074499035763251897,-0.018631541149368734,0.56351632677026342,2.94921875,0.47113110486644616,1.0014476982247469
17.244859718022258,0.15711975097656289,0.14290605696793249,0.17998515728584166,-0.056241344311094385,-0.3253380194765681,0.46397333398181279,0.075890048272029387,-0.011626887425939985,0.56118536604295099,2.93359375,0.47206865920137231,1.0302214986405616
17.314960773786574,0.15711975097656244,0.1427863210513744,0.180067577796997,-0.024100912141717629,-0.3283603828403806,0.46326101262087149,0.076588789625593484,-0.004534609080189181,0.5606522871078462,2.94140625,0.47588653169552675,1.0538687078145039
17.385061829550892,0.15711975097656261,0.14267108201490561,0.17998539247938747,0.0081540578041907948,-0.32841702066627698,0.46260465174244852,0.07659303094931201,0.0025740036123032125,0.56295527616770169,2.96484375,0.48012735802569784,1.1028446637834437
17.455162885315211,0.15711975097656222,0.14255723416160929,0.18006757779699703,0.040235081051457088,-0.32552330514098021,0.46201998668400318,0.075903725668853755,0.0096409065202980385,0.56696096789091177,2.9140625,0.48373374329834723,1.1207065494588377
17.52526394107953,0.15711975097656258,0.1424495267302249,0.17998515728584202,0.07184422701858674,-0.31970873408531442,0.46151693933860727,0.074528677199591928,0.016598515296767251,0.57114539879067772,2.8828125,0.48881230024432326,1.1458791446610328
17.595364996843848,0.15711975097656222,0.14233956502736478,0.18004830469293637,0.10269519001744142,-0.31102692564846574,0.46106259088606344,0.072481741333929414,0.023376131984416508,0.57579320229553277,2.83203125,0.49139503105792687,1.1736075021816468
17.665466052608167,0.15711975097656269,0.14223133307360544,0.1800084844224942,0.13250617757306202,-0.29956922267494107,0.46069314444023896,0.069786187727081062,0.029917144594265237,0.58006812415448772,2.828125,0.49420802065576647,1.1689715329135359
17.735567108372482,0.15711975097656286,0.14212195680782436,0.17999809674587816,0.16100469099104658,-0.28543807396858617,0.46038817787273012,0.06646883855756705,0.036168893040161527,0.5832770102476893,2.85546875,0.49688064796986686,1.1888472342424463
17.805668164136801,0.15711975097656225,0.14201253576765019,0.17998408168907187,0.18794059996130708,-0.26877735531803587,0.46016234322660787,0.062559140512558301,0.042074731307202323,0.58609901738729253,2.859375,0.49681483223594219,1.171042550948427
17.87576921990112,0.15711975097656253,0.14190391248155793,0.18005273998495971,0.2130748780436153,-0.24973592540380007,0.45998046450330932,0.058095205825746003,0.047582519555279472,0.58778664142228487,2.90234375,0.49567233810177241,1.1713319656345111
17.945870275665438,0.15711975097656239,0.14179046617756019,0.18007678867046534,0.23618297591928047,-0.22847782459292684,0.45985708721711144,0.053118407270096805,0.052638276687506376,0.58828310807688977,2.91796875,0.49732084434074014,1.1576846298324721
18.015971331429757,0.15711975097656233,0.14167486258808429,0.18005273998495971,0.257071189860131,-0.20521230497934906,0.4597832055788858,0.047681469632214209,0.05720538789172936,0.58772368878601977,2.9765625,0.49646222043956961,1.1296508296805488
18.086072387194076,0.15711975097656272,0.14156174367657401,0.1799840816890719,0.27554772377023584,-0.18015175131351208,0.4597186549399071,0.041829343438151631,0.061240228219897622,0.58620180934772304,2.96875,0.49631538109504347,1.1204412235674301
18.156173442958394,0.15711975097656244,0.1414428464614422,0.17999809674587827,0.29147287355178353,-0.15351318606763881,0.45969295535910137,0.035617079667658889,0.064706004536794287,0.58364165542092994,2.9921875,0.49957322786404246,1.0912047186005132
18.226274498722709,0.15711975097656242,0.14132567401498791,0.18000848442249376,0.30471199165672491,-0.12556836056189771,0.45968102218050122,0.02910694729775402,0.067579152288406691,0.58065726351302682,2.9453125,0.49673275410963147,1.0532179558941555
18.296375554487028,0.15711975097656242,0.1412065460576066,0.18004830469293631,0.31514706179940294,-0.096550131339344369,0.45968632306065543,0.022355479121618477,0.069829628855336445,0.57761127246893018,2.97265625,0.49915289796149787,1.0253283589558284
18.366476610251347,0.15711975097656258,0.14108622796686149,0.17998515728584191,0.32270097572872403,-0.066744840491498189,0.45968146631768808,0.015417363100975143,0.071443508054079646,0.57725764863859796,2.94921875,0.49844324954594366,0.99382417235433429
18.436577666015665,0.15711975097656261,0.14096631141334209,0.18006757779699703,0.32732590189960176,-0.036419497921116976,0.4596842478558914,0.0083600731068793049,0.072406498765340638,0.58013048932958156,2.96484375,0.5002283399686257,0.99186860773444807
18.506678721779984,0.15711975097656247,0.14084921127083347,0.17998539247938777,0.32898563719327367,-0.0058583713604712009,0.459650951564677,0.001249194757173083,0.072709852336513961,0.5861381725999224,2.95703125,0.49990686857973149,1.0339615170104997
18.576779777544303,0.15711975097656278,0.14073615484603122,0.18006757779699675,0.32768279351880103,0.024664243973002903,0.45960031393258266,-0.0058515487415390305,0.072356596749142493,0.5933588858131531,2.93359375,0.50309016983691623,1.0649015772406119
18.646880833308618,0.15711975097656261,0.14062758694523633,0.17998515728584166,0.32343493404592649,0.054861803542891191,0.45948465017427331,-0.012879860827153236,0.071346759889398134,0.60063556888429459,2.8984375,0.50265001366189832,1.1051574629128371
18.716981889072937,0.15711975097656258,0.14052366284257381,0.18004830469293637,0.31629015661555576,0.084465631668789343,0.45931716882850659,-0.019767300380221373,0.069695055556652202,0.60793749278381137,2.8515625,0.50389567492717835,1.115559341214118
18.787082944837255,0.15711975097656247,0.14042141664526869,0.18000848442249384,0.30631173000152395,0.11319529462729722,0.45904678022083129,-0.026447198610328557,0.067415729034920491,0.61458285207416163,2.80078125,0.50336998713793812,1.1480243384655571
18.857184000601574,0.15711975097656269,0.14032050440674146,0.17999809674587849,0.29360146970547046,0.14079800523362432,0.45871832803053003,-0.032864043147214757,0.064535328183990173,0.61987233390105279,2.84375,0.50129057390127907,1.1386336064084277
18.927285056365893,0.15711975097656214,0.14022233717156229,0.1799840816890719,0.27828338374815553,0.16702293399837986,0.45829681331208316,-0.038967535122597714,0.061079267875538072,0.62444202648924463,2.8125,0.49983209341603252,1.1533845714798934
18.997386112130211,0.15711975097656256,0.1401257344112023,0.1800527399849598,0.26050646960720841,0.19164569544459087,0.45782623084784535,-0.044704011164775161,0.057080401026630263,0.62748840760561475,2.84765625,0.49821623824081834,1.1476883014699084
19.067487167894527,0.1571197509765625,0.1400293838063402,0.18007678867046525,0.2404260783320743,0.21444088316182072,0.45726273674366746,-0.050019380998091049,0.052579219893393501,0.62888359051415788,2.875,0.49628822005150791,1.1432739766258615
19.137588223658845,0.15711975097656247,0.13992869059236951,0.18005273998495977,0.21822024959014172,0.23520703750709229,0.45663082631844804,-0.054859893608043449,0.047615445020324824,0.62855632042394805,2.90234375,0.49713866051136474,1.1327099887939696
19.207689279423164,0.15711975097656242,0.13982754095310446,0.17998408168907193,0.19410660699044652,0.25377937380058585,0.45595072142568488,-0.059192948776320795,0.042238931644626838,0.62697404730608053,2.91015625,0.49668513850384499,1.1024623254008921
19.277790335187483,0.15711975097656256,0.13972918007281329,0.17999809674587838,0.16830077330771251,0.26998253490260005,0.45521874192933881,-0.062979240219728616,0.036499904464881383,0.62354491599504924,2.9296875,0.49932804807398673,1.0902638547544832
19.347891390951801,0.15711975097656242,0.13962486744171446,0.18000848442249393,0.14104000682059264,0.28369825254207964,0.45445335753378491,-0.066180773255117828,0.030446210538041498,0.61898937396387343,2.921875,0.50059454642565204,1.0680626054066025
19.41799244671612,0.15711975097656256,0.13952211389291636,0.1800483046929364,0.11257665461425934,0.29481872025924127,0.45372174173514146,-0.068778021807779616,0.024136842970522512,0.61365416608936318,2.9453125,0.5048508741700185,1.0409871503302983
19.488093502480435,0.15711975097656231,0.13941802107018486,0.17998515728584177,0.083177367959011678,0.30323571564092594,0.45297399404541611,-0.07074285181558973,0.017635584397416727,0.60993908715957634,2.921875,0.50659227649754224,1.0075215951088026
19.558194558244754,0.15711975097656261,0.13931432987710987,0.18006757779699689,0.053104861615533801,0.30889511586609503,0.45227419577236078,-0.072063723972085006,0.010992219396330256,0.60850951746247239,2.93359375,0.5111652423487979,0.98313168609570423
19.628295614009073,0.15711975097656236,0.13920712798713936,0.17998539247938772,0.022641847796324607,0.31175462202599535,0.45160344258125085,-0.072728495866944923,0.0042646865076922218,0.61038327374691514,2.9453125,0.51305156778108429,0.99251271787174
19.698396669773391,0.15711975097656256,0.13910067767729309,0.18006757779699692,-0.007939788390534934,0.31180087546666496,0.45101057693709723,-0.072733779419921291,-0.0024831395636114115,0.61461488655816765,2.921875,0.51809118261820997,1.0391573784329056
19.76849772553771,0.15711975097656256,0.13899462279617478,0.17998515728584188,-0.038352721523110589,0.30903642724213592,0.45045941133540868,-0.072079220781655642,-0.0091864085977696429,0.61908241029872613,2.8828125,0.51970244370144347,1.0551661949100954
19.838598781302029,0.15711975097656247,0.13889231006376074,0.1800483046929362,-0.068327066826160715,0.3035037659599642,0.44999957324562623,-0.070774776132990797,-0.015790218636039612,0.62420435064932023,2.84765625,0.5236040477535675,1.0801874512590319
19.908699837066347,0.15711975097656239,0.13879118106204413,0.18000848442249384,-0.097578265376332601,0.29524675202514417,0.44957842806735088,-0.068833352342276929,-0.022225012914478339,0.62917766660329821,2.7890625,0.52376902480597831,1.0918317196556206
19.978800892830662,0.15711975097656214,0.13869145208540007,0.1799980967458783,-0.12585182285879382,0.28435279722314943,0.44924216143634177,-0.066275082728706913,-0.028435998613889572,0.63328315952525072,2.84765625,0.5231992881210128,1.1157065750849948
20.048901948594981,0.15711975097656278,0.1385918555211452,0.1799840816890719,-0.15288319963654581,0.27092224424586775,0.44895605736578997,-0.0631275532992122,-0.034370227244140475,0.6370057945635671,2.80078125,0.52190497697073635,1.1083939108997332
20.1190030043593,0.15711975097656233,0.1384900141104036,0.18005273998495966,-0.17843576719846863,0.25508856667022622,0.44873354973285695,-0.059415887527601789,-0.039973733423777462,0.63955657177034064,2.84765625,0.5195957555046401,1.0986730259544844
20.189104060123618,0.15711975097656219,0.13838768460814047,0.18007678867046545,-0.20228906817004144,0.23699888442009681,0.44856810343008047,-0.055179124841517033,-0.045201486953693581,0.6407893854404102,2.859375,0.5157080704736644,1.1056752541296859
20.259205115887937,0.15711975097656281,0.13828354477686719,0.18005273998495963,-0.22421340461632283,0.2168066320451027,0.44842231777658137,-0.050457261174257154,-0.05000028701649218,0.64073312315670816,2.8828125,0.51552406593266198,1.0828266272315208
20.329306171652256,0.15711975097656253,0.13817793748273352,0.1799840816890719,-0.24404042535721182,0.19471434195732154,0.44834362440883935,-0.04529149701148609,-0.054336058370451301,0.6396328387203607,2.890625,0.51390100372575187,1.0788420164553167
20.399407227416571,0.15711975097656272,0.13807511764567432,0.1799980967458783,-0.26158721787049366,0.1709191365676227,0.44828730006697914,-0.039737477790532473,-0.058170763331414244,0.63704186220498815,2.92578125,0.51501001123305423,1.0579921887037862
20.46950828318089,0.15711975097656306,0.13796864552449972,0.18000848442249412,-0.27669674110730935,0.14563419264726413,0.44823340472532924,-0.033841326181267728,-0.061464194050611855,0.63350984948598044,2.8984375,0.51836454548129463,1.0299809903552735
20.539609338945208,0.15711975097656267,0.13786164247313851,0.18004830469293637,-0.28927126643492745,0.11910641712757834,0.44822357246926714,-0.027651456375211894,-0.064195909542708166,0.6296347856227611,2.90625,0.5205000122559007,0.99563558402086916
20.609710394709527,0.15711975097656242,0.13775559978719004,0.179985157285842,-0.29918459436107925,0.091568073841220551,0.44821013530207821,-0.021240919155269707,-0.0663384282152958,0.62787796421032516,2.9140625,0.52555678147607043,0.96860951723355126
20.679811450473846,0.15711975097656244,0.13765159517245881,0.18006757779699709,-0.30637116099363659,0.06328406595575034,0.44818310180552767,-0.01465641777142202,-0.067873801591541688,0.62786455428596966,2.90234375,0.52739620812711974,0.95546548745183901
20.749912506238164,0.15711975097656192,0.13754726119971789,0.17998539247938755,-0.31077175159324361,0.034500841808792128,0.44815608087136993,-0.0079581744233769899,-0.068793192527497826,0.63156706738570401,2.9453125,0.53207793320350794,0.96809006829605249
20.82001356200248,0.15711975097656222,0.13744312810894144,0.18006757779699714,-0.3123568764540251,0.0054962489796466559,0.4480816932213747,-0.0012058983756506557,-0.06908533920073566,0.6376775742852917,2.88671875,0.53430893354385045,0.99509170484948262
20.890114617766798,0.15711975097656278,0.13734040871269373,0.17998515728584169,-0.31112369726603134,-0.023473385500414678,0.44800542436052515,0.0055404953613085572,-0.068753734580434073,0.64401155080793049,2.87109375,0.53825748753697766,1.0388605636558008
20.960215673531117,0.15711975097656219,0.13723971793287015,0.18004830469293628,-0.30708383542647627,-0.052138124771862804,0.44785949485877286,0.012214763323286068,-0.067798142534950964,0.65104740568092068,2.8359375,0.53957474083447166,1.0461939412709849
21.030316729295436,0.15711975097656228,0.13714359388235825,0.18000848442249387,-0.30028697929048409,-0.080237407619817888,0.44768218083870476,0.018759847487148554,-0.066235216665450444,0.65787618110530721,2.828125,0.54091842052596439,1.0831709430200598
21.100417785059754,0.15711975097656208,0.13705033957815244,0.17999809674587816,-0.29079429156379755,-0.10751227205700409,0.44741500511894988,0.025110209814213916,-0.064073831547975427,0.66370930635249492,2.8515625,0.54028290679339375,1.0817551778690717
21.170518840824073,0.15711975097656236,0.13695931177524057,0.17998408168907187,-0.27870222163930564,-0.13372495951146346,0.44711184454499853,0.031211083734442792,-0.061340921063287333,0.6690506888260076,2.83203125,0.53753505492244902,1.0936997617559496
21.240619896588388,0.15711975097656278,0.13687085851293124,0.18005273998495977,-0.26412907912827177,-0.15863020886906545,0.44673039572673584,0.037013099847140712,-0.058059677808425331,0.67293755632352292,2.86328125,0.53475615244531383,1.0928554975063653
21.310720952352707,0.15711975097656228,0.13678059671593787,0.18007678867046586,-0.24720609316767786,-0.1820189758906561,0.44631121299677434,0.042460884227795065,-0.054262423593632786,0.67523166538247559,2.890625,0.53304120181659809,1.0893929259858617
21.380822008117025,0.15711975097656231,0.13669141914494465,0.18005273998495983,-0.22809135257982249,-0.20366529019523152,0.44578306410163188,0.047502942448462093,-0.049989731856602306,0.67586320865088656,2.9296875,0.52911657771775344,1.0800520548575949
21.450923063881344,0.15711975097656269,0.13660025735461631,0.17998408168907201,-0.20696546991299386,-0.22339974839778665,0.44522087095607249,0.052101443002992076,-0.045271292635328073,0.67541485703619319,2.953125,0.52945295018618543,1.0577331248256994
21.521024119645663,0.15711975097656256,0.13651016825406459,0.17999809674587824,-0.18402660750009062,-0.24104813912369205,0.44463733733414751,0.056218227615929948,-0.040162931764957117,0.6732579360539207,2.95703125,0.52633062814944864,1.0301899337615092
21.591125175409982,0.15711975097656256,0.13641966152196663,0.18000848442249379,-0.15947555655741866,-0.25645092075897685,0.44399103888981206,0.059810781244899247,-0.034709975610493028,0.66988038315499132,2.94921875,0.52879782128271768,1.0172709325717599
21.6612262311743,0.15711975097656253,0.13632758910767581,0.18004830469293623,-0.13355233270033964,-0.26948582723264458,0.44333457326827186,0.062853741932627341,-0.02895516703811149,0.66595309878765574,2.9453125,0.52956858493528325,0.99668659204181898
21.731327286938615,0.15711975097656244,0.13623653791657309,0.17998515728584166,-0.10648988399862355,-0.28005468053604354,0.44270226101431404,0.065319743375588324,-0.022957044911892641,0.6629965758499774,2.921875,0.53331334091853166,0.97036017383315287
21.801428342702934,0.1571197509765625,0.13614447931677898,0.180067577796997,-0.078539761888694298,-0.28806299623362286,0.44206758784827377,0.067186402024388803,-0.016775932836927462,0.66017545976211167,2.92578125,0.53535365214589958,0.94197094730191566
21.871529398467253,0.15711975097656206,0.13605636182572764,0.17998539247938752,-0.049959245746753686,-0.2934580255298605,0.44148942464319596,0.068441258270444019,-0.010458455487515523,0.65997731745685928,2.95703125,0.54113031689354241,0.9406775194372895
21.941630454231571,0.15711975097656272,0.13596522330737254,0.18006757779699709,-0.021005420121707512,-0.29618832313779492,0.44093754029129978,0.069072166821345052,-0.004066066750069929,0.66207278974515005,2.89453125,0.54530129093410729,0.98468091110332023
22.01173150999589,0.15711975097656258,0.13587642360997995,0.179985157285842,0.0080511965364373338,-0.29624837234292217,0.44045539918730875,0.0690768006563863,0.002348543158157143,0.66515766964305012,2.8671875,0.55096589831520604,0.99773893782836653
22.081832565760209,0.15711975097656267,0.13578578364434679,0.1800483046929364,0.036945835254915474,-0.29363338962474234,0.44001346524321505,0.068455700764077712,0.0087195432743911068,0.66893122060759636,2.83203125,0.55508656947653978,1.0458126127207923
22.151933621524524,0.15711975097656256,0.13569803107566389,0.18000848442249401,0.065421276883796259,-0.28838602136942004,0.43965764154156406,0.067215149392011078,0.014994604594233144,0.67298620745604643,2.83203125,0.55935373423482615,1.0453089039345931
22.222034677288843,0.15711975097656256,0.13561264967301334,0.17999809674587833,0.093204638548989679,-0.28054682028696154,0.43934533508008228,0.065372835701610343,0.021110605529369532,0.67648424488350423,2.84375,0.56135950557367298,1.0801478415381547
22.292135733053161,0.15711975097656261,0.13552623618049228,0.1799840816890719,0.12005712429591643,-0.27019691074799312,0.43909724516962578,0.062939888213992684,0.02701530077767066,0.67989587893767489,2.83203125,0.56208256942733914,1.0812509830305836
22.36223678881748,0.15711975097656275,0.13544024453657519,0.18005273998495969,0.14572346989263996,-0.25743275261928256,0.43890220958990833,0.059949694948778026,0.032655122390679074,0.68221846332767877,2.87109375,0.56226689658702078,1.0884194638460134
22.432337844581799,0.15711975097656222,0.13535076134994434,0.18007678867046539,0.16999076370030433,-0.24237957732490123,0.43875588910459856,0.056418721994268457,0.037982427680653054,0.68349608895871072,2.88671875,0.56180934590882581,1.079187215777657
22.502438900346117,0.15711975097656269,0.13526273873311198,0.18005273998495977,0.1926335928116677,-0.22517723439841295,0.4386530161472858,0.052392277881581718,0.042946622902066432,0.68375444374786598,2.93359375,0.55885654498089288,1.0768678070178053
22.572539956110433,0.15711975097656236,0.13517362622321757,0.17998408168907176,0.21345081262344967,-0.20597853362248847,0.43856887775240938,0.04790054346616255,0.04750967641247638,0.68333402703409318,2.94921875,0.55890286307917503,1.070986436131655
22.642641011874751,0.15711975097656269,0.13508046780144387,0.17999809674587836,0.23227005251634031,-0.18496642156919302,0.43853155483742501,0.04298949296764347,0.051629550291984697,0.6815038911941107,2.9453125,0.55617406563599581,1.0490401649225427
22.71274206763907,0.15711975097656286,0.13498833043399094,0.18000848442249401,0.24892271856511544,-0.16233194476421098,0.43848284013658945,0.03770860776725591,0.055268342064843316,0.67901126407398416,2.9296875,0.55360221470043802,1.0234627281917932
22.782843123403389,0.15711975097656264,0.13489457496857707,0.18004830469293626,0.26326399567569458,-0.13828240546371018,0.43843532653110234,0.032100025158816069,0.058397574400970313,0.67691589144515174,2.94140625,0.5547819294431805,1.005915452316245
22.852944179167707,0.15711975097656256,0.13480131266970374,0.17998515728584183,0.27518648816041474,-0.11305486308783851,0.43840125287118226,0.026217617084542216,0.060991239703964674,0.67639820453464283,2.90234375,0.5539131211626297,0.98556966852769234
22.923045234932026,0.15711975097656233,0.13470663609613334,0.18006757779699703,0.28458775326703151,-0.08686052382824884,0.43836624097733712,0.020120224160765067,0.063023384551817066,0.67652274947506064,2.91015625,0.55554299587979761,0.96058694174411619
22.993146290696341,0.15711975097656233,0.13461507769813164,0.17998539247938777,0.29139364961511505,-0.059962265834142603,0.43831313675894146,0.013857377916698305,0.064482492220390861,0.67951616157395101,2.93359375,0.55569966042231078,0.93219253415393999
23.06324734646066,0.15711975097656231,0.13452290620602594,0.18006757779699692,0.29554594074460588,-0.032586199604748775,0.43824316813795539,0.0074891924283399941,0.065351802622682476,0.68412210261437312,2.90234375,0.55970438268962774,0.92391149036957299
23.133348402224978,0.15711975097656297,0.13443195111160278,0.17998515728584183,0.29702741010286648,-0.0050037803505459293,0.43814994525839857,0.0010679053048210263,0.065629733644236521,0.68941922913894571,2.8671875,0.56111614538795906,0.95858791570198343
23.203449457989297,0.15711975097656256,0.13434250213335874,0.18004830469293642,0.29582737074818244,0.02254279837144969,0.43803238505170322,-0.0053427992488636012,0.065312226752082869,0.69516790460788036,2.85546875,0.56526733969424747,0.99505502298010684
23.273550513753616,0.15711975097656214,0.13425403118879334,0.18000848442249376,0.29196706898692132,0.049798787861834018,0.43786928769554551,-0.011685251783059913,0.064403885604948238,0.70095435194682187,2.84375,0.56711908606952244,1.0186409897191226
23.343651569517935,0.15711975097656225,0.13417175113261903,0.17999809674587844,0.2854917736003611,0.076520028351629257,0.43769653308500711,-0.017906199764709741,0.062915783192729391,0.70588074715866156,2.890625,0.56940506387725343,1.0420033518494198
23.413752625282253,0.15711975097656272,0.13409082904437744,0.17998408168907196,0.27645318601864366,0.10245299157559008,0.4374443259202625,-0.023938132859817645,0.060863295462764318,0.71063118294599648,2.84375,0.56992857318075563,1.0548470592492496
23.483853681046568,0.15711975097656247,0.13401181884343771,0.18005273998495969,0.2649459142494891,0.1273710804988544,0.43716733579116535,-0.029733122578803194,0.058264830626056606,0.71413031245044145,2.890625,0.57020827134653618,1.0617482494335611
23.553954736810887,0.15711975097656247,0.13393358831163046,0.18007678867046537,0.25108289385252536,0.15104910468917762,0.4368283366141768,-0.035240231063195598,0.05514899690007484,0.71639878879692009,2.91015625,0.56923982835691034,1.0525644239331131
23.624055792575206,0.15711975097656247,0.13385731351972394,0.18005273998495983,0.23499707243106419,0.1732785864627055,0.43645091881990372,-0.040412951486194892,0.051539793496079574,0.71743715449888801,2.953125,0.56799294481798623,1.0609263311488164
23.694156848339524,0.15711975097656269,0.13378110457906356,0.17998408168907196,0.21682905336939937,0.19386475530768488,0.43603857838863147,-0.045200052465750554,0.047478793441810531,0.71753338903589947,2.98046875,0.56554693828455271,1.0448763902769702
23.764257904103843,0.15711975097656264,0.13370352001832936,0.17999809674587836,0.19674875782738999,0.21261806265008101,0.43555900399935993,-0.049564651696664269,0.042999783513053558,0.71609084752883523,2.97265625,0.56685938104407929,1.0334329361742387
23.834358959868162,0.15711975097656283,0.13362598696218703,0.18000848442249393,0.17495050868900294,0.22939385085847425,0.43506579643354482,-0.053469498344564839,0.038143667040709248,0.71364701662258634,2.9921875,0.56373695406118818,1.0166726835162356
23.904460015632477,0.1571197509765625,0.1335451863756309,0.18004830469293631,0.15161654744619624,0.24403825089507525,0.43453652983434543,-0.05687389460995388,0.032962565727160519,0.71024419464309041,3,0.5645480463158713,0.99276324594807686
23.974561071396796,0.15711975097656222,0.1334656660841638,0.17998515728584175,0.12698150998442434,0.25642389458482789,0.43398619874461286,-0.059758297798932006,0.02749901261341137,0.70746435377891426,2.96875,0.56439223275743167,0.96869567384782007
24.044662127161114,0.15711975097656272,0.1333831118193729,0.18006757779699692,0.1012628913780494,0.26646413673167596,0.43344576437406457,-0.062091063008501882,0.021800393022410554,0.70543498694286322,2.95703125,0.56644206895469551,0.94607911042093518
24.114763182925433,0.15711975097656242,0.13329846698822737,0.17998539247938777,0.07469984644734036,0.27407164722342492,0.43291928220100484,-0.063856099463900862,0.015924077888191682,0.7049973839551652,2.98828125,0.56823768722623902,0.92123415965449296
24.184864238689752,0.15711975097656236,0.13321654226144025,0.180067577796997,0.047542467600520173,0.27919087284031852,0.43240700845213936,-0.06503980469827815,0.0099217451430172084,0.70752472074524286,2.921875,0.57062679534295035,0.90416262975420769
24.25496529445407,0.1571197509765625,0.13313107308197222,0.17998515728584175,0.020025553040238713,0.28178036682417995,0.43192629633979474,-0.065629304536672539,0.0038481606590699087,0.7106478902170722,2.91796875,0.57399567125577156,0.94888009288242126
24.325066350218385,0.15711975097656244,0.13304911359458338,0.1800483046929362,-0.0075809269820276736,0.28182820130061903,0.43148707991191643,-0.065626469296689915,-0.002245572909478535,0.7142606047088027,2.87109375,0.5777548220131854,0.97058012313347319
24.395167405982704,0.15711975097656228,0.13296285852897718,0.18000848442249387,-0.035041589634363809,0.27933766867307563,0.43109220234774059,-0.06502754953591186,-0.0083017570247455302,0.71841403163067874,2.85546875,0.58063263537770426,1.0053877587911084
24.465268461747023,0.15711975097656264,0.13287930497662925,0.17999809674587827,-0.06209218566299702,0.27433751553244429,0.43074698844825876,-0.063843333442515027,-0.014264055481753215,0.72198288508961195,2.8828125,0.58298011930804972,1.0186689578863533
24.535369517511342,0.15711975097656294,0.13279581918687847,0.17998408168907173,-0.088502089809180673,0.26688325760693865,0.43046281000841213,-0.062085049946576314,-0.020078402793263686,0.72551164180922711,2.84765625,0.58457934969092773,1.0351725405349086
24.60547057327566,0.15711975097656253,0.13271473268053402,0.18005273998495966,-0.11400854172652454,0.25704871637067783,0.43020624009628955,-0.059771332363753302,-0.025690226929153032,0.72807955756016041,2.8671875,0.58559945907786515,1.0444230745214884
24.675571629039979,0.15711975097656244,0.13263426650547325,0.18007678867046517,-0.13840710500696693,0.24493378348220715,0.43001848718933561,-0.056922718317487263,-0.03105432344090427,0.72959287613693558,2.89453125,0.58510950258991623,1.0452551971234987
24.745672684804294,0.15711975097656239,0.13255521609932797,0.18005273998495966,-0.16145848644929439,0.23064035423136256,0.42985155593124885,-0.053569361254016255,-0.03611895102377017,0.73016557042452168,2.9140625,0.58486224098117234,1.0494337637903122
24.815773740568613,0.15711975097656233,0.13247508878069431,0.17998408168907187,-0.18297482979422883,0.21430671808080462,0.42974670669456294,-0.049738872305115138,-0.040840592759335069,0.72985287114610264,2.953125,0.58507028039781872,1.0361570590548796
24.885874796332931,0.15711975097656219,0.13239406804978898,0.1799980967458783,-0.20275888352142293,0.19608415522017472,0.42966205647071931,-0.045474694943308282,-0.045178926511058481,0.72829585081282688,2.9453125,0.58578868195810441,1.0335013982240497
24.95597585209725,0.15711975097656256,0.13231476654825144,0.18000848442249417,-0.2206363807051489,0.17614362870677355,0.4295909612933968,-0.040809591032115414,-0.049097056878290232,0.72573165845010779,2.9296875,0.5844130663705206,1.0175238204993691
25.026076907861569,0.15711975097656258,0.13223096795068945,0.1800483046929364,-0.23646430599795989,0.15465639424424299,0.42955440990331012,-0.035790392273092067,-0.052556553972770211,0.72226698510123588,2.953125,0.58581923607922526,0.99675235978173793
25.096177963625887,0.15711975097656231,0.13214841697867274,0.179985157285842,-0.25009387572698777,0.13183585036841047,0.429510875283247,-0.030469278273696165,-0.055533509889042029,0.71950933124725924,2.9375,0.58455839170464641,0.97997783466741162
25.166279019390206,0.15711975097656244,0.13206673452769155,0.18006757779699709,-0.26141807796101069,0.10788175363578761,0.42947080585563541,-0.024887164246682955,-0.057999943231786283,0.71765199450063222,2.9140625,0.58569131505113148,0.95803389500865077
25.236380075154521,0.15711975097656253,0.13197998972197186,0.17998539247938763,-0.27034758119705393,0.083015791771538186,0.42943354714859111,-0.019094380882265193,-0.059933188252696362,0.71856860942143908,2.9453125,0.58857270449427634,0.93077791381413633
25.30648113091884,0.15711975097656253,0.13189647691379605,0.18006757779699714,-0.27681335852682948,0.057478008192549709,0.42937671442821435,-0.013148236040488866,-0.061323260337751116,0.72310710872613448,2.90625,0.58911047701821284,0.90244434612195412
25.376582186683159,0.15711975097656231,0.13180975119757146,0.17998515728584172,-0.28076463026782505,0.031481863926348864,0.42930810662998947,-0.0071017141624577264,-0.062150849227919525,0.72857094714933335,2.890625,0.59155688166558018,0.91365173408998757
25.446683242447477,0.15711975097656289,0.13172617634718001,0.18004830469293631,-0.28217187868616239,0.0052870807216947599,0.4292110631090888,-0.0010066617314519154,-0.062416858714995534,0.73453918753206815,2.87109375,0.59263009881222461,0.96262149701279576
25.516784298211796,0.15711975097656261,0.13164148223518868,0.18000848442249384,-0.28102775602114832,-0.020884699333428902,0.42908184134962324,0.0050790614886791884,-0.062117492485422816,0.74104991288323652,2.85546875,0.59437224438985048,0.97582062634145128
25.586885353976115,0.1571197509765625,0.13155695173792553,0.17999809674587816,-0.27735137615743749,-0.046778825724481214,0.42890336835758047,0.011102516308827658,-0.061256372506602749,0.7469434135252595,2.8828125,0.59464203319379627,1.0135364095157939
25.65698640974043,0.15711975097656275,0.13147362935755144,0.17998408168907201,-0.27118791984528207,-0.072176548542638122,0.42870326572649936,0.017006202704026464,-0.059844453276026957,0.75262880903197171,2.875,0.59493735026180783,1.0228087202232119
25.727087465504749,0.15711975097656239,0.13139340850166842,0.18005273998495983,-0.26260169352656693,-0.09683025763043325,0.42843530572836225,0.022738575204070011,-0.057895926891465985,0.75726217701521292,2.890625,0.59433861733590698,1.0446361738113923
25.797188521269067,0.15711975097656275,0.13131613386062854,0.18007678867046586,-0.25167592744485062,-0.12052358781985265,0.42813038535810616,0.028245311904657153,-0.055429444990774041,0.76058710382260719,2.92578125,0.59445515229410906,1.0440163728391236
25.867289577033386,0.15711975097656247,0.13124138521883125,0.18005273998495988,-0.2385154346375144,-0.1430471354596598,0.42777315384164905,0.033482141715887398,-0.052470326127462268,0.76261925371512751,2.96484375,0.59207977676223278,1.0435921366057102
25.937390632797705,0.15711975097656233,0.13116943884783216,0.17998408168907193,-0.22323837471031174,-0.16419255927135301,0.42737198024773632,0.038398581990653408,-0.049044787743421012,0.76325400935439403,3,0.59307387080397755,1.0475339848004879
26.007491688562023,0.15711975097656258,0.13109621137941682,0.17999809674587819,-0.20598733531619995,-0.18378412639080041,0.42694969477090483,0.042951502966592482,-0.045187568732970869,0.76205165536991193,3.01953125,0.59359294540709961,1.0305777615521294
26.077592744326338,0.15711975097656208,0.13102663958929545,0.1800084844224939,-0.18693068722375575,-0.20164025412021691,0.42647305716261508,0.047104553581236233,-0.040937584844247206,0.75902946850894126,2.99609375,0.59209705197354512,1.023853404483225
26.147693800090657,0.15711975097656269,0.13095770127650658,0.18004830469293628,-0.16623701592019943,-0.21761256979808838,0.42598390439432132,0.050819682444035688,-0.036328424418412171,0.75441979685888472,2.99609375,0.59345233024950428,1.0092915307281509
26.217794855854976,0.15711975097656256,0.13088484791640684,0.17998515728584172,-0.14409700998411148,-0.23156959351331086,0.42548365083153478,0.054061758643898464,-0.031406731779058984,0.74973863883180081,2.9921875,0.59538914892398309,0.98666353908631943
26.287895911619295,0.15711975097656242,0.13081579016728534,0.18006757779699703,-0.12071888150028771,-0.24338631279457776,0.42497112989660502,0.056807926800250749,-0.026221526302117798,0.74552246886892337,2.9609375,0.59689621520322467,0.96310845602877693
26.357996967383613,0.15711975097656214,0.1307459789138179,0.17998539247938752,-0.096313365194808195,-0.25296822479642955,0.42446727698223408,0.059035077608184695,-0.020813377328122259,0.74319269634726559,2.98046875,0.60081213576188208,0.94251227491211398
26.428098023147932,0.15711975097656278,0.13067186297473138,0.18006757779699711,-0.07110858218827272,-0.26024223823525805,0.42397111717993419,0.060717778412744984,-0.015230719561726702,0.74426079347932772,2.921875,0.60155039338139238,0.92148848148153695
26.498199078912247,0.15711975097656247,0.13059707383271157,0.17998515728584205,-0.045325415458151698,-0.26515036764312128,0.42351665685626355,0.06185043490815538,-0.0095280183216073719,0.746666772044983,2.8828125,0.60564475264274287,0.9082966591011189
26.568300134676566,0.15711975097656278,0.13052060335689455,0.18004830469293642,-0.019215764548675886,-0.26765540225930534,0.4230761605472646,0.062418678617015513,-0.0037565564757531932,0.75015970508461305,2.83984375,0.60853667630123098,0.94748956007419682
26.638401190440884,0.15711975097656217,0.13044450222387693,0.18000848442249415,0.0069996165870777043,-0.26774078116690231,0.42269149430126407,0.062422531102601521,0.0020302471257367984,0.75437411358249484,2.828125,0.61177387230395341,0.97508086864322485
26.708502246205203,0.15711975097656269,0.13036734701223052,0.17999809674587841,0.033069188742636542,-0.26541571196548874,0.42233593596728569,0.061861684849415351,0.007784976706274949,0.75838114602048379,2.85546875,0.61337386901869118,1.0037776550227857
26.778603301969522,0.15711975097656242,0.13029012465715101,0.17998408168907187,0.058762524662385365,-0.26070400412064809,0.42202923958248828,0.060742266956012182,0.013451465095157633,0.76251753449276882,2.828125,0.61484976360637456,1.0168746825783095
26.84870435773384,0.15711975097656239,0.13021213275856075,0.18005273998495966,0.083844753261890989,-0.25365418247091409,0.42175943916163311,0.059078379247954678,0.018979160468029325,0.76606219372736628,2.86328125,0.61496237829662825,1.0287450499822304
26.918805413498156,0.15711975097656225,0.13013390684346055,0.1800767886704652,0.10808980148928939,-0.24433589943940978,0.42153786305877861,0.056882769628168621,0.024316156432813183,0.76879877452297696,2.89453125,0.61439579124768773,1.0343968726180022
26.988906469262474,0.15711975097656239,0.13005677669423729,0.18005273998495966,0.13127850554114026,-0.23283896498841763,0.42136556856030427,0.054184133392034442,0.029415661409757019,0.77046953293482179,2.9296875,0.61197630695268657,1.0285476984199695
27.059007525026793,0.157119750976562,0.12997917585524413,0.17998408168907176,0.15319720598653472,-0.21927023103077023,0.42120440707224371,0.05100147541284214,0.034231115701906727,0.77101846438115906,2.96875,0.61067279232683724,1.0363517260124735
27.129108580791112,0.15711975097656228,0.12989935149742796,0.1799980967458783,0.17366130290947776,-0.20375839369772025,0.42110167149828986,0.047368871238175389,0.038721298330177276,0.76991269145609253,2.9765625,0.61060954619044305,1.023679725681327
27.19920963655543,0.15711975097656275,0.12982152399797156,0.18000848442249373,0.19248223302123771,-0.18645544568251887,0.42100260135783474,0.043322385234189763,0.042849781953560297,0.76742328880680866,2.953125,0.60929669312798307,1.0073804360500176
27.269310692319749,0.15711975097656236,0.12974653748776532,0.18004830469293628,0.2094967024276766,-0.16751980006992953,0.4209374123697634,0.038893810590277071,0.046582070195721609,0.76367823474855778,2.9453125,0.60908481745908738,0.99335120274906219
27.339411748084068,0.15711975097656233,0.12966832545286833,0.17998515728584186,0.2245646280950282,-0.14711268035090136,0.42089968733864563,0.034130447952335149,0.04987903952092361,0.76029160678652397,2.94140625,0.61009275825552611,0.97299246936772243
27.409512803848383,0.15711975097656258,0.12959388117503057,0.18006757779699697,0.23755446048079989,-0.12544142639512446,0.42086679844406311,0.029077088774695736,0.052717761966317229,0.75777532372246204,2.921875,0.60941606357125289,0.95224743496273467
27.479613859612702,0.15711975097656267,0.12952203381844801,0.17998539247938769,0.24835803984342081,-0.10269455296230841,0.42085156762154086,0.023775546972574526,0.055074087016810554,0.75693558101211378,2.9375,0.61220093318305902,0.92566569892564143
27.54971491537702,0.15711975097656242,0.1294460024036708,0.18006757779699692,0.2568912686010873,-0.07908766263890496,0.42083383720046719,0.018271704211328486,0.056923895975872267,0.75931834774912932,2.890625,0.61370655701402843,0.89829658344726893
27.619815971141339,0.15711975097656222,0.1293727671419044,0.17998515728584177,0.26308668535019869,-0.054833124466645261,0.42081363265312272,0.012621336681986839,0.058253981391275432,0.76264272525160393,2.8671875,0.61648603635252353,0.87118547605200991
27.689917026905658,0.15711975097656244,0.12929921568102873,0.1800483046929364,0.26689233319210964,-0.030155322223166251,0.42078255756280808,0.0068753901848846305,0.05905567098825288,0.76729907314501411,2.86328125,0.62012006347581561,0.89371927223270997
27.760018082669976,0.15711975097656253,0.12922587348457154,0.18000848442249381,0.26828206985229186,-0.005279457319965067,0.42072665397330683,0.0010821301236763866,0.059317800174149504,0.772676427561931,2.86328125,0.62217871329776053,0.92798234365140309
27.830119138434291,0.15711975097656233,0.12915422956178635,0.17999809674587836,0.26724953543048113,0.019572528108776938,0.42065869812588025,-0.0047012533498990532,0.059046853112949264,0.77803368871617584,2.890625,0.6239338808312781,0.95687644403788297
27.90022019419861,0.15711975097656261,0.12908286324051599,0.17998408168907196,0.26381175362642978,0.044162207428049757,0.42053741412939732,-0.010426116674697335,0.058239263047781098,0.78372658811865414,2.84375,0.6247707688673001,0.97548977070190124
27.970321249962929,0.15711975097656278,0.12901281121700148,0.18005273998495974,0.25800577938704061,0.068279054162756508,0.42039775278678138,-0.016037946156922119,0.056908492036661935,0.78870869668136445,2.87109375,0.62466437639007855,0.9892873886182848
28.040422305727247,0.15711975097656261,0.12894402720506654,0.18007678867046539,0.24988837413794524,0.091693344454428879,0.42019690654983533,-0.021488278182837661,0.055066579624453126,0.79263542600424364,2.8828125,0.62436196175378555,0.99707249384322083
28.110523361491566,0.15711975097656244,0.12887463455345324,0.18005273998495971,0.23953937479174814,0.11420468050809991,0.41996135904845799,-0.026723658460984914,0.052731270328395217,0.79531096247884647,2.91796875,0.62231807164563657,1.0146271810595047
28.180624417255885,0.15711975097656233,0.12880591889541862,0.17998408168907196,0.22705933651865842,0.13560065213876477,0.41967199090908097,-0.031699917416332338,0.049930801890260057,0.79655886687123678,2.953125,0.61842818199644245,1.0055869733293743
28.2507254730202,0.15711975097656225,0.12873543932146797,0.17999809674587849,0.21256246747748817,0.15569692886994607,0.41932276487664599,-0.036371072878644641,0.046682796976030526,0.79600571025004541,2.95703125,0.61709431154246586,0.99111864225345958
28.320826528784519,0.15711975097656233,0.12866594017667568,0.1800084844224939,0.19619286251508938,0.17432047397562497,0.41896165808513525,-0.040703652694105676,0.043025163351102486,0.79381440796356906,2.9765625,0.61577288777558692,0.99331374342723566
28.390927584548837,0.15711975097656283,0.12860072849121476,0.18004830469293634,0.17810460232351263,0.19129976050796424,0.41853065572823855,-0.044657886947033966,0.038991794158530192,0.79026439396653747,2.9609375,0.61307196466331471,0.98066187552214834
28.461028640313156,0.15711975097656256,0.12853143567990682,0.17998515728584175,0.15844798333231977,0.20648994872313886,0.4180791412759316,-0.048193961046497577,0.034615802600402416,0.78711773969313548,2.94140625,0.61366287697445776,0.96001260266784605
28.531129696077475,0.15711975097656264,0.12846113624059965,0.18006757779699695,0.13741613759024626,0.21976861629838357,0.41762427793130014,-0.051283647930007226,0.029943117666635554,0.78455204200551354,2.92578125,0.61399804911746758,0.93290476072686801
28.601230751841793,0.15711975097656244,0.12839548742195203,0.17998539247938769,0.11520697934847066,0.23102288574451271,0.41715468463149558,-0.053904237234305569,0.025017154450453688,0.78250644804293679,2.94140625,0.61403914912888657,0.91241426685786053
28.671331807606109,0.15711975097656236,0.12832828743815036,0.18006757779699697,0.092015186854936384,0.24015207758086843,0.41668739322400927,-0.056028947953770745,0.019879982180862881,0.78257269970401699,2.8828125,0.61761919246427677,0.89163076801981134
28.741432863370427,0.15711975097656219,0.12825974059854867,0.17998515728584188,0.068067155816655844,0.24709198989560599,0.41621947315979035,-0.057639926015484712,0.014577193064817745,0.78325216422406252,2.88671875,0.61977664724534676,0.87284363384966168
28.811533919134746,0.15711975097656253,0.12819167681908136,0.1800483046929362,0.043567785799843224,0.25178649292669647,0.4158006821996546,-0.058728562163051536,0.0091583077869671885,0.78512226099958393,2.875,0.62471339609983212,0.85829777491506398
28.881634974899065,0.15711975097656225,0.12812208572174405,0.18000848442249381,0.018750481822624423,0.25419804918737626,0.41539243840336493,-0.059280651626124191,0.0036742534672277974,0.78778243912125812,2.84765625,0.62802440247226254,0.88160436612212456
28.951736030663383,0.15711975097656239,0.12805546120446684,0.17999809674587824,-0.0061654641750387646,0.25431772586806606,0.4150447434182738,-0.059294767983548179,-0.0018283404625164827,0.79068466006133342,2.90234375,0.63179834744769825,0.91586804550063217
29.021837086427702,0.15711975097656258,0.12798797048459026,0.17998408168907179,-0.030945822933188163,0.25214256142888902,0.41473436182784817,-0.058774693935741272,-0.0072959021341630912,0.79410656795839407,2.85546875,0.6344832300717036,0.94033499279442512
29.091938142192021,0.15711975097656256,0.12792145289745427,0.18005273998495963,-0.055367616566921546,0.2477010078514712,0.41447001102439174,-0.057722803551076299,-0.012679127832339236,0.7971629673531212,2.8828125,0.63625569444288099,0.96104358105054632
29.162039197956336,0.15711975097656264,0.1278553690707005,0.18007678867046553,-0.079208775954640237,0.24103909063234072,0.41425623228012093,-0.056154542724552614,-0.017928509370406132,0.79977763418985037,2.890625,0.63716355359151444,0.97703509021871138
29.232140253720654,0.15711975097656244,0.12778806442020818,0.18005273998495969,-0.10225074102198091,0.23222069942596235,0.41406183702396165,-0.05407990398075517,-0.022995681697765433,0.80145017680473452,2.89453125,0.6370347489962308,0.97604475186910367
29.302241309484973,0.15711975097656256,0.12772066440036833,0.17998408168907185,-0.12429740196043178,0.22133530049973177,0.41393429305456891,-0.05152326950355185,-0.027838143392969656,0.8021812990239392,2.921875,0.63544998797481433,0.98609380736519592
29.372342365249292,0.15711975097656225,0.12765192399783928,0.1799980967458783,-0.14513994039101547,0.20848095667437835,0.41382129911507148,-0.048509988908593385,-0.032412644952796214,0.80146066953812323,2.9453125,0.63325438902957776,0.97570659517357494
29.442443421013611,0.15711975097656264,0.12758228858226384,0.1800084844224942,-0.16459892442957724,0.19378710884852882,0.41375783866539906,-0.045064265753714271,-0.036683105954224297,0.79972009363956631,2.93359375,0.63305164462910946,0.96311391103220523
29.512544476777929,0.15711975097656253,0.12751238244730964,0.18004830469293645,-0.18250587853817576,0.17738125133521651,0.4137000551188485,-0.041224740975124678,-0.040606712943499539,0.79704452784656721,2.921875,0.62986749771634076,0.96449822840450705
29.582645532542244,0.15711975097656267,0.12744150321303754,0.17998515728584202,-0.19869603610077952,0.15941300630207839,0.41365353817655359,-0.037024532580653594,-0.044149009746819713,0.79501038367708532,2.91015625,0.62887157116338255,0.94727736965205378
29.652746588306563,0.15711975097656231,0.12736887938371702,0.18006757779699711,-0.21303476354191481,0.14005132634827075,0.41363798018064468,-0.032502069805984676,-0.047282842081829778,0.79370911777457631,2.8828125,0.62984076756013596,0.92458494623353182
29.722847644070882,0.15711975097656261,0.12729782911635998,0.17998539247938763,-0.22540411740593094,0.11948500795245838,0.41362500024235882,-0.027701944773485306,-0.049981870731602554,0.7932219295144578,2.921875,0.62839609258615958,0.90062728415662063
29.7929486998352,0.15711975097656233,0.12722703785510336,0.18006757779699706,-0.2356948224282609,0.097888076275148686,0.41361039023943807,-0.022667825549836297,-0.052218908684390039,0.79491895162814541,2.89453125,0.62935458873771644,0.87717731385551201
29.863049755599519,0.15711975097656264,0.12715600739889507,0.17998515728584177,-0.24382300670693902,0.075472010388740463,0.4135880890707358,-0.017444714370156832,-0.053978285841316982,0.79745630376510312,2.86328125,0.63203557646598474,0.85291538801593902
29.933150811363838,0.15711975097656278,0.1270860462482469,0.18004830469293631,-0.24973081396263608,0.052444072190476261,0.41355916864163644,-0.012076695609953085,-0.055246811165773603,0.80128882034641413,2.88671875,0.63393440188985362,0.83121090432685596
30.003251867128153,0.15711975097656256,0.12701437505961841,0.18000848442249384,-0.25336556883378475,0.029003083888759523,0.41351826200261804,-0.0066159921727394228,-0.056010369491108922,0.80595165627716492,2.88671875,0.63722425652950965,0.82671896085385221
30.073352922892472,0.15711975097656289,0.12694497469770988,0.17999809674587816,-0.25470815825802051,0.0053795585091434379,0.41344710341602964,-0.0011134583454369285,-0.056265625834188954,0.81062911151544659,2.921875,0.63859893383171762,0.83946857193851743
30.14345397865679,0.15711975097656242,0.12687706407751656,0.17998408168907198,-0.25375560335801228,-0.018228034004419438,0.41337530251791693,0.0043862343860300397,-0.056010719559010894,0.81574493281732163,2.91015625,0.64115955855312667,0.87108261432804246
30.213555034421109,0.15711975097656233,0.12681091797090413,0.18005273998495985,-0.25051245131942945,-0.041588004199839712,0.41325497081392337,0.0098269406108082869,-0.055251178050311919,0.82015863256824206,2.9375,0.64253730946667287,0.89154233835766405
30.283656090185428,0.15711975097656225,0.12674797322188988,0.18007678867046589,-0.24502333629250433,-0.064494153941748414,0.41311833383861168,0.015160228474349644,-0.053993926104726551,0.82391210900806389,2.97265625,0.6441567989503425,0.91645579583717729
30.353757145949746,0.15711975097656314,0.12668584566036048,0.18005273998495988,-0.23733882339991164,-0.086742465971683114,0.41293347518028739,0.020337565927438475,-0.05225182519197015,0.82653659892238607,3.01171875,0.64488372966534013,0.91930520581997288
30.423858201714062,0.15711975097656244,0.12662485462616815,0.1799840816890719,-0.22753657182514081,-0.10812459623297327,0.41270212417510688,0.025308944195299752,-0.05004067314514548,0.82795883231628953,3.0234375,0.64438833506360083,0.93010187434557423
30.49395925747838,0.15711975097656306,0.12656423860165864,0.17999809674587822,-0.21571302833417227,-0.12846088340917852,0.41245292987251914,0.030036081815079468,-0.047384152835544688,0.82767030713785283,3.04296875,0.64328124271720843,0.92763117796710037
30.564060313242699,0.15711975097656264,0.12650544317316287,0.18000848442249379,-0.2019789198807882,-0.14755904897070299,0.41215771081534514,0.034477301299808021,-0.044308150715854137,0.8263836799999964,2.99609375,0.64161085058736966,0.92577605649398964
30.634161369007018,0.15711975097656256,0.12644534469925722,0.18004830469293628,-0.18646321073594782,-0.16525449261337796,0.4118288179851376,0.038593255588579026,-0.040838516903385511,0.8237429839538587,2.99609375,0.64241626622112658,0.91752629100149952
30.704262424771336,0.15711975097656261,0.12638583059810549,0.17998515728584172,-0.16931018286261196,-0.18140088758021183,0.41147008310855387,0.042345033038293324,-0.037011259752045111,0.82122141792618508,2.9921875,0.63828853546351483,0.91155269572415698
30.774363480535655,0.15711975097656272,0.1263252766041767,0.1800675777969972,-0.15066702351352904,-0.19584705093062824,0.41108895879556018,0.045701088074275587,-0.032862258522035448,0.81860345543357194,2.98828125,0.63843848175960538,0.89709996514621937
30.844464536299974,0.15711975097656306,0.12626396644950802,0.17998539247938755,-0.13072564232497214,-0.20847043962915046,0.41068584053914359,0.048636814685895279,-0.02842820707414051,0.81644351577886187,2.9921875,0.63830952695386278,0.87794786796193192
30.914565592064289,0.15711975097656256,0.12620314521507717,0.18006757779699711,-0.10966044671373293,-0.219171711091838,0.41027202774871746,0.051122816651838682,-0.02375109454196658,0.81564725059373411,2.96484375,0.63871901037830459,0.85618413452648856
30.984666647828607,0.157119750976563,0.12613923807390226,0.17998515728584202,-0.087657652330036695,-0.22786160207737396,0.40986141319276415,0.053138383206045053,-0.018874617034402484,0.81650124228532284,2.9296875,0.6411092755641733,0.83758701137397085
31.054767703592926,0.15711975097656256,0.12607767810390169,0.18004830469293645,-0.064937895462931425,-0.23446569669444817,0.40944865327374003,0.054669842795544349,-0.013843415921867009,0.81810982848967939,2.8984375,0.64164432449972553,0.81887033396285747
31.124868759357245,0.15711975097656261,0.12601397996464619,0.18000848442249412,-0.041689777242388176,-0.23893345057151799,0.40906306648464041,0.055701761402032084,-0.0086999313967682686,0.8206921873205385,2.890625,0.64474027425689906,0.81581754662141759
31.194969815121564,0.15711975097656261,0.12594933833071398,0.17999809674587838,-0.018140313065445612,-0.24123455059708668,0.40869026350969162,0.056228599167631156,-0.0034933598004538513,0.82358203901040283,2.9140625,0.64662484145754595,0.84309047104764245
31.265070870885882,0.15711975097656297,0.12588477284631233,0.17998408168907185,0.0055024904236544029,-0.24135500982540117,0.4083532406889912,0.056245047631875891,0.0017289624482718562,0.82701738947517589,2.8671875,0.64890631092866724,0.86946995244135883
31.335171926650197,0.15711975097656242,0.12581845306690306,0.18005273998495966,0.029028780595752326,-0.23929760590314453,0.4080539907777192,0.055752209327825535,0.0069207385101790683,0.83008124171907394,2.8984375,0.65135294139377076,0.89265960908632624
31.405272982414516,0.15711975097656231,0.12575573020053973,0.18007678867046514,0.052212136548249265,-0.23509573192677019,0.40779933128511237,0.054756771807041194,0.012036869762109527,0.83257626414390817,2.90234375,0.65313535998898187,0.91497701856875069
31.475374038178835,0.15711975097656261,0.12569320675617107,0.18005273998495966,0.074853661530497786,-0.22878516241571151,0.40758580785257514,0.053268591594630564,0.01702685136974303,0.83460166220473997,2.92578125,0.65484295784393931,0.92357525318877642
31.545475093943153,0.15711975097656217,0.12563175372764679,0.17998408168907176,0.096734256665805637,-0.2204248607422655,0.40738457171517228,0.051304183903367433,0.021840892410051643,0.83564789946889817,2.97265625,0.65530923408262409,0.93128571724565956
31.615576149707472,0.15711975097656256,0.12557000918788266,0.17999809674587827,0.11767032634466465,-0.21010232412777646,0.40723531364505106,0.048879859256888022,0.026442479611014872,0.83509824808643052,2.9921875,0.65605002892235931,0.93625644547503017
31.685677205471791,0.15711975097656256,0.12550869376001511,0.18000848442249379,0.13747412416211474,-0.19791263748231061,0.40711490118484445,0.046021952931663015,0.030790078811652841,0.83371629403595326,2.96875,0.65622815838054427,0.93124550567141773
31.755778261236106,0.15711975097656297,0.12544734635280497,0.18004830469293628,0.15595814900017824,-0.18397286514039557,0.40701750068244741,0.042756754970111166,0.034845699825948519,0.83100038209614657,2.96875,0.65650706902912603,0.92923655483517176
31.825879317000425,0.15711975097656283,0.12538729681230534,0.17998515728584186,0.17297360287025398,-0.16841316816302607,0.40695453318762509,0.039113773233920339,0.038573804128032692,0.82835323726576304,2.94921875,0.65485177591759469,0.92018863660462302
31.895980372764743,0.15711975097656281,0.12532416434553734,0.180067577796997,0.18836729188227311,-0.151364682713723,0.40690762400839092,0.03512970821431368,0.041937498298057131,0.82564158530658416,2.9296875,0.65464237192380148,0.90300926465975329
31.966081428529062,0.15711975097656286,0.12526181352870588,0.1799853924793878,0.20199948807761497,-0.13300342896505335,0.40686760115421744,0.030841418313821124,0.04491580910998208,0.82356935195166781,2.953125,0.65576354536123771,0.89209359449372383
32.036182484293377,0.15711975097656239,0.12520123038895281,0.18006757779699697,0.21376447986571961,-0.11349548988395253,0.40683842419092447,0.026285960709270882,0.047479955409862495,0.82371907002844813,2.9296875,0.65499821547762105,0.87601874464115659
32.106283540057696,0.15711975097656283,0.12513755869722479,0.17998515728584158,0.22355803052817888,-0.093005718446483157,0.40680917680650014,0.021509790417055086,0.049604411730895845,0.82638252695949133,2.9140625,0.65577849459740434,0.854440595472159
32.176384595822014,0.15711975097656236,0.1250750075076634,0.1800483046929364,0.23130199743988508,-0.071742014726367223,0.40677407215804967,0.016553203447710364,0.051277098255058065,0.83025947358255359,2.8828125,0.65582495338966562,0.8324400757190672
32.246485651586333,0.15711975097656289,0.12501321532363546,0.18000848442249381,0.23692990137741077,-0.049886413092021312,0.40673296582731244,0.011460945531283307,0.052481453450875522,0.83492697931240334,2.890625,0.65690446082931142,0.80925030509633411
32.316586707350652,0.15711975097656247,0.1249483585933234,0.17999809674587836,0.24040076800424065,-0.027638694485163557,0.40667326442379365,0.0062798353291246157,0.053207394192533009,0.83979241966015961,2.921875,0.65852554096284965,0.8052906676386119
32.386687763114971,0.15711975097656231,0.12488592166813238,0.17998408168907193,0.24169317600501403,-0.0052158566896847334,0.40658825161105228,0.0010573725896009202,0.053451551129792829,0.84508794903404127,2.8671875,0.65854399202341063,0.82717929558458425
32.456788818879289,0.15711975097656247,0.1248214096966403,0.1800527399849598,0.24079900946298985,0.017197564708861,0.40649181661180372,-0.0041600769772846703,0.053210337121902887,0.84988069777376896,2.91015625,0.65970577144842268,0.85378954991017331
32.526889874643608,0.15711975097656236,0.12476013704517512,0.18007678867046534,0.23773744871594465,0.039381146331566468,0.40636538936230304,-0.0093260772447094943,0.052490363757365988,0.85388007940137034,2.90234375,0.66012059605063211,0.87869031675690035
32.596990930407927,0.15711975097656217,0.12470045433353731,0.18005273998495971,0.23254413432662643,0.061139023667392503,0.40621922242601421,-0.014393155410972981,0.051295938175258668,0.85722299381173084,2.93359375,0.66061998679180312,0.89418759073451193
32.667091986172245,0.15711975097656225,0.12464207365830908,0.17998408168907196,0.22526311077496167,0.082275320182359363,0.40602566665074735,-0.019310781541756254,0.049642013516979312,0.85948984445250709,2.96484375,0.66000472508613817,0.90689708043568262
32.737193041936564,0.15711975097656211,0.12458579321157831,0.17999809674587833,0.21597192754355962,0.10259008250188932,0.40579271269292305,-0.024036497977216145,0.047543516888086876,0.8599365197382931,2.98046875,0.65916022235989769,0.91278603414638038
32.807294097700883,0.15711975097656258,0.12453015075131264,0.18000848442249387,0.2047583966643404,0.1219165299897662,0.40553758292115089,-0.028529454692048317,0.045020267120867485,0.85911422884186317,3.00390625,0.65858287365602208,0.91167509975249872
32.877395153465194,0.15711975097656239,0.12447718489744818,0.18004830469293631,0.19173333953064109,0.14007238069941061,0.40525070950472664,-0.032751501167331575,0.042100133335686366,0.8566798576101049,3.01171875,0.65887672994985813,0.90896884939974043
32.947496209229513,0.15711975097656219,0.12442469758305669,0.17998515728584177,0.17701620226553089,0.15689442304953002,0.4049273923159592,-0.036664551891314616,0.038806772926084122,0.85381024440570363,2.99609375,0.65708514172175203,0.90724156152561797
33.017597264993832,0.15711975097656244,0.12437261786435386,0.18006757779699684,0.16074049613640637,0.17224871046729928,0.40459735523057999,-0.040233867114300666,0.035171793827068351,0.85032921682612594,2.97265625,0.65777221406615571,0.89473703599680166
33.08769832075815,0.1571197509765625,0.12431879241139195,0.17998539247938777,0.14305501698634751,0.18599164576554292,0.40424332894145842,-0.043426342339491102,0.031232484487652111,0.84695050207376887,3.01171875,0.65878027785506343,0.87923958693051552
33.157799376522469,0.15711975097656247,0.12426849816545397,0.180067577796997,0.12413865566960414,0.19800493311997266,0.40386789390133543,-0.046219414838804034,0.02702388827467081,0.84506111794507188,2.97265625,0.65922293884262595,0.86740330799189946
33.227900432286788,0.1571197509765625,0.1242166793020623,0.17998515728584188,0.10414737630398566,0.20819253153208989,0.40350472509964258,-0.048586277778428236,0.022583135710889261,0.84542500356053962,2.95703125,0.66133585699848507,0.85118701347789338
33.298001488051106,0.15711975097656228,0.12416235456946347,0.18004830469293626,0.083273337108379586,0.21647058659918045,0.40313679187071605,-0.050506334020795109,0.017952774092161953,0.84673039936628947,2.921875,0.66428171299198391,0.83156406767604973
33.368102543815425,0.15711975097656275,0.12411058410070026,0.18000848442249379,0.061712503919830269,0.22277036913686996,0.40277991298851712,-0.051966592914060222,0.013174126678889493,0.84948369145635783,2.875,0.66606027930455036,0.81179569660455442
33.438203599579744,0.15711975097656256,0.12405586466591584,0.17999809674587824,0.039645251554426941,0.22703991167757326,0.40244159128588081,-0.05295248349315617,0.0082896941762656984,0.85212466912658691,2.9140625,0.6683043436577647,0.81455274743689188
33.508304655344062,0.15711975097656244,0.12400061655387019,0.17998408168907176,0.017291396595797461,0.22924795810848975,0.40211359546700365,-0.053456577220348959,0.003343790227635248,0.85558973702353669,2.87109375,0.66909644636119225,0.844857698019851
33.578405711108381,0.15711975097656247,0.12394448329922367,0.18005273998495963,-0.0051562916502819545,0.22938093307615029,0.40182913252534197,-0.053477700669193551,-0.0016196653163039866,0.85884663518404458,2.88671875,0.67060661968957203,0.87239700533340581
33.6485067668727,0.15711975097656267,0.1238859879047739,0.18007678867046517,-0.027490370140092993,0.22744206333564165,0.40155533221862599,-0.053014429612180301,-0.0065501940887868525,0.86175147185643652,2.8671875,0.67097780029361831,0.89578889539989681
33.718607822637011,0.15711975097656253,0.12382821709483505,0.18005273998495966,-0.049508882574971297,0.22346298638372705,0.40132998612700221,-0.052072129572256508,-0.01141080960315225,0.8639970332778133,2.8828125,0.67117605114084034,0.91766693442451674
33.78870887840133,0.15711975097656264,0.1237708697060841,0.17998408168907207,-0.071013637375857808,0.21747867654619993,0.40113643648978337,-0.050664469755518235,-0.016153289085337807,0.86554501448560772,2.90625,0.66992522137685528,0.91813393189361125
33.858809934165649,0.15711975097656264,0.12371428869783614,0.17999809674587838,-0.091801184275777215,0.20955079794819492,0.40095906898175715,-0.048801240898567751,-0.020735136670431243,0.86563802605915818,2.89453125,0.6690264484019165,0.92993574208331564
33.928910989929967,0.15711975097656278,0.12365733429968481,0.18000848442249417,-0.11169586651053241,0.19975185183527067,0.40082410689676035,-0.046501708049122285,-0.025113725368286703,0.86441192669778855,2.90625,0.66817788502134812,0.93227296526057324
33.999012045694286,0.15711975097656269,0.12360098346653924,0.18004830469293637,-0.13051365161313483,0.18818132755525566,0.40071133002330656,-0.043790782747966141,-0.029253162280567964,0.86166088944281882,2.921875,0.66664217391876168,0.92706933328844754
34.069113101458605,0.15711975097656258,0.12354522310735049,0.179985157285842,-0.14808611992790488,0.17494165583861465,0.4006177184476642,-0.040690822752122713,-0.033114499407284295,0.85881213804151102,2.91015625,0.66513152640459983,0.92150687789066754
34.139214157222924,0.1571197509765625,0.12349069232064477,0.18006757779699711,-0.16426853587074364,0.16015995031463329,0.40056370971560656,-0.037232946358617167,-0.036665988087617361,0.85571348804552283,2.890625,0.6658498594213339,0.91652607510113659
34.209315212987242,0.15711975097656211,0.123433876527081,0.17998539247938766,-0.17891011145529206,0.14396751946669045,0.40050885142040588,-0.033451440972805981,-0.039872392548046517,0.85324789831897008,2.92578125,0.66650382522798945,0.90265179500098136
34.279416268751561,0.15711975097656261,0.12338041269144413,0.18006757779699703,-0.1918825193839151,0.12652576332961771,0.40045780366593947,-0.029379857813487266,-0.042711494810940762,0.85245578239774833,2.8828125,0.66653797765559841,0.88231957797432259
34.34951732451588,0.15711975097656256,0.12332684249474091,0.17998515728584163,-0.20308229311808221,0.10798775891411999,0.4004345875041958,-0.025054425225797247,-0.045157565430739767,0.85384854785953701,2.8828125,0.6695286568727018,0.87037861373744962
34.419618380280198,0.15711975097656256,0.12327079480853144,0.18004830469293631,-0.21241380230044868,0.088520045238473691,0.40041201038303259,-0.020517045124360866,-0.047186699875948597,0.85607923187241863,2.84765625,0.67193307385564782,0.85291956093798338
34.489719436044517,0.15711975097656244,0.12321813683039466,0.18000848442249384,-0.21980171218431285,0.068315628893035857,0.40037725089418441,-0.015808397082691241,-0.04878557602475931,0.85964406359407641,2.84765625,0.67351779496057418,0.83660865509174553
34.559820491808836,0.15711975097656244,0.12316497081973571,0.17999809674587849,-0.22518230784584095,0.047544659948990965,0.40034924019582352,-0.010969627124893718,-0.049940368195803143,0.86335308418435219,2.8984375,0.67580705199535474,0.82432815912860069
34.629921547573147,0.15711975097656231,0.12310974664380744,0.17998408168907196,-0.22851097098442061,0.026401985884731693,0.40029291883093882,-0.0060468835581033624,-0.05063960859854004,0.86787143162180413,2.875,0.67731523899106261,0.82383293026656546
34.700022603337466,0.15711975097656208,0.12305589515897365,0.18005273998495983,-0.22976922179865614,0.0050842776184378347,0.40023137756331761,-0.0010818825509036889,-0.050879548295837414,0.87237048910202464,2.93359375,0.67834613088271478,0.83983551809000156
34.770123659101785,0.15711975097656258,0.12300193133975144,0.18007678867046586,-0.22894827301519002,-0.016217939228691084,0.40015132671499581,0.0038767182412927891,-0.050660975478773906,0.87643826999797025,2.95703125,0.67947236195542215,0.86228699653970264
34.840224714866103,0.15711975097656275,0.12294720914001217,0.18005273998495985,-0.22606646631147972,-0.037306307820974688,0.40003423549425576,0.008784035442194877,-0.04998228439906402,0.87981619148543477,2.984375,0.67929382966036123,0.87114227533351796
34.910325770630422,0.1571197509765625,0.12289363444083773,0.17998408168907198,-0.22115794983586412,-0.057998846934543873,0.39991732367521876,0.013600933439902563,-0.048854667410276588,0.88246144187236852,2.9921875,0.67895236241317514,0.8914344359914611
34.980426826394741,0.15711975097656306,0.12284193944462453,0.17999809674587819,-0.21426371000599864,-0.078100380288656832,0.39975322514153094,0.018276980383325574,-0.04729110447998805,0.88368378185583363,3.0078125,0.67617937499387837,0.89562529707409833
35.050527882159059,0.15711975097656253,0.12279091779262422,0.18000848442249379,-0.20545556192195741,-0.097428374753086813,0.39955531741433675,0.022773597934013977,-0.045301183437791187,0.88357960531050084,2.9765625,0.67505703069324452,0.89798662534941331
35.120628937923378,0.15711975097656244,0.12274040806217681,0.18004830469293628,-0.19481557226546006,-0.11581760659549753,0.39934181145891684,0.027049032560353049,-0.042909880878704183,0.88194529866441063,2.984375,0.67373500099819239,0.90278258880432549
35.190729993687697,0.1571197509765625,0.12269151793397427,0.17998515728584177,-0.1824529767560015,-0.13309467009217157,0.39908927131217542,0.031068977441002489,-0.040138975916274126,0.880110568672413,2.98046875,0.67102479315538976,0.89227611345765145
35.260831049452015,0.15711975097656256,0.12264336122804378,0.18006757779699722,-0.16847423959121025,-0.14911225749806256,0.39882109528444121,0.034795715839690045,-0.037011147862556881,0.8777940353464907,2.96875,0.67115240434341239,0.89008557943855171
35.330932105216334,0.15711975097656247,0.12259364409888357,0.17998539247938752,-0.15300990146510049,-0.16373226871984858,0.39853902570564947,0.038193833945529693,-0.033560437378204265,0.87562415176540676,2.96875,0.67165241653340069,0.87659200837374252
35.401033160980653,0.15711975097656272,0.12254523800904193,0.18006757779699709,-0.13621103702656737,-0.17682246811969252,0.39823116670168229,0.041237307201791862,-0.029819790886911876,0.87403481537136996,2.9296875,0.67298307524849199,0.85856355969316656
35.471134216744964,0.15711975097656242,0.12249867676605698,0.17998515728584163,-0.11823049132860604,-0.18827045342011775,0.3979116489301478,0.043899949700037785,-0.025820565943442664,0.87373072688028475,2.91796875,0.67232870018838353,0.84049079262862825
35.541235272509283,0.15711975097656217,0.12245010349517002,0.18004830469293642,-0.099228457253812338,-0.19798636067405651,0.39761107995679562,0.046158606448788393,-0.021599305530890827,0.87366555439240001,2.87890625,0.67571652574444063,0.82409925324731992
35.611336328273602,0.15711975097656256,0.12240154875803651,0.18000848442249412,-0.079388847333082838,-0.20588798471622002,0.39730721077173486,0.04799354930656085,-0.017196292217238437,0.87486551516385913,2.8515625,0.67849526479648903,0.80709187087538992
35.68143738403792,0.15711975097656247,0.12235443216126862,0.17999809674587824,-0.058889145224645764,-0.21191047966517601,0.39701316638264872,0.049390278605700201,-0.012652628834814146,0.87589506437106779,2.8828125,0.68100809996470146,0.79576417511946784
35.751538439802239,0.15711975097656258,0.12230640189053389,0.17998408168907185,-0.037912370070938617,-0.21600639151152148,0.39673549896010796,0.050337229783568083,-0.0080075791130362981,0.87823434209558049,2.83203125,0.68402353697188145,0.79566921523272449
35.821639495566558,0.15711975097656244,0.12225763093746052,0.18005273998495969,-0.016660969894282854,-0.21814115759574862,0.39646493763325713,0.05082487614198912,-0.003305079994906221,0.88051884944363856,2.8515625,0.68584595340733101,0.80244660020029945
35.891740551330876,0.15711975097656192,0.1222080522144573,0.18007678867046517,0.0046820797798404982,-0.2183024885959218,0.39623262931657499,0.050854298506585911,0.0014146690602870892,0.8828016442560136,2.87109375,0.68797159068131186,0.82686479575350513
35.961841607095195,0.15711975097656294,0.12215765030936915,0.18005273998495966,0.025918176704948229,-0.21649714667587158,0.39601435410260877,0.050423257451448981,0.0061071614180321946,0.88483752494074674,2.90234375,0.68861592787748216,0.85606493038393805
36.031942662859514,0.15711975097656256,0.12210674675447496,0.17998408168907187,0.04685410468195618,-0.21274912307518593,0.39582913048390922,0.049535025450443332,0.010732436269567285,0.88633191242405807,2.90234375,0.68947035568805826,0.86749213341378706
36.102043718623833,0.15711975097656278,0.12205626339617358,0.1799980967458783,0.067303088181242823,-0.20708946662797095,0.39567628024877199,0.048204107634539736,0.015243937980947257,0.88683876415702456,2.9140625,0.68894491281845349,0.8782187271364037
36.172144774388151,0.15711975097656239,0.12200451446505459,0.18000848442249384,0.087076324231020283,-0.19957988743409796,0.39553779048701182,0.046440136595616563,0.019602147061278975,0.8862020792386941,2.8984375,0.68806065148728524,0.88610754002255343
36.24224583015247,0.15711975097656225,0.12195237625488188,0.18004830469293631,0.10600017002455793,-0.19029123914874341,0.39543035614340688,0.044259999905460208,0.023769880226776778,0.88474824596162926,2.90234375,0.68722435271014537,0.88730119250477157
36.312346885916789,0.15711975097656236,0.12190147879649908,0.17998515728584191,0.12390894889126308,-0.17931566658358267,0.39535034226127397,0.041688586722453354,0.027711515262410974,0.88337463452915443,2.87109375,0.68480350376676491,0.88464638877924306
36.3824479416811,0.15711975097656278,0.12184915704194391,0.18006757779699709,0.14063177217634759,-0.16674577791505998,0.39526334977019995,0.038747368466727841,0.031386868898812322,0.88184694065284808,2.87890625,0.68288740306414397,0.87107381689116836
36.452548997445419,0.15711975097656278,0.12179544571270633,0.17998539247938772,0.15603091504158645,-0.15270244467766772,0.39520127724837184,0.035464135536414046,0.034764535027976121,0.88071954674846598,2.89453125,0.68116076515872792,0.86171923525090743
36.522650053209738,0.15711975097656211,0.12174230746132464,0.180067577796997,0.16996920938321711,-0.13732176496390613,0.39515199411509344,0.031872664368631405,0.037820038341273128,0.88028617041023827,2.8671875,0.68201408485402515,0.84789932221882236
36.592751108974056,0.15711975097656236,0.12169195564933406,0.17998515728584161,0.18232462106509645,-0.12074962059277078,0.39510335889494547,0.028005303538285137,0.040527858129708508,0.88105187226792514,2.8828125,0.68034857591873665,0.83409371355921169
36.662852164738375,0.157119750976563,0.12164041881845164,0.18004830469293637,0.19299205551077031,-0.1031251985340905,0.39505797275284826,0.023897008823175372,0.042857709357894395,0.88197970033457906,2.875,0.681260493882761,0.81775126481172933
36.732953220502694,0.15711975097656225,0.12158767882856149,0.18000848442249384,0.20188517379935089,-0.08461843601179149,0.39502773628981314,0.01958411865552636,0.044795338981325442,0.88415680407462227,2.890625,0.68345831090193887,0.79819641613806913
36.803054276267012,0.15711975097656242,0.12153767633554211,0.17999809674587836,0.20892962552571412,-0.065408912316555712,0.39498106999569776,0.015108228389843008,0.046324873242941385,0.88612483246969109,2.9296875,0.6842808169521708,0.77991040896354913
36.873155332031331,0.15711975097656247,0.12148753841399905,0.17998408168907196,0.21407094665927417,-0.045655487722289834,0.39493496612859846,0.010508489664249353,0.047429284015837944,0.8895981715235457,2.90234375,0.68666377985325966,0.76060349258624516
36.94325638779565,0.15711975097656233,0.12143731698164888,0.18005273998495977,0.21726547451062489,-0.025548950766396503,0.39487590734491096,0.005828205791602664,0.04810271318987365,0.89312176032409063,2.94921875,0.68854344039117721,0.75137439837347975
37.013357443559968,0.15711975097656242,0.12138886863254772,0.18007678867046539,0.21848875683750166,-0.0052767255746458243,0.39480154359642783,0.0011081871460675765,0.048340139369355425,0.89645400632907501,2.94140625,0.69040837378759023,0.77615665394218669
37.083458499324287,0.15711975097656269,0.12133966229244017,0.18005273998495974,0.21773463967125606,0.014989245962762314,0.39472002440865306,-0.0036073864198695633,0.048139488637314903,0.89956444080233666,2.9609375,0.69286969513551466,0.79744871043755949
37.153559555088606,0.15711975097656256,0.12129258386486538,0.17998408168907198,0.21502134162421385,0.035051808284588086,0.39461392962836417,-0.008277155079753528,0.047504563523482091,0.9021650871030743,2.96875,0.69378517327948275,0.82008461889927919
37.223660610852917,0.15711975097656244,0.12124550265836675,0.17999809674587847,0.21037800830354939,0.054735210035658358,0.39449667546512807,-0.012858590697460167,0.046440765076730672,0.90370097211553102,2.96484375,0.69463622353347154,0.83884997123004901
37.293761666617236,0.15711975097656278,0.12119897128793983,0.18000848442249387,0.2038476787340206,0.073865862606341245,0.39435467435020055,-0.017306368579224081,0.044960452120122875,0.90407373152291481,2.96875,0.69415980456994064,0.84622235442889904
37.363862722381555,0.15711975097656247,0.12115383729733294,0.18004830469293628,0.1954988533570427,0.092259285604834748,0.39418386188984189,-0.021583574155001395,0.04307858209552376,0.90343008757649057,2.97265625,0.6931672769683519,0.85041081126618612
37.433963778145873,0.15711975097656231,0.12110815311237787,0.1799851572858418,0.18540739009491905,0.10976064658860871,0.39399070229094585,-0.025650948209772532,0.040810945821063475,0.90237106471160611,2.95703125,0.69198178290543766,0.856318044293636
37.504064833910192,0.15711975097656244,0.12106316152746342,0.18006757779699689,0.17367057291727259,0.12621626700294031,0.39377740025604979,-0.029472361404492539,0.038182482987305852,0.90070778228728154,2.9296875,0.68900161181551789,0.85379709146637384
37.574165889674511,0.15711975097656308,0.12101713407661652,0.17998539247938772,0.1603934757335824,0.14146614702033386,0.39353046428421762,-0.033011768255518818,0.035218052947611184,0.89893070458930613,2.953125,0.68664523530824784,0.84202617227398402
37.644266945438829,0.1571197509765625,0.12097116669877521,0.18006757779699697,0.14570854270806505,0.15539053973495351,0.39327452153687786,-0.036244833352876621,0.031941788358074513,0.89748225875846166,2.90625,0.68604017133911943,0.8369108864947421
37.714368001203148,0.15711975097656231,0.12092646754776866,0.17998515728584186,0.12975457470719548,0.16786735743471667,0.39300548420794551,-0.039141651581196597,0.028389484209098207,0.89669077831526178,2.90234375,0.68482346814565698,0.82419171743741204
37.784469056967467,0.15711975097656253,0.12088247135801775,0.18004830469293631,0.11266972554198015,0.17878556458508055,0.39272515203752706,-0.041675631829619003,0.02459371313694448,0.89662753701859832,2.90234375,0.68457475954035441,0.80722064435069707
37.854570112731786,0.15711975097656256,0.12083656425096631,0.18000848442249379,0.094608948131422885,0.18805033404715904,0.39244454467399853,-0.043823351899814129,0.020587696431495755,0.89740542061318407,2.890625,0.68673996631333845,0.78599025849522441
37.924671168496104,0.15711975097656264,0.12079057682443457,0.17999809674587847,0.075751120623467907,0.1955939754549457,0.39216361839439612,-0.045571626702073133,0.016404700371303586,0.89821761637818354,2.94921875,0.68733031914978993,0.76253935435295428
37.994772224260423,0.15711975097656222,0.12074473824590934,0.17998408168907176,0.056264836531475744,0.20135154712668643,0.39189137688850434,-0.046903527802886084,0.01208568669257612,0.90026114523014145,2.91796875,0.68875093973403334,0.74839540422131312
38.064873280024742,0.15711975097656275,0.12069714200994985,0.18005273998495963,0.036317352739712372,0.20527546421294393,0.39163470651660115,-0.047804324728993354,0.007671288917316714,0.90260166127088159,2.9140625,0.69069872313498959,0.73750199283097406
38.134974335789053,0.15711975097656253,0.1206508134101716,0.1800767886704655,0.016109616560469383,0.20733821186689974,0.39138710574652491,-0.048272607712812346,0.0032007241581607391,0.90473196944302781,2.91015625,0.69277546125540757,0.74711283652370275
38.205075391553372,0.15711975097656275,0.1206047238443501,0.18005273998495963,-0.0041868898601225193,0.20752573279264996,0.39116472846429928,-0.048303153575299733,-0.0012850575931469298,0.90653906503167381,2.92578125,0.69545189995569312,0.76812570071131669
38.275176447317691,0.15711975097656258,0.12055784805877938,0.17998408168907207,-0.024384915662432775,0.2058434965166944,0.39096437348661284,-0.047896538079902552,-0.0057445984225388382,0.90815772260802463,2.9140625,0.69711087403410643,0.78852719717334108
38.345277503082009,0.15711975097656225,0.12051239385247974,0.17999809674587833,-0.044295453125072201,0.2023119498797542,0.3907926568134738,-0.047057788605409927,-0.010142901456640032,0.90868742043954909,2.90625,0.69893233149426581,0.80353054464851092
38.415378558846328,0.15711975097656203,0.12046605593923153,0.18000848442249417,-0.063750784412605691,0.19696529463889278,0.39064706978740132,-0.045794346363071427,-0.014434056942982965,0.90837029775088596,2.90234375,0.7005917872112708,0.82148557001887323
38.485479614610647,0.15711975097656247,0.12042036289828119,0.1800483046929364,-0.082565924122230697,0.18985834360982295,0.39051960599351354,-0.044122797564472176,-0.018577590159899092,0.90690218453619909,2.921875,0.70029122122567,0.82910781451416005
38.555580670374965,0.15711975097656272,0.12037563917314362,0.179985157285842,-0.10056890911491952,0.18106466886941583,0.39041501574902354,-0.042056508371233099,-0.02254107529278827,0.90541995473561587,2.90234375,0.69965156730430267,0.83022327737831458
38.625681726139284,0.1571197509765625,0.12032938115906322,0.18006757779699706,-0.1176105508948586,0.17066249239561282,0.39032880970117917,-0.039614499228767537,-0.026285431714053915,0.90338465103051979,2.87109375,0.69715149775776297,0.83497493859390504
38.695782781903603,0.15711975097656242,0.12028365681860792,0.17998539247938763,-0.13353049380530616,0.15874704138599363,0.39026012293708584,-0.03682458146992925,-0.029778352731423118,0.90133610706098499,2.90625,0.69521421640412129,0.8299382144700127
38.765883837667921,0.15711975097656256,0.12023851155553625,0.18006757779699703,-0.14818495928308784,0.14543441076754596,0.39020491397111107,-0.033710446077258857,-0.032993866258886569,0.89985775573395343,2.88671875,0.69516181029890611,0.81826503506412751
38.83598489343224,0.15711975097656264,0.12019287014371705,0.17998515728584166,-0.16145506566144621,0.13085238059559365,0.39015965506168371,-0.030299497170719572,-0.035901464938725612,0.89979329621143267,2.88671875,0.69447465615190762,0.81253756147046596
38.906085949196559,0.15711975097656253,0.12014788313833993,0.18004830469293637,-0.1732272811477733,0.11513256641732915,0.39011475325337341,-0.026627095176722803,-0.038476918303907322,0.90106636291521613,2.859375,0.69296392491299164,0.79990436532730103
38.97618700496087,0.15711975097656225,0.12010186010340552,0.18000848442249384,-0.18339375652017759,0.098411035199389735,0.39007886191886976,-0.022726601400812712,-0.040695208641659049,0.90359006901900296,2.87109375,0.69367918601087575,0.78379742017270193
39.046288060725189,0.15711975097656253,0.12005664222741506,0.17999809674587822,-0.19186900847375643,0.080851523687986898,0.39003126325006099,-0.018632386428222618,-0.042541917242995858,0.90625565212011583,2.93359375,0.69415490199296215,0.76530714370480513
39.116389116489508,0.15711975097656211,0.12001169504332113,0.17998408168907193,-0.19858949906726817,0.062617882196685543,0.38997558714343894,-0.01437955227585601,-0.044000245487287162,0.91008266035194862,2.8984375,0.69378534222242483,0.74700887893215651
39.186490172253826,0.15711975097656239,0.11996380207333422,0.18005273998495985,-0.20349856608654227,0.043861114552755695,0.38991785193315431,-0.010009141787158416,-0.045053263792766494,0.91429254297221241,2.9375,0.69447496017219723,0.74259300909846326
39.256591228018145,0.15711975097656264,0.11991689241157252,0.18007678867046589,-0.20655745771204465,0.024766981606513506,0.3898452688707772,-0.0055613331116007286,-0.045699103184943225,0.91820259464146203,2.9765625,0.6955768609695212,0.74253541009485591
39.326692283782464,0.15711975097656233,0.11987134738711312,0.18005273998495985,-0.20774500538824467,0.0055099285264788187,0.38975336738800892,-0.0010756698916612845,-0.045929639121242531,0.92180521404950289,2.99609375,0.69684337476972324,0.76508906806203703
39.396793339546782,0.15711975097656242,0.11982537082139424,0.17998408168907198,-0.20705667326215899,-0.013746065925078576,0.38964955486390668,0.0034057182280864918,-0.045743631533415416,0.92500799187692717,2.98046875,0.69800606770970597,0.78524937509209947
39.466894395311101,0.15711975097656281,0.11978112117124387,0.17999809674587824,-0.20450373977152411,-0.032814295413126658,0.38952565750789353,0.0078449923459870743,-0.045145825820945132,0.92685835228816993,2.984375,0.69931657590895613,0.80830341423510177
39.53699545107542,0.15711975097656203,0.11973721207857181,0.18000848442249379,-0.20011281870695188,-0.051525984705923768,0.38938036871692794,0.012200278642320315,-0.044139778178627638,0.92759844754633725,2.9375,0.70041020881434757,0.82504998082493963
39.607096506839738,0.15711975097656242,0.11969406654724878,0.18004830469293626,-0.19393204163327588,-0.069719583992806131,0.38922035702393792,0.016430577755265834,-0.042737936388593148,0.92676583928427714,2.9609375,0.70003489485850878,0.83006821437407063
39.677197562604057,0.15711975097656219,0.11965284532401406,0.17998515728584169,-0.18602016356391804,-0.087217473762861833,0.38903228143629931,0.020497339262643983,-0.040956983959397925,0.92551608606257141,2.953125,0.69819057747942148,0.83822545350060673
39.747298618368376,0.15711975097656231,0.11961286853362753,0.18006757779699722,-0.17645447260456429,-0.10386795357222105,0.38882732359016553,0.024366565967570187,-0.038809350080324635,0.92317157372706471,2.921875,0.69703313643192399,0.84067284648608909
39.817399674132695,0.15711975097656225,0.11957183916860382,0.17998539247938775,-0.16532185456148038,-0.1195314711895875,0.38860823281936552,0.028000608609201762,-0.036316982342018279,0.92036868672312677,2.94140625,0.69562010055431722,0.83481526898230995
39.887500729897006,0.15711975097656194,0.11953256434761331,0.18006757779699706,-0.15272891680280662,-0.13405763385731934,0.38837923579834993,0.031371155314915349,-0.033506647298273524,0.91763087628109918,2.9140625,0.69464091704380415,0.82852702937364542
39.957601785661325,0.15711975097656258,0.11949495241317531,0.17998515728584205,-0.13880255383982892,-0.14731989607541798,0.38813423965788851,0.034450963699715446,-0.030401832809487734,0.9158072175779034,2.91015625,0.6955659956087028,0.82297817200558132
40.027702841425643,0.15711975097656206,0.11945714094081469,0.18004830469293637,-0.12366172066067796,-0.15921217711211511,0.38788479619364913,0.037209674650157419,-0.027029937164108075,0.91560607185789056,2.87890625,0.69409561594553437,0.81084824705982605
40.097803897189962,0.15711975097656272,0.11941817804746728,0.18000848442249412,-0.10744422116573407,-0.16962883547428334,0.38764337110645219,0.039624592465526597,-0.023426092623210378,0.91649439877347194,2.859375,0.69546430888605459,0.79680449096042172
40.167904952954281,0.15711975097656247,0.11937972708207675,0.17999809674587822,-0.090305825609205137,-0.17847845010037655,0.38739574490448703,0.04167514347467223,-0.019623059395148832,0.91754969388596319,2.8984375,0.69820314578631415,0.78222610684060834
40.2380060087186,0.15711975097656261,0.11934178904125629,0.17998408168907187,-0.072403975673719811,-0.18568640606985942,0.38714836042438389,0.043342823649687931,-0.015654677831336377,0.91967822867782711,2.8515625,0.69936240317685416,0.76633888634159597
40.308107064482918,0.157119750976562,0.11930197385146797,0.18005273998495966,-0.053894326909006605,-0.191199380905547,0.38692711756137393,0.044614173566451601,-0.011555487303171607,0.92201649473736624,2.87890625,0.70052008172074243,0.74961496637043035
40.378208120247237,0.15711975097656231,0.1192595448955764,0.18007678867046514,-0.034952952557928199,-0.19496961628835704,0.3867112595980044,0.045478372032086857,-0.0073640326429683673,0.92449141595019457,2.89453125,0.7028100221832031,0.73610172991011835
40.448309176011556,0.15711975097656244,0.11921823928306352,0.18005273998495966,-0.015756808024587066,-0.19696960619526788,0.38651148218944775,0.045930433571824129,-0.0031181133410793653,0.9266902667580037,2.91796875,0.70448217379211087,0.75962976682254335
40.518410231775874,0.15711975097656272,0.11917567764571241,0.17998408168907185,0.00353518594688337,-0.19719011089529223,0.38634287837447656,0.045965534653540883,0.0011440158009151493,0.92856963511430646,2.91796875,0.70585528755045357,0.78259443977635079
40.588511287540193,0.15711975097656253,0.11913268542524295,0.1799980967458783,0.022732040772104181,-0.19563397559343129,0.38618790010177878,0.045585742128187071,0.0053841405237003565,0.92959842769990597,2.8984375,0.70656398320367364,0.80326765212736928
40.658612343304512,0.15711975097656217,0.11908997398489092,0.18000848442249387,0.041661712407840515,-0.19231727216822042,0.38605083554415454,0.0447938028468053,0.0095629863251653572,0.92964347094843625,2.875,0.70739280234645485,0.81286306998657054
40.728713399068823,0.15711975097656267,0.11904657134666945,0.18004830469293617,0.060163948818878231,-0.18727785908613279,0.38593989357371744,0.043599464637781908,0.013641638940570851,0.92844380681105476,2.9140625,0.70685370636240952,0.83249888714260323
40.798814454833142,0.15711975097656222,0.11900455092724524,0.17998515728584177,0.078060205684928691,-0.1805666058364854,0.38583878800837496,0.042015997386204491,0.017584426996337912,0.92693092589397397,2.90234375,0.70569396632824966,0.83425035389979485
40.868915510597461,0.15711975097656233,0.11896288006132032,0.180067577796997,0.095190937515810578,-0.17224606972988138,0.38575487965833244,0.040056782305126624,0.021356094112967284,0.92467540209615828,2.87109375,0.70424352957445813,0.83742596961468752
40.939016566361779,0.15711975097656297,0.11892047385847213,0.17998539247938772,0.11141059485170984,-0.16239570087728308,0.38568280317849868,0.037740841778079334,0.024919437946180793,0.9222834152942847,2.91015625,0.70338881254261176,0.83830009643568704
41.009117622126098,0.15711975097656264,0.11887913049803564,0.18006757779699695,0.12657073171649841,-0.15110919401065998,0.38563055899226029,0.035093086827471046,0.028249337845570523,0.92026941859348188,2.90234375,0.70319935165409686,0.83766450912813739
41.079218677890417,0.157119750976562,0.11883929701026091,0.17998515728584172,0.14052981319205587,-0.13849618133338681,0.38557920973322013,0.032137423763413699,0.031314474433784607,0.91911418637614406,2.8984375,0.70332332030467826,0.82988098944703403
41.149319733654735,0.15711975097656253,0.11880029355073432,0.18004830469293637,0.15317559453366239,-0.12467559953386277,0.38553481562531949,0.028898810577310915,0.034089919311948658,0.91951943070982911,2.87109375,0.70338324019308973,0.81829183041014264
41.219420789419054,0.15711975097656211,0.11876035034524099,0.18000848442249384,0.16440061060554773,-0.10976291427889175,0.38550580400867895,0.025409428075819709,0.036549551229191901,0.92112122529457241,2.8671875,0.70494322646067686,0.80711726430009301
41.289521845183373,0.15711975097656231,0.11872033812944045,0.17999809674587849,0.17410278101936547,-0.093902015138133024,0.38546442069945464,0.021704066555836895,0.038671137678957974,0.92300018208188583,2.921875,0.70750653665000041,0.79309563261890326
41.359622900947691,0.15711975097656225,0.11868158407123289,0.17998408168907196,0.18219777540710966,-0.07724582749933083,0.38541123845966646,0.017815130959608506,0.040437820939790932,0.92597714843385748,2.8828125,0.70822426942279959,0.78044071381855906
41.42972395671201,0.15711975097656231,0.11864197585068177,0.18005273998495977,0.18862440198721087,-0.059935411716866248,0.38536666978417999,0.013775122410644292,0.041835132493029531,0.92938847383965029,2.90234375,0.70923489650972282,0.76864240431816488
41.499825012476329,0.15711975097656292,0.11860040012988891,0.18007678867046537,0.19332887904604487,-0.04213225583224451,0.3853106620289003,0.0096223172809867617,0.042850945410775748,0.93299865982343422,2.90234375,0.71117151322681527,0.76445613233441057
41.569926068240648,0.15711975097656264,0.11855937338313324,0.18005273998495969,0.19627374307727344,-0.024007499774852142,0.38523260206940441,0.0053956113982642643,0.043476513586565728,0.93632321177228928,2.9140625,0.71191760806849635,0.76247973277816705
41.640027124004959,0.15711975097656233,0.11851844358202959,0.17998408168907193,0.1974379497834706,-0.0057135229955064632,0.38515551170659074,0.0011318266027203758,0.043707780875741516,0.93929933070705729,2.91015625,0.71265911177457986,0.77013125810534055
41.710128179769278,0.15711975097656239,0.11847673264427502,0.17999809674587847,0.19681980172279814,0.012582347231545601,0.3850639496353615,-0.0031300587070666199,0.043545278344933533,0.94161708299729696,2.91796875,0.7123829028762948,0.78549359953043396
41.780229235533596,0.15711975097656256,0.11843573388593617,0.18000848442249384,0.19442698359912558,0.030700324325561714,0.38494047850730356,-0.0073505654987825056,0.042988928316662886,0.94284017585539492,2.9140625,0.71176389217201996,0.79606980000070082
41.850330291297915,0.15711975097656289,0.11839497107661541,0.18004830469293637,0.19028585636035786,0.048490047195133834,0.38481036286112391,-0.011490982130965628,0.042045895749181335,0.94276343028969145,2.921875,0.71068413197068503,0.81687080954015279
41.920431347062234,0.15711975097656233,0.11835472411182972,0.17998515728584186,0.1844423759509537,0.065788474899320853,0.38465822873582212,-0.01551419713832157,0.040726703946113156,0.942468813397907,2.90625,0.70813107273151177,0.81808478284667452
41.990532402826553,0.1571197509765625,0.1183158528508193,0.18006757779699689,0.17695170400388574,0.082433372805420652,0.38448043611799898,-0.019385797685078122,0.039043185563019264,0.94135043293704734,2.8984375,0.70530993456509961,0.82015037612213071
42.060633458590871,0.15711975097656256,0.11827743104541223,0.17998539247938769,0.16788310094209069,0.098281306039873367,0.38428832579877981,-0.023068395358906413,0.03701148204187351,0.93996479004925138,2.9296875,0.70341338919770191,0.81539878525485343
42.13073451435519,0.15711975097656281,0.11823947009586354,0.180067577796997,0.15732649478658917,0.11319478668720374,0.38408784955700592,-0.026530831269888269,0.034651761773838496,0.93858930621632819,2.890625,0.70146210491658756,0.81888933971126754
42.200835570119509,0.15711975097656261,0.11820273294297566,0.17998515728584186,0.14537855489094273,0.1270347434227099,0.38387395213354836,-0.029744485125720092,0.031988125883561862,0.93716582787786606,2.8828125,0.70105622893339203,0.81174008789124141
42.270936625883827,0.15711975097656236,0.11816769368710527,0.18004830469293623,0.13215786503878996,0.13967616416260151,0.38364629080591234,-0.032680096985001669,0.029043953664457639,0.93653883961542417,2.86328125,0.70196524189149934,0.80001403164839602
42.341037681648146,0.15711975097656258,0.11813245403033126,0.18000848442249376,0.1177825838957552,0.15102003610644316,0.38342047363861109,-0.035311875245710132,0.025845285349992819,0.93625822044933682,2.84375,0.70382304469997881,0.78537388688332643
42.411138737412465,0.15711975097656267,0.11809685802412169,0.17999809674587847,0.10238047690468989,0.16096509233140024,0.3832041944795439,-0.037617333015796166,0.022424741968719113,0.93607801820414804,2.87890625,0.70551416644277798,0.76913087930206592
42.481239793176776,0.15711975097656253,0.11806131573547299,0.17998408168907198,0.086100086469943854,0.16942460298473,0.38297432460845832,-0.039575163665845965,0.018814112831219167,0.93645505443813215,2.86328125,0.7089210779786923,0.75951337569487398
42.551340848941095,0.15711975097656264,0.11802692318620134,0.18005273998495971,0.069096038997207343,0.17632751765418209,0.38274969470211612,-0.041169975356136763,0.015045044948314976,0.93782077560571464,2.86328125,0.71156017362724666,0.74919244462484169
42.621441904705414,0.15711975097656269,0.11799087636062761,0.18007678867046548,0.051509542220195707,0.18161909947520985,0.38255428214296494,-0.042389238500888785,0.011149993073578762,0.93922702421874638,2.85546875,0.71372441385086938,0.74093156653839287
42.691542960469732,0.15711975097656256,0.11795322180715277,0.18005273998495963,0.033512642125701292,0.18525620722478847,0.38236715213838618,-0.043222206676526806,0.0071647261904336824,0.94075542814706858,2.8671875,0.71599332781917857,0.73840002235372615
42.761644016234051,0.15711975097656264,0.11791611051195171,0.17998408168907187,0.015270865985252898,0.18721133914175053,0.38218763125791327,-0.043661729671358229,0.0031285452421435825,0.94206685795224265,2.84375,0.71875317108422043,0.74133852817693424
42.83174507199837,0.15711975097656275,0.11787882608736007,0.17999809674587836,-0.0030597054451772959,0.18747523666297597,0.38204294117041243,-0.043705868317531364,-0.00092469825330592295,0.94287258343087366,2.84375,0.72014668963448347,0.76373537186938611
42.901846127762688,0.15711975097656269,0.11784013535944175,0.18000848442249423,-0.021308085523614306,0.18604773783956541,0.38191917552319476,-0.043355022790371879,-0.004959392587871916,0.94317368160511195,2.84375,0.71980846591323122,0.78557686227905332
42.971947183527007,0.15711975097656253,0.11780187016475396,0.18004830469293637,-0.039302309564865245,0.18294383537187053,0.38180279214399487,-0.042612677706551569,-0.0089349859708663902,0.94232370689470724,2.84375,0.72097662783718408,0.78989430325074728
43.042048239291326,0.15711975097656272,0.11776394319192375,0.17998515728584202,-0.056892356731681401,0.1782027017563467,0.3817231902149813,-0.041488620293678717,-0.012817411715302467,0.94190930222619829,2.8203125,0.71962890664886681,0.80273558441929527
43.112149295055644,0.15711975097656247,0.11772578582301547,0.18006757779699709,-0.07390891203304463,0.17186510195434446,0.38164673077553202,-0.039993945214442064,-0.016571133204121954,0.94099124321852856,2.80078125,0.71673907676246673,0.80572922181548312
43.182250350819963,0.15711975097656236,0.11768632621805658,0.17998539247938755,-0.09020090849451283,0.16399011969304464,0.38157097071309426,-0.038140255470855755,-0.020159091658472298,0.94019022358746251,2.8359375,0.71432483465103724,0.80492002085370751
43.252351406584282,0.15711975097656258,0.11764725944366228,0.180067577796997,-0.10563017555211289,0.15466108043289456,0.38152210750582161,-0.035947435980544326,-0.023555426367229151,0.93965030327966126,2.8046875,0.71409683386992329,0.80317524133373364
43.3224524623486,0.15711975097656233,0.11760787150349174,0.17998515728584169,-0.12005799027456675,0.14396070325755778,0.38148699787906853,-0.033438193258394179,-0.026730340627917112,0.9392243767419125,2.80078125,0.71215436632057494,0.79749928094735234
43.392553518112912,0.15711975097656283,0.11756878170079309,0.1800483046929362,-0.13334833461793441,0.13199061797108591,0.38144658699969908,-0.030635061767051771,-0.02965129380975657,0.93957934370094631,2.79296875,0.71103950986614639,0.7854874115594257
43.462654573877231,0.15711975097656267,0.11753132085041763,0.18000848442249381,-0.14539072285042659,0.11886891305222134,0.38141674131024039,-0.027562437731679459,-0.032298072394595596,0.9402049369019061,2.796875,0.71126114814997676,0.76895373956280955
43.532755629641549,0.15711975097656231,0.11749237137787125,0.17999809674587816,-0.15608223798550269,0.1047027887494484,0.38139692299634403,-0.024251401934510079,-0.034642434870817723,0.94093880581009381,2.86328125,0.7108383248340856,0.75628673462594986
43.602856685405868,0.15711975097656222,0.11745386792384255,0.17998408168907193,-0.16533142741337598,0.08963236722081494,0.38137250336236905,-0.020732926518107975,-0.036667352700719802,0.94225506905614809,2.86328125,0.71160714053587359,0.74001807774357986
43.672957741170187,0.15711975097656267,0.11741713450468111,0.1800527399849598,-0.17306085479580893,0.073802410091366177,0.38134084084182857,-0.017038506512308454,-0.038356555604737781,0.94446561465777301,2.890625,0.71323504026040696,0.73400365085689745
43.743058796934505,0.15711975097656297,0.11738021835942118,0.18007678867046592,-0.17920392399507004,0.057348045869814304,0.38130651507799518,-0.013200976254904812,-0.03969331759646981,0.94708695174989077,2.91015625,0.71469773112592461,0.7081190078967089
43.813159852698824,0.15711975097656311,0.11734129647321924,0.18005273998495985,-0.18371221880212563,0.040419876540397484,0.38127367941793056,-0.009252807862134612,-0.040666521281889259,0.94959650450986655,2.94140625,0.71684811166219908,0.70577803815727147
43.883260908463143,0.15711975097656222,0.11730410256144487,0.17998408168907201,-0.18654766050584759,0.023184661634853342,0.38122074946773776,-0.005233486772827917,-0.041271445599528098,0.95190913428680746,2.92578125,0.71860472419494648,0.69671915356121961
43.953361964227462,0.15711975097656244,0.1172678635115658,0.17999809674587824,-0.18769180774138458,0.0057906683339705644,0.38115835867494158,-0.0011806342445081636,-0.041500767692648717,0.95342932218742027,2.9140625,0.72044171688335001,0.7157662096019809
44.02346301999178,0.15711975097656272,0.1172310554561799,0.18000848442249387,-0.18714357000013446,-0.011607340610204964,0.38109077445063916,0.0028722282739560507,-0.041353185140751557,0.95459406525970458,2.8828125,0.72157552352430787,0.73402349612299966
44.093564075756099,0.1571197509765625,0.1171954532609415,0.18004830469293623,-0.18490778106632061,-0.028841772752900466,0.3810073265149107,0.0068868492887070171,-0.040833460119599187,0.95450977613972376,2.88671875,0.7216966432569617,0.76340420148957866
44.163665131520418,0.15711975097656231,0.11716113102702573,0.17998515728584166,-0.18100959866786481,-0.045758889210007848,0.38090255244639293,0.010826075207341143,-0.039945485027337892,0.95469032193074244,2.875,0.72206039614996786,0.76714398147791207
44.233766187284729,0.15711975097656272,0.11712691627579212,0.18006757779699706,-0.17549387308598016,-0.062214496679239242,0.38078839785848195,0.014654508000857422,-0.038699283414890193,0.95410679544810872,2.83984375,0.72022616869491107,0.77815853755749842
44.303867243049048,0.15711975097656286,0.1170929366262346,0.17998539247938741,-0.1684066045939657,-0.078048024890233852,0.38064035775980776,0.018335319787836361,-0.037107680495043836,0.95335056578320143,2.859375,0.71743521040995473,0.79072098551306536
44.373968298813367,0.15711975097656217,0.11705956581519475,0.18006757779699711,-0.15981849842242898,-0.093122335865897146,0.38047661903935276,0.02183899329648353,-0.035184301577312629,0.95255403534590188,2.828125,0.71490895775776153,0.79113592754373996
44.444069354577685,0.15711975097656264,0.11702636641551245,0.17998515728584205,-0.14981435575271262,-0.10730875211892238,0.38030603387558437,0.025135551926293642,-0.032948575376608918,0.95179781274292763,2.828125,0.7141905061392938,0.78453879358438972
44.514170410342004,0.15711975097656228,0.11699218739017377,0.18004830469293642,-0.13848486489574013,-0.12047958950823875,0.38011775082514299,0.028193412042536968,-0.030422686811750321,0.95113830584467041,2.81640625,0.71236879889776428,0.77958250514902716
44.584271466106323,0.15711975097656283,0.11696053090264183,0.18000848442249409,-0.12594098695427342,-0.13251596352761255,0.37991479149925333,0.030988467166801256,-0.027630379338205672,0.95125567073514539,2.8203125,0.71046440266300981,0.77145184586493598
44.654372521870641,0.15711975097656233,0.11692719291935326,0.17999809674587836,-0.11229030406610786,-0.14331294376208126,0.37970190217794386,0.033490374491160366,-0.024596695857352208,0.95085853384217911,2.86328125,0.71070393958540479,0.75870845453541946
44.72447357763496,0.1571197509765625,0.11689265944213524,0.17998408168907187,-0.097662040817936627,-0.15278015229721803,0.37949210344496215,0.035682821175832762,-0.021349892749436109,0.95128590031378724,2.859375,0.71103107499487206,0.74320981084405868
44.794574633399279,0.15711975097656236,0.1168594625627055,0.18005273998495963,-0.082200261842567263,-0.16083950671471517,0.37927702232046667,0.037549463918045901,-0.017921716910064483,0.95243322590576662,2.90625,0.71149125959823178,0.72646592421660683
44.864675689163597,0.15711975097656231,0.11682663672084605,0.18007678867046545,-0.066042130082370309,-0.16742294796304824,0.37906095368695669,0.03906974186650556,-0.014342369766217286,0.95406845530740425,2.9140625,0.7133723812145033,0.70901502967481356
