t,volume,energy,exact_energy,cx,cy,r2,px,py,relative_l1,shore_area,velocity_l2,max_speed
0,0.1570973714192711,0.1800100591103149,0.1800100591103149,0.49999999999999939,7.4401038881598377e-17,0.58341189131280913,0,0.11000546429186733,0,0,3.258377275417074e-17,0.70023745972348561
0.070101055764318118,0.15709737141927052,0.1799940008362764,0.17999551071633038,0.49749371232492368,0.048770330358233256,0.58320740401035553,-0.01074854388915047,0.10945950144204045,0.0069420672480672687,0.150390625,0.011027036174818516,0.75258777333323179
0.14020211152863624,0.15709737141927127,0.17995935078756981,0.17996382512084971,0.49019925418617122,0.097036876669810174,0.58295070510035041,-0.02137457398985879,0.10784431826017828,0.010470767236303066,0.25390625,0.018384628049681388,0.81833713869851099
0.21030316729295434,0.15709737141927077,0.17991907449576208,0.17998677122744419,0.478206873711856,0.14432164860957494,0.58268059435796904,-0.031779147663470231,0.10519471428366227,0.013243650636913254,0.34765625,0.023535212122808288,0.8590168088999508
0.28040422305727247,0.1570973714192708,0.17987344855190734,0.17997511120613968,0.46164827847901901,0.1901750600418593,0.58241990028622947,-0.041864505814971274,0.10153564032554831,0.01527584236513152,0.4453125,0.031731914728644374,0.90711069203876249
0.3505052788215906,0.15709737141927113,0.17981647017849814,0.1799935921606847,0.44067575609487392,0.23412512726258528,0.58213724238509068,-0.051521408341063606,0.096907069823284259,0.016979414843438109,0.533203125,0.037201094373393973,0.94360925154037734
0.42060633458590868,0.15709737141927091,0.17974606552237968,0.17997286668507526,0.41551195003916852,0.2757426962743923,0.58185657150009418,-0.060653614753480849,0.091353834626552277,0.019508642710926713,0.57421875,0.039433500386605855,0.97034018648559484
0.49070739035022681,0.15709737141927077,0.17966312912812282,0.18000871541635463,0.38641706804781584,0.31465549616423266,0.58161633947770397,-0.069177619826686063,0.084935092858102676,0.020947534068417536,0.607421875,0.044962802674897412,0.9834944491999994
0.56080844611454495,0.15709737141927088,0.17956243718118356,0.17994870437309335,0.35368798456132616,0.35047295355051034,0.58144432598450535,-0.077006368396092761,0.077713044500815259,0.022614129793994006,0.681640625,0.047201947887859377,0.99459439340079769
0.63090950187886308,0.15709737141927077,0.17945638325766933,0.18000871541635502,0.31765012847304203,0.38290831398121278,0.58140225658476574,-0.084080117813324473,0.069763688895731923,0.024037806698361263,0.724609375,0.050484322619518067,1.0172207299806868
0.70101055764318121,0.15709737141927083,0.17933734360607223,0.17997286668507564,0.27866313563263229,0.41163976105153954,0.58152671404921474,-0.090328633978545736,0.061160045264467375,0.025334395120674168,0.779296875,0.051924147602236133,1.0231747636755879
0.77111161340749934,0.15709737141927102,0.17922251964824595,0.17999359216068497,0.23710019843131488,0.43643887064270986,0.58185057192214562,-0.095707733153607227,0.051993021091168719,0.027147420189688756,0.8203125,0.052268280853964122,1.0375685161122856
0.84121266917181736,0.15709737141927071,0.1791091045562507,0.17997511120613968,0.1933695575803239,0.45707203250887979,0.58236279553584258,-0.10016789251577102,0.0423491059634944,0.029126564665034261,0.8671875,0.049737197934330506,1.0473775506162408
0.91131372493613549,0.15709737141927085,0.17899448606843432,0.17998677122744419,0.14786732625454449,0.47333954859007049,0.58303447093281702,-0.10366450122849713,0.032321342925548786,0.030990050092075831,0.92578125,0.047809282369760987,1.0312942877168259
0.98141478070045363,0.1570973714192706,0.17888411425376399,0.17996382512084977,0.10103560464019559,0.48509283705008943,0.58379389952470229,-0.10616632341399161,0.022004538874191581,0.033344997275380005,0.96484375,0.045284879994010423,1.0291686089775707
1.0515158364647719,0.15709737141927088,0.17877398025942201,0.17999551071633055,0.053335345930058925,0.49223248423741423,0.5846241914284801,-0.10764323014533451,0.011503310163152199,0.03499784682278087,1.013671875,0.044564826643071841,1.0286591910139415
1.1216168922290899,0.15709737141927085,0.17866701128289128,0.1800100591103149,0.0052323866290715304,0.49470346392628139,0.58552036137583674,-0.10808791761877941,0.00092283491620934633,0.036038072806118503,1.072265625,0.043260722265093449,1.0264412013507425
1.1917179479934079,0.15709737141927096,0.17856342177433082,0.18000011222096496,-0.042816519464391668,0.49248541809355439,0.58643131326175113,-0.10749838564503386,-0.0096314806761675191,0.037452291000394093,1.140625,0.042025572016142737,0.99850160967676316
1.2618190037577262,0.15709737141927124,0.17845798637326921,0.17998013320315756,-0.090334659309506474,0.48561014834953625,0.58731441876279522,-0.10587710343549397,-0.020055812497528937,0.039703053460122081,1.2109375,0.041595895216234281,0.95198889350833049
1.3319200595220442,0.15709737141927052,0.17834938588706634,0.17995197968680735,-0.13687274660767185,0.47416272224144601,0.58813405044054679,-0.10324041785977194,-0.030261558762698908,0.042552360717589388,1.287109375,0.040994626776665467,0.92177572088370907
1.4020211152863624,0.15709737141927105,0.17824137635876189,0.17999061743901065,-0.18200207705791877,0.45826759521588478,0.58885396855976435,-0.099618191639284204,-0.040155997357952285,0.045285778978525877,1.3515625,0.042451185410496445,0.93315767815787376
1.4721221710506804,0.1570973714192706,0.17812942000426074,0.17999753238111657,-0.22528690580347113,0.43807627664928672,0.58943815657335497,-0.095044775242379004,-0.049649042080281244,0.047345695358735618,1.4453125,0.043459349451518373,0.93043921424953224
1.5422232268149987,0.15709737141927044,0.17800773715434659,0.17996278899174739,-0.26630657276927677,0.41377437061368444,0.58982690378833114,-0.089563068951586625,-0.05864961169868748,0.048579250857020542,1.537109375,0.045539224230330015,0.93462023718417397
1.6123242825793167,0.15709737141927094,0.17788418630627564,0.18000998619288863,-0.3046771799072493,0.38561788741819786,0.58998123880848985,-0.083233880531114135,-0.067073259324243545,0.048235044597867309,1.6015625,0.047895489107084764,0.94266501671677672
1.6824253383436347,0.15709737141927094,0.17775897666272239,0.17998174297233702,-0.34004155139697434,0.35386814519475329,0.58989381152953813,-0.076123282704777084,-0.074842453362995442,0.047218206623882569,1.697265625,0.050799873513271296,0.92363763895158379
1.752526394107953,0.15709737141927041,0.17763061056771554,0.18000998619288872,-0.37206527294121783,0.31884172904056957,0.58953021793795979,-0.068298226108197316,-0.08188122088883748,0.045445792638020129,1.76953125,0.054593757852282258,0.92321048882868051
1.822627449872271,0.15709737141927124,0.17750071923324676,0.17996278899174759,-0.40044936680185111,0.2808772472254713,0.5889035171518674,-0.059837974132957286,-0.088127484039318457,0.044233084549203362,1.873046875,0.056748641183723331,0.93003148453310991
1.8927285056365892,0.15709737141927083,0.17737191566898969,0.17999753238111632,-0.42493678091604214,0.24033933041275887,0.58799430416895437,-0.050821538685275766,-0.093521174297484619,0.044520639828295461,1.9453125,0.06064459656156608,0.94361062120807859
1.9628295614009073,0.15709737141927055,0.17724131497313023,0.17999061743901076,-0.44530045768840876,0.19761437600077236,0.58684365347950751,-0.041336169388895616,-0.098013962035945784,0.046076916962503281,2.05078125,0.062755594379145463,0.96933835747618446
2.0329306171652255,0.15709737141927108,0.17710961751135074,0.1799519796868074,-0.46133385962679896,0.15313056609912204,0.58544819883081944,-0.031476072382607939,-0.10156250055692165,0.048546517616026526,2.15234375,0.063725911777786137,1.0012870886562368
2.1030316729295437,0.15709737141927088,0.17697668652335075,0.17998013320315742,-0.47289659963976666,0.10731485807221308,0.58384595758014901,-0.021337738656282055,-0.10413596366257771,0.050872043939710475,2.240234375,0.065585017027868342,1.0290092192255549
2.1731327286938615,0.15709737141927074,0.1768409640772515,0.18000011222096485,-0.47988981697815386,0.060602240699205494,0.5820712693804051,-0.011019374561229953,-0.10571277369747756,0.052684928256487754,2.3046875,0.066620910539341494,1.0516189821500508
2.2432337844581798,0.15709737141927066,0.17670456673995244,0.18001005911031479,-0.4822506091859276,0.013452575847410345,0.58015033128058924,-0.00062389699855609749,-0.10628330244799,0.053742316248761558,2.41796875,0.067953165852342734,1.0645914614201364
2.313334840222498,0.15709737141927019,0.17656251889386615,0.17999551071633069,-0.47995930046504931,-0.033665365357734539,0.57810978822260017,0.0097448205896776257,-0.10584477545467877,0.054266196510880889,2.51171875,0.068941772515664093,1.0520298687142977
2.3834358959868158,0.15709737141927094,0.17641029775577824,0.17996382512084985,-0.473052327932307,-0.080278627595831931,0.57598492253128597,0.019979669959521718,-0.10440204265453515,0.054506634187549162,2.60546875,0.070666522136937956,1.0388885912809915
2.4535369517511341,0.15709737141927121,0.17624902830227829,0.17998677122744403,-0.46161875290030469,-0.12596438454693473,0.57386819221587515,0.029984146200069357,-0.10197035464035334,0.054801147047822379,2.69140625,0.07011443647683592,1.0094232705676875
2.5236380075154523,0.15709737141927121,0.17607873341042291,0.17997511120613915,-0.4457877487066389,-0.17030098589790282,0.57186821045119351,0.039667272527529114,-0.098573983009342267,0.055170681243534893,2.7734375,0.070267020386841433,0.98144680028478359
2.5937390632797706,0.15709737141927094,0.17589690038073991,0.17999359216068467,-0.42572669811038821,-0.21285865866847667,0.57004140983664719,0.048929278155452845,-0.094249475610774278,0.055280716803736848,2.869140625,0.073391514271375594,0.9270517339522758
2.6638401190440884,0.15709737141927119,0.17570526810916234,0.17997286668507598,-0.40165460888037857,-0.25325256387613876,0.56851147232959487,0.057691444831388973,-0.089035887477495454,0.056729886492826412,2.94921875,0.073356450250110408,0.92207476083083495
2.7339411748084066,0.15709737141927058,0.17551605504103709,0.18000871541635471,-0.37382350026959038,-0.29114006598168612,0.56737281899416814,0.065879617523285583,-0.082991668476949332,0.05813193721225713,3.015625,0.077113366235214073,0.93238827824237169
2.8040422305727248,0.15709737141927055,0.17532075717275961,0.17994870437309315,-0.34250715017858596,-0.32613687309081019,0.56663521038372211,0.073412289426792177,-0.07617021763512577,0.059616808370640838,3.1015625,0.077841082632235811,0.95947837307612771
2.8741432863370426,0.15709737141927152,0.17513109212262346,0.18000871541635452,-0.30802290154667838,-0.35794856403149067,0.56631646581228534,0.080223440357919437,-0.068646188054309665,0.060283031355951949,3.1640625,0.081788905774188445,0.97448952746512263
2.9442443421013609,0.15709737141927055,0.17493996834758102,0.17997286668507589,-0.27069071675079781,-0.3862559915010419,0.56640622454270495,0.086255207439737247,-0.060483564111910124,0.060599893829863929,3.240234375,0.082417119397682481,1.0213335001662667
3.0143453978656791,0.15709737141927055,0.17476218527227458,0.17999359216068472,-0.23089638473277341,-0.41084024222951454,0.56694573565433148,0.091457302813243144,-0.051772804414145682,0.060727247873346595,3.294921875,0.085187231434678934,1.0506879846022805
3.0844464536299974,0.15709737141927074,0.17459317624814866,0.17997511120613915,-0.18899526256166627,-0.43146505156789056,0.56785012558772374,0.095781324112794011,-0.042586869260006356,0.061692490084523162,3.333984375,0.084206112496238897,1.070837891267254
3.1545475093943152,0.15709737141927069,0.17443088610370056,0.17998677122744428,-0.14539393885013635,-0.44793257826426242,0.56903525270648947,0.099182821034674698,-0.033019641062547268,0.062795320494309345,3.375,0.083376647457543668,1.0794597372922843
3.2246485651586334,0.15709737141927133,0.17427137136986395,0.17996382512084982,-0.10050102637706261,-0.46008412661479137,0.57043786049961576,0.10162399514460033,-0.023168591368685241,0.064313554761292843,3.416015625,0.08371206623456634,1.0924088008269828
3.2947496209229516,0.15709737141927102,0.1741249994210628,0.17999551071633074,-0.054755958085177081,-0.46782732719657788,0.5719788054120164,0.1030921490204366,-0.013129004239696276,0.065708345635958412,3.447265625,0.083447758143630854,1.0725313311253812
3.3648506766872694,0.15709737141927121,0.17398392120199674,0.1800100591103147,-0.0085893948840338498,-0.47109137022379577,0.57358279774364274,0.10356916272807914,-0.0029916511779892068,0.067469451857066709,3.470703125,0.082269341101770171,1.0426136308954261
3.4349517324515877,0.15709737141927052,0.17384498114934896,0.18000011222096476,0.037543878870415534,-0.46985423550215893,0.57518330498159809,0.10304828902844851,0.0071427285964161882,0.069589562815546166,3.49609375,0.081763035141515214,1.018046272516701
3.5050527882159059,0.15709737141927108,0.17370956284202385,0.17998013320315737,0.083192849501229085,-0.46414361491481465,0.5767068424352807,0.10153889245328204,0.017173102876143109,0.072083318836548727,3.515625,0.08213686998913268,1.0154147185869864
3.5751538439802242,0.15709737141927052,0.17357418647889256,0.17995197968680721,0.12791437699620808,-0.45402773976713856,0.57809444198751503,0.099051422421932489,0.027008885802203425,0.074376383424497594,3.53125,0.082860663921376018,0.98130830232723554
3.645254899744542,0.15709737141927052,0.17343967800492241,0.17999061743901054,0.17129618416179349,-0.43961638801169051,0.57926786283994625,0.095615508700836044,0.036562801274503814,0.076040182614878049,3.529296875,0.083276503797166779,1.023585663678737
3.7153559555088602,0.15709737141927121,0.17330225457106044,0.17999753238111599,0.21292164707753058,-0.42104826035265575,0.58015744435027694,0.091263345183113742,0.04574514797685366,0.076929637979854637,3.53125,0.084137811366031587,1.0508849922275545
3.7854570112731785,0.15709737141927105,0.17316053538135973,0.17996278899174767,0.25238906595108407,-0.39850548066066993,0.58068589622569222,0.086040365732577062,0.054464695617692856,0.077489530380824512,3.564453125,0.086200491361371437,1.0407324464541445
3.8555580670374967,0.15709737141927177,0.17301491203082059,0.18000998619288866,0.28932778769790934,-0.37221689152128351,0.58081952923884927,0.080002845345303469,0.062641003697453415,0.076868539410560002,3.56640625,0.087351605537029739,1.0604425551084848
3.9256591228018145,0.15709737141927016,0.17286856409816814,0.17998174297233746,0.3233952491972138,-0.34244084944673248,0.58054881244627299,0.073212598277770297,0.070201130498716541,0.076630814263812061,3.607421875,0.089232997196442468,1.0582085032606097
3.9957601785661327,0.15709737141927033,0.1727193629744454,0.18000998619288872,0.35426660269522292,-0.30947157854654694,0.57982503459446499,0.065734279444853425,0.077071123558976065,0.076736393338817668,3.609375,0.090962215244853831,1.1003309907099668
4.065861234330451,0.15709737141927058,0.17256839925624659,0.17996278899174772,0.38165678371601658,-0.27362843097254069,0.57867383806023598,0.057643043099798882,0.083189639219683656,0.077020474988983151,3.65234375,0.092643207542048051,1.1301331348568195
4.1359622900947688,0.15709737141927099,0.17241569089462366,0.17999753238111607,0.40531280034379824,-0.23526205076592349,0.57709376997055017,0.049016136844146324,0.088499216471710995,0.076871034257728899,3.6640625,0.092641929525133504,1.1480076592714195
4.2060633458590875,0.15709737141927102,0.17226511669203182,0.17999061743901026,0.42502520493164914,-0.19473895441833544,0.5751565383266346,0.039936787713705242,0.092951671103245079,0.076695206732084756,3.677734375,0.094012479855256501,1.2266582113555464
4.2761644016234053,0.15709737141927127,0.17210985281794469,0.17995197968680726,0.44058590091902627,-0.15246589281094478,0.57286484491844036,0.030494955570895474,0.096506639729605867,0.077230342612404884,3.69921875,0.093778698731045079,1.2714924565559522
4.3462654573877231,0.15709737141927094,0.17195496466365962,0.17998013320315781,0.45186043567299872,-0.10885519692312748,0.57028223603969097,0.020783469229687063,0.099131064677156405,0.077597261872588044,3.71484375,0.093506786556310242,1.290945521407334
4.4163665131520418,0.15709737141927085,0.17180109693899892,0.18000011222096482,0.45875989504506487,-0.064319831666353772,0.56748253945284133,0.010894301337673629,0.10080405157857679,0.078575263341960619,3.720703125,0.094303333082803836,1.2961830108247516
4.4864675689163596,0.15709737141927099,0.17164229097513911,0.1800100591103149,0.46121112698251893,-0.019307646932532747,0.56451555901161121,0.00093033670351634558,0.10151368942254491,0.080043076195111459,3.734375,0.0932160269101482,1.2951904187398975
4.5565686246806774,0.1570973714192706,0.17147877061126995,0.17999551071633027,0.45920209332603307,0.02573350368371314,0.56144527352325968,-0.0090078411732988969,0.10125640827411049,0.081900558970593007,3.7421875,0.09451963116549171,1.2689389910257551
4.626669680444996,0.15709737141927124,0.17130561591989854,0.17996382512084971,0.45277005323613134,0.070362863724251795,0.55835432828370879,-0.018820345008895921,0.10003540849878824,0.084212906098907497,3.755859375,0.096848397676233836,1.2475245288352426
4.6967707362093138,0.15709737141927108,0.17112099930930824,0.17998677122744425,0.44199196190519657,0.11416965764906527,0.55534137569104913,-0.028415331496412528,0.097862580949117262,0.08636514211774822,3.75390625,0.096759858197953463,1.2134165672925821
4.7668717919736316,0.15709737141927138,0.17091980302938031,0.17997511120613971,0.42699059591062827,0.15672596030777236,0.55249040098518898,-0.037691947265622305,0.094761898599126496,0.088554971220484724,3.736328125,0.09927135561268334,1.1497630680985409
4.8369728477379503,0.15709737141927083,0.17070443903345478,0.1799935921606847,0.40792665406254336,0.19763141374929077,0.54994702780652949,-0.046567596136195988,0.090763543752928583,0.090770791905345663,3.73046875,0.10142398871820042,1.077430278370503
4.9070739035022681,0.15709737141927091,0.17047785589120668,0.17997286668507526,0.38501050898146039,0.23652482074419126,0.54781145016706223,-0.054961517705873798,0.085908758657747927,0.093246294290048243,3.7421875,0.10396997924250241,1.076667447018735
4.9771749592665868,0.15709737141927055,0.17024137654554547,0.18000871541635471,0.3584848656433704,0.27303197534086077,0.54619319510003361,-0.06279702323010794,0.080245525905604659,0.094866802566961977,3.716796875,0.1052383636885456,1.0764756038455285
5.0472760150309046,0.15709737141927099,0.1699989880636949,0.17994870437309335,0.32862193001674223,0.30681770065781605,0.54510895970799389,-0.070002576348477522,0.073835586065891995,0.095922965140775016,3.732421875,0.10729510967819514,1.0763832626063998
5.1173770707952224,0.15709737141927124,0.16975408790894927,0.18000871541635494,0.29571931588244998,0.33758608249163113,0.54463304937379631,-0.076516716162097514,0.066739062526203471,0.095913793796365512,3.7109375,0.10985322988019372,1.076331453605107
5.1874781265595411,0.15709737141927058,0.16951345276389893,0.17997286668507556,0.26011333793732339,0.3650602565282754,0.54476272517988733,-0.082284478408680195,0.05903157173446312,0.095431952943499349,3.72265625,0.11059459912149568,1.0762993258972726
5.2575791823238589,0.1570973714192711,0.16927331576115484,0.179993592160685,0.22212313411222728,0.38898862144998869,0.54547204295436325,-0.087257031544238473,0.050777718331910401,0.095154401406472466,3.701171875,0.11097384203947756,1.0765916134756235
5.3276802380881767,0.15709737141927102,0.16905471460743476,0.17997511120613963,0.18214392124297049,0.40919116671282024,0.54677367695457624,-0.091398242231821983,0.042067899273698042,0.095831324081948388,3.69921875,0.11037718804465238,1.0767177329699258
5.3977812938524954,0.15709737141927091,0.16885733988049337,0.17998677122744425,0.14052139681971856,0.42547576423469102,0.54854051956336902,-0.094669262014012712,0.032982967150149742,0.096911660859254636,3.734375,0.11043326059618318,1.0767539186753616
5.4678823496168132,0.1570973714192708,0.1686778229910795,0.17996382512084985,0.097669826957382092,0.43768729626616687,0.55066692030268094,-0.097035248303419794,0.02360811414776063,0.098641724076107162,3.748046875,0.11100842566677872,1.076774352784108
5.537983405381131,0.15709737141927074,0.16851398884395785,0.17999551071633055,0.053996019558389716,0.4457143449804401,0.5530628801766686,-0.098472387378768969,0.014040853160255376,0.10032551084437778,3.748046875,0.11139851908633561,1.1299197225248483
5.6080844611454497,0.15709737141927096,0.16836292412614287,0.18001005911031481,0.0099005397736636157,0.44946852658296854,0.55553829973898583,-0.098969491660042458,0.0043689164170902829,0.10204477603119917,3.7421875,0.11058561222945391,1.1354316516381888
5.6781855169097675,0.1570973714192706,0.16821680983431353,0.18000011222096499,-0.03419248395351434,0.44892101116371858,0.55794144412589708,-0.098516250179762052,-0.0053117994121847775,0.10362103160178178,3.728515625,0.11021463828603824,1.1059749819135891
5.7482865726740853,0.15709737141927096,0.16807444187302115,0.17998013320315753,-0.0778414296379491,0.44409694689624368,0.56022656603284038,-0.097115629048240754,-0.014902537925197558,0.10463372928872818,3.724609375,0.10996467626193965,1.1032949640467289
5.818387628438404,0.15709737141927094,0.16793674075028694,0.17995197968680729,-0.12062748171224863,0.43505625269772458,0.56228715703994359,-0.094782275210105654,-0.024322996162562935,0.10496793126356097,3.7109375,0.11009227333494104,1.0768026369199695
5.8884886842027218,0.15709737141927094,0.16779971931594231,0.17999061743901065,-0.16214207617774851,0.42190656065885812,0.56403397443855063,-0.091539058298696699,-0.03348015906409893,0.1043158520780216,3.69140625,0.11065310852111589,1.0768002133320842
5.9585897399670404,0.1570973714192706,0.16766159250382931,0.1799975323811166,-0.20198649224999474,0.40478728238172657,0.56541622120429558,-0.087417757448934014,-0.042288953095913559,0.1033247437139482,3.6875,0.11148033867308291,1.0891597914498456
6.0286907957313582,0.15709737141927091,0.16751965357928941,0.17996278899174745,-0.23978382577248028,0.38385737535477438,0.56630182016755237,-0.08245978140954037,-0.050671639326011826,0.10238763341526756,3.705078125,0.11271727772327242,1.131132631837197
6.098791851495676,0.15709737141927083,0.16737249545495922,0.18000998619288863,-0.27516480297713802,0.35933158971061752,0.56664593398060625,-0.076720114328214684,-0.058545917636762208,0.10146419557134172,3.703125,0.11490285604832573,1.1458632416084853
6.1688929072599947,0.15709737141927094,0.1672208612354642,0.17998174297233699,-0.30781741801620188,0.33143981779336845,0.56639931948633171,-0.070254036463824651,-0.065847766689950446,0.10142057638311115,3.73046875,0.11715035871981858,1.1646576324749205
6.2389939630243125,0.15709737141927071,0.16706668434367739,0.18000998619288877,-0.33742400744149709,0.30045580954545592,0.56554144842691711,-0.063128351948322753,-0.072501552825303878,0.10172054514119797,3.705078125,0.11853806413677848,1.2387523618837351
6.3090950187886303,0.15709737141927105,0.16691044893412321,0.17996278899174759,-0.36370760734838159,0.26669413038601514,0.56409549737423648,-0.05541447282229512,-0.078445499193030885,0.10207388170811516,3.72265625,0.11960538257360931,1.2639030334864265
6.379196074552949,0.15709737141927038,0.16675604724886586,0.17999753238111632,-0.38644319965678831,0.23046633021482577,0.56210762368236977,-0.047186724388391992,-0.083628009303881756,0.10262749678452796,3.70703125,0.12104086850047571,1.3115894548767491
6.4492971303172668,0.15709737141927027,0.1666026380622129,0.17999061743901074,-0.40540487460133739,0.19213359609956421,0.55959070601108774,-0.038524369836533005,-0.087998059304016329,0.10321146654487694,3.701171875,0.12057282549692261,1.3612264245043886
6.5193981860815846,0.15709737141927058,0.16644734103612807,0.17995197968680735,-0.42041302708972839,0.15207689850707351,0.55662320479249017,-0.029512593968437639,-0.091516071532281834,0.10476336421078077,3.71875,0.12059029369196582,1.3715875770658086
6.5894992418459033,0.15709737141927047,0.16629001184980838,0.17998013320315737,-0.43134160498983276,0.1106763371446399,0.55331709556411746,-0.020238439636559663,-0.094151959182710285,0.1071966930092343,3.716796875,0.12169754373417462,1.4067204245799099
6.6596002976102211,0.15709737141927102,0.16613310551196248,0.18000011222096488,-0.43806974711659696,0.068363061143764739,0.54969801998263979,-0.010797489678802449,-0.095884007281867606,0.10993416630553816,3.71875,0.12077684932684241,1.3804436873674919
6.7297013533745389,0.1570973714192711,0.1659701558569997,0.18001005911031479,-0.44055852756833946,0.025540653397963298,0.54589247797304807,-0.0012840776460686524,-0.096701738340120955,0.11270787177168533,3.72265625,0.12032801218066262,1.3552872523746953
6.7998024091388576,0.15709737141927108,0.1657970066057452,0.17999551071633077,-0.4387855239276533,-0.017359670746209338,0.54197642150341507,0.0082041149209441076,-0.096593279628971684,0.11578289379242511,3.724609375,0.12213576355506391,1.3333649711935796
6.8699034649031754,0.15709737141927038,0.16561035724845286,0.17996382512084991,-0.43278977126160245,-0.059932855491223951,0.53807054104443386,0.017570982040232934,-0.095565669560302574,0.11866343310367727,3.724609375,0.12047716926022761,1.2842107134063223
6.9400045206674941,0.15709737141927099,0.16540981470929791,0.17998677122744403,-0.42265025821162466,-0.10178574348330853,0.53433342696261776,0.02673301119826596,-0.093628421591455416,0.12119509873767723,3.716796875,0.12049765637858564,1.240881047522381
7.0101055764318119,0.15709737141927094,0.1651994603981505,0.17997511120613913,-0.4084834535746687,-0.14250641587887042,0.5309012471563751,0.035598914133282089,-0.090809462395064003,0.12320735249738246,3.69140625,0.12283446411774793,1.1861274382194149
7.0802066321961297,0.15709737141927066,0.16497967523618196,0.1799935921606847,-0.39043584401081499,-0.18173378230344145,0.52789807476846307,0.044093899963350308,-0.08713170780094294,0.12453313934342504,3.6796875,0.12230239091230653,1.1684038426720162
7.1503076879604484,0.15709737141927094,0.16475735560763069,0.17997286668507595,-0.36871057911234245,-0.21911212356624785,0.52545264389126112,0.052137077214383175,-0.082634673401484296,0.12538612159127413,3.6875,0.12598238821443924,1.1661166997185657
7.2204087437247662,0.15709737141927077,0.16452770458957808,0.18000871541635469,-0.34352478163199834,-0.25426354643019677,0.52363824679193671,0.05964807744657967,-0.077360731924949924,0.125798995182788,3.6640625,0.12723653453151965,1.1658084535996565
7.290509799489084,0.1570973714192708,0.16430018912585673,0.1799487043730931,-0.31513416733178196,-0.28690498600972875,0.52253467449404378,0.066568016193641541,-0.071364783586241654,0.12547852023698164,3.6796875,0.1296267532023036,1.1657659609059861
7.3606108552534026,0.15709737141927027,0.16407584932315186,0.18000871541635452,-0.28381426300730439,-0.31671466550283789,0.5221657535714227,0.072836842095186344,-0.064703356574134493,0.12497895888000762,3.662109375,0.13174096480695976,1.1657947359017062
7.4307119110177204,0.15709737141927074,0.16386649244510004,0.17997286668507589,-0.24987720166543534,-0.3434537948691963,0.52257048098725789,0.078405129346667754,-0.057441305599493717,0.12527748330245872,3.673828125,0.13339387797695398,1.1658420728419681
7.5008129667820382,0.15709737141927149,0.16366598961855863,0.17999359216068467,-0.21364980269490583,-0.36686749364104659,0.52370511452797985,0.083217417021711163,-0.049651246453869653,0.12542874555118952,3.66015625,0.13356639637504003,1.167299857349964
7.5709140225463569,0.15709737141927077,0.16347483996005663,0.17997511120613907,-0.17546963664556139,-0.38672104378524802,0.52543940734522965,0.087227109591629187,-0.041404748939786747,0.12588351104669054,3.685546875,0.13326748118426895,1.1675471020429939
7.6410150783106747,0.15709737141927099,0.16329750308026442,0.17998677122744425,-0.13571826598353112,-0.40284626077646501,0.52770894357017206,0.09039529084302747,-0.032792432454884765,0.12635256126081493,3.716796875,0.13446077917593913,1.1675587557256344
7.7111161340749934,0.15709737141927055,0.16313740449059361,0.1799638251208498,-0.094763785937527906,-0.41510325761270772,0.53039538189611257,0.092704889265629642,-0.023893548557300172,0.12713814771898224,3.7109375,0.13398283009532741,1.1675367166031778
7.7812171898393112,0.15709737141927074,0.1629900768266567,0.17999551071633074,-0.053002632471102158,-0.42336694256874069,0.53335236138578745,0.094128972281707954,-0.014787552796713387,0.12840571831247866,3.703125,0.13303999026314281,1.167502963391019
7.851318245603629,0.15709737141927094,0.16285025774632519,0.18001005911031467,-0.010829044128779176,-0.42756769550759938,0.53643856336348084,0.094647325581473402,-0.0055675206722450004,0.12984027237912379,3.705078125,0.13201185209625127,1.1674628709475381
7.9214193013679477,0.15709737141927105,0.16272006350051518,0.18000011222096476,0.031351412528686236,-0.42767078847061518,0.53949959533495251,0.094259846553791479,0.0036712826843784681,0.1308054140335034,3.6796875,0.13055452457588779,1.167419259792662
7.9915203571322655,0.15709737141927044,0.16259448547538427,0.17998013320315737,0.073142509387073937,-0.42368384802708342,0.54240249676541719,0.092965676439266801,0.01284712133612328,0.13086415497716189,3.66796875,0.13118414499778294,1.1673739463599977
8.0616214128965833,0.15709737141927158,0.16247067451798133,0.17995197968680726,0.11413238340781094,-0.41565776402425769,0.54501090947177711,0.090779056599195024,0.021867341291696468,0.13010133789216721,3.646484375,0.13147569479039806,1.1673281334437893
8.131722468660902,0.15709737141927069,0.16234752605224434,0.17999061743901054,0.15393147804976062,-0.40369250854628624,0.54725505212749337,0.087717800830650561,0.030651068020874757,0.12863306921895018,3.62890625,0.13230554820920731,1.1672826148930986
8.2018235244252207,0.15709737141927102,0.16222437484827212,0.17999753238111593,0.19214578486459064,-0.38791212284860677,0.54903240064837466,0.083814098507029325,0.039116644682592509,0.12628311469796347,3.626953125,0.13372034065257898,1.1672379065450085
8.2719245801895376,0.15709737141927049,0.16209960500910561,0.17996278899174767,0.22840650647843452,-0.36847863089129301,0.55023824242222108,0.079110856312616218,0.047182411706947626,0.12438418336225635,3.64453125,0.13509528609935764,1.174239438125547
8.3420256359538563,0.15709737141927033,0.16197022864376981,0.18000998619288869,0.26238938981576077,-0.3455795874476103,0.55080202835724523,0.073653412762123074,0.054780217140607074,0.12357827649975477,3.646484375,0.13703514183220683,1.2413221796482357
8.412126691718175,0.15709737141927055,0.16183883015044009,0.17998174297233749,0.29376961576191069,-0.3194350106540621,0.55069192496159913,0.067499865807322687,0.06183419650770744,0.12378780807719078,3.681640625,0.13944433828210712,1.2526654453724808
8.4822277474824919,0.15709737141927146,0.16170648045204811,0.18000998619288872,0.32224497749938963,-0.29030743207702903,0.5498491624120837,0.060707780204462741,0.068281720980243168,0.12478035609532082,3.6484375,0.14114747434833666,1.3039443901375365
8.5523288032468106,0.15709737141927094,0.16156885861795198,0.17996278899174784,0.3475461543057653,-0.25848633507840257,0.54830680949122856,0.053351432544221124,0.074056778642233922,0.1265266717697858,3.658203125,0.14240951628934459,1.3228772914514406
8.6224298590111292,0.15709737141927074,0.16143282824580857,0.17999753238111615,0.36946171044398435,-0.22426737979846004,0.54612665058015253,0.045497087238802303,0.079113507768419036,0.12831331301721546,3.65625,0.1439183050345007,1.3427203780632593
8.6925309147754461,0.15709737141927071,0.16129541485492824,0.17999061743901026,0.38777729362952817,-0.18798824564900415,0.54333715113395209,0.037222314656016747,0.083404261021766415,0.13056762730718097,3.677734375,0.14402957611715719,1.360706409240334
8.7626319705397648,0.15709737141927033,0.16115869256974785,0.17995197968680726,0.4023166913488247,-0.15000024507110421,0.54001542661063084,0.02860353486619659,0.086889253035472611,0.13361120446253097,3.666015625,0.14357567803123802,1.3731254577247654
8.8327330263040835,0.15709737141927088,0.16101607962431144,0.17998013320315778,0.41295146577692454,-0.1106752096556058,0.53627192139229252,0.019731165231627584,0.089534030679717352,0.13658182825636767,3.669921875,0.1442912845135691,1.3748440819756973
8.9028340820684004,0.15709737141927091,0.1608749866509345,0.18000011222096479,0.41957756262522883,-0.070409915382479163,0.53219565008907332,0.010691546755222181,0.091318831283365418,0.14008295219157046,3.66796875,0.1441827824646626,1.3259094450226627
8.9729351378327191,0.15709737141927094,0.16072565370040254,0.18001005911031487,0.4221418093785545,-0.029616898917534974,0.52790596740091922,0.0015852683225071865,0.092229126752682161,0.14349090692446073,3.669921875,0.14263109873619703,1.3084574055295846
9.0430361935970378,0.15709737141927108,0.16056445958019083,0.17999551071633038,0.4206320268838678,0.011310063072310913,0.52351899562929527,-0.0074999019949289038,0.092254591008818804,0.14715074875939829,3.671875,0.14297715421181786,1.2829107102518063
9.1131372493613547,0.15709737141927091,0.16039465032547381,0.17996382512084966,0.41508559107239301,0.05200571724387839,0.51921171395012877,-0.016480602643449485,0.091402225778519641,0.15052289367202354,3.677734375,0.1424727001957295,1.2228516880343205
9.1832383051256734,0.15709737141927108,0.16021327732210874,0.17998677122744425,0.40556309183571532,0.092071563559622163,0.51511707409059482,-0.025272234484770843,0.089681932187293228,0.15364285123593394,3.671875,0.14140447737147951,1.1804064376865393
9.2533393608899921,0.15709737141927108,0.16002275888993292,0.17997511120613974,0.39217443913518696,0.13113429429921789,0.5114000004559015,-0.033792536248065989,0.087115162799487264,0.15650549737952307,3.654296875,0.14296080673959102,1.1666411541329029
9.323440416654309,0.15709737141927088,0.15982921810966208,0.17999359216068481,0.37506286624618912,0.16882214186130734,0.50818791379065564,-0.041965424890310452,0.083727596372953864,0.15854135178233711,3.63671875,0.14218025629512751,1.1666017587645809
9.3935414724186277,0.1570973714192711,0.15963646938589524,0.17997286668507523,0.35440234894538525,0.20480305080169742,0.50562069322218961,-0.04971324550590258,0.0795527867149049,0.16008160886712483,3.626953125,0.14344323550274254,1.1665653409417893
9.4636425281829464,0.15709737141927088,0.15944588481122565,0.18000871541635466,0.33041059992601768,0.23874934122414229,0.50380334425508599,-0.056963595803061193,0.074627348489132481,0.16095795442804933,3.5859375,0.14606168420539659,1.1665315497224173
9.5337435839472633,0.15709737141927069,0.15925616238378049,0.17994870437309332,0.30331556780465108,0.27032884251980183,0.50279451864842617,-0.063649812078136969,0.069003497621024548,0.16123022654837604,3.580078125,0.14836665628054921,1.1665000696543486
9.603844639711582,0.15709737141927035,0.15907373161257141,0.18000871541635502,0.27338957020909738,0.29927460508608272,0.502610146350706,-0.069722453581194693,0.06273563645196488,0.16133956920283737,3.55078125,0.1498634704191692,1.1664706162007181
9.6739456954759007,0.15709737141927094,0.15889779418502775,0.17997286668507564,0.24091902401863258,0.32530989740932109,0.50323316945730379,-0.075119237861976995,0.055881394343403661,0.16119500264887276,3.5390625,0.15138602667213091,1.1664429316830531
9.7440467512402176,0.15709737141927088,0.15872845032651053,0.17999359216068497,0.2062233940038655,0.34819157043803378,0.50460083698947289,-0.079786198772943073,0.048515118081926635,0.1604963862307647,3.515625,0.15229226547474131,1.1664167816910196
9.8141478070045363,0.15709737141927096,0.15857136211292144,0.17997511120613963,0.16962816501321007,0.36771150845622258,0.5066606509081546,-0.083688828408759255,0.040697671287167093,0.15986407476784867,3.517578125,0.15176105113582294,1.1663919519529933
9.8842488627688549,0.15709737141927105,0.15842380424598104,0.17998677122744425,0.13149900957820077,0.38369534073378897,0.50932550557608269,-0.086784686247484116,0.032513563835088098,0.15941572891792935,3.54296875,0.15184100384482485,1.1663682455810001
9.9543499185331736,0.15709737141927083,0.15828996183048447,0.17996382512084988,0.092189313260231207,0.39598814952867656,0.51245831009623721,-0.08904990017409016,0.024046242826097425,0.15911075987782458,3.54296875,0.15190028543417966,1.1663454806424483
10.024450974297491,0.15709737141927091,0.15816847933928066,0.17999551071633049,0.052062572725301959,0.40448459655876229,0.51588044769884966,-0.090463358694479107,0.015367741958454447,0.15884127850636534,3.52734375,0.1516618103203998,1.1663234879618214
10.094552030061809,0.15709737141927041,0.1580532269045048,0.18001005911031498,0.011526392076473211,0.40909131206739169,0.51943582911387554,-0.091005505161851255,0.0065664617869920488,0.15853930018155876,3.52734375,0.15162875448850544,1.1663021091671393
10.164653085826128,0.15709737141927102,0.15794505771433673,0.18000011222096501,-0.029026042081216296,0.40978853875030713,0.52298579810696433,-0.09067413311723832,-0.0022722330399283135,0.15783932121093533,3.51171875,0.15225400836410491,1.1662811949719289
10.234754141590445,0.15709737141927083,0.15783935735244689,0.17998013320315756,-0.069211580651382484,0.40657522850529121,0.52637917562281711,-0.089469234477251636,-0.011065329461609543,0.15651617636128096,3.51171875,0.15297712605106481,1.1662606036179521
10.304855197354764,0.15709737141927102,0.15773608213758783,0.17995197968680729,-0.10863898113788201,0.39949335107822959,0.52946843878050776,-0.087405858339417178,-0.019724677347802241,0.15501720057613219,3.50390625,0.15479104184905057,1.1662401994719844
10.374956253119082,0.15709737141927058,0.1576311098307025,0.17999061743901065,-0.14693408281702466,0.38862118246095229,0.53212969704742419,-0.084502350717021876,-0.028169130918746114,0.15368522124163611,3.5,0.15658156996284373,1.1819558483920469
10.445057308883399,0.15709737141927074,0.15752662657334593,0.17999753238111663,-0.18372919768283549,0.37407553812242195,0.53427210502507905,-0.080789615183633021,-0.036323498728142091,0.15232424594349916,3.50390625,0.15861232608861581,1.2113071850764419
10.515158364647718,0.1570973714192708,0.15741967607624233,0.17996278899174734,-0.21867964250475502,0.35600666713763407,0.53577102251585307,-0.076303981877873919,-0.044116112374036107,0.150672846272001,3.509765625,0.1606852811529067,1.2357871793987159
10.585259420412036,0.15709737141927047,0.15731164697068087,0.18000998619288872,-0.25145098553681433,0.33458496958785022,0.53655266537440194,-0.071091736059425439,-0.051469062896948421,0.14964447637318934,3.490234375,0.1627093498354695,1.260354100856292
10.655360476176353,0.15709737141927055,0.15719563033488912,0.17998174297233704,-0.28173358771488299,0.31001314530656227,0.53656972258690749,-0.065209397744330003,-0.05830605958447746,0.14964890921574178,3.53515625,0.16472423168849595,1.2820185767712735
10.725461531940672,0.15709737141927063,0.1570810565227444,0.18000998619288872,-0.30923320254642028,0.28254972790506011,0.53580614070017807,-0.058713724212660065,-0.064572873935772906,0.15057282971853525,3.52734375,0.16670007171682988,1.3078017737376926
10.795562587704991,0.15709737141927016,0.15696151885620691,0.17996278899174756,-0.33369872095866981,0.25246189413816716,0.53424763987706769,-0.051669419164488931,-0.070204551450005204,0.15252316975900854,3.54296875,0.16762574150357218,1.3240983335429153
10.865663643469308,0.15709737141927063,0.15684144938341119,0.17999753238111629,-0.35491840395844543,0.22003592587666787,0.53198327933674627,-0.044145402905127779,-0.075154158887567296,0.15451653174169322,3.56640625,0.16874638087762167,1.3485345774409563
10.935764699233626,0.15709737141927085,0.15671659855441039,0.17999061743901082,-0.37268347737885349,0.18559115634070428,0.529052060813891,-0.036215034649676812,-0.079375832820292064,0.15712702031181602,3.576171875,0.16858684288380918,1.351039466469091
11.005865754997945,0.1570973714192711,0.15658935910761934,0.17995197968680743,-0.38682315598832034,0.14947590882077977,0.52553185404628155,-0.027955844646523145,-0.082830865394249512,0.16039302956945697,3.5859375,0.16828931723131835,1.3403824735229799
11.075966810762262,0.15709737141927027,0.15645815355346793,0.17998013320315745,-0.39722583183522009,0.11202449947013836,0.52155302861038322,-0.019450619350416653,-0.085487535498887518,0.16369748317287292,3.603515625,0.16780094124489706,1.3223756093709296
11.146067866526581,0.15709737141927052,0.1563254839275286,0.18000011222096485,-0.40379004958425224,0.073617902410652164,0.51722722542379385,-0.010779230644077263,-0.087323826767747484,0.16735847049529815,3.609375,0.16707849427016164,1.3143651851065425
11.216168922290899,0.15709737141927083,0.15618297643399046,0.18001005911031484,-0.40645437073684793,0.034648953089609164,0.51268205742423156,-0.0020398951909900587,-0.088323066597803618,0.1709433559195272,3.62109375,0.1655925734140497,1.2931812794286099
11.286269978055216,0.15709737141927071,0.15603546290009404,0.17999551071633074,-0.40521118863060956,-0.0045326366465059395,0.50807937400497671,0.0066918381930301581,-0.088483716939543711,0.1750799492184329,3.619140625,0.1652557145533885,1.2634467663709394
11.356371033819535,0.15709737141927096,0.1558812802094055,0.17996382512084988,-0.40009511500375761,-0.043566358968610011,0.50360573305175926,0.015334441666225185,-0.087801648789546896,0.17968350734756902,3.62109375,0.16315163180314238,1.2491298009684888
11.426472089583854,0.15709737141927069,0.1557170918013652,0.17998677122744411,-0.39114735195635686,-0.082043066653977537,0.49933887726588222,0.023799365739884008,-0.086287457795380718,0.18396227138670573,3.6171875,0.16204434080030872,1.1912828808979532
11.496573145348171,0.15709737141927071,0.1555413499475404,0.17997511120613913,-0.37847051526432884,-0.11961711128400809,0.4954716966069484,0.032010275086999065,-0.083955665605571106,0.18752018107846341,3.58984375,0.16261331742120852,1.1657527214673968
11.566674201112489,0.15709737141927113,0.15536277976368823,0.17999359216068472,-0.36221260889253448,-0.15594618205357758,0.49215888336830221,0.039891046571992252,-0.080832021848398772,0.19005556451477593,3.568359375,0.16121760436733779,1.1657145043532338
11.636775256876808,0.15709737141927124,0.15518169797813863,0.17997286668507598,-0.3425350488428926,-0.19069628708464609,0.48954064233983752,0.047371038348608847,-0.076948749692620985,0.19183684169842116,3.55078125,0.16380277706947569,1.1656734602928502
11.706876312641127,0.15709737141927071,0.1550073431354802,0.18000871541635469,-0.31963630546744154,-0.22355718610294942,0.48770998375986585,0.054385314107075478,-0.072343248402122723,0.19283289800212725,3.4921875,0.16307965733769419,1.1656293801920747
11.776977368405444,0.15709737141927099,0.15483292494828346,0.17994870437309315,-0.29373856780984015,-0.25420050927180743,0.48671210170087625,0.060856760175961699,-0.067060353929140087,0.19306851238019998,3.47265625,0.16558252192798742,1.1655820395223979
11.847078424169762,0.1570973714192708,0.1546607737348033,0.18000871541635455,-0.26509700337596875,-0.28234603232260891,0.48653793894072261,0.0667329796750121,-0.061150793136167433,0.1929835119145385,3.453125,0.16692166376905393,1.1655311971864497
11.917179479934081,0.1570973714192711,0.15449499401217504,0.17997286668507592,-0.2339981961803701,-0.30774516604643376,0.48722852727416788,0.071962478046042958,-0.054668501788020095,0.19254998474429241,3.478515625,0.1677316643638683,1.1654765943021212
11.987280535698398,0.15709737141927035,0.15433283192319167,0.1799935921606847,-0.2007409944219421,-0.33015691463072722,0.48873174027585825,0.076493717150455234,-0.047679858693781399,0.19156528338105061,3.486328125,0.16866646637643959,1.1654179529006552
12.057381591462716,0.15709737141927055,0.15418184466152887,0.17997511120613913,-0.16563808670227689,-0.34937272279348153,0.49095893932373563,0.080288440484270709,-0.040252444688452495,0.1904631389172228,3.505859375,0.16875815447833489,1.1653549745277423
12.127482647227035,0.1570973714192703,0.1540409924101909,0.17998677122744425,-0.12903918872979026,-0.36522374970484783,0.49381088789955163,0.083309538091182286,-0.03246293584959236,0.18927070067370766,3.51171875,0.16846705980933363,1.1653016152193305
12.197583702991352,0.15709737141927052,0.15391070981897489,0.1799638251208498,-0.091293765204624011,-0.37756181655219839,0.49718127974737719,0.085532537358018162,-0.02438921107216965,0.18832555462184558,3.50390625,0.16814181455986515,1.1652553344575962
12.267684758755671,0.15709737141927074,0.1537954554848987,0.17999551071633088,-0.05275622416992036,-0.38627930344604761,0.50087207938653788,0.08694198968364919,-0.016102407386883903,0.18741427085794984,3.490234375,0.16866392001220457,1.1651366935557381
12.337785814519989,0.15709737141927133,0.15368261341730965,0.18001005911031462,-0.013789425017121625,-0.39127590830088116,0.50470483411397327,0.087510073116207315,-0.0076875305685275928,0.18691321305625394,3.49609375,0.16934246788063015,1.165052918339345
12.407886870284306,0.15709737141927105,0.15357947797572283,0.18000011222096479,0.025209709111623461,-0.39253996448610401,0.50854642189593213,0.087243553807634627,0.00077614935146802305,0.18583336453649235,3.4765625,0.17087713493976561,1.1649629502773839
12.477987926048625,0.15709737141927124,0.15348298986424955,0.17998013320315737,0.063886324750434084,-0.39006278082677004,0.5122330605334916,0.086142072143309434,0.0092101242451033353,0.18332612700679599,3.46484375,0.17226115860887009,1.1648663325327868
12.548088981812944,0.15709737141927071,0.15338871620689828,0.17995197968680726,0.1018593930368589,-0.38387514058782074,0.5156018596958083,0.084211877105270921,0.017525583184129227,0.18064144838144941,3.462890625,0.17354361274218172,1.1647625747713104
12.618190037577261,0.15709737141927071,0.15329235185388576,0.17999061743901054,0.13875948634546928,-0.37404616921873463,0.51852166833985247,0.081471470732669637,0.025648772406550606,0.17839149010447591,3.46875,0.17545286333238974,1.1646511507389632
12.688291093341579,0.15709737141927074,0.15319724250035519,0.1799975323811161,0.17424274719319649,-0.36068240668788837,0.52088108286756196,0.077952759038801347,0.033505673573594998,0.17673992144058112,3.4765625,0.17758394606539196,1.1645314956713761
12.758392149105898,0.1570973714192713,0.15309948543603402,0.17996278899174764,0.20797331130595212,-0.34391727476699546,0.52255024959119467,0.073686331383778905,0.041024978139391099,0.17579574844544446,3.4765625,0.17981344559164011,1.1814368524075312
12.828493204870215,0.1570973714192708,0.15299888996331301,0.18000998619288872,0.23963034048113846,-0.32391062268311088,0.52347238342791014,0.068720770136300124,0.048131227848977366,0.17496227806488951,3.46875,0.18252557820789161,1.2071029431821105
12.898594260634534,0.15709737141927033,0.15289370288315632,0.17998174297233752,0.26890336657659852,-0.30086342173651021,0.52356793574377769,0.063103584440885943,0.054758785094204634,0.17465071479868641,3.48828125,0.18457622460937986,1.2645590328581455
12.968695316398852,0.15709737141927069,0.15278870538803335,0.18000998619288872,0.29552863743838792,-0.27500597270996291,0.52284862120720443,0.056892817519342331,0.060848665717496947,0.17496143773979053,3.474609375,0.18691287395638978,1.2897140791696815
13.038796372163169,0.15709737141927085,0.15267839335901365,0.17996278899174775,0.31924440254154207,-0.24659423798715807,0.52129298016050063,0.050152610668448928,0.066338951226564594,0.17676856942069635,3.482421875,0.18761066824013933,1.3042652849266987
13.108897427927488,0.15709737141927113,0.15256843491962374,0.17999753238111615,0.33984628185444959,-0.21590268794078252,0.51896400699332679,0.042944765754736769,0.071184600142372781,0.17913938497435908,3.4921875,0.18832418596010178,1.313145567538309
13.178998483691807,0.15709737141927102,0.15245511365830758,0.17999061743901026,0.35714565439717005,-0.18322322384609591,0.51593845674910732,0.035341106025343412,0.075340165372255005,0.18222824977362806,3.5,0.18763844628082033,1.2981655586962759
13.249099539456124,0.15709737141927141,0.1523407079805752,0.17995197968680729,0.3709748449742547,-0.14888191729852263,0.51231902022813625,0.027415667925168016,0.078767286839046713,0.18598793801479868,3.5,0.18693783203365216,1.2818245706451041
13.319200595220442,0.15709737141927035,0.15222248142193626,0.17998013320315781,0.38121215292034943,-0.11321654670435119,0.50820360205517845,0.019248127149807441,0.081434995235064742,0.19007689649957879,3.525390625,0.18642463877006551,1.2962751144964977
13.389301650984761,0.15709737141927102,0.15210259571055834,0.18000011222096482,0.38776123755836961,-0.076576200298970096,0.50372291184043294,0.01091645874217149,0.083322041761070276,0.19459652542595468,3.525390625,0.18537402350637341,1.2597575424465719
13.459402706749078,0.15709737141927091,0.15197611713378498,0.1800100591103149,0.39055950860240057,-0.039330077390746634,0.49902484696805322,0.0025092341846722158,0.084407515961208532,0.199133374309063,3.537109375,0.18380907445830508,1.2601645949811993
13.529503762513396,0.15709737141927083,0.15184338418197216,0.17999551071633027,0.38960572776764063,-0.0018182737007151051,0.49427318554856758,-0.0058962309998133802,0.084689729721943025,0.2036953734590293,3.54296875,0.18360924049598273,1.1978923927955096
13.599604818277715,0.15709737141927083,0.1517042034988916,0.17996382512084971,0.38490853555378907,0.035584178393325346,0.48960263986048164,-0.014215696502746107,0.084162489918475747,0.20855319104147577,3.541015625,0.18107423951466931,1.1836581029834212
13.669705874042034,0.1570973714192703,0.15155593254483932,0.17998677122744433,0.37653339316733958,0.072532744770212293,0.48519673201675401,-0.022372412237390109,0.082837904781786126,0.2131281486025241,3.53515625,0.18161084977708994,1.1615564318075438
13.739806929806351,0.15709737141927108,0.1514011826404783,0.17997511120613968,0.36456597894751114,0.1086655551142123,0.48119425075305011,-0.030287030097179934,0.080729512343454851,0.21697012775605606,3.5078125,0.17989813615730066,1.1612089885975956
13.809907985570669,0.15709737141927063,0.15124353521823816,0.1799935921606847,0.34913857406677223,0.14365721913201238,0.47776540440906812,-0.037890854523652144,0.077858891293545118,0.2197523010861385,3.482421875,0.18213939824001596,1.1608360794939989
13.880009041334988,0.15709737141927108,0.15108024291255007,0.17997286668507531,0.33040734289797918,0.17718463571952359,0.47502896880128043,-0.04511120491513531,0.074249633783114735,0.22191887792318216,3.466796875,0.18223124952176356,1.1604358632866578
13.950110097099305,0.15709737141927094,0.15092243332557448,0.1800087154163546,0.30856257654581326,0.20894273134564284,0.47311033939197822,-0.051887052527756966,0.069945853652583739,0.22321452032560513,3.423828125,0.18367551436091067,1.1600063697250187
14.020211152863624,0.15709737141927069,0.15076778174983893,0.17994870437309332,0.28382787615231769,0.23861425902186834,0.47204340892589208,-0.058147078787196368,0.064987037340944867,0.22364124102782401,3.400390625,0.18531869461933018,1.1595454911059535
14.090312208627942,0.15709737141927074,0.15061927076742565,0.18000871541635502,0.2564306190146376,0.26595483949507404,0.4718729064511783,-0.063841367321551795,0.059419417331622967,0.22360374880242126,3.3671875,0.18543049963216141,1.1590509734263119
14.160413264392259,0.1570973714192708,0.15047729011292957,0.17997286668507564,0.22665659876916588,0.2906938387522412,0.47259511692645534,-0.068911319243317656,0.053301593967672332,0.22317977252473006,3.345703125,0.18675848592533587,1.1585204070750283
14.230514320156578,0.15709737141927091,0.15033887877316893,0.17999359216068503,0.19477395734942571,0.31260407329183776,0.47413691038040029,-0.073316702710155918,0.046687064069249842,0.22241692359586154,3.3359375,0.18655080650038888,1.157951217051375
14.300615375920897,0.15709737141927094,0.15020491258794844,0.17997511120613971,0.1611067910093697,0.33147987032472892,0.476443877497366,-0.077013047209350954,0.039641595594810702,0.22154386086384809,3.322265625,0.18534105101369452,1.1573406527333472
14.370716431685214,0.15709737141927066,0.15007682363538902,0.17998677122744422,0.12596873826038013,0.3471491647652219,0.47939636469296082,-0.079962252939338535,0.032240156937620626,0.22017109343731636,3.33984375,0.18476501956197461,1.1566857772046881
14.440817487449532,0.15709737141927121,0.1499576398976547,0.17996382512084988,0.089701267573463556,0.35946599354396236,0.48285449040322581,-0.08214524346303842,0.024549498141556984,0.21871801507080846,3.349609375,0.18477328847408167,1.1559834561101221
14.510918543213851,0.15709737141927096,0.14985000688599623,0.17999551071633044,0.052665652950616072,0.36833755178209404,0.48668986639065653,-0.083541059486686317,0.016641453574071915,0.21719031167154626,3.349609375,0.18611303934202719,1.155230346084821
14.581019598978168,0.1570973714192708,0.14974993478255491,0.18001005911031492,0.015204984739018587,0.37366797049298883,0.49072600333109767,-0.084134601453017349,0.0085981889516671996,0.21556911924336786,3.349609375,0.18722426270567907,1.1544228827716341
14.651120654742487,0.15709737141927024,0.14965613564147967,0.18000011222096499,-0.022322875334677299,0.3754179789483742,0.49475175028147284,-0.083923041867719927,0.00049416396719145219,0.21370025205215243,3.328125,0.18769688012208963,1.153557268459086
14.721221710506805,0.15709737141927088,0.14956721044843091,0.17998013320315753,-0.059564986758426468,0.3735756402647108,0.49863105929484691,-0.082906631481879767,-0.007589465407953952,0.21073167113716837,3.328125,0.18879484457925852,1.1526294593787412
14.791322766271122,0.15709737141927152,0.1494813223726387,0.17995197968680732,-0.096152907019898856,0.36817427893259153,0.50221730794422426,-0.081095869274636329,-0.015579229300796702,0.20724472747464617,3.33984375,0.19161191586140722,1.1516351527096345
14.861423822035441,0.15709737141927099,0.14939357559962751,0.17999061743901063,-0.1317291654925429,0.35927377697355617,0.50534827089486767,-0.078500963325519535,-0.023394904030255029,0.20372501268894519,3.349609375,0.19431472988757234,1.1505697733539797
14.93152487779976,0.1570973714192708,0.14930704533421324,0.17999753238111663,-0.16595692603643811,0.3469753259912326,0.50791116168676076,-0.075152605246959409,-0.030964755343439947,0.20076007347939126,3.365234375,0.19654075987860126,1.1494284605687832
15.001625933564076,0.15709737141927121,0.14922033458327422,0.17996278899174747,-0.19851314933288788,0.3314022130691695,0.50980403457449286,-0.071084990827198227,-0.038221881795229645,0.19876995976825898,3.3671875,0.19860437863580405,1.1482060545867276
15.071726989328395,0.1570973714192713,0.14913047150840633,0.18000998619288866,-0.22908990223438516,0.31269484297046535,0.51092574007740033,-0.06634113984649441,-0.045091504210432183,0.19727465922766446,3.3671875,0.20136553032633259,1.1468970833029366
15.141828045092714,0.15709737141927074,0.14903844564238225,0.17998174297233704,-0.25739176863039237,0.29104246379222215,0.51120508940128218,-0.060964349735849327,-0.051515959017263926,0.19691625290713599,3.3984375,0.20336933681642924,1.1637561969641075
15.211929100857031,0.15709737141927088,0.14894386837857101,0.18000998619288863,-0.28314465558869273,0.26666800191679657,0.51062687511274507,-0.05501369063005962,-0.057427195205624754,0.19749275350312542,3.396484375,0.20516755391224842,1.2001568354731806
15.282030156621349,0.15709737141927058,0.14884538372836634,0.17996278899174759,-0.30612503396142204,0.23980205773070917,0.50920429609393192,-0.048547730276744028,-0.06277551041353388,0.19937520221148852,3.427734375,0.20631937700808947,1.2222430474953057
15.352131212385668,0.1570973714192711,0.14874737810844058,0.17999753238111632,-0.32611812562048187,0.21070452413447682,0.50697751754906761,-0.041627335276692733,-0.067513873182271297,0.2019762710731299,3.453125,0.20683579092487608,1.2503896130510526
15.422232268149987,0.15709737141927124,0.14864261293394188,0.17999061743901079,-0.34292090693116056,0.17967112415461908,0.50399776448745148,-0.034324702200431788,-0.071591539513659888,0.20541548853020936,3.45703125,0.20704526049990399,1.224966994195974
15.492333323914304,0.15709737141927124,0.14853795244865503,0.1799519796868074,-0.35639510047067563,0.14699901031247217,0.50038575899102233,-0.026705574466303617,-0.074977985232729624,0.20963350238146466,3.470703125,0.20627290529338208,1.235310721248303
15.562434379678622,0.15709737141927077,0.14842916868668579,0.17998013320315745,-0.36641901984083175,0.11300649791812922,0.49625343584241421,-0.018850168856902313,-0.07763948912971301,0.21415770667595521,3.482421875,0.20590462704853219,1.24149485669823
15.632535435442941,0.15709737141927044,0.14831878182008634,0.18000011222096488,-0.37289431154504282,0.078035807936306753,0.49171613362150007,-0.010833767345437088,-0.079556573287252755,0.21885160465715786,3.490234375,0.20510687251648066,1.2110640581746017
15.702636491207258,0.15709737141927069,0.14820344120349752,0.18001005911031479,-0.37576755578863535,0.042423834520780371,0.48695000962938123,-0.0027417612086633745,-0.080707194690867387,0.22382882728453701,3.513671875,0.20467035318495833,1.1943112524303439
15.772737546971577,0.15709737141927071,0.14808210130918009,0.17999551071633088,-0.37501873942000435,0.0065194625679809853,0.48209174861962184,0.0053525324090073177,-0.081089095292194657,0.22939499200780888,3.51953125,0.20278395505427005,1.1715758570375125
15.842838602735895,0.15709737141927083,0.14795443132313743,0.17996382512084985,-0.37066744874630642,-0.029342039186405856,0.4773326616158684,0.013368899879195735,-0.080695227368596689,0.2350512816815202,3.521484375,0.2014478503382818,1.0946925561591061
15.912939658500212,0.1570973714192713,0.14781909746623831,0.17998677122744408,-0.36277334414173779,-0.064813948513978925,0.47282799200724224,0.021232161694697251,-0.079536494121544232,0.24033022578817881,3.517578125,0.20078167281316053,1.0711300578237559
15.983040714264531,0.15709737141927091,0.14767645032598753,0.17997511120613921,-0.35141769303526121,-0.09955567165024877,0.46871749442980387,0.028868933710133382,-0.077621491017005023,0.24469928341651598,3.490234375,0.19886880329204451,1.0709478866397188
16.053141770028848,0.15709737141927027,0.14753192729645831,0.1799935921606847,-0.33672255891491615,-0.13326237285691284,0.46519587702827953,0.036210212026248439,-0.074975871257813298,0.24796498641792111,3.4609375,0.19976743785023757,1.0707595023509699
16.123242825793167,0.1570973714192708,0.14738760734410983,0.17997286668507601,-0.31883759735565753,-0.16561348128090272,0.46234768354400729,0.0431875106518117,-0.071621647721613474,0.25049760027285956,3.44140625,0.19969926975692218,1.0705646955101593
16.193343881557485,0.1570973714192703,0.14724429096311553,0.18000871541635471,-0.29793847327214823,-0.19629456685044644,0.46031402639903968,0.04973621195038834,-0.067596878883289177,0.25238924564047083,3.400390625,0.20128140744929607,1.0703632498240689
16.263444937321804,0.15709737141927127,0.14710585622798861,0.17994870437309313,-0.27423885946417809,-0.22503355531479005,0.45913734874171963,0.05579521636993124,-0.062936673335658375,0.25333663277871782,3.373046875,0.20291826153810619,1.0701549419465251
16.333545993086123,0.15709737141927066,0.1469742118477935,0.18000871541635449,-0.24796276463950878,-0.25158046666875356,0.4588981846160029,0.061316383707283588,-0.057686848824307663,0.25377924722559542,3.35546875,0.20338818918517373,1.0699395412656549
16.403647048850441,0.15709737141927063,0.14684952985829386,0.17997286668507595,-0.21937802057511477,-0.27567562382008531,0.45956255957667336,0.066241329669268517,-0.051896804336052177,0.2534478937257319,3.333984375,0.20407141297015929,1.0697168096862397
16.473748104614756,0.15709737141927038,0.14673230933170744,0.17999359216068472,-0.18875082044761851,-0.29710640238867309,0.46109459397490637,0.070528652080643225,-0.045625083353406162,0.25245553418103633,3.298828125,0.20462802600707228,1.0694865014070731
16.543849160379075,0.1570973714192708,0.14661625222752483,0.17997511120613915,-0.1563702499292261,-0.31564166839680696,0.46338135346880194,0.074131605272055812,-0.038927942776879887,0.251234407511845,3.3046875,0.20417181238970009,1.06924836269307
16.613950216143394,0.15709737141927071,0.14650831891211077,0.17998677122744428,-0.1225610672888706,-0.33113605929418877,0.46636194774195794,0.077019575917377459,-0.031873083502486896,0.24948561225092775,3.3359375,0.20439881962239223,1.0690021316424065
16.684051271907713,0.15709737141927105,0.14640937792971079,0.17996382512084991,-0.087643943491374735,-0.34343239724502683,0.4698735330410399,0.079166529737799265,-0.024537772573894806,0.24737790837064763,3.33203125,0.20497911791492332,1.0687475379491187
16.754152327672031,0.1570973714192706,0.14631564306197337,0.17999551071633088,-0.051952377472185958,-0.35242243406234419,0.47375380909238196,0.080554247520779762,-0.016981852596232621,0.24512908637558375,3.326171875,0.20542754800052404,1.0684843026598969
16.82425338343635,0.15709737141927096,0.14623106561730556,0.18001005911031465,-0.015836326456012802,-0.35802819605673042,0.47784105354113565,0.081170472331712568,-0.0092788319496275879,0.24268146693455941,3.32421875,0.2056344564594883,1.0682121379257314
16.894354439200665,0.15709737141927041,0.14614912967849436,0.18000011222096482,0.020352663296667614,-0.36020323741415611,0.48196448170134865,0.081004196694677205,-0.0015110807696867145,0.23965097170277985,3.3125,0.20684508795646411,1.0679307467485024
16.964455494964984,0.15709737141927102,0.14607030280336389,0.17998013320315737,0.056277544446940345,-0.35892717576205097,0.48595086115750613,0.080056975981005377,0.0062489279463408733,0.23592495779509359,3.30078125,0.20843362872451679,1.0676398227217119
17.034556550729302,0.1570973714192706,0.14599269363874534,0.17995197968680729,0.091587033908225923,-0.35422622378300456,0.48964928240115357,0.078341206921714493,0.013925508540963655,0.23161986830402734,3.2890625,0.21095083659882841,1.0673390497678041
17.104657606493621,0.15709737141927116,0.14591692544868232,0.17999061743901054,0.12593978377945453,-0.34616318176918365,0.49292533109758202,0.07587232188387498,0.021451395369657841,0.2274879591922053,3.283203125,0.21377692708813276,1.0670281018693146
17.17475866225794,0.15709737141927035,0.14583925103739601,0.17999753238111596,0.15901033204758708,-0.33481443523919191,0.49562965269765907,0.072677437624560734,0.028750906195974868,0.22321407012363448,3.28515625,0.21651179401915283,1.0910080370841237
17.244859718022258,0.15709737141927108,0.14576015084380423,0.17996278899174778,0.19048285997661407,-0.32030223959965343,0.49765841342017286,0.068787528100850495,0.035757122894221983,0.2203931396540261,3.28515625,0.21893343808636495,1.1090388744681012
17.314960773786574,0.15709737141927083,0.14567937707944389,0.18000998619288872,0.22005854987001572,-0.30276465327260155,0.49892932008971541,0.064241256900828422,0.042407185855036618,0.21858558681093565,3.279296875,0.22183216868684305,1.1490768126123996
17.385061829550892,0.15709737141927096,0.14559845400113017,0.17998174297233746,0.24746189078807276,-0.28237365162925154,0.49937447771832466,0.059082859396196487,0.048637971904639969,0.21779760028884604,3.30859375,0.22434324302918832,1.1560296117199247
17.455162885315211,0.1570973714192703,0.14551422322778176,0.18000998619288874,0.27241902769066068,-0.25933945251845186,0.49894892508978811,0.05336822896888576,0.054383676447574719,0.21798372132114127,3.31640625,0.22612468363027788,1.1726805532017965
17.52526394107953,0.15709737141927105,0.14542732049113524,0.17996278899174781,0.29470862808847309,-0.23388442426039854,0.49767654386149446,0.047154280605825667,0.059595243875209931,0.21965886777523264,3.33984375,0.22726425646441401,1.2137379574854747
17.595364996843848,0.15709737141927083,0.14534154559735227,0.17999753238111618,0.3141201933536758,-0.20625799461010821,0.49558856179349531,0.040500938945719267,0.06422727666124696,0.22236315207756843,3.345703125,0.22776052913539199,1.2328317775610962
17.665466052608167,0.15709737141927066,0.14524969310039307,0.17999061743901029,0.33047185286619879,-0.17672811435899102,0.49273117398101995,0.033473467707527453,0.068233407274447738,0.22601329751442117,3.349609375,0.22749326607477957,1.2112873273079041
17.735567108372482,0.15709737141927047,0.14515559324248281,0.17995197968680729,0.34361373430835329,-0.14558840315030044,0.48921366722590648,0.026140817015312057,0.071578363381467655,0.23066185485237606,3.376953125,0.22660030061110595,1.2260915479177201
17.805668164136801,0.15709737141927013,0.14505495119504863,0.17998013320315781,0.35343204416583024,-0.11313860699586087,0.485161687782174,0.018577316811158841,0.074229414260331306,0.23538256363455912,3.3984375,0.22577184312004872,1.2263099799336887
17.87576921990112,0.15709737141927044,0.14495350930141071,0.18000011222096479,0.35983731714567274,-0.079702522972863274,0.48069511144421406,0.01085496049193206,0.076170425185841259,0.24047125808960562,3.396484375,0.22461474319773142,1.1796670320170677
17.945870275665438,0.15709737141927069,0.14484593235636825,0.18001005911031492,0.36277165774154663,-0.045612239745326737,0.47597475675455742,0.0030544234560241292,0.077377881652524211,0.24585216318769887,3.412109375,0.22261629347910897,1.1484886507660788
18.015971331429757,0.15709737141927113,0.14473283591440059,0.1799955107163303,0.36221986954340657,-0.011193765343758579,0.47115875637237858,-0.0047499451573655245,0.077848992912624662,0.25195419715417111,3.4140625,0.22116878244306248,1.1362345716972289
18.086072387194076,0.15709737141927047,0.14461516542807504,0.17996382512084969,0.35819482020340515,0.023226004955562419,0.46642441025440257,-0.012484232582013446,0.077575845128625975,0.25820227588842343,3.41015625,0.21769983798497924,1.1141665991862142
18.156173442958394,0.15709737141927077,0.14449147411706445,0.1799867712274443,0.35075504106733774,0.057332930842618521,0.46195696260684915,-0.020077134853196725,0.076569623630907233,0.26404605333008835,3.41015625,0.21817381582676384,1.0621593520647683
18.226274498722709,0.15709737141927116,0.1443625985042723,0.17997511120613968,0.33996690837233418,0.090787640731975663,0.45786312830678871,-0.027457558804813927,0.074835513160488559,0.26906519308344262,3.375,0.21637428140991027,1.0603601998601466
18.296375554487028,0.15709737141927105,0.14423038734750709,0.17999359216068478,0.32595416317204007,0.12329551389509399,0.45434198741908388,-0.034557413403727782,0.0723957073454852,0.2729506043557004,3.3515625,0.2172299107002261,1.0598153827368948
18.366476610251347,0.15709737141927066,0.14409739468218444,0.17997286668507528,0.30885980060604801,0.1545362766661191,0.45149537610417367,-0.041307326961960572,0.069271618821896114,0.27602086040437041,3.3203125,0.21733751782903429,1.0592524934158143
18.436577666015665,0.15709737141927058,0.14396454377703313,0.1800087154163546,0.28885314990776861,0.18422324378329802,0.44944714923969969,-0.047645160419368698,0.06549799507358843,0.27827615439063569,3.29296875,0.21853036472216056,1.0586709612641911
18.506678721779984,0.15709737141927055,0.14383532500587839,0.17994870437309335,0.26612805525373417,0.21209210799240644,0.4482503389813885,-0.05351562907386407,0.061109457945145954,0.27951316388507919,3.287109375,0.21959050717868611,1.0580701997189041
18.576779777544303,0.15709737141927113,0.14371419757710474,0.18000871541635508,0.2409145234355404,0.23789057668678651,0.44796427283682838,-0.058870309167804641,0.056150106811896479,0.28001976454531058,3.30859375,0.22081987129290256,1.0574496059943748
18.646880833308618,0.15709737141927063,0.14359736304157178,0.17997286668507567,0.21344944443607525,0.26136677657708884,0.44857271518662456,-0.063654706331597935,0.050666382551018095,0.27970517320413824,3.29296875,0.22141637450612636,1.0568085607928519
18.716981889072937,0.15709737141927055,0.14348960669991911,0.179993592160685,0.18400723886584427,0.28231936279902131,0.45005486462639854,-0.067829183096505388,0.044712934828461177,0.27853716531743938,3.291015625,0.22311245443678956,1.0561464280201851
18.787082944837255,0.15709737141927096,0.14338346594201665,0.1799751112061396,0.1528546339687358,0.30052392279078194,0.45229256005213203,-0.071345469908057069,0.03834232677838096,0.27701170129071284,3.275390625,0.2230297747561461,1.05546255451059
18.857184000601574,0.15709737141927133,0.14328362819052842,0.1799867712274443,0.12030989217000267,0.31583063885143814,0.45521740102180663,-0.074173517846569045,0.031620097576594099,0.27478002769433235,3.2578125,0.22251637766361873,1.0547562697611845
18.927285056365893,0.15709737141927096,0.14319042431922263,0.17996382512084988,0.086679733580508733,0.32809693513086158,0.45871189352225961,-0.07628781918601639,0.024614869300739438,0.2718852064135549,3.232421875,0.2203464295068869,1.054026885675184
18.997386112130211,0.1570973714192706,0.14310502287902982,0.17999551071633041,0.0522750866814225,0.33720521548958232,0.46259735180038819,-0.077671792304136331,0.017389205583758227,0.26871658477122129,3.2265625,0.22011742217644439,1.0532736963194926
19.067487167894527,0.15709737141927035,0.14302432382074914,0.18001005911031492,0.017437332979310199,0.3430677156083019,0.46670256052521819,-0.078308479841407305,0.010014024314776908,0.26566152449013575,3.25,0.22088980327500624,1.0524959776946392
19.137588223658845,0.15709737141927083,0.14294850797697961,0.18000011222096496,-0.017496478625081531,0.34564049542745051,0.47086860328306157,-0.078191164925884307,0.0025626676549427036,0.26203720879715259,3.26171875,0.2228903286897202,1.0516929875177616
19.207689279423164,0.15709737141927105,0.14287910358742595,0.17998013320315753,-0.052185680421083472,0.34491036856399782,0.47493154502602064,-0.077326144110433703,-0.0048918459265491444,0.25741125816042992,3.279296875,0.22579621438448899,1.0508639650241551
19.277790335187483,0.15709737141927077,0.14280976906870063,0.17995197968680735,-0.086302826250080719,0.34088441305516309,0.47870738858841871,-0.075715762982586254,-0.012279372763287394,0.2526777424861022,3.28125,0.22852920227881487,1.0098055123910112
19.347891390951801,0.1570973714192711,0.14274080146905457,0.17999061743901065,-0.11951315288509301,0.33361412538223528,0.48206001039808116,-0.073376789094961772,-0.01952807084615283,0.24902786730748233,3.294921875,0.23177478179051811,1.0097937935297046
19.41799244671612,0.15709737141927096,0.14266924973459155,0.17999753238111654,-0.15149985863332235,0.32317965651154573,0.48484056326151792,-0.070334597382678804,-0.026567369081322512,0.24582089510579214,3.30078125,0.23468779383614119,1.0097818434652339
19.488093502480435,0.15709737141927063,0.14259946660584344,0.17996278899174747,-0.18196947482382947,0.30969111796137749,0.48696418425645471,-0.066621097163170578,-0.033338845960286613,0.24270059357073354,3.2890625,0.23768716285453406,1.0297857838867344
19.558194558244754,0.15709737141927116,0.14252668270183802,0.18000998619288863,-0.2106254536200079,0.29327753819673003,0.48831251677712989,-0.062270166263115483,-0.039777721472153436,0.24047021979812447,3.291015625,0.24056617426909757,1.0548579411821335
19.628295614009073,0.15709737141927096,0.14245356249258562,0.17998174297233704,-0.23720158422410259,0.27409590821399366,0.48885346102606686,-0.057327861733835569,-0.04582114176727644,0.23923353542340114,3.314453125,0.24312269934940126,1.1017113667813825
19.698396669773391,0.15709737141927108,0.14237819178634703,0.1800099861928888,-0.26143024972343837,0.25234699310970454,0.48851519100858254,-0.051845190141554927,-0.051407809552810442,0.23922773150368692,3.322265625,0.24484317225352278,1.1501048140848362
19.76849772553771,0.15709737141927074,0.1423001162664784,0.17996278899174756,-0.28309570451721827,0.22824227410190784,0.48732159276267439,-0.045878290001097791,-0.056488598686684571,0.24062035807826831,3.330078125,0.24563204953674186,1.1751997106146626
19.838598781302029,0.15709737141927035,0.14222295645263405,0.17999753238111635,-0.30200044281681415,0.20201394982535131,0.4853225930488293,-0.039480994327602152,-0.061021810438495867,0.24339022308531633,3.33984375,0.24581860490405383,1.2108189956623048
19.908699837066347,0.15709737141927071,0.14214252815183714,0.17999061743901068,-0.31796451620003396,0.17392476341836938,0.48254653283044585,-0.032719734720720775,-0.064962125113683794,0.24735582044272356,3.3515625,0.24549117923969546,1.1890933984919796
19.978800892830662,0.1570973714192716,0.14205943428326184,0.17995197968680737,-0.33083758932610452,0.14424286631361233,0.47911003459735235,-0.025656739338634729,-0.06827135720980039,0.25198313419124341,3.369140625,0.24424359075163696,1.2155771864740155
20.048901948594981,0.15709737141927035,0.14197262051345871,0.17998013320315742,-0.34050736915707119,0.1132553547767727,0.47512610482115508,-0.0183665065133891,-0.070921779148961667,0.25694170142332184,3.390625,0.24299899537357886,1.1905563099965861
20.1190030043593,0.1570973714192708,0.14188329771626954,0.18000011222096488,-0.34688749845117089,0.08127096246550547,0.47072368947284271,-0.010916202253509196,-0.07289148548183727,0.2624059985411808,3.388671875,0.24158496269559004,1.1760273558403849
20.189104060123618,0.15709737141927071,0.14178808378902599,0.18001005911031473,-0.34991536550868801,0.048608608364601319,0.46605227154519241,-0.0033868415569563198,-0.07415750843387299,0.26799014075497868,3.408203125,0.24059838460431557,1.1514219072202025
20.259205115887937,0.15709737141927047,0.14168844589758806,0.17999551071633069,-0.34958418894074383,0.015581126854519102,0.46129423857887886,0.004148351758119815,-0.074716715979771475,0.27395391322795776,3.416015625,0.23855829298921305,1.087801158110018
20.329306171652256,0.1570973714192708,0.14158236944187746,0.17996382512084985,-0.34589239998510479,-0.017490878497936957,0.4565963051617758,0.011619993049635046,-0.074560458687741207,0.28033999864484321,3.41796875,0.23685078231403994,1.0885210310246203
20.399407227416571,0.15709737141927013,0.14147028430617237,0.17998677122744405,-0.33890419781080922,-0.05030948346954027,0.45214098741060266,0.018956979665533176,-0.073694709657364868,0.28644274754851212,3.416015625,0.23568310565976677,1.0572784640679525
20.46950828318089,0.15709737141927085,0.14135506441322346,0.17997511120613918,-0.32868011860554025,-0.082549727554937002,0.44808771316932472,0.026096044541998244,-0.072132994200362094,0.29171976873016298,3.388671875,0.23405349556542426,1.0095581733751429
20.539609338945208,0.15709737141927121,0.14123726204573531,0.1799935921606847,-0.31533828200559266,-0.11391897527842457,0.44456139137109657,0.03296686721533585,-0.069887673753735682,0.29588626630667941,3.3671875,0.2339020792501707,1.0095418539450984
20.609710394709527,0.15709737141927013,0.1411187309868592,0.17997286668507595,-0.29900504179653864,-0.14412341917500252,0.44172099328635622,0.039508437415199132,-0.066984032701491905,0.29914577371989853,3.349609375,0.23315855303103583,1.0095252776852308
20.679811450473846,0.1570973714192713,0.14099865567647535,0.18000871541635471,-0.27985044687415195,-0.17287343205251346,0.43964211379602097,0.045654072782653224,-0.063449197356400908,0.30145764500502348,3.3046875,0.23374832926211164,1.009508441714138
20.749912506238164,0.15709737141927105,0.14088160913928813,0.17994870437309315,-0.25805831466770995,-0.19991666364993751,0.43840954510699648,0.05135506432777362,-0.059317137423092671,0.3026126153119284,3.267578125,0.23313916714125896,1.0094913431742185
20.82001356200248,0.15709737141927083,0.14077146362421841,0.18000871541635455,-0.23385311677686704,-0.22499545883105909,0.43807675737598889,0.056553856511934716,-0.054633306200640115,0.30314172007983914,3.26953125,0.23456362035873266,1.009473979230163
20.890114617766798,0.15709737141927013,0.14066586510657131,0.17997286668507592,-0.20745648113970089,-0.2478838275037924,0.43862225543184047,0.061204253396578069,-0.049437132601776353,0.30299995591474099,3.25390625,0.23409303796599615,1.0094563470675413
20.960215673531117,0.15709737141927116,0.14056401836260007,0.17999359216068472,-0.17913331265181584,-0.26835980889408234,0.44004374573508975,0.065263956935980638,-0.04378005461975365,0.30202031124768852,3.236328125,0.233820469704282,1.0094384438914679
21.030316729295436,0.15709737141927083,0.14046617702425443,0.17997511120613904,-0.14914959821854859,-0.2862334061310679,0.44225124932598553,0.068692523177964412,-0.037720908057816041,0.30048880138339262,3.22265625,0.23357005085314853,1.0094202669253578
21.100417785059754,0.15709737141927121,0.14037406727279098,0.17998677122744422,-0.11779074673548234,-0.30133980530419519,0.44514166593756338,0.071459525878356897,-0.031315563309930995,0.2982265802693328,3.21875,0.23396636098889373,1.0094018134097551
21.170518840824073,0.15709737141927047,0.14028629507732548,0.17996382512084988,-0.085369046698432344,-0.31354113681735157,0.44859113614519619,0.073537076146758487,-0.024623636328541733,0.29528737577826747,3.216796875,0.23368403472644969,1.0093830806012365
21.240619896588388,0.15709737141927113,0.14020811220863585,0.17999551071633069,-0.052187323761744502,-0.32272962340045813,0.45245021161616544,0.074910832795811344,-0.017711797304393095,0.2917261924305814,3.212890625,0.23440768859334982,1.0093640657713827
21.310720952352707,0.15709737141927135,0.14013562792583451,0.18001005911031467,-0.018571361033907528,-0.328815115681662,0.45656380333304797,0.075565852832132269,-0.010648296155603528,0.28808799749382841,3.232421875,0.23585060884771988,1.0093508338377195
21.380822008117025,0.15709737141927085,0.14006659955138084,0.18000011222096471,0.015164317617654979,-0.33174562427339571,0.46075501484318709,0.075493826119513982,-0.0034986378855699162,0.28388406497417101,3.208984375,0.23845152411449008,1.0093429872849979
21.450923063881344,0.15709737141927019,0.13999858001337523,0.17998013320315731,0.048684054547950738,-0.33149820862644386,0.46484358387956848,0.074691824379343866,0.0036624581738175718,0.27908497182606407,3.2265625,0.24065737375157126,1.009324582047729
21.521024119645663,0.1570973714192708,0.13993372387426134,0.17995197968680729,0.081661357212007249,-0.32808978981839038,0.46869022111735642,0.073169973586929032,0.010773750277778819,0.27427269178458674,3.228515625,0.24343973517474307,1.00930478580768
21.591125175409982,0.15709737141927091,0.13987085052772572,0.17999061743901057,0.11377493534657721,-0.32155907987560289,0.47211955722927001,0.070946976133622067,0.017761319616537621,0.27011096713286126,3.23828125,0.24673531649882366,1.0092845719609835
21.6612262311743,0.15709737141927091,0.13980748710496868,0.17999753238111593,0.14472246927348989,-0.31197670180018661,0.47500063619423316,0.068043469427417388,0.024556928070702654,0.26648023008963417,3.22265625,0.24985010408496847,1.0092640419905849
21.731327286938615,0.15709737141927135,0.13974341770570381,0.17996278899174764,0.17421632187990443,-0.29943616967694658,0.47723368517771492,0.064490560474879763,0.03110177375888332,0.2633707715814172,3.216796875,0.25335924765036671,1.0092432045907271
21.801428342702934,0.15709737141927102,0.13967765549170438,0.18000998619288872,0.20197929332436632,-0.28406237111647675,0.47870493339659509,0.060317527732529658,0.037336904865142788,0.26085968069668941,3.21484375,0.2560583104412974,1.0092014712021133
21.871529398467253,0.15709737141927066,0.13961097548275939,0.17998174297233749,0.22773466427472633,-0.26601646824021513,0.47934765554153103,0.055572230633297505,0.043198344480454252,0.25915062615100698,3.236328125,0.25842723150207847,1.0091797978460426
21.941630454231571,0.15709737141927121,0.13954183509830875,0.18000998619288872,0.25124381749128505,-0.24547218559386358,0.47913497642519365,0.050303296195112868,0.048630278482108172,0.25915879691645344,3.240234375,0.26046898533817719,1.0371162050194289
22.01173150999589,0.15709737141927041,0.13947105063363086,0.17996278899174784,0.27228445768125015,-0.22263301905851104,0.4780557230769279,0.044560252307035531,0.053586540244190434,0.26036964962669912,3.24609375,0.26100676055038907,1.0459809911322231
22.081832565760209,0.1570973714192706,0.13939992854500061,0.17999753238111618,0.29066329643345323,-0.19771984273233614,0.47615169160485016,0.038400658416809036,0.058018875245411584,0.26301897472251379,3.263671875,0.26110885192874556,1.0906396847842952
22.151933621524524,0.15709737141927119,0.13932623144624059,0.1799906174390104,0.30622055194103842,-0.17097214506791333,0.47349010672616526,0.031885568115257057,0.061886851415357783,0.26680153143257834,3.283203125,0.26052897721025614,1.1163927767224839
22.222034677288843,0.15709737141927113,0.13925074235854204,0.17995197968680726,0.31879695711788841,-0.14266280163708764,0.47015161976976633,0.025080179528197896,0.065153847821074667,0.27153719201400695,3.294921875,0.2593552237694155,1.1065949669424475
22.292135733053161,0.15709737141927102,0.13917215679436429,0.17998013320315784,0.32828723338242488,-0.11305289450935077,0.46625313416232383,0.018047055692992434,0.067792704691165592,0.27678602472449765,3.326171875,0.25784115877391306,1.131544976793778
22.36223678881748,0.15709737141927077,0.13909281658569503,0.18000011222096482,0.3345993567516502,-0.082446143184475365,0.46192383144525101,0.010856955053495345,0.069780560688403215,0.28259012634924596,3.326171875,0.25652564636839553,1.1167156313263442
22.432337844581799,0.15709737141927033,0.13900881059555048,0.1800100591103149,0.33767832115337881,-0.051141075596874933,0.45732123369714311,0.0035830742714234093,0.071096146903343288,0.28880093201027668,3.349609375,0.25479217625458722,1.0989052998908919
22.502438900346117,0.15709737141927074,0.1389226865339491,0.1799955107163303,0.33751191829897603,-0.019429825539692493,0.45259270119179179,-0.0037041557223523019,0.071734870713319007,0.29540634421721618,3.361328125,0.25320095779724971,1.0828117895982445
22.572539956110433,0.1570973714192706,0.13882945856461348,0.17996382512084974,0.33409511158690708,0.012370695901355755,0.44791749058514818,-0.010931819245090454,0.071683733132694424,0.30213573078205658,3.37109375,0.25128151483944217,1.0143496050896428
22.642641011874751,0.15709737141927058,0.13873132514461969,0.1799867712274443,0.32748387176607807,0.043960967464860307,0.44344281270310004,-0.018032024111494439,0.070950794396010292,0.30847261297423484,3.36328125,0.25032709002045778,1.0089204914814303
22.71274206763907,0.15709737141927069,0.13862723474082742,0.1799751112061396,0.3177430598105872,0.07504392789039277,0.43934956227662086,-0.024941634158338968,0.06954456409723081,0.31395275742380852,3.333984375,0.24990305713084876,1.0088949514908219
22.782843123403389,0.15709737141927102,0.13851998305638261,0.1799935921606847,0.30498318729352275,0.10532652505841519,0.4357802723942989,-0.031592777633944143,0.067478996831248583,0.3183261125566908,3.318359375,0.24908377942887677,1.008869072666013
22.852944179167707,0.15709737141927047,0.13841349182492699,0.17997286668507539,0.28932900850322185,0.13453348649193075,0.43288811705198377,-0.037928827379267546,0.064779758317871097,0.32194270415929188,3.294921875,0.24971115819195533,1.0088428524688975
22.923045234932026,0.15709737141927105,0.13830585761802849,0.18000871541635463,0.27093586098893607,0.16238454317145098,0.43072781478325761,-0.043885151822174277,0.061467692190687498,0.32466323938220137,3.259765625,0.2500563870830681,1.0088162883641809
22.993146290696341,0.15709737141927066,0.13820004073134495,0.17994870437309343,0.24999083188567109,0.18862352130369617,0.42940401305713349,-0.049413548096184909,0.057581716843798349,0.32609052188502052,3.232421875,0.24978818258827334,1.0087893778191734
23.06324734646066,0.15709737141927058,0.13809722603999,0.18000871541635496,0.2266967786940452,0.21300264144151088,0.42895485311438963,-0.054458427450500578,0.053152482106843271,0.32678686370055038,3.2109375,0.24983837634972902,1.0087621183035727
23.133348402224978,0.1570973714192706,0.13799968354247441,0.17997286668507556,0.20128143322933337,0.23531911272043526,0.42941114329631247,-0.058979639132571211,0.048227361888119359,0.32672287435414815,3.173828125,0.25034143737755982,1.0087345072892606
23.203449457989297,0.15709737141927085,0.13790842278741131,0.179993592160685,0.17398076299772597,0.25534878321377502,0.43072728240452085,-0.0629341986607177,0.042850173620986247,0.32584135917407026,3.150390625,0.24907653347781428,1.0087065422501156
23.273550513753616,0.15709737141927083,0.13782026416819035,0.17997511120613974,0.14507080349306417,0.27290912217276608,0.43286391036404931,-0.066279116021400464,0.037073338025725051,0.3243968712406809,3.1484375,0.24914410504180956,1.0086782206618348
23.343651569517935,0.15709737141927071,0.13773936978170045,0.17998677122744441,0.11481655028613617,0.28783244723062557,0.43570119434860227,-0.068988143891032666,0.030957335897954734,0.32212810518294488,3.15625,0.24896837593408416,1.008649540001771
23.413752625282253,0.15709737141927149,0.13766380474717085,0.17996382512084982,0.083519895977775427,0.29997493417547427,0.43910433897388906,-0.071032184083407501,0.024560680866274984,0.31923848426531254,3.13671875,0.24967289085029187,1.0086204977487843
23.483853681046568,0.15709737141927063,0.13759076753930946,0.17999551071633046,0.051480897179076938,0.30922608357273157,0.44293138158622714,-0.072388996004584469,0.017945112109546538,0.31555409343301338,3.13671875,0.25107540568731868,1.0085910913830831
23.553954736810887,0.15709737141927088,0.13752309652316549,0.18001005911031487,0.019004164538569405,0.31550560608529205,0.44703167128790172,-0.073049963435514897,0.011174926546242258,0.3114154038274119,3.138671875,0.25278092755758225,1.0085613183860884
23.624055792575206,0.1570973714192703,0.13745869077660203,0.18000011222096507,-0.013595552679795835,0.31875794176453542,0.45122001737507494,-0.073008862642358785,0.0043125027672823975,0.30658623724397244,3.154296875,0.25364474713805002,1.0085311762402827
23.694156848339524,0.15709737141927074,0.13739804839470746,0.17998013320315751,-0.046010215208986259,0.31895567419947474,0.45534027632955593,-0.07226552032808442,-0.0025747227378455674,0.30128734718357392,3.185546875,0.25658388792255343,1.0085006624290538
23.764257904103843,0.15709737141927069,0.13733732384091918,0.17995197968680729,-0.077924717987563646,0.31610892911429156,0.45921927316364325,-0.070824741236179364,-0.0094250349949871921,0.29586944821069905,3.1875,0.26034345214496252,1.0084697744366942
23.834358959868162,0.15709737141927047,0.13727942652745601,0.17999061743901065,-0.10902024049343342,0.31024767851890694,0.46271395881685118,-0.068704389145667177,-0.016160393691810864,0.29096329013807848,3.19140625,0.26409547244799159,1.0084385097482254
23.904460015632477,0.15709737141927091,0.13722060815622716,0.17999753238111665,-0.13900496787010011,0.30144038017686914,0.4656751521950831,-0.065922708918220982,-0.022726014752389733,0.28657946975130433,3.193359375,0.26796972634465699,1.0084068658492953
23.974561071396796,0.15709737141927099,0.13716293084399153,0.17996278899174753,-0.16759690236699867,0.28977718358871479,0.46801524442251585,-0.062512407289978769,-0.029060781779137124,0.28311923187036203,3.19921875,0.27207424325090313,1.0083748402260726
24.044662127161114,0.1570973714192706,0.13710420569369855,0.18000998619288869,-0.19451997860402095,0.27537025251028308,0.46960677496085634,-0.058501792565675108,-0.035105364453741843,0.27991728903005147,3.173828125,0.27569562747644744,1.0083424303651489
24.114763182925433,0.15709737141927074,0.13704463033704017,0.17998174297233702,-0.21950969384200597,0.25836924972103448,0.47037781403978002,-0.053935875570968662,-0.040795613394826159,0.27755960782914862,3.197265625,0.27783160616363034,1.0083096337534843
24.184864238689752,0.15709737141927121,0.13698320806110503,0.18000998619288874,-0.24234232969650543,0.23893719694069657,0.47031089103888374,-0.048860702663345315,-0.046081007246036268,0.27709068299343725,3.19921875,0.27977906666050101,1.0174865185184983
24.25496529445407,0.15709737141927113,0.13692066558694363,0.17996278899174747,-0.26279149744185748,0.21727172896601771,0.46938201556470727,-0.043326111830325538,-0.050915075757611832,0.2779999428109387,3.224609375,0.28066500334531669,1.0105903720098881
24.325066350218385,0.15709737141927091,0.13685645212101072,0.17999753238111632,-0.28067263408405785,0.19358376820588782,0.46762883795860122,-0.037383953248228539,-0.055250916914357399,0.28030216553151405,3.236328125,0.28061856275426306,1.0645328795905293
24.395167405982704,0.15709737141927119,0.13679022049924536,0.17999061743901071,-0.29582277620940128,0.16810121648987977,0.46510355395584285,-0.031097889553260795,-0.059047238843325411,0.28411320712307314,3.240234375,0.27983759894253185,1.0717366980972729
24.465268461747023,0.15709737141927063,0.13672215814759167,0.17995197968680737,-0.30810656878823528,0.14107305939971485,0.46190549848943285,-0.024523654483909519,-0.062271964327096148,0.28888796543151463,3.259765625,0.27812572749898007,1.0880503785674478
24.535369517511342,0.15709737141927052,0.13665243375108024,0.17998013320315734,-0.31740981666664586,0.1127565247862142,0.45813872172596415,-0.017728078183714253,-0.064896707917177457,0.29433263271786048,3.267578125,0.2762790176327905,1.0939728309881933
24.60547057327566,0.15709737141927047,0.13658113734000449,0.18000011222096488,-0.32363743421376956,0.083442890382651944,0.45393040373788562,-0.010779366983659212,-0.0668982950237796,0.30053454034257038,3.271484375,0.27374339082486299,1.0576229250556695
24.675571629039979,0.15709737141927027,0.13650622728172596,0.18001005911031487,-0.32674336449946145,0.053412894141062595,0.44942264153388473,-0.0037446703962728265,-0.068254222537592876,0.3073397255455439,3.30078125,0.27213020002341343,1.0459464806053336
24.745672684804294,0.15709737141927035,0.13642934588377001,0.17999551071633085,-0.32670745731284401,0.022951217252857415,0.444784356861393,0.0033061482654165508,-0.068960775886147047,0.31464107008843623,3.3046875,0.27015019083303748,1.0110830976587681
24.815773740568613,0.15709737141927083,0.13634625887519966,0.17996382512084985,-0.32352788896640439,-0.007636432119954714,0.44015602395219333,0.010304032078884027,-0.069005356754781977,0.32199256998375347,3.302734375,0.26783005641589563,1.0182769349606584
24.885874796332931,0.15709737141927094,0.13625915290060567,0.17998677122744411,-0.31725640286496981,-0.038068725639882478,0.43573300225821882,0.017184197620787777,-0.068394651048276245,0.32892961634174267,3.294921875,0.26682405854822971,1.0079226268830037
24.95597585209725,0.15709737141927088,0.13616929301095876,0.17997511120613918,-0.30795068574277423,-0.068051941744986674,0.43165064210730764,0.023883009181106703,-0.067135713523707716,0.33500357546151127,3.265625,0.26549064684318202,1.007884993279313
25.026076907861569,0.15709737141927133,0.1360730165226387,0.17999359216068475,-0.29571772529063478,-0.097296631583310492,0.42805962466999686,0.030330023302735716,-0.065237768446314293,0.33994337003604835,3.23046875,0.26416594783307684,1.0078469402577079
25.096177963625887,0.15709737141927063,0.13597626110999006,0.17997286668507598,-0.2806797877793798,-0.12555976940298538,0.42514272054916225,0.036476609102415326,-0.062725738015173893,0.3441248334646555,3.201171875,0.26386225184601891,1.0078084653037773
25.166279019390206,0.15709737141927058,0.13588010967172059,0.18000871541635463,-0.26298402615165251,-0.1525539871962335,0.42294354296109726,0.042259043484051934,-0.059619032883096675,0.34728604297613924,3.16796875,0.26398681596968016,1.007769565902719
25.236380075154521,0.1570973714192701,0.13578440649112758,0.17994870437309313,-0.24281698055792023,-0.17802893750392834,0.42155607893670621,0.047625849897188807,-0.055955940489802201,0.349077310316246,3.134765625,0.26422758823883086,1.0077302395393157
25.30648113091884,0.15709737141927069,0.13568943588785265,0.18000871541635463,-0.22035533509030869,-0.20174345365880786,0.42103957651434382,0.05252562309273652,-0.051767044487292566,0.34988002906979065,3.107421875,0.26406584965691215,1.0076904836979192
25.376582186683159,0.1570973714192706,0.13560106930338289,0.17997286668507592,-0.19584420067192154,-0.22350682052221657,0.42141704388057294,0.0569202771544857,-0.047096030275454684,0.349745474053195,3.0703125,0.26473312409894306,1.0076502958624083
25.446683242447477,0.15709737141927099,0.13552190672105371,0.17999359216068475,-0.1695004912346775,-0.24311062563414229,0.42266197331222577,0.060774965333442434,-0.041987313240158884,0.3487050075856174,3.05859375,0.2642189544283024,1.0076096735161753
25.516784298211796,0.15709737141927155,0.13544383590487505,0.17997511120613915,-0.14157029408529187,-0.26035390416819154,0.42469876162148418,0.064042029867632883,-0.036483888506361646,0.34690046641487382,3.046875,0.26423014804869593,1.0075686141421116
25.586885353976115,0.15709737141927158,0.13537228241762567,0.17998677122744419,-0.11234077625905456,-0.27509140767754192,0.42745926541086704,0.066694776683710655,-0.030643574625025104,0.34410165423170608,3.041015625,0.2635748153736146,1.0075271152226011
25.65698640974043,0.1570973714192713,0.13530543735623815,0.17996382512084969,-0.082081056764350027,-0.28716822369553002,0.43079475914348658,0.068704386229458056,-0.024525635854874755,0.34062507752469418,3.025390625,0.26325160471624154,1.0074851742395052
25.727087465504749,0.15709737141927099,0.13524067139644433,0.1799955107163308,-0.05107933784550206,-0.29648017767754864,0.43456004260437298,0.070051247008031087,-0.018184734057552502,0.33643185526661545,3.025390625,0.26479495193935965,1.0074427886741089
25.797188521269067,0.15709737141926985,0.13517988225480343,0.18001005911031467,-0.019647352327785188,-0.30293901852126726,0.43861036166442069,0.070723677625410583,-0.011684523172244148,0.33177346395356655,3.064453125,0.26659164079353365,1.0073999560071818
25.867289577033386,0.15709737141927088,0.13511999246738676,0.18000011222096465,0.011915579200457388,-0.30648634763697186,0.44276227444356253,0.070711575477068148,-0.005088488488714283,0.32674174027928077,3.0859375,0.2685562448972193,1.0073566737189668
25.937390632797705,0.15709737141927027,0.13506336417985634,0.17998013320315742,0.043302929285102314,-0.30709279679822049,0.44685615685742891,0.07001943732455683,0.0015364362950795651,0.32113823633173416,3.1171875,0.27217589657715235,1.0073129392891593
26.007491688562023,0.15709737141927091,0.13500728732625336,0.17995197968680726,0.074218559203707304,-0.30476777300945573,0.45073646845091475,0.06865063179480646,0.0081334751636103538,0.31528045882931949,3.119140625,0.27544028824601896,1.0072687501969102
26.077592744326338,0.15709737141927099,0.1349542961541795,0.1799906174390106,0.10436107608992079,-0.29953606184096593,0.45426556167926813,0.066626579982646414,0.014632999547087862,0.31009769709696983,3.125,0.27960736508456852,1.007224103920813
26.147693800090657,0.1570973714192708,0.13490119931061489,0.17999753238111599,0.13344185172282119,-0.29146026139615366,0.45727655112114757,0.063961325014971357,0.020979394940927626,0.30547751015532715,3.1328125,0.28319431709855042,1.0071789979389136
26.217794855854976,0.15709737141926997,0.13484786527829992,0.17996278899174772,0.1611849891607523,-0.28061494682035554,0.45967826533930867,0.060685281857243263,0.027109063508450198,0.30079465840139702,3.130859375,0.28655944057590499,1.0071334297287038
26.287895911619295,0.15709737141927035,0.13479429028934023,0.18000998619288874,0.18732356097581532,-0.26711790400253044,0.46135383112915163,0.056827587443621382,0.032969441257581229,0.29747730586383409,3.13671875,0.28967167774667835,1.0070873967671288
26.357996967383613,0.15709737141927047,0.13473886955399053,0.17998174297233749,0.21159969461021302,-0.25110746632369046,0.46222766595808651,0.052429041228126111,0.038497726903144062,0.29523790014787005,3.15625,0.29228447213610853,1.0070408965305888
26.428098023147932,0.15709737141927113,0.13468376428880929,0.18000998619288866,0.23380110878671531,-0.23272917652571157,0.46227877099033771,0.047534559138405305,0.043646303553399095,0.29393321152750906,3.162109375,0.2942985009202036,1.0069939264949581
26.498199078912247,0.15709737141927158,0.13462775046764594,0.17996278899174778,0.25370709250761159,-0.21217552455206828,0.46148208450390044,0.042193342690224761,0.048365193336637587,0.29466574113730576,3.171875,0.29506265709150065,1.0069464841355447
26.568300134676566,0.15709737141927071,0.13457012463099347,0.17999753238111607,0.27112995346233953,-0.1896426345787772,0.45985804031465455,0.036456348542135156,0.052609887723875114,0.296842826941699,3.173828125,0.29481700565401614,1.0437186788584436
26.638401190440884,0.15709737141927102,0.13451023951787505,0.17999061743901026,0.28591443598893101,-0.16534993639852949,0.45746330693096654,0.030381052764891756,0.056343286847849457,0.3006105932502034,3.193359375,0.29326612508259625,1.0179273711424397
26.708502246205203,0.15709737141927099,0.13444867529067825,0.17995197968680718,0.29792707345957808,-0.13952985344440103,0.45438895182470179,0.024022967266969696,0.059528909950969877,0.30544098377373102,3.220703125,0.29151255678235827,1.0655362997360993
26.778603301969522,0.15709737141927069,0.13438557559897663,0.17998013320315784,0.30705763175382017,-0.11243404107254766,0.45074990346564664,0.017450047424561063,0.062139812288567249,0.31106916684255764,3.240234375,0.28993647877078066,1.0400492993107366
26.84870435773384,0.15709737141927041,0.13432065930441667,0.18000011222096468,0.31321538264740834,-0.08433592404510197,0.44665185714825562,0.01072372950405056,0.064153891771466715,0.31746070187100656,3.259765625,0.28852416165482159,1.0474016199526164
26.918805413498156,0.15709737141927091,0.13425408760335428,0.1800100591103149,0.31635117097416815,-0.05550770898813695,0.4422474057385925,0.0039125636569396476,0.065549618707940863,0.32437022160230261,3.25,0.2864591767827574,1.0073451585891016
26.988906469262474,0.15709737141927138,0.13418573432823258,0.17999551071633033,0.31644542958348104,-0.026219523060777003,0.43770481448171539,-0.0029193092641391725,0.06632060247728809,0.33182359102297004,3.24609375,0.28512418468935535,1.0066009503736078
27.059007525026793,0.1570973714192708,0.13411306134189382,0.17996382512084977,0.31349201320756998,0.0032316426038797455,0.43315110287450787,-0.0097033571065976397,0.066454980147900508,0.3394714782448025,3.240234375,0.28189682943637029,1.0065496384756869
27.129108580791112,0.15709737141927094,0.13403510551436959,0.17998677122744428,0.30754009131949062,0.032567496721532085,0.42876388064668292,-0.016374376401287426,0.065956313984329953,0.34673101528462036,3.23046875,0.28057202828246897,1.0064978315101143
27.19920963655543,0.15709737141927077,0.13395389972676938,0.17997511120613971,0.29864741882373108,0.061507894904112632,0.42471151751350494,-0.02287039340901878,0.064831881452249329,0.35316839787661775,3.201171875,0.27901809690027957,1.006445526947642
27.269310692319749,0.15709737141927041,0.13386788086709484,0.17999359216068472,0.28691212424674001,0.089782231741320148,0.42113516656715444,-0.029127484877671569,0.063090569098974508,0.35858551699644936,3.177734375,0.27744388153983174,1.0063927222586546
27.339411748084068,0.15709737141927113,0.13377950555160814,0.17997286668507539,0.27245873548982047,0.1171397464480594,0.41818725822141556,-0.035092387516049012,0.060753612830643622,0.36330156283876114,3.16796875,0.2766423994517096,1.0063394149131752
27.409512803848383,0.15709737141927063,0.13368869157918634,0.1800087154163546,0.25542236442796012,0.14331196934709248,0.41595159055081821,-0.040707669336768872,0.057838532737851653,0.36694036825880777,3.158203125,0.27563734361940156,1.0062856023808917
27.479613859612702,0.15709737141927135,0.13359828824273395,0.17994870437309346,0.23598773851080088,0.16805410834705736,0.41452540335626942,-0.045920371451298493,0.054384745926467623,0.36924514756120991,3.1484375,0.27687774597635212,1.0062312821311878
27.54971491537702,0.15709737141927096,0.13350859607145418,0.18000871541635494,0.21432318952929116,0.19113876697151946,0.41394166911448849,-0.050685389856101062,0.050417549884036919,0.37045978371000632,3.103515625,0.2767798637264085,1.0061764516331362
27.619815971141339,0.15709737141927091,0.1334226363239544,0.17997286668507553,0.19066102558578762,0.21235974643065872,0.41421773835108899,-0.054957337606139509,0.045979548337596231,0.37050859498512323,3.083984375,0.27673814045355211,1.0061211083555623
27.689917026905658,0.15709737141927091,0.1333439768886503,0.17999359216068503,0.16522577150779502,0.23152272630084503,0.4153736932418477,-0.058703576080951274,0.041116940137726696,0.36933873853371935,3.076171875,0.27709517328427724,1.0060652497670617
27.760018082669976,0.15709737141927013,0.13326972088243849,0.17997511120613977,0.13824417948710213,0.24844484778938605,0.41730774047845465,-0.061886827577875961,0.035869511393752829,0.36748517507652351,3.056640625,0.27682194883492633,1.0060088733360035
27.830119138434291,0.15709737141927113,0.13320233223663547,0.17998677122744419,0.10999254935778456,0.26297450561224062,0.41996852402950724,-0.064476383210184923,0.030290613430011479,0.36461228957108083,3.029296875,0.27612066847117683,1.0059519765305427
27.90022019419861,0.15709737141927055,0.13313817645631543,0.17996382512084985,0.080736984683794907,0.27496338630295813,0.42322697093740436,-0.066446979298671868,0.024437015270240829,0.36087014848896404,3.009765625,0.27582478654558756,1.0058945568186799
27.970321249962929,0.15709737141927105,0.13307804487820452,0.17999551071633049,0.050747544262623907,0.28430196862652801,0.426919911854305,-0.067779326604812909,0.018360239571287608,0.35628981299962792,2.984375,0.27659114161548692,1.0058366116682795
28.040422305727247,0.15709737141927102,0.13302110483908849,0.1800100591103149,0.020327879482162674,0.29090463920780318,0.43091295953406822,-0.068458283176886195,0.012120039445265712,0.35114226805752619,2.982421875,0.27785468023999166,1.005778138547095
28.110523361491566,0.15709737141927071,0.13296440282021776,0.1800001122209651,-0.010228150694213609,0.29471498554615411,0.43503043348696568,-0.068471469704000254,0.0057780587141795601,0.34557697224411021,2.9921875,0.28073519627004173,1.0057191349228014
28.180624417255885,0.15709737141927094,0.13291232076780496,0.17998013320315751,-0.0406220110345566,0.29570117374858523,0.43913180561282122,-0.067828528709497682,-0.00060029144031329752,0.34008163893541071,3.01953125,0.28402400026052566,1.005659598263011
28.2507254730202,0.15709737141927063,0.13286102853127055,0.17995197968680743,-0.070569654674045842,0.29386180140842122,0.4430346304027804,-0.066530996701768,-0.0069562838158652085,0.33438203340637357,3.029296875,0.28754567684792931,1.0055995260353088
28.320826528784519,0.15709737141927105,0.13281182522833468,0.1799906174390106,-0.099782282257511928,0.28922245382935646,0.44660156695701198,-0.064597871338716265,-0.013230793306871526,0.32876680535859482,3.03515625,0.29209117679775104,1.0055389157072658
28.390927584548837,0.15709737141927077,0.13276153501461099,0.17999753238111654,-0.12798030294971771,0.28182827193095999,0.44967999556187011,-0.062042274991650874,-0.019364160875151526,0.32316539322039728,3.056640625,0.29683199710342839,1.0054777647464914
28.461028640313156,0.15709737141927047,0.132712029328999,0.17996278899174747,-0.1548917968686743,0.27175919432737261,0.45214643068781635,-0.05889363691305316,-0.025298260852002211,0.31865168993698834,3.05859375,0.30058639072802507,1.005416070620633
28.531129696077475,0.1570973714192711,0.13266300365511141,0.18000998619288872,-0.18025946537314633,0.25911951843985137,0.45390486485970161,-0.055185143466522105,-0.030977483222676332,0.31515589654955301,3.076171875,0.30422232496911095,1.0053538307974279
28.601230751841793,0.15709737141927058,0.13261116468220893,0.17998174297233707,-0.20384418013699102,0.24403638693835089,0.45486918306171648,-0.050948731885753759,-0.036345208944851472,0.3124972355846975,3.10546875,0.30696439298448824,1.0052910427447332
28.671331807606109,0.15709737141927083,0.13255926329400755,0.18000998619288872,-0.22542111611953453,0.22665724811465901,0.45501481748504369,-0.046231304920057996,-0.041353599422021145,0.31117154852556994,3.1171875,0.30883881718072853,1.0052277039305597
28.741432863370427,0.15709737141927135,0.13250808067112049,0.17996278899174767,-0.24479103800046531,0.20715743217226568,0.45432813042744347,-0.041078496000119841,-0.045956545334552859,0.31169203582688321,3.115234375,0.30973605775052249,1.0051638118230968
28.811533919134746,0.15709737141927116,0.13245528071744606,0.17999753238111632,-0.2617704360373872,0.18571748197663834,0.45281646628780992,-0.035540097463709903,-0.050110527281830602,0.31351615740411426,3.126953125,0.30947547436873424,1.0050993638907426
28.881634974899065,0.15709737141927091,0.13240031892469917,0.17999061743901082,-0.27619518237827623,0.16255656166459315,0.45053324754496449,-0.029672755841297069,-0.053776425905709212,0.31694164455124657,3.1484375,0.30853152874017775,1.0050343576021212
28.951736030663383,0.15709737141927074,0.13234426353475684,0.17995197968680735,-0.28794062222365213,0.13789254558539224,0.44755868566277912,-0.02352815996758453,-0.056919794051541031,0.32187951977429297,3.166015625,0.30667537018089613,1.0049687904261386
29.021837086427702,0.15709737141927094,0.13228737555558412,0.17998013320315739,-0.29690317784900255,0.11195953317244133,0.44402036887411506,-0.017171554657300608,-0.059513252009012023,0.32759940053856651,3.19140625,0.30531687600719665,1.0259901428842451
29.091938142192021,0.15709737141927099,0.13222905251409178,0.18000011222096488,-0.30299216572772203,0.085024727579027792,0.44000658345365795,-0.0106625561459166,-0.06153528911109285,0.33418480934541939,3.185546875,0.30315303481789252,1.0048359632895136
29.162039197956336,0.1570973714192713,0.13216827948566864,0.18001005911031465,-0.30615307742051401,0.057344687906408107,0.43567677039372138,-0.0040691129721045355,-0.062963263193996977,0.3413417835752906,3.203125,0.30115161670410723,1.0047686982685573
29.232140253720654,0.15709737141927066,0.13210691094727484,0.17999551071633083,-0.30637036417639962,0.02919197955846731,0.43118931407496891,0.0025477347766005983,-0.063791593867210269,0.34905877711318889,3.197265625,0.29994186263530448,1.0047008622396543
29.302241309484973,0.15709737141927094,0.1320406152315908,0.17996382512084988,-0.30363474566983872,0.00084004379551388692,0.42667599465356615,0.0091203866164962163,-0.064007676045050921,0.35694983285218002,3.1875,0.29611260825083469,1.0046324526737518
29.372342365249292,0.15709737141927066,0.13197074607968837,0.17998677122744416,-0.29799296425780269,-0.027441980396107717,0.42231778831934524,0.015584074345084591,-0.063612741351328633,0.36455353054821465,3.1796875,0.29480212278877599,1.0045634670422923
29.442443421013611,0.15709737141927121,0.13189783064693894,0.17997511120613915,-0.28950540926410123,-0.055383610242297467,0.41828897000649851,0.021882041397882964,-0.062615342943015295,0.37143596060221007,3.146484375,0.29288059074170264,1.004493902817239
29.512544476777929,0.15709737141927069,0.13182174102132296,0.1799935921606847,-0.27825670868304186,-0.082726518523943457,0.41472395893411457,0.027954929025218189,-0.061021117880557092,0.37715580581615077,3.125,0.29164479068285121,1.0044237574711417
29.582645532542244,0.15709737141927071,0.13174433893593834,0.17997286668507598,-0.26437067725994684,-0.10921803132000692,0.41175406569104961,0.033746259825355146,-0.05885224485650245,0.38197429563847729,3.09765625,0.29189961534019215,1.0043530284771609
29.652746588306563,0.15709737141927055,0.13166412468294486,0.18000871541635463,-0.24797652497734743,-0.13459911699447744,0.40947637582370133,0.039200947322248131,-0.056123543230900103,0.38574266780186028,3.078125,0.289873557211559,1.0042817133091122
29.722847644070882,0.15709737141927108,0.1315822469864088,0.1799487043730931,-0.2292453991313137,-0.15863412193963705,0.40799278072792577,0.044267836132594683,-0.052867590811337385,0.3882007289001852,3.078125,0.28935965582893619,1.0042098094414937
29.7929486998352,0.15709737141927022,0.13150289601441753,0.18000871541635455,-0.20835991255877873,-0.18111581990900319,0.40735751095018202,0.048903183101310796,-0.049118405493833651,0.38961500244461794,3.06640625,0.28936255131866384,1.0041373143495402
29.863049755599519,0.15709737141927071,0.13142621973180391,0.17997286668507589,-0.18552502461864981,-0.20182427160801691,0.40757749805533205,0.053064105076564415,-0.044907374551086204,0.38983693822339754,3.068359375,0.28793884348250481,1.004064225509248
29.933150811363838,0.15709737141927052,0.13135436119971131,0.1799935921606847,-0.16096009822462556,-0.22056914131005981,0.40865653849179995,0.05671259039371692,-0.040279483317875238,0.38878752447997028,3.05859375,0.28876910848990711,1.0039905403974301
30.003251867128153,0.15709737141927113,0.13128516429403883,0.17997511120613913,-0.13489760860264327,-0.23718214890140013,0.41051951629240557,0.059814606765226604,-0.035275995207408137,0.38689628461208242,3.037109375,0.28862493760753177,1.0039162564917408
30.073352922892472,0.15709737141927124,0.13122147261341255,0.17998677122744419,-0.10758786690914761,-0.25150201160978092,0.41308601796911748,0.062343701727838138,-0.029945997985785497,0.38399121672089415,3.02734375,0.28869288954124322,1.0038413712707381
30.14345397865679,0.15709737141927091,0.13115944330729035,0.17996382512084971,-0.079289898811540305,-0.26339748766259713,0.41625316655215827,0.064271744953061566,-0.024342856381612311,0.38016776581146855,3.009765625,0.28945633027826773,1.0037658822138973
30.213555034421109,0.15709737141927069,0.13110217010141231,0.1799955107163308,-0.050272584754995124,-0.27275591614074413,0.41987574562339758,0.065582466127397085,-0.018518753879863417,0.37559128792650914,3,0.29077655090104548,1.0036897868016845
30.283656090185428,0.15709737141927124,0.13104966845911106,0.18001005911031462,-0.020826482227758323,-0.2794932217067656,0.42382713561280322,0.066264336116760275,-0.01253056092737608,0.37025417114179354,3.00390625,0.2932381699571856,1.0036130825155876
30.353757145949746,0.15709737141927049,0.13099803764551585,0.18000011222096468,0.0087689773508127199,-0.28354089849093117,0.427927814497013,0.066305276018700912,-0.0064352762997882977,0.36450804088459976,3,0.29567025452856149,1.0035357668381499
30.423858201714062,0.15709737141927074,0.13094939875522174,0.17998013320315731,0.038218435098767774,-0.28487845815890067,0.43203123947854566,0.065708997777790837,-0.00029168489763876373,0.35862531395920461,3.02734375,0.29967313739455614,1.0034578372530203
30.49395925747838,0.15709737141927063,0.13090365225332051,0.17995197968680723,0.067241106103816992,-0.28349370144171449,0.43596289143150957,0.06448040812754513,0.0058398056438748458,0.35253829669944053,3.03515625,0.30372999333784806,1.0033792912449739
30.564060313242699,0.1570973714192706,0.13085901266035499,0.1799906174390106,0.095562385465585237,-0.27940585852528343,0.43955891306697176,0.062633743637717509,0.011899060821918463,0.34637220958089771,3.01953125,0.30796754693828898,1.0033001262999774
30.634161369007018,0.1570973714192703,0.13081294139987509,0.1799975323811159,0.12291040648022104,-0.27265446047072478,0.44269309324031769,0.060183407448743717,0.017827975279528559,0.34072843718722695,3.025390625,0.31196214139699746,1.0032203399052204
30.704262424771336,0.15709737141927105,0.13076663260612073,0.17996278899174772,0.1490159182671785,-0.26331674742846645,0.44522315127619683,0.057156666930968797,0.023572739310070367,0.33580932149900594,3.01171875,0.31544385315168477,1.0031399295491559
30.774363480535655,0.15709737141927085,0.13072059630816654,0.1800099861928888,0.17364077373327927,-0.25148736599928073,0.44707383244238985,0.053583696445099999,0.029079718381555854,0.33198620948011792,3.015625,0.31960602400999011,1.0030588927215411
30.844464536299974,0.15709737141927047,0.1306739080327054,0.17998174297233746,0.1965507246827139,-0.23728742071825068,0.4481521429899018,0.049500150437798943,0.034296204969687098,0.329083100280951,3.056640625,0.32234764687398015,1.0029772269134243
30.914565592064289,0.1570973714192706,0.13062598022323979,0.18000998619288877,0.21752316308971115,-0.22085294319136828,0.4484092728227857,0.044948408387720226,0.039172158527132933,0.32755153728980008,3.06640625,0.32375057224366732,1.0028949296173464
30.984666647828607,0.15709737141927049,0.13057824536832621,0.17996278899174778,0.23636059265815346,-0.20235037286247021,0.44784574573945202,0.039972518432957384,0.043663314849445876,0.32756690560347251,3.0703125,0.32444798051293083,1.0028119983272976
31.054767703592926,0.15709737141927041,0.13052919231296628,0.17999753238111607,0.25289146369545701,-0.18195406300641928,0.4464669963520167,0.034621241230646894,0.047728048789059854,0.32923949831340493,3.091796875,0.32438093347791924,1.0027284305387631
31.124868759357245,0.15709737141927094,0.13047826668342899,0.17999061743901026,0.26695325287492316,-0.15986852083771941,0.44431041838070923,0.028948447716193194,0.051326808540259526,0.33239906487245213,3.111328125,0.3229075406005964,1.0026442237487609
31.194969815121564,0.15709737141927077,0.13042641918080206,0.17995197968680718,0.27842257874521731,-0.13630605397508924,0.44145522473606263,0.023007763776729043,0.05442682867270008,0.33728579215345822,3.125,0.32137810496381347,1.0025593754559003
31.265070870885882,0.15709737141927116,0.13037279729756202,0.17998013320315787,0.28719680309930684,-0.11148783159732499,0.43801901876416849,0.016856183741179771,0.057000728822921072,0.34297626149344729,3.158203125,0.31956691423920652,1.0024738831604367
31.335171926650197,0.1570973714192706,0.13031921245328834,0.18000011222096476,0.29319353691205274,-0.085661558885378269,0.4341075294289144,0.01055517157275835,0.059027631344298163,0.34979900302125871,3.15625,0.31731151973464483,1.0023877443642077
31.405272982414516,0.15709737141927052,0.13026249321044434,0.1800100591103149,0.29635416229124856,-0.059087449876367465,0.42985672297008398,0.0041685169353904983,0.06048435985703271,0.35731915837166989,3.1640625,0.31499641915368093,1.0023009565708667
31.475374038178835,0.15709737141927058,0.13020554742946505,0.17999551071633033,0.29666401684858179,-0.032016367092235418,0.4254285667481727,-0.0022409093488228071,0.061364667983874299,0.36554400489516931,3.16796875,0.31391698910013854,1.0022135172858402
31.545475093943153,0.15709737141927096,0.13014512845078838,0.17996382512084977,0.29411485862570214,-0.0047170326487901079,0.42097011887878727,-0.0086114530047604072,0.061655878832420345,0.37388348053802706,3.14453125,0.3108990069371918,1.0021254240163837
31.615576149707472,0.15709737141927058,0.13008145637739957,0.17998677122744428,0.28874506850646653,0.022547721493219638,0.41664470794449543,-0.014877707161413753,0.061358891334048635,0.3819119669227431,3.14453125,0.30897218160204415,1.0020366742716482
31.685677205471791,0.15709737141927066,0.13001454027733797,0.17997511120613946,0.28061790322521041,0.049531770260734104,0.4126130058908829,-0.020987481171733099,0.060480083205185664,0.38919449198210576,3.11328125,0.30679001667611028,1.0019472655626991
31.755778261236106,0.15709737141927066,0.12994515042949795,0.17999359216068472,0.26981061287167002,0.075975651148545972,0.40903095756118923,-0.026882631138074181,0.059024826774636413,0.39534051089588124,3.08984375,0.30443033837318401,1.0018571954025561
31.825879317000425,0.1570973714192706,0.12987498381673246,0.17997286668507539,0.25644418505745531,0.10163523015498953,0.40602546536564271,-0.032505281169487352,0.057013399149658972,0.40058053326553522,3.052734375,0.30443530297778243,1.0017664613062585
31.895980372764743,0.15709737141927049,0.12980336146443014,0.18000871541635463,0.24063688591738799,0.12626106808637724,0.40369730563778061,-0.03780569443284041,0.054463534504318352,0.40463162973780464,3.013671875,0.3036965797563228,1.0016750607908995
31.966081428529062,0.15709737141927052,0.12973072651093029,0.17994870437309346,0.22255783655925523,0.14961605054197066,0.40214060129975127,-0.042730707689293684,0.051397374586848156,0.40734506377959967,3.01953125,0.30206471762584136,1.0015829913756855
32.036182484293377,0.15709737141927096,0.12966026767057953,0.18000871541635494,0.2023931965522075,0.17151074546765374,0.40142560131960775,-0.047240091510063018,0.047850607684143634,0.40901660464957579,3.01171875,0.3025626029807339,1.0014902505819814
32.106283540057696,0.15709737141927055,0.12959201902848688,0.17997286668507587,0.1803201424923612,0.19172275694024213,0.40154168163075621,-0.051291121697871693,0.04385725744944128,0.40936106390133198,3.0078125,0.3014257336919024,1.0013968359333552
32.176384595822014,0.15709737141927069,0.12952740616959227,0.17999359216068503,0.15656554285804244,0.21006101496560453,0.40250359108487943,-0.054845525942094964,0.039452825088748693,0.40828192025408189,2.98828125,0.30096865091894548,1.0013027449556395
32.246485651586333,0.15709737141927121,0.12946519339599666,0.17997511120613968,0.13135705497060443,0.22637468940578623,0.40425285915426812,-0.057871952614712646,0.03468324482533601,0.40618018374215786,2.9609375,0.30044755464519607,1.0012079751769765
32.316586707350652,0.15709737141927091,0.12940658502082236,0.17998677122744419,0.10492310182090063,0.2404976799213116,0.40671862161103517,-0.060342474073428895,0.029590572490567114,0.40308206451607798,2.955078125,0.30023788794570538,1.0011125241278636
32.386687763114971,0.15709737141927096,0.12935013483088539,0.17996382512084988,0.077535239425583768,0.25229775458489434,0.40978866176761131,-0.06223115867921844,0.024223604134126338,0.39909659560197369,2.93359375,0.30137020586470437,1.0010163893412134
32.456788818879289,0.15709737141927119,0.12929864157445325,0.17999551071633049,0.049446227178221731,0.26167814413388341,0.41335579185797711,-0.063523460107643648,0.018636085938128828,0.3941489350914964,2.90625,0.30264001655384715,1.0009195683524055
32.526889874643608,0.15709737141927063,0.12925150031221749,0.1800100591103149,0.020931191043478164,0.2685376663691767,0.41724926090496012,-0.064203988562488823,0.012886908090861782,0.38829743539644845,2.919921875,0.30467609505644949,1.0008220586993346
32.596990930407927,0.15709737141927041,0.12920353411890956,0.18000011222096504,-0.0077491701670822201,0.2728062679250301,0.42130164502145639,-0.064260384800758255,0.0070237961401473153,0.38215248375264188,2.951171875,0.30780432105224531,1.0007238579224647
32.667091986172245,0.15709737141927083,0.1291576920052491,0.17998013320315756,-0.036299037247146788,0.27446439297268432,0.42536110967866797,-0.063699034567231708,0.0011060096643393444,0.37594878396074688,2.96484375,0.31118429100513162,1.0006249635648643
32.737193041936564,0.15709737141927033,0.12911372067547602,0.17995197968680732,-0.06445028009936557,0.27349012651965338,0.42927901885460085,-0.062524290060940887,-0.0048081718569978182,0.36939772836404378,2.95703125,0.31546756030249057,1.0005253731722632
32.807294097700883,0.15709737141927091,0.12907022996319478,0.17999061743901076,-0.091919502872846656,0.26991020409890593,0.43288913324550227,-0.060747883333717848,-0.0106623706965199,0.36256949064726302,2.94921875,0.31956345320408691,1.0004250842930926
32.877395153465194,0.15709737141927116,0.12902748250747137,0.17999753238111663,-0.11845129275134585,0.26375512965736325,0.43606212181397092,-0.058389099931896664,-0.016399524246768056,0.35654960979230593,2.9609375,0.32459707423156925,1.0003240944785532
32.947496209229513,0.15709737141927074,0.12898473905501603,0.17996278899174753,-0.14378576937071771,0.25509786798939466,0.43865389472476313,-0.055471638827555118,-0.021966438985325461,0.35148673282621262,2.958984375,0.32848765101416832,1.0002224012826022
33.017597264993832,0.15709737141927077,0.12894218957774894,0.18000998619288888,-0.16769230832930279,0.24402216249427738,0.44057621748040704,-0.052023142734795073,-0.027309534499510311,0.34768077849726037,2.982421875,0.33225395301488125,1.0001200022620778
33.08769832075815,0.15709737141927063,0.12889908666778166,0.17998174297233699,-0.18994637388115265,0.23064176551515866,0.44175907965073391,-0.048079470690961773,-0.032379552508908137,0.34438732349451456,2.994140625,0.33547735383823163,1.0000168949767918
33.157799376522469,0.15709737141927055,0.12885523508676788,0.18000998619288874,-0.21032867758639334,0.21508634234451984,0.4421300263863791,-0.043679624886582738,-0.037128883465006611,0.34265812595091316,3.013671875,0.33705620005320214,0.99991307698953458
33.227900432286788,0.15709737141927066,0.12881128009581722,0.1799627889917477,-0.22864387818162021,0.19751502682181807,0.441681684073017,-0.038867286008772879,-0.041511422987960379,0.3422810645742117,3.015625,0.33765553507062251,0.99980854586612455
33.298001488051106,0.15709737141927077,0.12876668867424079,0.17999753238111632,-0.24472771858582582,0.1780979635407802,0.4404409011936597,-0.033691513771238135,-0.045487068709842163,0.34382040912217976,3.03125,0.33736157714290227,0.99970329917546286
33.368102543815425,0.15709737141927144,0.12872037706092412,0.17999061743901082,-0.25842183793282564,0.15702985706287834,0.43842540677630004,-0.02820284717551837,-0.049018624942793895,0.34705230326219,3.05078125,0.33659226700137229,0.99959733448956467
33.438203599579744,0.15709737141927069,0.12867308459713733,0.17995197968680735,-0.26960774771518803,0.13450310945776747,0.43571622031390428,-0.022452051519096319,-0.052074779711909013,0.35196041515843768,3.0859375,0.33459623766988317,0.99949064938362508
33.508304655344062,0.15709737141927166,0.12862451676119654,0.17998013320315737,-0.27818471316405674,0.11073509952487876,0.43241906561051169,-0.016494208973473683,-0.054627394031852482,0.35781268841227376,3.109375,0.33322800358362509,0.99938324143611645
33.578405711108381,0.15709737141927055,0.12857567674873399,0.18000011222096496,-0.28406727586717823,0.085968766693975671,0.42863736557655197,-0.010389861987729121,-0.05665449043215473,0.36486335280274657,3.109375,0.33130674352320288,0.99927510822881738
33.6485067668727,0.15709737141927047,0.12852387006160979,0.18001005911031481,-0.28720675921632793,0.060436632749131948,0.42451129027947931,-0.0041992778904672116,-0.05813274304599398,0.3727576202541259,3.12890625,0.32893614913941405,0.99916624734677539
33.718607822637011,0.15709737141927113,0.12847270892537932,0.1799955107163308,-0.2875812655771931,0.03439835976444746,0.42020261077394466,0.0020143705944132432,-0.059058040452827365,0.38127728021651425,3.123046875,0.32679878177892835,0.9990566563784945
33.78870887840133,0.15709737141927069,0.12841785541954737,0.17996382512084988,-0.28518722812197589,0.0081030356720619545,0.41583849985361904,0.0081927380648164298,-0.05941538013720922,0.38987274221782825,3.111328125,0.32404317809657851,0.99894633291593926
33.858809934165649,0.15709737141927119,0.1283598191567917,0.17998677122744416,-0.2800548604927825,-0.018195862926373339,0.41158897953881129,0.014273415015756498,-0.059204952432208219,0.3981004502633495,3.107421875,0.3211680372712486,0.99883527455459087
33.928910989929967,0.15709737141927063,0.12830053158458068,0.17997511120613915,-0.27224903059142386,-0.044261378044586915,0.40760878112865495,0.020202796439936749,-0.058433982434476339,0.40566203878904306,3.087890625,0.32017833246777316,0.99872347889350899
33.999012045694286,0.15709737141927105,0.12823835399562944,0.17999359216068483,-0.26184041232815136,-0.069837926676170836,0.40404479541534261,0.025925828964889056,-0.057105768523833721,0.41217215202685403,3.056640625,0.31739935629753507,0.99861094353539614
34.069113101458605,0.15709737141927116,0.12817406478926763,0.17997286668507595,-0.24894456819953234,-0.094688328568681521,0.40102962664836606,0.03138759749079565,-0.055236363272129489,0.41793264817529435,3.041015625,0.31583512079638559,0.99849766608662893
34.139214157222924,0.15709737141927102,0.1281083900393995,0.18000871541635466,-0.23368139952241199,-0.11857155409641612,0.3986686080052248,0.036535679132190677,-0.052847879467091345,0.42233109501403682,3.01171875,0.31546226661568949,0.99838364415731851
34.209315212987242,0.15709737141927069,0.12804184936444926,0.1799487043730931,-0.21620368785034691,-0.14125957639335851,0.3970499054734547,0.041323295925302206,-0.049958519913242454,0.42538271299652092,2.98828125,0.31332715052675097,0.99826887536133779
34.279416268751561,0.15709737141927058,0.12797772113841299,0.18000871541635452,-0.19669891560891578,-0.1625718491131867,0.39624702112593924,0.045706986946305567,-0.046601029535837592,0.4273040811884285,2.97265625,0.31350244296850166,0.99815335731641386
34.34951732451588,0.15709737141927096,0.12791644215235135,0.17997286668507592,-0.17534268500909275,-0.18229147062364556,0.39627577529917796,0.049649617835118648,-0.04280875784541939,0.42783992841310231,2.974609375,0.31295057380210001,0.99803708764417332
34.419618380280198,0.15709737141927041,0.12785737248132228,0.17999359216068467,-0.1523454396411609,-0.20022793500840613,0.3971202222256513,0.053111340779240707,-0.038614991242936755,0.42688263655403097,2.98046875,0.31263776516895014,0.99792006397019717
34.489719436044517,0.15709737141927035,0.12780099473949968,0.17997511120613896,-0.12793064061702172,-0.21623285551379115,0.39874068038417626,0.05606172045645106,-0.03406192098940098,0.42481522816310174,2.96484375,0.31284871040697787,0.99780228392407455
34.559820491808836,0.15709737141927074,0.12774958488994081,0.17998677122744419,-0.10232298511868067,-0.23014448576144078,0.40108358809600841,0.058475595127337493,-0.029193352085048599,0.42158820148620424,2.958984375,0.31315108989453516,0.99768374513945857
34.629921547573147,0.15709737141927085,0.12769799691702452,0.17996382512084971,-0.075775273942019966,-0.24182922130273937,0.40401631953168554,0.060321516628075174,-0.024052469482109061,0.41726409982564172,2.943359375,0.31437724864912275,0.99756444525411547
34.700022603337466,0.15709737141927024,0.12764911888679006,0.17999551071633069,-0.048545399729059018,-0.25118584335728922,0.40745112651373361,0.061585901062508122,-0.018690072945454151,0.41187789911404604,2.947265625,0.31608579236167311,0.99744438190998574
34.770123659101785,0.15709737141927083,0.12760408826717076,0.18001005911031465,-0.020903037945464803,-0.25813062394968278,0.41123519875788667,0.062257935735826435,-0.013163712318353398,0.40561578080909755,2.955078125,0.31829371248700289,0.99732355275326068
34.840224714866103,0.15709737141927102,0.12756003609049141,0.18000011222096474,0.006901419302232821,-0.26258500641448207,0.41520682632020772,0.062329677996166365,-0.0075207266607462808,0.39894616240291964,2.958984375,0.32097954212479246,0.99720195543442591
34.910325770630422,0.15709737141927027,0.12751774017156794,0.17998013320315728,0.034593698492695002,-0.26452386437783809,0.41919731701423313,0.061802365442541196,-0.0018196633894503533,0.39237089548779192,2.978515625,0.32441284286076383,0.99707958760832371
34.980426826394741,0.15709737141927041,0.12747573401404219,0.17995197968680726,0.061912711095797004,-0.26392036209472924,0.42307629447028883,0.060677903118359106,0.0038853967092939735,0.38541048198014788,3.001953125,0.32894922703204826,0.9969564469341804
35.050527882159059,0.15709737141927074,0.12743571330850639,0.1799906174390106,0.088577978459105033,-0.2608056664327546,0.42667812066633359,0.0589695656874469,0.0095404991828020973,0.37805876318429416,2.994140625,0.33333757147451087,0.99683253107569136
35.120628937923378,0.1570973714192703,0.12739692389500026,0.1799975323811159,0.11434003950457153,-0.25520124372516528,0.4298686146156378,0.056696002435260441,0.015091186826922943,0.37157819165737543,2.98828125,0.33845085492596266,0.99670783770095772
35.190729993687697,0.15709737141927083,0.12735818658897038,0.17996278899174772,0.13895030052071153,-0.24717650652749476,0.43251213588387438,0.053878416827938563,0.020484873422079851,0.36616878103565403,2.96484375,0.34283468492169061,0.99658236448270365
35.260831049452015,0.15709737141927085,0.12731930682091694,0.18000998619288872,0.16217466476505626,-0.2368053084051106,0.4345013116335556,0.050546206244829098,0.025669327804848447,0.36170527177930129,2.96484375,0.34593339191989492,0.99645610909833404
35.330932105216334,0.15709737141926991,0.12727996662299895,0.17998174297233749,0.18380272426445057,-0.22419576350106277,0.43577220151418861,0.046731530315536562,0.030599037034126784,0.35832637472946316,2.97265625,0.34924663548120211,0.99632906922992082
35.401033160980653,0.15709737141927127,0.12724049501449242,0.1800099861928886,0.20361779672539712,-0.2094689739218597,0.43625168416611149,0.042473947610861804,0.035225822339440521,0.35650028854682758,2.97265625,0.35059082891216536,0.99620124256427101
35.471134216744964,0.15709737141927033,0.12719993478130864,0.17996278899174742,0.22143210297642549,-0.19277716652580956,0.43592064353208365,0.037813121453403958,0.039503425191123098,0.35588310578999177,2.974609375,0.35113115067692457,0.99607262679299591
35.541235272509283,0.15709737141927102,0.12715911859110271,0.17999753238111607,0.23708326104027641,-0.174281273696022,0.4348064271262857,0.032800271297081768,0.043393313635782901,0.35715676741770386,3.005859375,0.35116329328343215,0.9959432196125857
35.611336328273602,0.15709737141927035,0.12711650151503445,0.17999061743901021,0.25042727817911503,-0.15416334743637655,0.43293047546602043,0.027482354066776488,0.046859740357139489,0.36057697093992341,3.01953125,0.34963872232280901,0.99581301872442829
35.68143738403792,0.15709737141927083,0.12707316722025286,0.17995197968680723,0.26133619600128194,-0.1326146081173874,0.43035712820576277,0.021909808913407165,0.049872290007727034,0.36579171674515321,3.052734375,0.34768072604807349,0.99568202183487442
35.751538439802239,0.15709737141927077,0.12702840028873189,0.17998013320315789,0.26971544739582876,-0.10983842208172268,0.42718671447353229,0.01613503730951155,0.052401796995045873,0.37171076109360801,3.0859375,0.34556429547903977,0.99555022665529302
35.821639495566558,0.15709737141927055,0.12698322565198886,0.18000011222096468,0.27548317974126507,-0.086063524243324363,0.42353847276250284,0.010217906209547658,0.054427098663887744,0.3788682992323702,3.095703125,0.3435417341614993,0.99541763090218061
35.891740551330876,0.1570973714192711,0.1269362770537848,0.18001005911031487,0.27859394338596677,-0.061518970323842008,0.41953049521555114,0.0042135013785128041,0.055925899185080868,0.38690979153371863,3.103515625,0.34046882587292931,0.99528423229720353
35.961841607095195,0.15709737141927047,0.1268889051396313,0.17999551071633033,0.27902203526531827,-0.036452876868996037,0.41533080040017345,-0.0018159097969362979,0.056891638180016503,0.39561104357709354,3.111328125,0.33915897698398573,0.995150028567239
36.031942662859514,0.1570973714192711,0.12683993867766469,0.17996382512084957,0.27676687696663249,-0.011099100156374789,0.41106029900301777,-0.0078127521249684497,0.057312580902202877,0.40448060960313525,3.095703125,0.33565192717437048,0.99501501744434284
36.102043718623833,0.15709737141927066,0.12678599081847974,0.17998677122744428,0.27185051394352955,0.014290643296134836,0.40687679145164496,-0.013717732599536838,0.057182460206789826,0.4130053276994976,3.099609375,0.33225533931648032,0.99487919666591051
36.172144774388151,0.15709737141927105,0.1267303638707466,0.17997511120613949,0.26433860756818967,0.039484570595356747,0.40293730848611736,-0.01947629475272529,0.056511301440909149,0.42084991833340851,3.068359375,0.33171192133568228,0.99474256397475336
36.24224583015247,0.15709737141927113,0.12667240090446277,0.17999359216068453,0.25429765783017333,0.064237304324394603,0.39937999321592527,-0.025034146799939722,0.05530074497406462,0.42764416645276426,3.0625,0.32880003816023817,0.99460511711913424
36.312346885916789,0.15709737141927088,0.12661300042668905,0.17997286668507539,0.2418379754758998,0.088318263409323902,0.39635225154051662,-0.030340632628597007,0.053566132562242956,0.43374211892810505,3.033203125,0.3264007686784306,0.99446685385284239
36.3824479416811,0.15709737141927085,0.12655164255056892,0.18000871541635452,0.22708250959042175,0.1115004409650993,0.39397375095291715,-0.035344205881375712,0.051328129243012742,0.43846373052353921,2.99609375,0.32554671134086732,0.99432777193521193
36.452548997445419,0.15709737141927074,0.12648962965498659,0.17994870437309349,0.21017155200836343,0.1335621412815633,0.39230165403421707,-0.039999748645769127,0.048602587854689412,0.44170510847731881,2.984375,0.3236864658390623,0.99418786913117951
36.522650053209738,0.15709737141927085,0.12642953376723745,0.18000871541635491,0.19128681488665247,0.15431468310033467,0.39141779107007491,-0.044264252613142999,0.045421349671490786,0.44380171811405333,2.95703125,0.32358410534096554,0.99404714321133703
36.592751108974056,0.15709737141927063,0.12637294215853678,0.17997286668507576,0.17060458519242708,0.17355578151243012,0.39135961140298453,-0.048103414359296326,0.041820095599906536,0.44442755042186177,2.94921875,0.3230830636030641,0.99390559195201855
36.662852164738375,0.15709737141927124,0.12631852167065277,0.17999359216068506,0.14831452546214752,0.19110695251379356,0.39209215711791207,-0.051477277248391302,0.037824106079857471,0.4435530332786296,2.939453125,0.32289618523247615,0.99376321313536609
36.732953220502694,0.15709737141927074,0.1262672458339946,0.17997511120613968,0.12464834165185899,0.20681290444428405,0.39360879590686654,-0.054354561872541868,0.033475566329010491,0.4415372665899826,2.923828125,0.32254015733307723,0.99362000454937016
36.803054276267012,0.15709737141927024,0.12621993691054786,0.17998677122744419,0.099821801283095146,0.22051969710904559,0.39584243639990674,-0.056709653230594764,0.028817820094911011,0.43822950009111211,2.9140625,0.32333950338299883,0.99347596398791604
36.873155332031331,0.15709737141927124,0.12617306559500718,0.17996382512084985,0.07406860370638374,0.23209632837204219,0.39866371588253657,-0.05851581649227424,0.023889702725922651,0.43373415971038981,2.890625,0.32410820138455676,0.99333108925085722
36.94325638779565,0.15709737141927071,0.12612877517495449,0.17999551071633052,0.047647285593237762,0.24143679525203179,0.40199261270106146,-0.059757324677940864,0.018741546401621862,0.42814084648856415,2.875,0.32561995669902216,0.99318537814405161
37.013357443559968,0.15709737141927094,0.12608670373660685,0.18001005911031495,0.020823093464744705,0.24846021027504855,0.40568806639202387,-0.060422723878015693,0.013425221650080551,0.42167598715442262,2.8671875,0.32855607555412752,0.99303882847946545
37.083458499324287,0.15709737141927058,0.12604526452600903,0.18000011222096504,-0.0061615412774521103,0.25308786117343013,0.40958822609360507,-0.060506273078919606,0.0079906798515357869,0.41472230023698986,2.875,0.33077893549556919,0.99289143807520919
37.153559555088606,0.15709737141927055,0.12600642907415044,0.17998013320315756,-0.033040057842720481,0.25529255832081327,0.41352671507644739,-0.060007576493504799,0.002494687552258055,0.40766479754553653,2.896484375,0.33467175104985691,0.99274320475559574
37.223660610852917,0.15709737141927047,0.1259675480974603,0.1799519796868074,-0.059560714047946377,0.25504449079463193,0.41737403554436403,-0.058929505946158207,-0.0030142826750743264,0.40034884304574225,2.904296875,0.33919838916647221,0.99259412635119315
37.293761666617236,0.15709737141927071,0.12593062063221069,0.1799906174390106,-0.085456799027576705,0.25236728286834725,0.42096360413526485,-0.057284876658813426,-0.008481370584507153,0.39255043979169257,2.8984375,0.3442745194323974,0.99244420069876593
37.363862722381555,0.15709737141927085,0.12589490182113672,0.17999753238111657,-0.11047910591729762,0.24728207623065135,0.42416800731207394,-0.055090827000964973,-0.013854706867762957,0.38579312891393186,2.904296875,0.34929349510626911,0.99229342564155909
37.433963778145873,0.1570973714192711,0.12585934629201004,0.1799627889917475,-0.13439861437604886,0.23984737522587102,0.42684613929979265,-0.052368514386539736,-0.019084792817395002,0.38033771290318807,2.89453125,0.35438473096732814,0.99214179902926281
37.504064833910192,0.15709737141927071,0.12582305633719854,0.18000998619288872,-0.15697625536400578,0.23013795063958697,0.4289001136515046,-0.049144317531103467,-0.024119010013962976,0.37560064765234319,2.89453125,0.35778892504539461,0.99198931871807894
37.574165889674511,0.15709737141927083,0.12578694527964662,0.17998174297233696,-0.17800853618029477,0.21825369470641873,0.43025484174649675,-0.045451637525770965,-0.02891515444563585,0.37188733542844932,2.916015625,0.3612685663123269,0.9918359825707348
37.644266945438829,0.15709737141927041,0.12575061588048558,0.18000998619288874,-0.19728384666976381,0.20430728344664315,0.43083671067102991,-0.041329811421832015,-0.033423775752036582,0.36960131340898728,2.93359375,0.36356343854790785,0.99168178845656385
37.714368001203148,0.15709737141927083,0.12571292172853576,0.1799627889917475,-0.21462096532732872,0.18844439241740008,0.43061457927354124,-0.036812711698982016,-0.037602605226541262,0.36881323221278706,2.935546875,0.36354279635911568,0.99152673425154314
37.784469056967467,0.15709737141927077,0.12567545929577964,0.17999753238111632,-0.2298623475821725,0.17081425383719823,0.42961636744716325,-0.031952069120300526,-0.041412362523986848,0.37002117695659936,2.974609375,0.36333812379239089,0.99137081783840053
37.854570112731786,0.1570973714192706,0.12563707546973132,0.17999061743901087,-0.2428680946635694,0.15159461769753849,0.42787224660264239,-0.026794394103268507,-0.04481782759871486,0.37353382729273032,2.994140625,0.36259952296750586,0.99121403710666922
37.924671168496104,0.15709737141927038,0.12559777397742541,0.17995197968680757,-0.25351297421678914,0.13096529700749315,0.42542826121715849,-0.021390511929226193,-0.047787377750961473,0.37871364252654394,3.03125,0.36050471842174991,0.99105638995272594
37.994772224260423,0.15709737141927088,0.12555769816251491,0.17998013320315737,-0.26170470604053825,0.10912784829254382,0.42238415396922546,-0.015788760572784121,-0.050296788198160795,0.3846864009971665,3.0546875,0.35758733869803094,0.99089787427984199
38.064873280024742,0.15709737141927033,0.12551631501023666,0.18000011222096496,-0.2673603078913287,0.08629249756496242,0.41885175722838414,-0.010046184802854104,-0.052320184938003757,0.39198390623751289,3.0625,0.35590174316617429,0.99073848799825592
38.134974335789053,0.1570973714192708,0.125474068003013,0.18001005911031467,-0.27043781431897096,0.062680252774838838,0.41495313834465031,-0.0042183121148445272,-0.053839264130372259,0.40023111847129084,3.068359375,0.35271742466194855,0.99057822902525849
38.205075391553372,0.15709737141927033,0.12543040128105853,0.1799955107163308,-0.27090900048612371,0.038532272272660491,0.41084765119275202,0.0016376995155393409,-0.054843215854386486,0.40907287415342164,3.064453125,0.34911527410590598,0.99041709528525446
38.275176447317691,0.1570973714192703,0.12538590382128567,0.17996382512084988,-0.26877473636681787,0.014070355070376827,0.406655959639105,0.0074631768871665808,-0.055323718572623602,0.4181610062356621,3.05078125,0.34663394090899341,0.99025508470978318
38.345277503082009,0.15709737141927058,0.12533807255828469,0.17998677122744414,-0.26405926731337032,-0.010463787011258337,0.40253620276741231,0.013201183338980699,-0.055272171285631021,0.42699735878647271,3.041015625,0.34297688330470022,0.99009219523757031
38.415378558846328,0.15709737141927066,0.12528795081783578,0.17997511120613913,-0.25681959468631055,-0.034838696995906401,0.39864640230226533,0.018797073529366555,-0.054696900722182855,0.43513720192706273,3.005859375,0.34132300170022256,0.98992842481450039
38.485479614610647,0.15709737141927105,0.12523640397663552,0.17999359216068483,-0.24712104543086935,-0.058823013084530085,0.39511012668138273,0.024202341264515932,-0.053600439610986254,0.44225082247174002,2.990234375,0.33871951290100771,0.98976377139391059
38.555580670374965,0.15709737141927083,0.12518219494937607,0.17997286668507601,-0.23506661850748653,-0.082182461936898821,0.39208138578824314,0.029361379818276113,-0.051994697748566514,0.44856346730327884,2.98828125,0.33625143019261727,0.98959823293650861
38.625681726139284,0.1570973714192708,0.12512733855097502,0.18000871541635466,-0.22078395187888791,-0.10471069292029438,0.38967637673383632,0.034230241257015334,-0.049899385847027938,0.45355773348213335,2.955078125,0.33572747134714792,0.98943180741045056
38.695782781903603,0.15709737141927055,0.12507172763083002,0.1799487043730931,-0.20440396462083604,-0.12619185507776007,0.38795800585472545,0.038761343074356108,-0.047331012411939308,0.4569953386459038,2.927734375,0.33379223545146647,0.98926449279138073
38.765883837667921,0.15709737141927055,0.12501727869098236,0.18000871541635452,-0.18609600242392904,-0.1464254059763202,0.38699913939349029,0.04291403859327772,-0.044315908548832668,0.45920913137482489,2.8984375,0.33217755498918217,0.98909628706249086
38.83598489343224,0.15709737141927088,0.1249654045163953,0.17997286668507592,-0.1660426076594966,-0.165224512865914,0.38685288574934529,0.046651739572117913,-0.040892092238234611,0.46000823409426828,2.921875,0.33196181723924095,0.9889271882145837
38.906085949196559,0.15709737141927047,0.1249153655906356,0.17999359216068475,-0.14442699633966466,-0.1824176670219097,0.38748459178044781,0.049938117459297264,-0.037082580263971029,0.45929702065994732,2.919921875,0.33133105563546134,0.98875719424615083
38.97618700496087,0.15709737141927102,0.12486760859124538,0.1799751112061391,-0.12146416520457003,-0.19784389546523531,0.38888456502940788,0.05274426905561333,-0.032925083207600445,0.457359618279088,2.892578125,0.33160151005976973,0.98858630316343399
39.046288060725189,0.15709737141927099,0.1248234863709666,0.17998677122744416,-0.097382524995722947,-0.21136263426289395,0.39101173960308333,0.055042310673558664,-0.02846536302045349,0.45393326751602331,2.876953125,0.3325982121306173,0.98841451298046401
39.116389116489508,0.15709737141927024,0.12478088727426495,0.17996382512084974,-0.072399060329317907,-0.22284166794964347,0.39372790497437121,0.056806938191264041,-0.023742955191399861,0.44923557238928813,2.853515625,0.33372956014080818,0.98824182171911878
39.186490172253826,0.15709737141927085,0.12474011125895526,0.17999551071633074,-0.046743126231764624,-0.23217009695108143,0.39694666333570805,0.058025061273592221,-0.018798722862222197,0.44336154660991589,2.859375,0.33576771527777072,0.98806822740916567
39.256591228018145,0.15709737141927099,0.12469955223585662,0.18001005911031465,-0.020691392109985121,-0.23926357071311782,0.40052624696951294,0.058682122239340426,-0.013682460394347069,0.436791013358233,2.84375,0.33923481854955584,0.98789372808833442
39.326692283782464,0.15709737141927055,0.12466078880322723,0.18000011222096474,0.0055206923169777372,-0.24406146684294516,0.40434724440656378,0.058773701115352579,-0.0084436185258463196,0.42972137630788154,2.861328125,0.34234409520419784,0.98771832180238972
39.396793339546782,0.1570973714192706,0.12462365237605855,0.17998013320315745,0.031629625044576913,-0.24651645877009093,0.4082278835843115,0.058299040290478173,-0.0031388963932197241,0.42225422093966514,2.888671875,0.34692064466460765,0.98754200660519942
39.466894395311101,0.15709737141927091,0.12458780807795536,0.17995197968680729,0.057395725628687611,-0.24660781933567213,0.41204166620406635,0.057262219698175784,0.0021856081950995887,0.41446442739139355,2.90234375,0.35113449728611257,0.9873647805586786
39.53699545107542,0.15709737141927088,0.1245540746764735,0.17999061743901057,0.082561340025460811,-0.24434554280430121,0.41561787803339878,0.055677118492538945,0.0074749091889864871,0.40649614103735349,2.880859375,0.35632165946704003,0.98718664173297976
39.607096506839738,0.15709737141927071,0.12452133902424989,0.1799975323811161,0.10688279614517891,-0.23975481300602886,0.41883557043307623,0.053558295055143555,0.012680489090360217,0.39967754035341962,2.875,0.36055624144241027,0.98700758820656431
39.677197562604057,0.15709737141927085,0.12448761891822917,0.17996278899174767,0.13013917086413235,-0.23288322503436584,0.42155611487455241,0.050924276610954028,0.017754553071077893,0.39392772836318424,2.859375,0.36564280777198982,0.98682761806619101
39.747298618368376,0.15709737141927058,0.12445410723135605,0.18000998619288872,0.15210018458067598,-0.22380377076424318,0.42368002039886959,0.047803734334948195,0.022646495285162715,0.38886879679842873,2.853515625,0.3691023187196229,0.98664672940700515
39.817399674132695,0.1570973714192711,0.12442079271935817,0.17998174297233746,0.17255949871046852,-0.21260931789882348,0.42511969569082902,0.044226893152680642,0.027313692103742768,0.38489627724579678,2.853515625,0.3719715340253254,0.98646492033259303
39.887500729897006,0.15709737141927058,0.12438709139301367,0.1800099861928888,0.19132008603709846,-0.19940441954985064,0.42581903466067428,0.040232556916659667,0.031709498873742643,0.38232501614260112,2.869140625,0.37385587395545655,0.98628218895500774
39.957601785661325,0.15709737141927038,0.1243519586834035,0.17996278899174784,0.20820006106037564,-0.18432799937394487,0.42572161327065178,0.035854678399792464,0.035792229755616037,0.38130334746680505,2.876953125,0.37437240157481089,0.98609853339480313
40.027702841425643,0.15709737141927124,0.12431711719008681,0.17999753238111607,0.22304734676897883,-0.16752397050099041,0.4248635623061941,0.03113994822149968,0.039524221541583755,0.38220378270513777,2.90625,0.37409132330355516,0.98591395178113406
40.097803897189962,0.15709737141927077,0.12428225641238706,0.17999061743901026,0.23572796308364552,-0.14916025106103473,0.42326406717803311,0.026133664056468334,0.042870793985795748,0.38551133404969501,2.9140625,0.37300372425745199,0.98572844225183509
40.167904952954281,0.15709737141927138,0.12424537757773313,0.17995197968680718,0.24611896521696286,-0.12940715965242636,0.42097239679650922,0.020886712347308715,0.045799677442079703,0.39037959067565048,2.9375,0.37088731532017116,0.98554200295349603
40.2380060087186,0.1570973714192708,0.12420888714018853,0.17998013320315789,0.25412661097135997,-0.10845976210018671,0.41807541476517068,0.015449703634076299,0.048287395978236003,0.3965061822462933,2.966796875,0.36848078647281146,0.98535463204147
40.308107064482918,0.15709737141927099,0.12417080559905957,0.18000011222096474,0.25967083807906211,-0.08652953152339668,0.41467273874213295,0.0098746295505435545,0.050307725345034755,0.40400177195450315,2.97265625,0.36659058896328178,0.98516632767994794
40.378208120247237,0.15709737141927069,0.124131693407233,0.18001005911031487,0.26271219614789398,-0.063816143466028027,0.41089892252539412,0.0042165241219001299,0.051843818153081679,0.41255557098378909,2.98046875,0.36360529655114759,0.98497708804201867
40.448309176011556,0.15709737141927035,0.12409177537947944,0.17999551071633038,0.26322430188311335,-0.040544163181261778,0.40690247924165157,-0.0014727180451734503,0.052882721500935044,0.42172149898641925,2.9765625,0.36057342715603385,0.98478691130973262
40.518410231775874,0.15709737141927077,0.12405121506603423,0.17996382512084957,0.26120448008737052,-0.016939454856832622,0.40280111492514525,-0.007136050032326707,0.053417100789641472,0.43110056413231329,2.970703125,0.35738511141871659,0.9845957956741711
40.588511287540193,0.15709737141927099,0.12400798919024168,0.17998677122744425,0.25667270208458182,0.006765841929834141,0.39874575797826106,-0.012714005500439631,0.053438304422743395,0.44024891415447415,2.953125,0.35347813903388342,0.9844037393354661
40.658612343304512,0.15709737141927077,0.12396268093240141,0.17997511120613949,0.24968631281969117,0.030351694413435413,0.39488891692619804,-0.018158326615023292,0.052951510044699786,0.44871430714490673,2.923828125,0.35118960968120094,0.98421074050286961
40.728713399068823,0.15709737141927133,0.12391611981098495,0.17999359216068481,0.2403101077816569,0.053593357379414737,0.39137482528225409,-0.023416680559401507,0.051961858059597008,0.45619407625490538,2.91015625,0.34897811682804697,0.98401679739474901
40.798814454833142,0.15709737141927069,0.12386694260516749,0.17997286668507534,0.22863807238700945,0.076253163613269476,0.38832520063814824,-0.028436072712517899,0.050478855620967635,0.46280613366333073,2.9140625,0.34641480137233099,0.98382190823872917
40.868915510597461,0.15709737141927083,0.12381765655853809,0.18000871541635466,0.2148007916989354,0.098144603051711771,0.38587288859338764,-0.033173079128922325,0.048520822835767134,0.46818385951189123,2.908203125,0.34617082456553028,0.98362607127174839
40.939016566361779,0.15709737141927108,0.12376872604485403,0.17994870437309349,0.19892167920676343,0.11905693066146854,0.38408416715125926,-0.037584547434517716,0.046103181387774424,0.47192881904487577,2.916015625,0.34445412174197099,0.9834292847401106
41.009117622126098,0.15709737141927113,0.12371848785612084,0.18000871541635491,0.18116234760998454,0.1387879982042656,0.3830445144366989,-0.041627038111063427,0.043248047281926723,0.47435672518076316,2.908203125,0.34283412150162268,0.9832315468995243
41.079218677890417,0.15709737141927074,0.12366895431292367,0.17997286668507556,0.16170712776611043,0.15715341346328709,0.38278377059650243,-0.045263903133279014,0.039989996880804735,0.4753135349575805,2.908203125,0.34260847070528616,0.98303285601517265
41.149319733654735,0.15709737141927063,0.1236200673992473,0.17999359216068508,0.14073256012302862,0.17398503536854099,0.38328664533116297,-0.048461579046924969,0.036358468212295637,0.47481101911345019,2.8828125,0.34203205276198689,0.98283321036173177
41.219420789419054,0.15709737141927041,0.12357352414031243,0.17997511120613971,0.11844209013567246,0.18913428814991648,0.38455957917127592,-0.051194172022783556,0.03238448511532091,0.47307654861273346,2.83984375,0.34187575887759014,0.98263260822346188
41.289521845183373,0.15709737141927058,0.12352984690927268,0.17998677122744444,0.095063513409650385,0.202455731474178,0.38654206613957653,-0.053432709274108897,0.028110770010938046,0.46970309557035611,2.81640625,0.34286702744754816,0.98243104789424418
41.359622900947691,0.1570973714192701,0.12348867584285673,0.1799638251208498,0.070811448787706385,0.2138280742445898,0.38914761490949346,-0.055155563366278672,0.023581692060599898,0.46491464841718561,2.779296875,0.34385566100179066,0.98222852767764168
41.42972395671201,0.1570973714192711,0.12345018310375178,0.17999551071633049,0.045907502339808233,0.22313737838941758,0.39226307871766142,-0.056349894168065337,0.018833966211733742,0.458852209912819,2.755859375,0.346171177387676,0.98202504588695416
41.499825012476329,0.15709737141927088,0.12341198074075432,0.18001005911031484,0.020605790276543773,0.23029637855964241,0.39574896191055209,-0.056998956356518408,0.013911222592333742,0.4520367611108993,2.767578125,0.34881455204219225,0.98182060084526124
41.569926068240648,0.15709737141927088,0.12337447439442434,0.18000011222096501,-0.004857351493731012,0.23523882589329584,0.39948065770719421,-0.057096778268545006,0.008863023897652542,0.44475382442486738,2.7890625,0.35294365599304461,0.98161519088549443
41.640027124004959,0.15709737141927058,0.12333825378728916,0.17998013320315756,-0.030221992384151689,0.23792737474384501,0.40330864169562924,-0.056644012903652508,0.0037443295393872647,0.43712137988234395,2.80859375,0.35752250355847387,0.98140881435036631
41.710128179769278,0.15709737141927069,0.12330385447258413,0.1799519796868074,-0.055255382491185778,0.23833439495681305,0.40708807917358919,-0.055646666935001414,-0.001397007801543696,0.42909861119769299,2.810546875,0.36175458011050599,0.98120146959268018
41.780229235533596,0.15709737141927077,0.12327199290375228,0.1799906174390106,-0.079709718243412345,0.23646734456269777,0.41065519302196968,-0.054118388609546854,-0.0065135901356587781,0.42092182887272844,2.806640625,0.36692482729390108,0.98099315497523898
41.850330291297915,0.15709737141927055,0.12324082582450251,0.1799975323811166,-0.10335232656726771,0.23234722180005193,0.41388603395431883,-0.052070788472964355,-0.011556199275661679,0.41368389565431529,2.806640625,0.37183047383027196,0.98078386887091851
41.920431347062234,0.15709737141927074,0.12320905730097799,0.17996278899174756,-0.12596660975270219,0.22601693649574744,0.41664917333032275,-0.049522719806547398,-0.016478525592272423,0.40740899658913832,2.806640625,0.37707700620734791,0.98057360966271123
41.990532402826553,0.15709737141927052,0.12317766788271611,0.18000998619288872,-0.14732289560903561,0.21754225606592267,0.41882656268930091,-0.046501639739370375,-0.021231684559661533,0.40208533676963765,2.80859375,0.38114999973605596,0.98036237574378338
42.060633458590871,0.15709737141927113,0.12314607396414974,0.17998174297233707,-0.16722618744917483,0.2070094800957798,0.4203438925724492,-0.043035881790055332,-0.025772984747011212,0.39783650076037008,2.83203125,0.38390117770767224,0.98015016551752232
42.13073451435519,0.15709737141927044,0.12311393415427158,0.18000998619288872,-0.18548294466231871,0.19451567632539113,0.42113884581045152,-0.039164532126656146,-0.030057351220235715,0.39507989923215958,2.84375,0.386238291026965,0.97993697739757479
42.200835570119509,0.15709737141927069,0.12308154658618824,0.17996278899174753,-0.20192105850174596,0.18019773914979498,0.42115499512920435,-0.034920433608554464,-0.034046072263891211,0.39405403877767342,2.86328125,0.38704948840754028,0.97972280980789417
42.270936625883827,0.15709737141927074,0.12304937037896314,0.17999753238111629,-0.21638578384885254,0.164191094657337,0.42041783726863929,-0.03034906514093854,-0.037700675604055184,0.39487205841569767,2.8984375,0.38663698948783048,0.97950766118277066
42.341037681648146,0.15709737141927108,0.12301708325309824,0.17999061743901085,-0.22874659935951508,0.14665458922211927,0.41894390789296937,-0.025492717135127258,-0.040987094783116705,0.39809327635400787,2.890625,0.38480550626438603,0.97929152996698821
42.411138737412465,0.15709737141927094,0.12298242909437727,0.17995197968680757,-0.2388868109041512,0.12775157658345951,0.41678100466017703,-0.020400419006382123,-0.0438739034123913,0.40284650460533777,2.91796875,0.38291067440035575,0.97907441461583622
42.481239793176776,0.15709737141927055,0.12294815652829166,0.17998013320315737,-0.2467145121974898,0.10766770338729234,0.41401493637400244,-0.015122921012901447,-0.046338550286655136,0.40911059051807319,2.9453125,0.38017773937578575,0.97885631359517
42.551340848941095,0.15709737141927096,0.12291260007157213,0.18000011222096496,-0.25215236162499244,0.08660271417694887,0.41073578757502116,-0.0097103313790868669,-0.048354789161698185,0.41683984580981082,2.94921875,0.37722552949395383,0.9786372253814265
42.621441904705414,0.15709737141927083,0.12287622462627953,0.18001005911031473,-0.25515771300522538,0.064756074576570344,0.40707223251797164,-0.0042158057199491944,-0.049905096469855574,0.42560909337418318,2.962890625,0.37453262961054257,0.97841714846171368
42.691542960469732,0.15709737141927047,0.12283921023121802,0.17999551071633077,-0.25570798348872192,0.042335856567673871,0.40317120399860717,0.0013083586155701696,-0.050976939416188957,0.43495188458942941,2.955078125,0.37168136218441672,0.97819608133385405
42.761644016234051,0.15709737141927071,0.12280198230559967,0.17996382512084988,-0.25379882871029147,0.019564234607036039,0.39915898557639817,0.0068109857880743899,-0.051562235569632804,0.44448439244427784,2.91015625,0.3679383044071301,0.97797402250643839
42.83174507199837,0.15709737141927177,0.12276228548686847,0.17998677122744414,-0.24944801805021982,-0.0033407630522390296,0.39517265229035992,0.01223437951746314,-0.051651568795652393,0.45379760697549582,2.904296875,0.36484379643659026,0.97775097049887905
42.901846127762688,0.15709737141927066,0.12272139662277924,0.17997511120613915,-0.24271213241528317,-0.026159644763964155,0.39136755667793471,0.017527378075882817,-0.051250398182038033,0.46251658335703444,2.873046875,0.3622139933795207,0.97752692384143747
42.971947183527007,0.15709737141927069,0.12267833473001732,0.1799935921606847,-0.23365331674611745,-0.048672317671385044,0.3878762979022724,0.022640857085015093,-0.050361062334913005,0.47021496344760977,2.845703125,0.35959630021256822,0.9773018830648077
43.042048239291326,0.15709737141927094,0.12263344341031558,0.17997286668507598,-0.22236383924253994,-0.070657936919675562,0.38483244224109325,0.02752405988070333,-0.048993961367112128,0.47712314489394292,2.84375,0.35706588664230993,0.97707588192638761
43.112149295055644,0.15709737141927102,0.12258814138674413,0.18000871541635463,-0.20896510505420487,-0.091928165561691713,0.3823562886724568,0.032132451629644516,-0.047164219625905293,0.48273926026528124,2.82421875,0.35597430418425569,0.97684893201110834
43.182250350819963,0.15709737141927094,0.12254364551791555,0.17994870437309324,-0.19358237659300773,-0.11227841924072061,0.38052510684272045,0.03642616472951677,-0.044890616507535487,0.48666528650429947,2.822265625,0.35465537473763414,0.97662103208208806
43.252351406584282,0.15709737141927035,0.12249843391386311,0.18000871541635452,-0.17636633167870533,-0.13151317370111748,0.37941846295346182,0.040363927287872123,-0.042191788461556419,0.48920407122746584,2.814453125,0.3531619203196093,0.97639218091200208
43.3224524623486,0.15709737141927146,0.12245410491356515,0.17997286668507592,-0.15749619950638324,-0.14945519118551126,0.37907643592188445,0.043908150926821314,-0.039097996374937209,0.49017618912484578,2.830078125,0.35240365002777946,0.9761623772830339
43.392553518112912,0.15709737141927108,0.1224109211019645,0.17999359216068467,-0.13714826409951514,-0.1659424995414156,0.37949180596630305,0.047026437482622079,-0.035638957131690921,0.48957279389227204,2.810546875,0.35213294661732669,0.97593161998691946
43.462654573877231,0.15709737141927116,0.12236904001303789,0.1799751112061391,-0.11551167963609835,-0.18081519607061453,0.38064485146050087,0.049692737215826135,-0.03184464078704461,0.48772165839077841,2.794921875,0.35238256474912794,0.97569990782498128
43.532755629641549,0.15709737141927077,0.12232850305775446,0.17998677122744425,-0.092810114493614856,-0.1939369203657407,0.38248895493939372,0.051877250201633605,-0.02775113586856482,0.48420429444320329,2.775390625,0.35347749055667771,0.9754672396081755
43.602856685405868,0.15709737141927074,0.12229025244630262,0.17996382512084974,-0.069256286289467645,-0.20519836595519106,0.38498135144350693,0.053563901150161006,-0.023402824036874149,0.4793319281948985,2.759765625,0.35509005437780189,0.97523361415715693
43.672957741170187,0.15709737141927044,0.12225520520040541,0.17999551071633074,-0.045070463820570769,-0.2144797018316229,0.38798666903853019,0.054738139813250195,-0.018840818526288279,0.47310552038763565,2.76953125,0.35728863410688522,0.97499903030232782
43.743058796934505,0.15709737141927144,0.12222087383883437,0.18001005911031459,-0.020488685697633572,-0.22169171790523728,0.39137103070585894,0.055380517557888143,-0.014104412844296484,0.46599766105291041,2.771484375,0.36017996382936029,0.97476348688380465
43.813159852698824,0.15709737141927066,0.12218727540401697,0.18000011222096474,0.0042563389145624901,-0.22676627039682798,0.39501346901398438,0.055489342608536565,-0.0092417050061545086,0.45833429378768853,2.77734375,0.36384508332814047,0.97452698275145611
43.883260908463143,0.15709737141927008,0.12215526589865197,0.17998013320315737,0.028911279799456003,-0.22966620115094599,0.39876052842753795,0.055062849398900091,-0.0043016335207873282,0.45041346458999781,2.7890625,0.36778323087848097,0.97428951676508724
43.953361964227462,0.15709737141927049,0.12212351772066524,0.1799519796868071,0.053245508211945999,-0.23036469684938787,0.40247927202779249,0.054105481794557451,0.00066849497277502053,0.44204683043999404,2.7890625,0.37275313583077235,0.97405108779439409
44.02346301999178,0.15709737141927035,0.12209398991715156,0.17999061743901057,0.07702538552314514,-0.22886218673589195,0.40600486073135733,0.052630497959377624,0.0056216430896585835,0.43355198118835686,2.78125,0.37768311535996035,0.97381169471898754
44.093564075756099,0.15709737141927094,0.12206367021569017,0.1799975323811161,0.10001974157031822,-0.22517483664029733,0.40920723272182441,0.050648849639780211,0.010508211671042227,0.42595584705579148,2.7890625,0.38255228552840342,0.9735713364284716
44.163665131520418,0.15709737141927105,0.12203416627540828,0.17996278899174767,0.12201908082557812,-0.21934378380606087,0.41196950190910225,0.048182006154886048,0.015284787881812086,0.41937127962068638,2.802734375,0.38755013764178975,0.97333001182244416
44.233766187284729,0.15709737141927005,0.1220047698883116,0.18000998619288877,0.14279656406371133,-0.21143033661831415,0.41417534746800805,0.045254817857808508,0.019904450815301927,0.41378774578576671,2.794921875,0.39157295747172505,0.97308771981058007
44.303867243049048,0.15709737141927022,0.12197543069306653,0.17998174297233752,0.16216560109728337,-0.20151702851936065,0.41574467856644332,0.041894667337732706,0.024326208264069119,0.40944381107924094,2.802734375,0.3943770280869463,0.97284445931262487
44.373968298813367,0.15709737141927044,0.12194578785583272,0.1800099861928888,0.17994282266421127,-0.18969053740814645,0.41661851779061515,0.038138265840985772,0.028505077911390071,0.40664596570484673,2.818359375,0.39653401755589246,0.97260022925840106
44.444069354577685,0.1570973714192706,0.12191606935444194,0.17996278899174778,0.19595651147602838,-0.17608410184644493,0.41673500003457359,0.034019350126630571,0.032403643913868012,0.40560590968331461,2.841796875,0.39690158763007322,0.97235502858789358
44.514170410342004,0.15709737141927085,0.12188642009118612,0.17999753238111602,0.21005429791944769,-0.16082259483247943,0.41610868837787202,0.029582094701809072,0.035982383896342313,0.40643328526425587,2.87890625,0.39669093670915545,0.9721088562512723
44.584271466106323,0.15709737141926947,0.12185633935032218,0.17999061743901029,0.22210420907583639,-0.14406474213351983,0.41476086891163377,0.024868156934503085,0.039209203704096009,0.40953063857261007,2.880859375,0.39528037375984837,0.97186171120898091
44.654372521870641,0.15709737141927105,0.12182433735890703,0.17995197968680718,0.23200023323552837,-0.12596159453695893,0.41273907749038918,0.019923407182710129,0.042052940897079782,0.41428389792887571,2.900390625,0.39322341414992551,0.97161359243173206
44.72447357763496,0.15709737141927052,0.12179240706476235,0.17998013320315792,0.23964955776382443,-0.10669690612107997,0.41011586506281122,0.014797079590936927,0.04449280190587715,0.42065439409076971,2.92578125,0.39110876506640557,0.97136449890059806
44.794574633399279,0.15709737141927069,0.12175938633661845,0.18000011222096476,0.24498176900472116,-0.086449051592269066,0.40698419694334825,0.0095381271721399138,0.046501363023625945,0.42850709070514759,2.93359375,0.38858034387360479,0.9711144296070221
44.864675689163597,0.15709737141927071,0.12172558090214995,0.18001005911031479,0.24794668762003436,-0.06542363465213448,0.40345709883863301,0.0042000324452397368,0.048060855436607916,0.43729340053040799,2.9296875,0.38507673796670111,0.97086338355286683
