t,volume,energy,exact_energy,cx,cy,r2,px,py,relative_l1,shore_area,velocity_l2,max_speed
0,0.15711975097656306,0.18007678867046531,0.18007678867046531,0.49999999999999967,-3.9677777319807339e-18,0.58351116374914846,0,0.110021135296215,0,0,3.7831000463415293e-17,0.70023745972348561
0.070101055764318118,0.15711975097656228,0.1800548551208806,0.18005273998495969,0.49751881575395984,0.048575790654458308,0.58347562286419152,-0.010694820111780098,0.10945988926923716,0.0088275057517256394,0.18359375,0.0092489327748259929,0.74570144125648075
0.14020211152863624,0.15711975097656269,0.18001580368592804,0.1799840816890719,0.49031598711883517,0.096689296726376509,0.58355299945694916,-0.021273924583021502,0.10781418463845298,0.014835574269279376,0.29296875,0.014960430837296423,0.80566143578082616
0.21030316729295434,0.1571197509765625,0.17996629274916492,0.17999809674587833,0.47847266606193939,0.14380861609253279,0.5836398567795037,-0.031626691803239793,0.10512709006150668,0.019759013649306323,0.39453125,0.024115263627340192,0.86466207956331465
0.28040422305727247,0.15711975097656239,0.1799061995391599,0.1800084844224939,0.46211261006700849,0.18948438194086786,0.58376970369872383,-0.041651740359824996,0.10143136626563959,0.024091522272272414,0.51953125,0.034976078871535969,0.92014036389692244
0.3505052788215906,0.15711975097656242,0.17983656066157561,0.18004830469293626,0.44141147598616842,0.2332510099177654,0.58391933853665468,-0.051247467898222439,0.096774846125298686,0.027102994308132799,0.60546875,0.038377684567444482,0.96384976477287854
0.42060633458590868,0.15711975097656256,0.17975612685565873,0.17998515728584188,0.4165897127559165,0.27466800909411065,0.58405983661892613,-0.06032403767263133,0.091203847831575854,0.030888984939401766,0.66796875,0.041446318315958193,1.0048645360650681
0.49070739035022681,0.15711975097656239,0.17966369344410768,0.18006757779699703,0.38788447032707973,0.31340085674319595,0.58428326110472084,-0.068802269572597205,0.084773971876267756,0.033713126404863014,0.76953125,0.0479585534674455,1.0309912791352633
0.56080844611454495,0.15711975097656247,0.17956215245686175,0.17998539247938777,0.35558275767023406,0.34904858352617091,0.58450414392638783,-0.076597146408834291,0.077553080491390508,0.035958010506654384,0.8515625,0.049439745137394964,1.0485405042345748
0.63090950187886308,0.15711975097656258,0.17944389272118996,0.18006757779699689,0.32000243635963216,0.38128445284256351,0.58476189049771976,-0.08363867797828288,0.069613959451780838,0.038716082349267565,0.93359375,0.055047089636932285,1.0555841691499144
0.70101055764318121,0.15711975097656233,0.17931767127928894,0.17998515728584166,0.28148894050485646,0.40981302158371846,0.58499264017139851,-0.089864605439623366,0.061034447194407197,0.040565889453920943,1.01953125,0.054657263457844482,1.0577143259609858
0.77111161340749934,0.15711975097656256,0.17917595904114464,0.1800483046929364,0.24042452884018126,0.43438321760460191,0.58524974388205242,-0.095218533825122603,0.051899959957018772,0.04280425812654387,1.03515625,0.058701983276887471,1.0525960138235324
0.84121266917181736,0.15711975097656242,0.17902807359541251,0.18000848442249384,0.19720048978813379,0.45475275713891977,0.58542435411470906,-0.099655883000406065,0.04230181513197688,0.044934646557210418,1.08203125,0.058702745788616457,1.0415604867369932
0.91131372493613549,0.15711975097656278,0.17886843818717754,0.17999809674587847,0.15223395491604536,0.47077739827436305,0.58561991856152795,-0.10313408332473729,0.032326603884511779,0.04629378840587399,1.19921875,0.06106264965191803,1.0265281326779061
0.98141478070045363,0.15711975097656253,0.17870196103126942,0.17998408168907193,0.10596595313707896,0.48230468133210647,0.58577212803229561,-0.10562580355172398,0.022077289522756241,0.047117076258578867,1.22265625,0.062503247898787848,1.014747092455963
1.0515158364647719,0.15711975097656253,0.17853039745853561,0.18005273998495977,0.0588382668343908,0.48922190376548585,0.58582223980160086,-0.10710890321174096,0.011661723898975835,0.047184445846953832,1.27734375,0.065064598656161793,0.99794902554564724
1.1216168922290899,0.15711975097656231,0.17835333855820343,0.18007678867046534,0.011309380116680335,0.49150030124543381,0.58582649375223839,-0.10757163865173053,0.0011720162292542071,0.047211166763087148,1.3203125,0.067433145079504209,0.97597466238946495
1.1917179479934079,0.15711975097656258,0.1781731261089253,0.1800527399849598,-0.036176811735146849,0.48914336791073632,0.58577366611863646,-0.10701500974450497,-0.0092936005176194551,0.048009310267257521,1.37890625,0.068845338215341931,0.94522194284356242
1.2618190037577262,0.1571197509765625,0.17798883808964711,0.17998408168907193,-0.083157807946263457,0.48219518621865337,0.58565717062513578,-0.10544466194148433,-0.019637004692323327,0.050574844570290031,1.4375,0.066307097309549271,0.97243609618850169
1.3319200595220442,0.15711975097656258,0.17780223727670155,0.17999809674587838,-0.12917516257635211,0.47073734803004613,0.58547821046489623,-0.1028797592893312,-0.029752471885318169,0.053810702809592374,1.453125,0.065800690865978076,0.98187690565932284
1.4020211152863624,0.15711975097656256,0.17761663930625621,0.18000848442249387,-0.17381325774875353,0.45490287448483363,0.58525266872993031,-0.099348255844703984,-0.039547951953909005,0.057965749657040662,1.51171875,0.067842856029960263,1.0028140045086509
1.4721221710506804,0.15711975097656258,0.17743091619699058,0.18004830469293628,-0.21662715370239768,0.43485727272100472,0.58495359064137298,-0.094886850889857224,-0.04892311865172673,0.061698300382078769,1.55078125,0.06645175270273436,1.0221554509971063
1.5422232268149987,0.15711975097656253,0.17724618374464907,0.17998515728584169,-0.25722019539776736,0.41080649371041533,0.58457986878637624,-0.089541529365104219,-0.057790202003016385,0.065782245255927463,1.56640625,0.066992169277936581,1.0380538001179567
1.6123242825793167,0.15711975097656267,0.17705980148536074,0.18006757779699686,-0.29522597452365834,0.38300002888941742,0.58416636839684322,-0.083365104152047106,-0.066070876505249856,0.068673961191915767,1.640625,0.070387153677758094,1.0496045411243062
1.6824253383436347,0.15711975097656256,0.17687387068948293,0.17998539247938772,-0.33026744556703352,0.35171335451478836,0.58368502648851606,-0.076421270057626889,-0.073684803161008811,0.070109257704433964,1.66796875,0.070718887425143331,1.0635020563898658
1.752526394107953,0.1571197509765625,0.17668085354302954,0.180067577796997,-0.36203446724079591,0.3172547960656667,0.58315659327137448,-0.068778092127838544,-0.080565522488777089,0.071602371514119911,1.73828125,0.076765596628021737,1.0657572321570747
1.822627449872271,0.15711975097656267,0.17648788825943165,0.17998515728584191,-0.39024426082798047,0.27995510610449648,0.58258717710057717,-0.060510527662973032,-0.086651578122423301,0.07143410309556536,1.7734375,0.076636404294932445,1.0705419029290066
1.8927285056365892,0.15711975097656219,0.17628470412474995,0.1800483046929362,-0.41462729840978002,0.24018929354186877,0.58196053341163567,-0.051704467773765424,-0.091887859922468021,0.072258241132205844,1.81640625,0.080795393104241331,1.061889418139756
1.9628295614009073,0.15711975097656269,0.17607777998850146,0.18000848442249395,-0.43496157812122699,0.19832002116996106,0.58124268536979562,-0.042443105905224099,-0.096232681208968648,0.07249625615026728,1.83984375,0.081965267266951969,1.0533649709194717
2.0329306171652255,0.1571197509765625,0.17586535059035355,0.17999809674587827,-0.45111559041163435,0.15476693474303868,0.58053176367391479,-0.03281270638591674,-0.099645598126640866,0.072003539317929521,1.953125,0.08665028058747315,1.038061141173745
2.1030316729295437,0.15711975097656258,0.17564505215890563,0.17998408168907185,-0.46291378600143102,0.10994836559718008,0.57973306045431361,-0.022919668716914213,-0.10210124762611054,0.071414052712139131,1.97265625,0.090165300524650674,1.0223584140927768
2.1731327286938615,0.15711975097656222,0.17541949817559668,0.18005273998495966,-0.47026999212186432,0.064291952294506946,0.57891109309053379,-0.012854271557329584,-0.1035800186569648,0.070720886318500653,2.03515625,0.093343567117920564,1.0036310325761921
2.2432337844581798,0.15711975097656253,0.17518875548917648,0.18007678867046542,-0.47314965282658106,0.018249143732490865,0.57808690720126854,-0.002713119641505112,-0.10407075974349995,0.07069802270408404,2.0859375,0.096364012565893345,0.97683691296986896
2.313334840222498,0.15711975097656272,0.17495405265432692,0.18005273998495969,-0.47155594039070792,-0.027759966068126276,0.57730167552989209,0.0074118084917214489,-0.10357724370529052,0.072097320742915055,2.15625,0.098425117259178144,0.97872930402001257
2.3834358959868158,0.15711975097656217,0.17471689525232909,0.17998408168907185,-0.46552480090054443,-0.073301643173463549,0.57656233339938667,0.017424715964510312,-0.10210690874628267,0.075046485269911811,2.2109375,0.098779005458609404,1.0011056118470589
2.4535369517511341,0.15711975097656231,0.17447583232899913,0.17999809674587822,-0.45512794656911881,-0.1179241507042913,0.57587822427356805,0.027224343047526182,-0.099677870096317803,0.07874839679189527,2.25,0.099275314992663191,1.0052486602791317
2.5236380075154523,0.15711975097656231,0.17423503773299431,0.18000848442249423,-0.44048971398971148,-0.16124017816492869,0.57528487311389009,0.03672148085106474,-0.096317334592249004,0.082659819327032175,2.3046875,0.099636463519288856,1.0029870705696617
2.5937390632797706,0.15711975097656225,0.17399749193285627,0.18004830469293642,-0.42175771162286319,-0.20282939769328434,0.57476186723832656,0.045821170083157094,-0.092058128206802842,0.086249511467793347,2.35546875,0.099507521539597091,1.0175373188722183
2.6638401190440884,0.15711975097656211,0.17376444349908124,0.179985157285842,-0.39913462032281366,-0.24229517298620348,0.57428513214447308,0.054446079086097908,-0.086947288801346875,0.089953449199052071,2.4140625,0.097694492733714847,1.019444045978946
2.7339411748084066,0.15711975097656253,0.1735284340464644,0.18006757779699709,-0.37285352384267478,-0.27928403711780692,0.57388400427662045,0.062511967751265329,-0.081031367368809906,0.092844673613043063,2.51953125,0.09926927415029406,1.0352250221179335
2.8040422305727248,0.15711975097656192,0.17330159856533867,0.17998539247938758,-0.34316464372725869,-0.3134519778785208,0.57350353799639464,0.069951895087814547,-0.074370449219134591,0.094385522959701679,2.5859375,0.097978875999678985,1.0451738986199104
2.8741432863370426,0.15711975097656244,0.17307015934504394,0.18006757779699714,-0.3103773147772978,-0.34447664028628949,0.57315180294379253,0.076692678206360207,-0.067031999205020287,0.096337228918263143,2.6875,0.10054115601139378,1.0553795325515565
2.9442443421013609,0.15711975097656283,0.17284300557914609,0.17998515728584166,-0.27478021386903073,-0.37208806931976596,0.57277705029862935,0.082681542563289606,-0.059083893654251804,0.095976409294651233,2.75,0.099142247445273002,1.0603119573167283
3.0143453978656791,0.15711975097656247,0.17261151772148067,0.18004830469293631,-0.23673425922931657,-0.39604221757161473,0.57239222307228255,0.087861332175022649,-0.050604378592044037,0.096488189497546673,2.82421875,0.10205528861481625,1.0559477034811457
3.0844464536299974,0.15711975097656281,0.17237856334035084,0.18000848442249393,-0.19660745284567277,-0.41608481915122059,0.57190532605327515,0.092187523212308317,-0.041683041245314356,0.095959194876243811,2.87109375,0.10210542864952901,1.0447782383884483
3.1545475093943152,0.15711975097656186,0.17214715389655236,0.17999809674587811,-0.15477754651868295,-0.43209395891835012,0.57139436131799537,0.095626060477893113,-0.032392384173988334,0.094807627689005955,2.97265625,0.10364232472618996,1.0339099727621324
3.2246485651586334,0.15711975097656333,0.17191536834368329,0.17998408168907201,-0.11166431082972034,-0.44390291517382341,0.57080851038884528,0.098143764408162651,-0.022834307046398158,0.094049184139446088,2.9921875,0.10525327653998462,1.0190822464314249
3.2947496209229516,0.1571197509765625,0.17168296105321038,0.18005273998495985,-0.067668235200601584,-0.45142261938275469,0.57011666139407846,0.099721799557609833,-0.013101217319668703,0.093421075746783475,3.0703125,0.10794768377638335,1.0005496255813924
3.3648506766872694,0.15711975097656267,0.17145222866200183,0.18007678867046592,-0.023213661031310461,-0.45460327893526842,0.56937093425303864,0.10034722122042122,-0.0032810342144284836,0.093696896954717848,3.13671875,0.11066795173225487,0.97888669315845722
3.4349517324515877,0.15711975097656244,0.17122111506986959,0.18005273998495985,0.02126689137813598,-0.45342598693005731,0.56855175747229103,0.1000184712596142,0.0065280733970210112,0.095065677166353349,3.18359375,0.11105933383871125,1.0098134203732836
3.5050527882159059,0.15711975097656256,0.170991587249368,0.17998408168907198,0.065359143441929918,-0.44793281587607281,0.56767019481072478,0.098740833938993675,0.016236347007337247,0.096939834364991553,3.21875,0.11137986866091448,1.0500126475104905
3.5751538439802242,0.15711975097656231,0.17076011349972106,0.17999809674587811,0.1086254447681278,-0.43819174787935389,0.56674863519228291,0.096530432810405201,0.025744061783148441,0.099624812174608085,3.23828125,0.1130740735170651,1.0748796249061223
3.645254899744542,0.15711975097656281,0.17052920189977797,0.1800084844224939,0.15067122437177075,-0.4243172367038926,0.56580225369354864,0.093411919858424647,0.03496052946341998,0.10235790194188073,3.25390625,0.11513421990473681,1.1153059109448227
3.7153559555088602,0.15711975097656217,0.1702997654857146,0.18004830469293623,0.19109479021531212,-0.40646311572646998,0.56485718589272693,0.089417372583189228,0.043802566264459386,0.10508182283555899,3.27734375,0.11701059611664727,1.1360875563932835
3.7854570112731785,0.1571197509765625,0.17007074702845804,0.17998515728584169,0.2295092425160907,-0.38481840808045031,0.56390178907627486,0.08458896224604498,0.052187144943691241,0.10865428808926246,3.28515625,0.11867147364839245,1.1629965709112919
3.8555580670374967,0.15711975097656286,0.16983827966553511,0.1800675777969972,0.26556878298113695,-0.35960661140495676,0.56298304308628133,0.078973118290154423,0.060030114174511234,0.11173299878832392,3.3046875,0.12148582283975115,1.1678189366234837
3.9256591228018145,0.15711975097656244,0.16960625685348196,0.1799853924793875,0.2989169975589781,-0.33108807635347753,0.56205903610669716,0.072628258332307211,0.067264181126871353,0.11433120781069134,3.31640625,0.12220278455174853,1.1467874299191567
3.9957601785661327,0.15711975097656286,0.16936924312414189,0.18006757779699711,0.32927371319080623,-0.29954208537612159,0.56119966378478292,0.065615784855981324,0.073818755307141826,0.11822836532323643,3.328125,0.12613285106742075,1.1565163190480374
4.065861234330451,0.15711975097656225,0.16913070282925166,0.17998515728584208,0.35634090868185436,-0.26527788003044267,0.5603301828317061,0.058008251326592888,0.079641637170329072,0.12055598317090573,3.3125,0.12676017357692226,1.1121169077135018
4.1359622900947688,0.15711975097656225,0.16888736668173776,0.1800483046929364,0.37990958437550487,-0.22863243601030203,0.55952568140239956,0.049877250266687267,0.084679699170047307,0.12313033718603911,3.2890625,0.13004013767725942,1.1012819004411267
4.2060633458590875,0.15711975097656264,0.16864063089172118,0.18000848442249417,0.39971708066466238,-0.18996083278259449,0.55868685064255375,0.041310239377446066,0.088889029616399315,0.12458519389449955,3.26171875,0.12927752077763321,1.1048561070912208
4.2761644016234053,0.15711975097656256,0.16839316665005952,0.17999809674587833,0.41564308907031111,-0.14963701226776027,0.55790321178099578,0.03237955826899859,0.092238611636975082,0.12499784690199765,3.25390625,0.13105207113388229,1.1098537910348416
4.3462654573877231,0.15711975097656253,0.16814424705455958,0.17998408168907187,0.42752787227085265,-0.10806754585694095,0.55714236508187664,0.023181180929375423,0.094696206175791428,0.12534438348618643,3.20703125,0.13177601879638295,1.0977882930216505
4.4163665131520418,0.15711975097656261,0.16789836694028851,0.18005273998495969,0.43528914322785794,-0.065642016608161893,0.55638321591562978,0.013801606822719571,0.096247263652831316,0.12490209840325539,3.2265625,0.13292100023950765,1.0841876008476692
4.4864675689163596,0.15711975097656261,0.16765064725549123,0.18007678867046534,0.43886972703739285,-0.02276997519371186,0.55564327862539087,0.0043308357880240678,0.096877637035483286,0.12416951631380657,3.22265625,0.13443504083297556,1.1103380113328594
4.5565686246806774,0.15711975097656228,0.16740066592801886,0.18005273998495969,0.43825287799846369,0.020133741793841003,0.55492747878873094,-0.0051370349687881959,0.096585279931334658,0.1241022027318941,3.2578125,0.1361501215930874,1.1325640578355558
4.626669680444996,0.1571197509765625,0.16715263750035786,0.1799840816890719,0.43347076422292891,0.062669940705735908,0.55423410530511441,-0.014513865890983784,0.095379174887994939,0.12440584039503651,3.2734375,0.13758955688696373,1.1416820485764558
4.6967707362093138,0.15711975097656244,0.16690339836233695,0.17999809674587836,0.42458756750745941,0.10441202723163301,0.5535464570104689,-0.023707120338513347,0.093270965388283403,0.12553037111796514,3.28125,0.13928325236689193,1.1356656994223526
4.7668717919736316,0.15711975097656247,0.16665282327830575,0.18000848442249384,0.41171148443424649,0.14496885150652417,0.55286554561481593,-0.032625359299106156,0.090288172978444978,0.12684634603533981,3.3125,0.1403152464605226,1.1207919191423257
4.8369728477379503,0.15711975097656239,0.16640323689226943,0.18004830469293623,0.39498434722976888,0.18398541012748465,0.5522315455378719,-0.041196159039906054,0.086457335845092048,0.12895249778820617,3.35546875,0.14176752242101084,1.1184265490218954
4.9070739035022681,0.15711975097656217,0.16615817068142494,0.17998515728584191,0.37458021976789418,0.22108473959057959,0.55163332421896194,-0.049338618976617211,0.081822044266163227,0.13191434820193432,3.375,0.14472099786534243,1.1159506130353689
4.9771749592665868,0.15711975097656272,0.1659122180254991,0.18006757779699706,0.35071246487986185,0.25589819854816764,0.55101289901419592,-0.056969208733295848,0.076427166371057134,0.13473159714833083,3.37890625,0.14525181564510717,1.1149622417321645
5.0472760150309046,0.15711975097656264,0.16566851759875037,0.17998539247938777,0.32361745846606932,0.28813898103835778,0.55040419908451588,-0.064027209525830964,0.070325608331913703,0.13713225157669115,3.41796875,0.14634831659189532,1.1132626869743936
5.1173770707952224,0.15711975097656244,0.1654261245245516,0.18006757779699689,0.29357489076520477,0.31749676446550978,0.54979884077627639,-0.070441975499959356,0.063578239298331479,0.1396632767352563,3.40234375,0.14777993379231069,1.1242406538490517
5.1874781265595411,0.15711975097656264,0.16518561138038207,0.17998515728584169,0.26085271233684032,0.34370128164380531,0.54913266049450382,-0.076162000710591468,0.056251797734961688,0.14109043230069543,3.39453125,0.14752413007068096,1.1086164141448973
5.2575791823238589,0.1571197509765625,0.16494329967540039,0.1800483046929364,0.22578423502131401,0.36653360709332528,0.54844897582537855,-0.081134135355620363,0.048416835156322724,0.1426619624895428,3.375,0.14894407868947535,1.1368854330954241
5.3276802380881767,0.15711975097656275,0.16469817245917365,0.18000848442249387,0.18871403295320829,0.38575150563846061,0.54766464856969277,-0.085319065909524733,0.040155663034795543,0.14373655373066807,3.33984375,0.14940750310594794,1.1028450529909815
5.3977812938524954,0.15711975097656294,0.16445517499562773,0.17999809674587847,0.14998708656894028,0.40121722846146685,0.54682276514244921,-0.088679433726893367,0.031539530550541733,0.1439176776606455,3.3046875,0.14861221018671808,1.1031472406005389
5.4678823496168132,0.15711975097656247,0.16421268980297526,0.17998408168907196,0.10999716747382254,0.41279487033936824,0.54593418861123955,-0.09118518201492995,0.02265631323041279,0.14412694017576869,3.28515625,0.14893655804315173,1.0625733120001359
5.537983405381131,0.15711975097656247,0.16397383112598007,0.18005273998495974,0.069106702300137379,0.42037789309331081,0.54494915315675463,-0.092816143969853646,0.013596137897908058,0.14411277687769403,3.23046875,0.14928726719014301,1.0094613980547995
5.6080844611454497,0.15711975097656258,0.16374028124796738,0.18007678867046534,0.027722950161074459,0.42392199018078813,0.54390258577353401,-0.093560151724062332,0.0044421033221429766,0.1439400342971876,3.18359375,0.14847981848738814,1.0270413736461763
5.6781855169097675,0.15711975097656253,0.16350767999606802,0.18005273998495977,-0.01375760026341777,0.42340726931618056,0.54280694600125257,-0.093411382030988782,-0.004714676486619696,0.14430315050470041,3.22265625,0.14843195302474432,1.0651194044341747
5.7482865726740853,0.15711975097656275,0.16327787950615827,0.17998408168907193,-0.054955816136932331,0.41885662934133289,0.54168040679473295,-0.092376480670666339,-0.01378941995629409,0.14482591047975543,3.25390625,0.14876254533876046,1.0901398567294474
5.818387628438404,0.15711975097656264,0.16304968371455797,0.17999809674587838,-0.095452380197045272,0.41033415033047804,0.5405255654845037,-0.090464453878216278,-0.02269465395015003,0.14624163220992828,3.265625,0.15173913920413098,1.1182863449268083
5.8884886842027218,0.15711975097656244,0.16282443166160071,0.18000848442249387,-0.13488123010377945,0.39794056798560556,0.5393804783150552,-0.087696830406662915,-0.031342167365407715,0.14785284040642369,3.2890625,0.15456663013363359,1.1329621010646438
5.9585897399670404,0.1571197509765625,0.16260227449236223,0.18004830469293634,-0.17284053785913869,0.38180575896827229,0.53822415371290988,-0.084105946025184994,-0.039646085517187811,0.14966038956203512,3.3125,0.15661926776239851,1.1276192104750822
6.0286907957313582,0.15711975097656275,0.16238158086704504,0.17998515728584175,-0.20898428547442108,0.36211555464100287,0.53708863549600605,-0.07972736708939672,-0.047534886473345167,0.15232808543980852,3.3125,0.15961391157970536,1.1372279541274992
6.098791851495676,0.15711975097656228,0.16216273991921268,0.18006757779699686,-0.24298872539473704,0.33906626976147181,0.53602357233217535,-0.074604723331019626,-0.054932841174789263,0.15483919138760568,3.3515625,0.16488814580318156,1.1427022987807061
6.1688929072599947,0.15711975097656244,0.16194543307928569,0.17998539247938775,-0.27449419229044308,0.31288806084634968,0.53496306852294095,-0.068792379255348368,-0.061769035240174346,0.15748231097813076,3.359375,0.16523737388971993,1.135267285812799
6.2389939630243125,0.15711975097656256,0.1617219336941757,0.180067577796997,-0.30324674491081705,0.28385095088605583,0.5340001724151382,-0.062345419156055598,-0.067981684010377477,0.16075202402956687,3.32421875,0.16958445708343833,1.1236549553027511
6.3090950187886303,0.15711975097656264,0.16149757911208576,0.17998515728584188,-0.32895655627909182,0.25224363953258666,0.53304161342476364,-0.055330180214950946,-0.073521333367130307,0.16285723740727581,3.30078125,0.1692844944889122,1.145549359964382
6.379196074552949,0.15711975097656267,0.16126590615187228,0.18004830469293631,-0.35141235657022873,0.21836475410557027,0.5321796393338899,-0.047814894523120384,-0.078334588300487368,0.16441615809371343,3.28125,0.17243568250916783,1.1109546432195219
6.4492971303172668,0.15711975097656264,0.16103115184323066,0.18000848442249404,-0.37038710341183978,0.18254372497577898,0.53133374590256954,-0.039875655731253699,-0.082382185387092494,0.16515349753724529,3.1953125,0.17183939771343901,1.1328871753738847
6.5193981860815846,0.1571197509765625,0.1607927659084781,0.17999809674587824,-0.38576640275288382,0.14513833310101432,0.53058623276821892,-0.031583822519519057,-0.085633487329203006,0.16515709829416395,3.1796875,0.17249298304481966,1.0997794667843683
6.5894992418459033,0.1571197509765625,0.1605568333097635,0.17998408168907187,-0.39737038964474647,0.10648882849321632,0.5298692448753124,-0.02303053199727326,-0.088056273683812802,0.16529149258660367,3.14453125,0.17294882266255687,1.0632897459627724
6.6596002976102211,0.157119750976563,0.1603244683983116,0.18005273998495969,-0.4051289573894466,0.066982133664381036,0.52916532534477934,-0.014292592793201971,-0.089633794672538653,0.16507130104223239,3.078125,0.17256212758966261,1.0825694259348739
6.7297013533745389,0.15711975097656239,0.16008746415681654,0.18007678867046539,-0.40898761111933896,0.026981829216669317,0.52857173705808358,-0.0054496485408808996,-0.090351366324287793,0.16501307966424855,3.0546875,0.17227010965165451,1.0496666955228848
6.7998024091388576,0.15711975097656247,0.15985292049874666,0.1800527399849596,-0.40892421934673839,-0.01310192165127173,0.52800375824961254,0.0034085673712333808,-0.09020512810702562,0.16486329669068187,3.08203125,0.1719442792720583,1.0711059711144242
6.8699034649031754,0.15711975097656303,0.15962550656956875,0.17998408168907182,-0.40495752920689626,-0.052908532935417571,0.52749258446646163,0.012198187716593418,-0.089202044520802187,0.16438199135603218,3.09375,0.17418072140947694,1.0966541626580633
6.9400045206674941,0.15711975097656281,0.15940273911745917,0.17999809674587822,-0.39714237840084243,-0.092030976894854066,0.52698275165701247,0.020831917303541933,-0.087353890271571533,0.16399508040573144,3.09765625,0.17616383298482677,1.121429326364165
7.0101055764318119,0.15711975097656242,0.15918153463049425,0.18000848442249417,-0.38556839576982554,-0.13010729917069747,0.5264801979588607,0.029213121300039595,-0.084679076533548281,0.16350108528951729,3.1171875,0.18013484019277798,1.1361946947284389
7.0802066321961297,0.15711975097656244,0.15896587720891481,0.1800483046929364,-0.37037010368217033,-0.16677525856913339,0.52599315197473084,0.037277885814024123,-0.081207375949659988,0.16385542521309465,3.1328125,0.18094053903417365,1.1253147598275102
7.1503076879604484,0.15711975097656203,0.15875049015546652,0.17998515728584194,-0.35171707276682279,-0.20168072728950298,0.52547693188214084,0.04494877511364026,-0.076976162804973269,0.16599875312072404,3.12890625,0.18050006607128091,1.1122327969715156
7.2204087437247662,0.15711975097656253,0.15853660508264053,0.18006757779699714,-0.3297940727964338,-0.23452189498521911,0.52497527098623686,0.052153320155187574,-0.072026283530637961,0.16836933776906163,3.16015625,0.18429957058191523,1.1001347649494975
7.290509799489084,0.15711975097656278,0.15832508536918921,0.17998539247938763,-0.30482966328195382,-0.26493554262438451,0.52439574039044967,0.058822931070874503,-0.066410805685282487,0.17109439298642976,3.16015625,0.1838624468739519,1.1146557406457569
7.3606108552534026,0.15711975097656275,0.15811101636804697,0.18006757779699711,-0.27708040752292618,-0.29269830839326938,0.52384454227582722,0.064900702149287379,-0.060181523434665957,0.17451485101923178,3.1484375,0.18765849933505677,1.0915957536462479
7.4307119110177204,0.15711975097656197,0.1579006534012691,0.17998515728584169,-0.24681755248053788,-0.31751076590575261,0.52318731791891981,0.070332990000818621,-0.053403897925821987,0.17787515832649803,3.09375,0.18633542289209673,1.0840088906806478
7.5008129667820382,0.15711975097656233,0.15768658752140643,0.18004830469293634,-0.21432939648666646,-0.33919615564890304,0.52257068861997691,0.075071264475499416,-0.046140243428294037,0.18040513728360344,3.0703125,0.18790307646822016,1.087314566667505
7.5709140225463569,0.15711975097656228,0.15747239095839394,0.18000848442249387,-0.17993687188537283,-0.35752619999333146,0.5218545265843102,0.079073100215188541,-0.038469845531164421,0.18228217567542671,2.99609375,0.18881789685220179,1.0490846516568
7.6410150783106747,0.15711975097656264,0.15726072046566772,0.17999809674587813,-0.14396911510043048,-0.37233489845115636,0.5210705979785325,0.082303395838200316,-0.030462470107946765,0.18336392422093042,2.9453125,0.18821190323417747,1.0688493364441771
7.7111161340749934,0.15711975097656236,0.1570432986292262,0.17998408168907201,-0.10678167481037668,-0.38354580170711849,0.52027912983336422,0.084738198394606501,-0.022190245506650656,0.18427199283422258,2.875,0.18785603205606,1.0440468968660905
7.7812171898393112,0.15711975097656306,0.15682804571814921,0.18005273998495985,-0.068714439099375579,-0.39102939312116891,0.519430159907878,0.086356441670492501,-0.013741619315441283,0.18516741659260028,2.8671875,0.18786711276775575,1.0361609449839724
7.851318245603629,0.15711975097656269,0.1566165525994499,0.18007678867046589,-0.030154750948737694,-0.39473193360672043,0.51851988682144712,0.08714589669426169,-0.005202377871697153,0.18584613462085495,2.84765625,0.18840286469035566,1.0633404784452838
7.9214193013679477,0.15711975097656225,0.15641021305423258,0.18005273998495985,0.0085564463578902839,-0.39463801755014416,0.51757394247740707,0.08710554420255652,0.0033530781135807479,0.18614792568286301,2.890625,0.18946306403974425,1.0784767692863486
7.9915203571322655,0.15711975097656217,0.15620194492243392,0.17998408168907201,0.047020899311041586,-0.39076662887110047,0.51659126970962843,0.08623258765183496,0.01183757908525146,0.1861316094539601,2.890625,0.19085201952913092,1.0919374408486209
8.0616214128965833,0.15711975097656267,0.15599939308555294,0.17999809674587816,0.084896117752209357,-0.38317735700864669,0.51561683340739861,0.084539713883547918,0.020176942822729669,0.18578429812080369,2.8828125,0.19128255783219297,1.0884942639680368
8.131722468660902,0.15711975097656247,0.15579587869564848,0.18000848442249395,0.12179392586185236,-0.37195542652700803,0.51463062121937886,0.082045829100440448,0.028283315365846898,0.18551098853908654,2.87109375,0.1918548591133121,1.0985936050951268
8.2018235244252207,0.15711975097656228,0.15559814459783775,0.18004830469293631,0.15740386043014967,-0.35722260405925121,0.51369262516440461,0.078777109125778469,0.036088651945978815,0.18501145213891487,2.89453125,0.1948741998993517,1.0878899196981817
8.2719245801895376,0.15711975097656289,0.15540040874754962,0.17998515728584169,0.19133734329916427,-0.33913839332402712,0.51271385557760174,0.074767936771463664,0.043506533770627603,0.18565649667120876,2.90625,0.19554466845446603,1.0846591511865045
8.3420256359538563,0.15711975097656242,0.1552087998664958,0.1800675777969972,0.22330687572803573,-0.31789729736176853,0.51181377986821819,0.070057319741934757,0.050476130194741613,0.1875275715971792,2.91796875,0.19811121103723431,1.0781920621969132
8.412126691718175,0.15711975097656264,0.1550201275532124,0.17998539247938755,0.252983734752048,-0.29371062154198485,0.51090620416263188,0.064694356052712551,0.056930907661718259,0.18972652128374443,2.95703125,0.19879568009851717,1.0549691899073153
8.4822277474824919,0.15711975097656289,0.15483226758436885,0.18006757779699706,0.28012400504270324,-0.26682370652816156,0.51008288316879513,0.058730517369274295,0.062812248263255627,0.19261197919471565,2.9140625,0.20103138695155437,1.0765612802968758
8.5523288032468106,0.15711975097656256,0.15464474905973086,0.17998515728584205,0.30444433618690686,-0.23750401243131666,0.50927576899798011,0.052226485329963733,0.068067997750602433,0.19535098727509581,2.8984375,0.20416510051342315,1.0512108241028884
8.6224298590111292,0.1571197509765625,0.15446000971175369,0.18004830469293637,0.32573655130043777,-0.20603548557768325,0.50850457560381979,0.045246685754759867,0.072649758497818323,0.19798091250517463,2.828125,0.20367070449240407,1.0773611211841039
8.6925309147754461,0.15711975097656253,0.15427316532351612,0.18000848442249412,0.34383912616188977,-0.17272964778916386,0.50781580580034935,0.037854561999319483,0.076520338733789994,0.20012223360427744,2.7890625,0.20480401448928565,1.0573988962755925
8.7626319705397648,0.15711975097656258,0.15408659687055992,0.1799980967458783,0.35853719670292217,-0.13789422595980488,0.50714092180597092,0.030135057807692309,0.079641316375743301,0.20164596860660625,2.78515625,0.20684997951494966,1.0288585268911916
8.8327330263040835,0.15711975097656222,0.15390102248538484,0.17998408168907185,0.36972469331021096,-0.1018906475250541,0.506446154504263,0.022156922274826001,0.081992242262557011,0.20317817717116604,2.7421875,0.20659517312372133,1.0461525120074944
8.9028340820684004,0.15711975097656236,0.15371105655175724,0.18005273998495969,0.37733502952971915,-0.065038056456220281,0.50586981981191037,0.013985062679292351,0.08355121807851848,0.20457416115133223,2.74609375,0.2065823139026936,1.0788909206403126
8.9729351378327191,0.15711975097656236,0.15352143391392925,0.18007678867046534,0.38128712587447894,-0.027713171979946643,0.50528993307211012,0.0057117851860002469,0.084309503325328397,0.20551529201465515,2.7421875,0.20711944708176841,1.1042526610744154
9.0430361935970378,0.15711975097656244,0.15333594571699097,0.18005273998495966,0.38156334121543295,0.0097507360622274726,0.50477119904213508,-0.0025854603816629581,0.084257946630668282,0.20612335249735483,2.7734375,0.20794607953369601,1.1026631102713664
9.1131372493613547,0.15711975097656208,0.15315207706682177,0.17998408168907176,0.37816696054612542,0.046969258174824759,0.50426021598587079,-0.010821852786198001,0.083403502942709012,0.20609051184960905,2.78125,0.2080035437533081,1.1254561846992266
9.1832383051256734,0.15711975097656239,0.15297106492087004,0.17999809674587833,0.37114856637284299,0.083623862223716608,0.5037986416590915,-0.018923005069485629,0.081754350671765078,0.20561440704768205,2.8203125,0.20995070137885041,1.1332614477741296
9.2533393608899921,0.15711975097656258,0.15279231575841434,0.18000848442249384,0.36059690798853705,0.11931471655231771,0.50332862669434564,-0.026797731734178043,0.079329985943952089,0.20499946535767441,2.7890625,0.2109602048703694,1.1283690997939231
9.323440416654309,0.15711975097656258,0.15261365086318943,0.18004830469293623,0.34663397030055859,0.15374152844476627,0.50290598714527024,-0.034377572549535079,0.076156755548460936,0.2042306725030292,2.83984375,0.21429713131341524,1.1386049018012945
9.3935414724186277,0.15711975097656256,0.15243838151114425,0.17998515728584197,0.32940690235573677,0.18654861886246951,0.50247179808290732,-0.041597794424365703,0.072266926129351677,0.20429192542355168,2.8203125,0.21578875424996208,1.1170342288255808
9.4636425281829464,0.15711975097656261,0.15226427926923083,0.18006757779699706,0.30909611621818184,0.21745938403803405,0.50208166323978176,-0.048391018087828017,0.067696406278449917,0.20516329492954394,2.8515625,0.21744768251585689,1.1131228183131499
9.5337435839472633,0.15711975097656242,0.15209075886581669,0.17998539247938775,0.28590642787720782,0.24612804579747022,0.50165217166717591,-0.054687415278321209,0.062496294046287301,0.20735318921151608,2.859375,0.21693963374786115,1.1236742786125047
9.603844639711582,0.15711975097656269,0.15191724074323709,0.18006757779699689,0.26008005431645981,0.27234682889503203,0.50125336422704658,-0.060432594472109219,0.056714978530935177,0.2099889741246421,2.84375,0.21991835621634448,1.1108829780326148
9.6739456954759007,0.15711975097656278,0.1517460245609239,0.17998515728584169,0.23187198796393446,0.29582940698341803,0.50078809406771319,-0.065577560547909169,0.050413531848306659,0.21271574737342602,2.828125,0.22184743169083093,1.0806272703808706
9.7440467512402176,0.15711975097656269,0.15157213807588696,0.18004830469293637,0.20155075618303731,0.31638498103785101,0.50033886651806392,-0.070071169333591504,0.043650574432629693,0.21578582216593448,2.76953125,0.2201410499248502,1.1221357862753965
9.8141478070045363,0.15711975097656272,0.15139879634018469,0.18000848442249387,0.16942212030305714,0.33384339550592274,0.49986751640390154,-0.073877915856390308,0.036491636249491852,0.21896506991014819,2.72265625,0.2205810146193074,1.0959227578638144
9.8842488627688549,0.15711975097656239,0.15122803890373893,0.17999809674587847,0.13580003429095999,0.3480023337406743,0.49932705671427929,-0.076961956703228682,0.029019271240791525,0.22133927650336868,2.71484375,0.22077376296815268,1.0655694803876767
9.9543499185331736,0.15711975097656236,0.15105790139074768,0.17998408168907193,0.10101878621002584,0.35877211364010864,0.49870823170513856,-0.079302914054095008,0.021295625269401548,0.22362787426738093,2.6640625,0.2199976870650219,1.0850492854327358
10.024450974297491,0.15711975097656269,0.15088145635528269,0.18005273998495974,0.065392464386780008,0.36608112345952853,0.49811609477090785,-0.080876630148548095,0.013387236522121619,0.22581997284628783,2.65234375,0.2194115322534276,1.0991405008762514
10.094552030061809,0.1571197509765625,0.15070657681610283,0.18007678867046539,0.029278138121779772,0.36986203028868625,0.49746814431742742,-0.081675317721611365,0.0053766642549038478,0.22737501621675069,2.64453125,0.21942292210599021,1.129988525795508
10.164653085826128,0.15711975097656242,0.15053452357593969,0.18005273998495977,-0.0069930823003176348,0.37008077608042139,0.49679969699796206,-0.081690125558639429,-0.002654949150094706,0.22844129512186115,2.6953125,0.22002302666529211,1.13483949274114
10.234754141590445,0.15711975097656247,0.15036778051869251,0.17998408168907193,-0.0430633630325978,0.36676124118129028,0.49607859518594621,-0.080927245258499703,-0.010633615301914947,0.22873178457324925,2.69140625,0.22059309886086195,1.143339639758318
10.304855197354764,0.15711975097656272,0.15020102723051929,0.17999809674587841,-0.078585008492072506,0.35993582534805796,0.4953419306811821,-0.079394975756146624,-0.018459609693856131,0.22856400686107908,2.71875,0.22215131566992696,1.1600030805421349
10.374956253119082,0.15711975097656247,0.15003779048175334,0.18000848442249387,-0.11321116432685722,0.34969945742829883,0.49457476698627872,-0.077112423993403012,-0.026073696616774607,0.22809278375452138,2.703125,0.22334185636262685,1.1477424506429925
10.445057308883399,0.15711975097656258,0.14987444505990472,0.18004830469293637,-0.14664649218503747,0.33615942449113867,0.493829958853926,-0.074099423134139766,-0.033410322710235502,0.22734082708590991,2.7265625,0.22650139749540185,1.1601109125953615
10.515158364647718,0.15711975097656253,0.14971341040501715,0.17998515728584163,-0.17854565811270834,0.31945949958980568,0.4930693291461013,-0.070390839539159547,-0.04039917698944951,0.227230214759405,2.7265625,0.2278405587721983,1.1685180957822123
10.585259420412036,0.15711975097656239,0.14955043760276654,0.18006757779699689,-0.20861593127076347,0.29977027279860424,0.49235143489405114,-0.066021276959419117,-0.046965033699586357,0.22734003873307299,2.7421875,0.23045785805384447,1.1480722602220539
10.655360476176353,0.15711975097656239,0.14939010310504447,0.17998539247938769,-0.23656351582940696,0.27730335669359268,0.49161483579973358,-0.061038913020069308,-0.053055406150887378,0.22833047797956091,2.76171875,0.23147248718600921,1.1713976929180201
10.725461531940672,0.15711975097656236,0.14923072268263365,0.180067577796997,-0.26216210193733119,0.25227367178484428,0.49093603184929446,-0.055487226880270496,-0.058618252835817349,0.22977391525549984,2.73046875,0.23345883262401859,1.160172083915834
10.795562587704991,0.15711975097656258,0.14907036719753322,0.17998515728584186,-0.28513880526729379,0.22493126093550295,0.49027585404911611,-0.049427441103816243,-0.063595589976707279,0.23135585501372324,2.72265625,0.23564681943128091,1.1413272943073511
10.865663643469308,0.15711975097656261,0.14891239234512216,0.1800483046929362,-0.30529738437654902,0.19554255377014915,0.48962147776623627,-0.042916197057324044,-0.067947901567078542,0.23365833983996792,2.671875,0.23580601071532742,1.17478811955787
10.935764699233626,0.15711975097656236,0.14875010700273855,0.18000848442249387,-0.32245342436027774,0.16442485779508142,0.48903183946048906,-0.036015015345543716,-0.071632276342864565,0.23637605579276491,2.6328125,0.23653511899694118,1.1493647990774083
11.005865754997945,0.15711975097656269,0.14859228163623228,0.17999809674587833,-0.33646628699610548,0.13184145868336691,0.48845578812894619,-0.028795461084429676,-0.074621516344946182,0.23855732644522851,2.6484375,0.23770877653153552,1.1108347941084287
11.075966810762262,0.15711975097656264,0.14843379916528637,0.1799840816890719,-0.34719283562922532,0.098139176219971369,0.48785974061549592,-0.021328242089115462,-0.076888011960201688,0.24096668676112193,2.609375,0.23866304464547097,1.0835645999447738
11.146067866526581,0.15711975097656253,0.1482733765751911,0.18005273998495966,-0.35456518299470841,0.063617096525930394,0.48731682630596967,-0.013677660012920031,-0.078413992831130319,0.24342010483743151,2.62109375,0.23812987319813189,1.0973015191649087
11.216168922290899,0.15711975097656267,0.14810843780595651,0.18007678867046531,-0.35852158773761111,0.028623225373579038,0.48679997478218434,-0.005919284605380255,-0.079189045153573848,0.24513561698049263,2.60546875,0.23868041424123337,1.1201562722113501
11.286269978055216,0.15711975097656261,0.1479479321604911,0.1800527399849596,-0.35903509088255003,-0.0065280172541385354,0.4863204249969813,0.0018705578370503033,-0.079206218063304676,0.24671658911417227,2.65234375,0.23960090186066438,1.1500186613869283
11.356371033819535,0.15711975097656228,0.14778960785586265,0.17998408168907187,-0.3561124631335989,-0.04148069670260511,0.48583887052829655,0.00961476417247536,-0.07846995802759342,0.24755724333618392,2.63671875,0.24019202630444461,1.1298543753535983
11.426472089583854,0.15711975097656297,0.1476347299430727,0.17999809674587808,-0.34979558753370366,-0.075910913362162144,0.4853811216858489,0.017228555071942025,-0.076988492344684731,0.24773970437139312,2.6640625,0.24203275314776218,1.1702953602701509
11.496573145348171,0.15711975097656244,0.14748054985899689,0.18000848442249409,-0.34015616621665268,-0.10946037335411403,0.48490831439096638,0.024635293273441102,-0.07478132983405654,0.24730278447437787,2.6328125,0.24365105339796062,1.1803089290046826
11.566674201112489,0.15711975097656214,0.14732901335941223,0.18004830469293637,-0.32730103863629872,-0.1418611778862115,0.48448343798274429,0.031781008100658439,-0.071866944421651535,0.24613431652702267,2.640625,0.24585700059853241,1.1781751604520485
11.636775256876808,0.15711975097656261,0.14717864790426421,0.17998515728584194,-0.3113665385851051,-0.17276948733510283,0.48404653359852184,0.038594404999530846,-0.068280596564762236,0.24501553269838094,2.65234375,0.24706802566861227,1.2024188115134549
11.706876312641127,0.1571197509765625,0.14702715107882428,0.18006757779699709,-0.29251620853659965,-0.20191018903105878,0.48366024272674735,0.045003349062242126,-0.064053484749177797,0.24470947441617377,2.6640625,0.24898220704052026,1.2164561994767125
11.776977368405444,0.15711975097656225,0.14687708891388113,0.17998539247938758,-0.27094957392645186,-0.22899644842652792,0.48324391335956546,0.050954928817237004,-0.059233263802810562,0.24555196882053978,2.7109375,0.25020556597776139,1.2023487962009882
11.847078424169762,0.15711975097656297,0.14672750410321103,0.18006757779699714,-0.24688900631243002,-0.2537985924045158,0.48284899015065846,0.056397369487886165,-0.053863648211720606,0.24736707837410674,2.6484375,0.25193602574864721,1.2372776409152382
11.917179479934081,0.15711975097656267,0.14657689155222325,0.17998515728584169,-0.22056145084040132,-0.27607362727994217,0.48246295465547429,0.061276760323107818,-0.04799872500550785,0.24939084452703769,2.65625,0.25302660434530383,1.2076792235928802
11.987280535698398,0.15711975097656258,0.14642836266927658,0.18004830469293631,-0.19223288758729251,-0.29561561724606672,0.48202929403857325,0.065553874269611706,-0.041698669523018587,0.25257530308995196,2.6015625,0.25299347548712753,1.2071136827195985
12.057381591462716,0.15711975097656208,0.14627538790911954,0.18000848442249393,-0.16221088736641803,-0.31225476466015073,0.4816178989729184,0.06918704565236658,-0.035020982605836637,0.25604047190662121,2.55078125,0.25333616810532938,1.1709281753175811
12.127482647227035,0.15711975097656267,0.14612553644622336,0.17999809674587816,-0.1307314177710617,-0.32585427566170971,0.48118665642552766,0.072148862618343704,-0.028034292457291568,0.25856834723904759,2.59375,0.25449029170971316,1.1255874432036719
12.197583702991352,0.15711975097656222,0.145973435066824,0.17998408168907201,-0.098144867650245105,-0.33626514066238583,0.48068616256802038,0.07441155586147101,-0.02080951471748196,0.26140951546253727,2.5703125,0.25512804771568781,1.0859663427819353
12.267684758755671,0.15711975097656264,0.14582166998837137,0.18005273998495988,-0.064730185761111794,-0.34344499687986241,0.48019479751123706,0.075959042386396308,-0.013403702956684301,0.26423598466547765,2.56640625,0.25460780238220748,1.0617166332313794
12.337785814519989,0.15711975097656239,0.1456659520460708,0.18007678867046592,-0.030832675687641659,-0.34731551956781853,0.47968287506671908,0.076777606417082714,-0.0058951613113555805,0.26644621931787893,2.5703125,0.25532817990139939,1.0866482462206255
12.407886870284306,0.15711975097656194,0.14551423332807437,0.18005273998495983,0.0032477627788978251,-0.34786645219815715,0.47916058808036416,0.076862506307330242,0.0016459294285587624,0.26843734991498991,2.609375,0.25569866302947392,1.1115797069849085
12.477987926048625,0.15711975097656269,0.14536183583666859,0.17998408168907196,0.03716072469753634,-0.34508303298592363,0.47860122240037362,0.076215954455722171,0.0091422080340564805,0.2696681773566113,2.62109375,0.25613164298412622,1.1101681770126146
12.548088981812944,0.15711975097656247,0.14521337672193535,0.17999809674587819,0.07058688249970714,-0.33901682068001365,0.47801595642979866,0.074846910557097232,0.016511174110310983,0.27005572258050176,2.62890625,0.25683708458675381,1.1404158687031616
12.618190037577261,0.15711975097656283,0.14506446847770915,0.1800084844224939,0.10321106580379957,-0.32974154699901526,0.47740220804650341,0.072771504335413198,0.023685940934405295,0.26967775755699741,2.61328125,0.25912464659807677,1.1184900712795793
12.688291093341579,0.15711975097656294,0.14491846277541043,0.18004830469293628,0.13472635435065364,-0.31735541717669857,0.47679831580664445,0.07001005423661523,0.030604757077535467,0.26835230785239561,2.6171875,0.26010365292715304,1.1538099505375379
12.758392149105898,0.15711975097656244,0.14477195852128585,0.17998515728584169,0.16482925616830835,-0.30199129863112745,0.4761805964574638,0.066593802125777077,0.037200895242945238,0.2667868751529387,2.63671875,0.26179439746157795,1.1336651206720552
12.828493204870215,0.1571197509765625,0.14462588344689839,0.180067577796997,0.19323656477062487,-0.28380280334007474,0.47558888145398731,0.062554918988397656,0.043407956512645951,0.2654408450833981,2.640625,0.26309281885667085,1.1851732316942374
12.898594260634534,0.15711975097656264,0.14448153659282539,0.17998539247938744,0.21969308562674061,-0.26299374336023501,0.47499048810422428,0.05793559233934252,0.049177148720458162,0.26544892943967724,2.66796875,0.26410304142243446,1.179819678317517
12.968695316398852,0.15711975097656278,0.14433812152499917,0.18006757779699714,0.24394011642578942,-0.23976580211264756,0.47438255041137067,0.052781018517837085,0.054454520240840035,0.26647155940735429,2.62109375,0.26515597537388397,1.2082523893618771
13.038796372163169,0.15711975097656233,0.14419279225516052,0.179985157285842,0.26576875895556962,-0.21433819663522732,0.473840144280822,0.047139579612697095,0.059189163112656241,0.26808351992935275,2.609375,0.26704691623446292,1.2026543217071857
13.108897427927488,0.15711975097656267,0.14404974918082217,0.18004830469293637,0.28496454202567217,-0.18696752347890977,0.47326647796766641,0.041072082458888007,0.063342783775839323,0.27083749771617788,2.58984375,0.26841595252624939,1.1702786695768927
13.178998483691807,0.15711975097656233,0.14390581302137451,0.18000848442249415,0.30136790901249871,-0.15794034676157218,0.47273589114190034,0.034632424338215693,0.066875384139987726,0.2736065694235511,2.5390625,0.26760359262547168,1.1783391123191314
13.249099539456124,0.15711975097656275,0.14376195400779185,0.1799980967458783,0.31485070571860685,-0.12749973919432889,0.47226603272265483,0.027881675006188204,0.069759445312324586,0.27553892404279695,2.57421875,0.2688358280703535,1.1349441518806125
13.319200595220442,0.15711975097656306,0.14361835675176773,0.17998408168907185,0.32525234643731582,-0.095980867295413858,0.47176794615433881,0.020896813616434327,0.071967895110605321,0.27731765080903853,2.5546875,0.26990234454090306,1.0964404230737197
13.389301650984761,0.15711975097656278,0.14347801728860948,0.18005273998495969,0.33250718148786063,-0.063652685972158285,0.47128516275372434,0.01373483933871889,0.073483274343790664,0.27974864030889013,2.578125,0.27090464222519778,1.0578797386557748
13.459402706749078,0.15711975097656283,0.14333330227152297,0.18007678867046531,0.3365626681050839,-0.030845832999836894,0.47082001268125873,0.0064658163959325915,0.074293653752981428,0.28185848390593027,2.57421875,0.27108473343326162,1.0548808377748362
13.529503762513396,0.15711975097656236,0.14319005846544378,0.18005273998495969,0.33740415440033478,0.0021427792125276678,0.47038784679769019,-0.00084995868053382975,0.074394268572299985,0.28386167138559898,2.60546875,0.27106427745602613,1.0585404113585739
13.599604818277715,0.15711975097656208,0.14304527392476271,0.17998408168907176,0.33500984972097198,0.034980707475279156,0.46997896635427966,-0.0081297118212043749,0.073786540745499604,0.28537709833204539,2.609375,0.27162426744283491,1.0710096141450902
13.669705874042034,0.15711975097656256,0.14290653153643523,0.17999809674587833,0.32942572988198177,0.067368062504835055,0.46956225322620648,-0.015306878943306927,0.072477195604937178,0.28605831015477551,2.6171875,0.27200889300021919,1.0795808994348144
13.739806929806351,0.15711975097656278,0.14276833721996765,0.1800084844224937,0.32071521723890323,0.098974226140045543,0.46914591792357901,-0.022292208632809514,0.070483982949629542,0.28600313369506791,2.6015625,0.27339367216344407,1.087096636150175
13.809907985570669,0.15711975097656242,0.14263125027171977,0.18004830469293623,0.30896857429760338,0.12950958469813109,0.46872161748198171,-0.029037307231090281,0.06782505111333019,0.28497908435255392,2.58203125,0.27373440915453617,1.1111544573202556
13.880009041334988,0.15711975097656228,0.14249464396037534,0.17998515728584194,0.29431745745065163,0.15870213109361367,0.46831406974183137,-0.035477479400197361,0.064529239244551229,0.28352201575774932,2.59765625,0.27585181058886299,1.1054536096915317
13.950110097099305,0.15711975097656206,0.14235720246895472,0.18006757779699703,0.27691061610704865,0.18623633133035544,0.46787972377604331,-0.041544904012605736,0.060630935495813838,0.28183389773247636,2.59375,0.27551828067011103,1.1489167803501834
14.020211152863624,0.15711975097656261,0.14222089987614292,0.17998539247938777,0.25693274032469038,0.21189625770945694,0.46745563060597017,-0.047189901955478203,0.056169762463777063,0.28099801211072484,2.62890625,0.27794843386783424,1.1469649018994506
14.090312208627942,0.15711975097656225,0.14208578250302051,0.18006757779699689,0.23459062336243688,0.23541519105362579,0.4669853350078616,-0.052362606019818063,0.051190835701221883,0.28181644058191557,2.5859375,0.27758505437425524,1.140062563324578
14.160413264392259,0.15711975097656258,0.14194920599606781,0.17998515728584169,0.21009107549861916,0.2565927563664282,0.46655791153628401,-0.057011614978668648,0.0457388797900255,0.28408803267393956,2.578125,0.27864983633731727,1.1747289607821123
14.230514320156578,0.15711975097656258,0.14181421097495153,0.18004830469293637,0.18367378078650662,0.27524152617413206,0.46613237979491778,-0.061098943226902298,0.039871285990804334,0.28726781890933267,2.5546875,0.2797267510642174,1.1529394935283981
14.300615375920897,0.15711975097656231,0.14168017647764877,0.18000848442249373,0.15563907631386167,0.29114795896247209,0.46564479004619103,-0.064583544667791259,0.033651649930166339,0.29005185712594955,2.4921875,0.27865893594139923,1.1246595671329602
14.370716431685214,0.15711975097656233,0.14154719821245698,0.17999809674587836,0.12621632882878545,0.30423708627273793,0.46520635496749974,-0.067442841048619515,0.027124269536238171,0.29218427643571249,2.5390625,0.27893579299413657,1.1273992546459768
14.440817487449532,0.15711975097656233,0.14141123283946286,0.17998408168907187,0.095695235874363155,0.31437229803772004,0.46478657677926416,-0.069645527118405923,0.020362754787722395,0.29453190107199634,2.4765625,0.27832551161106445,1.083767600070308
14.510918543213851,0.15711975097656275,0.14127905852510231,0.18005273998495983,0.064388077104487906,0.32145640427370509,0.4643187039992806,-0.071176617958240776,0.013433538379936695,0.29746143898119437,2.5078125,0.2784230237372653,1.0504624861598764
14.581019598978168,0.15711975097656272,0.14114634271455739,0.18007678867046528,0.032574522401774587,0.32543883143943453,0.46386284825516061,-0.072023187956352874,0.0064021478461683398,0.30025865733167784,2.51171875,0.27843597587874064,1.0119879129548439
14.651120654742487,0.15711975097656228,0.14101543878401565,0.18005273998495977,0.00058119456650155762,0.32628855522881206,0.46336475506861374,-0.072180063771112551,-0.0006637832385679804,0.30253982457486378,2.53125,0.27818891941961787,1.005056920340814
14.721221710506805,0.15711975097656256,0.14088195968279929,0.17998408168907196,-0.031307348792430252,0.3240202830724882,0.46289297676758207,-0.071648897300392714,-0.0076960151301662992,0.3043819609338006,2.546875,0.27864645689865519,1.0295032974411094
14.791322766271122,0.15711975097656256,0.14074873766159735,0.17999809674587838,-0.062764792411913184,0.31866660417455905,0.46240264966374051,-0.070436025760135981,-0.014632515008480815,0.30526471565126345,2.546875,0.27869677144746469,1.0424223864177353
14.861423822035441,0.15711975097656233,0.14061697503604745,0.18000848442249395,-0.093522409378810165,0.31028981302575787,0.46193959116709271,-0.068555424305893162,-0.021401197314648759,0.30535319894992624,2.55859375,0.27993528082617164,1.0441372366486013
14.93152487779976,0.15711975097656244,0.1404858201412881,0.18004830469293631,-0.12324704921163283,0.29897559245326844,0.46144828251461245,-0.066028287407885078,-0.027936589012365218,0.3044825649336706,2.57421875,0.28098418937672642,1.0866730368772717
15.001625933564076,0.15711975097656264,0.14035491082032944,0.17998515728584175,-0.15169533085103692,0.28485001633979423,0.46098064318315701,-0.062879369900071813,-0.0341753965970382,0.30302361842710368,2.5625,0.2820635745554721,1.0884078027832675
15.071726989328395,0.15711975097656256,0.14022202079280582,0.18006757779699689,-0.17854795011989197,0.26805724729825364,0.46046642535777327,-0.059144379274929854,-0.040054981506988926,0.30124333003922033,2.578125,0.28240719811310772,1.0989655483926419
15.141828045092714,0.15711975097656283,0.14009261056533912,0.17998539247938769,-0.20361510220442444,0.24876970064881432,0.45999414962552077,-0.054856605917963062,-0.045530520877683944,0.29977077607120389,2.609375,0.28411412117978568,1.118821086163811
15.211929100857031,0.15711975097656247,0.13996303178656114,0.18006757779699692,-0.22661876828196842,0.22719211957951932,0.4595075149588938,-0.050062838925729797,-0.050547406017167618,0.29996582838106944,2.59375,0.28696060940546686,1.1025972311398871
15.282030156621349,0.15711975097656239,0.13983383210969866,0.1799851572858418,-0.24734355383268869,0.20352211393591019,0.45903245619368305,-0.044809330384307018,-0.055054997272340894,0.30192999437097756,2.5546875,0.28475040800793538,1.1361232049682968
15.352131212385668,0.15711975097656253,0.13970356551673213,0.1800483046929362,-0.26565453669698813,0.17799339284129093,0.45861475887222519,-0.039142466424561463,-0.059022160832861242,0.30464525494778288,2.5390625,0.28558258755627186,1.121555958186462
15.422232268149987,0.15711975097656247,0.13957515514985103,0.1800084844224939,-0.28132561906689246,0.15088623525417402,0.45816109578539871,-0.033129601153499597,-0.062407411422347625,0.30699471913247933,2.51171875,0.28645478276022113,1.0923162663842301
15.492333323914304,0.15711975097656231,0.13945057955805459,0.1799980967458783,-0.2942394001886573,0.12242251272653963,0.45771345586351997,-0.026820176222128161,-0.065185667728925284,0.30832709514394757,2.5,0.28517364145708834,1.0802650213257543
15.562434379678622,0.15711975097656264,0.13932038113921405,0.17998408168907187,-0.30431161996112466,0.092904913493031607,0.45733498598169464,-0.020271733650756966,-0.06732879814494061,0.31019553717538434,2.46484375,0.28423168819909689,1.065498880160783
15.632535435442941,0.15711975097656244,0.13919471193081898,0.18005273998495969,-0.31143519233540817,0.062617804581634989,0.45694248325539316,-0.013551786391236782,-0.068822889665614895,0.31293423235720991,2.49609375,0.28425690105900386,1.0236249736543441
15.702636491207258,0.15711975097656283,0.13907031650910584,0.18007678867046542,-0.315544297002402,0.031834016519450649,0.45657474251731839,-0.0067286466436253843,-0.069652931887143762,0.31562628695895095,2.5,0.28420684161072907,0.98943097376162359
15.772737546971577,0.15711975097656239,0.13894810341749111,0.18005273998495963,-0.3166225495447636,0.00087153157720307704,0.45618117421664456,0.00013222178386810361,-0.069815629473879801,0.31780165600821236,2.5390625,0.28410806298584818,0.95238588513116018
15.842838602735895,0.15711975097656217,0.13882774360190941,0.17998408168907187,-0.31466011517442549,-0.029997249772981398,0.45581143483463532,0.0069673963642943679,-0.06931150568192708,0.31949412612782035,2.5546875,0.28507475528431669,0.96269091725585776
15.912939658500212,0.15711975097656253,0.13870449131113924,0.17999809674587833,-0.30969499803062889,-0.060443346591406627,0.45541730147039428,0.013704809507533647,-0.068147103593245037,0.32034940159755942,2.5859375,0.28611864733491965,0.97214032796138339
15.983040714264531,0.15711975097656261,0.13858553645689631,0.18000848442249415,-0.30179810214812425,-0.090216922806855421,0.45503939572139596,0.020289043269763048,-0.066335702235149369,0.32026576232851173,2.5546875,0.2867020815831835,1.012340988728097
16.053141770028848,0.15711975097656231,0.13846279389279836,0.18004830469293642,-0.29102688593776743,-0.11900242690425201,0.45465027180600154,0.026649529921139281,-0.063896570363254537,0.31922249935293878,2.57421875,0.28857473086545959,1.0060540510920692
16.123242825793167,0.1571197509765625,0.1383419983661211,0.17998515728584197,-0.27751950974221362,-0.14653951534158058,0.4542437407120723,0.032723809671925161,-0.060857128826249961,0.31784013722415183,2.578125,0.29021490608906608,1.0606031423147353
16.193343881557485,0.15711975097656186,0.13822079809293134,0.18006757779699711,-0.26141820895264928,-0.17257071926444104,0.45384508300493426,0.03846100073732181,-0.057247948263751292,0.31620021318685798,2.59375,0.29256790936152172,1.0520044842865899
16.263444937321804,0.15711975097656253,0.13810272888793884,0.17998539247938761,-0.24287623363449298,-0.19682984269338036,0.45341914185245735,0.043808442482180618,-0.053104355146352228,0.31494216001465386,2.609375,0.29144477333373958,1.0931479872172978
16.333545993086123,0.15711975097656228,0.13798090079923475,0.18006757779699709,-0.2220785710888579,-0.21912663208326427,0.4530386916630369,0.048710999332650141,-0.048467012795162821,0.31545974889546924,2.5859375,0.29348887218102276,1.0837360888936174
16.403647048850441,0.15711975097656197,0.13786280824698555,0.17998515728584172,-0.19924712945262354,-0.23920974586930291,0.45258751567538846,0.053127244016394404,-0.043388285898755673,0.31768697373832888,2.55859375,0.29275861583705548,1.0650314974498132
16.473748104614756,0.15711975097656244,0.1377433357057529,0.18004830469293631,-0.17459646000978463,-0.25695271266940001,0.45218117184532425,0.057020728324293196,-0.037908542809161727,0.32073323458851172,2.51171875,0.29245154934522055,1.0995614490732546
16.543849160379075,0.15711975097656219,0.1376229670360731,0.18000848442249393,-0.14837305422054925,-0.27215884221937076,0.45179856129801571,0.060351124158386511,-0.032085006089617923,0.32369391980073559,2.48828125,0.29239113710791753,1.0778331103829317
16.613950216143394,0.15711975097656286,0.13750635615336915,0.17999809674587816,-0.12083420403636105,-0.28468534695790237,0.45137962253330716,0.063090965757865547,-0.025983180061806169,0.3255931341203937,2.48828125,0.2928755007961012,1.0448570025396637
16.684051271907713,0.15711975097656256,0.13738955136072739,0.1799840816890719,-0.092258279399614812,-0.29444344552859614,0.45094707504080211,0.065218238813781235,-0.019653639843012848,0.32780768285844958,2.44921875,0.29094735428254065,1.0397126307291442
16.754152327672031,0.15711975097656275,0.13727148242124282,0.18005273998495985,-0.062899647397885117,-0.301366210946447,0.45056785649584469,0.066714418494470767,-0.013147202355047764,0.33108579591607645,2.4765625,0.29087482205450521,1.0175138577885787
16.82425338343635,0.15711975097656253,0.13715386033674565,0.18007678867046592,-0.033045291388788603,-0.30537600381739455,0.4502013446720145,0.067567617651009701,-0.0065419673387894723,0.33412356432171247,2.48046875,0.29142766109930768,0.97749290168771974
16.894354439200665,0.15711975097656219,0.13703934257273329,0.18005273998495991,-0.0030004779699777866,-0.30644264924914238,0.44980906406874954,0.067771158817980168,0.00010113719454331953,0.33651623744998432,2.50390625,0.29104974353215957,0.94198067950500042
16.964455494964984,0.15711975097656242,0.13692753447498968,0.17998408168907204,0.026981855896311541,-0.30458224527015704,0.4494332626333763,0.067326743020315591,0.0067186786733384853,0.33824392593771346,2.55078125,0.29231365130045767,0.94782084575709546
17.034556550729302,0.15711975097656239,0.13681442229720012,0.17999809674587819,0.056576332745074377,-0.29979877076681033,0.44903847439375222,0.06624046737793679,0.013244423260024701,0.33897242839110919,2.55859375,0.29337422985962058,0.95131922664526614
17.104657606493621,0.15711975097656242,0.13670463084525455,0.18000848442249398,0.085529381563664783,-0.29217916818598483,0.4486484919042385,0.064525498108167642,0.019616852311139202,0.33877285570130672,2.5390625,0.29404283820252108,0.98942766106244595
17.17475866225794,0.15711975097656247,0.1365902417713489,0.18004830469293623,0.11353556040765642,-0.28179146603863403,0.4482399782934407,0.06220050607798093,0.025768048135785156,0.33751654636510786,2.55859375,0.29680752802356652,0.99434154036377498
17.244859718022258,0.15711975097656261,0.13647810755347628,0.17998515728584166,0.1403419988563448,-0.2687477582005523,0.44781622961804213,0.059290165369494385,0.03164709044723512,0.33593062491387982,2.546875,0.29679082459948869,1.0434825752969841
17.314960773786574,0.15711975097656231,0.13636585912153934,0.180067577796997,0.16572187274505709,-0.2531916758477965,0.4474310728282696,0.055821886153967069,0.037202929095628112,0.33423304520905928,2.5625,0.29881745829854756,1.043563842874176
17.385061829550892,0.15711975097656239,0.13625494421099865,0.17998539247938747,0.18939240779265037,-0.23526361484524266,0.4470214684789216,0.05183445962860226,0.042379889858360102,0.332846120790736,2.59375,0.29941668406336636,1.0555163667529055
17.455162885315211,0.15711975097656225,0.13614143261968484,0.18006757779699703,0.21116972889075677,-0.21516062950201348,0.44664609503592112,0.047364759012932668,0.047128304533266309,0.33270859109530415,2.55859375,0.3001210018462363,1.0764608278987642
17.52526394107953,0.15711975097656264,0.13602896247141613,0.17998515728584202,0.23084592830564596,-0.19308431765198061,0.44626318201498344,0.042459261201276077,0.051407849441721304,0.3338132648975215,2.546875,0.30149350002803849,1.0638717825924269
17.595364996843848,0.15711975097656225,0.135920026837862,0.18004830469293637,0.24820698063674151,-0.16924568017098091,0.44583224569178931,0.037169077978320274,0.055179557713624289,0.33587996618774496,2.515625,0.30035472096186172,1.0676983896087426
17.665466052608167,0.15711975097656211,0.13580476672317793,0.1800084844224942,0.2631346026188619,-0.14388752888789352,0.44550032912534188,0.031537867109748499,0.058405614769550786,0.33834307581358436,2.46875,0.29975997912429297,1.0735021883021476
17.735567108372482,0.15711975097656239,0.13569418356268154,0.17999809674587816,0.27550292553786332,-0.11725018632050387,0.4451518557124361,0.025625715810549732,0.061064696122748681,0.34021151848631653,2.46875,0.300519656758724,1.0468870989389369
17.805668164136801,0.15711975097656264,0.13558569705746132,0.17998408168907187,0.28516943614926316,-0.08960109901962339,0.44478398324879398,0.019494434181722465,0.063128505250982417,0.34241578042552651,2.44140625,0.30116696985200309,1.0106967175213502
17.87576921990112,0.15711975097656233,0.13547695111856961,0.18005273998495971,0.29206099967797344,-0.06119820498423046,0.44440189341228326,0.013198759755613972,0.064582390874935475,0.34436692545604947,2.421875,0.30037276872861601,0.96746653102156499
17.945870275665438,0.15711975097656222,0.13536612500845949,0.18007678867046534,0.2961608091651417,-0.032312318135588491,0.44406918652104116,0.0067900736318594838,0.065415662320699189,0.34683536371965651,2.3984375,0.30072228838057596,0.96961161827850806
18.015971331429757,0.15711975097656275,0.13525539755077734,0.18005273998495971,0.29739469862647117,-0.0032206068732289982,0.44375801606056653,0.00033681323639170552,0.065618397132459649,0.34922143516407389,2.44140625,0.30110092911905456,0.93359242365172768
18.086072387194076,0.15711975097656261,0.13514844482108823,0.1799840816890719,0.29579498194155923,0.025795912293960038,0.44342663561260198,-0.0060953250620332886,0.06519612001671711,0.35097666779982306,2.46875,0.30290778147234798,0.91663544145283804
18.156173442958394,0.15711975097656219,0.13504267376167464,0.17999809674587827,0.29135226925932994,0.054455943606602407,0.44309650717830834,-0.012446079490228315,0.064151642651404883,0.35178142610836444,2.4765625,0.30342706278661158,0.95227464829575326
18.226274498722709,0.15711975097656264,0.1349387373109539,0.18000848442249376,0.28414404637208474,0.08249733629553678,0.44276419133282224,-0.018650082937490212,0.062497790256392571,0.35171898400825125,2.46484375,0.30519341667139999,0.98916493185734389
18.296375554487028,0.15711975097656258,0.13483445601438815,0.18004830469293631,0.27425138968046198,0.10961394309540635,0.44239257726232206,-0.024638719548567462,0.060255717172866596,0.35062433203640359,2.49609375,0.30796812201902751,1.0050736448157471
18.366476610251347,0.15711975097656292,0.13473104722082554,0.17998515728584191,0.2617715955404632,0.13558889978035757,0.44204670605953389,-0.030371095290974232,0.05744438237418853,0.34936098618246586,2.484375,0.3094524503502516,1.0367133248649205
18.436577666015665,0.15711975097656247,0.13462838659265206,0.18006757779699703,0.24683044609126112,0.16017464467992334,0.44169284035389622,-0.035792821325881373,0.054093803748496899,0.34795096825952893,2.51171875,0.3116036231336507,1.0572741598100766
18.506678721779984,0.15711975097656261,0.13452559640640666,0.17998539247938777,0.229574358879401,0.18312692605042649,0.44132505232905728,-0.040851166431383729,0.050238536303355223,0.34679997064312601,2.53515625,0.31180659129193017,1.0534517408477226
18.576779777544303,0.15711975097656272,0.13442024238364322,0.18006757779699675,0.21019303782493165,0.20423137945927772,0.44095424159247082,-0.045494167246719036,0.045917050714897434,0.34654044840910325,2.51171875,0.3126197110128095,1.0771347361360863
18.646880833308618,0.15711975097656272,0.13431711272361402,0.17998515728584166,0.18887893378902118,0.22331137863742639,0.44058189669771691,-0.04968521109066875,0.041170914281580026,0.34709784194912741,2.5234375,0.31368704686588494,1.0650961271643518
18.716981889072937,0.15711975097656258,0.13421583514184091,0.18004830469293637,0.16584380302289564,0.24015448873799061,0.44016712189602969,-0.053384687302501746,0.03605103284613561,0.34889360004295356,2.49609375,0.31245439068744868,1.0344073574140136
18.787082944837255,0.15711975097656242,0.1341114030409844,0.18000848442249384,0.1413172274064802,0.25464042390782221,0.43978578516977257,-0.056558141319417679,0.030603604071647451,0.35141686940104155,2.44140625,0.31276415186421758,1.0481094615763928
18.857184000601574,0.15711975097656261,0.13400796777202165,0.17999809674587849,0.11551944540412301,0.26665327132800826,0.43941296833886517,-0.059181119731018153,0.024877847399515814,0.35380142830856398,2.4609375,0.31248301770641035,1.0159761453563623
18.927285056365893,0.15711975097656242,0.13390624857368716,0.1799840816890719,0.088715689085005003,0.27605305158013183,0.43903303415205702,-0.061227987274471318,0.018938220317229769,0.35648961737822038,2.4296875,0.31295443474826273,0.98619483817054887
18.997386112130211,0.15711975097656269,0.1338051707440257,0.1800527399849598,0.061171648032909545,0.28276378564808108,0.43862903810842996,-0.062683282252105343,0.01284364710762443,0.35879885619710966,2.4140625,0.31343551936102693,0.95101681750202849
19.067487167894527,0.15711975097656264,0.13370507438781379,0.18007678867046525,0.033135717755515333,0.2867531501374142,0.43821950629945078,-0.063536089603198898,0.0066441262575870587,0.36129584168452283,2.421875,0.31393769779547109,0.91488998306564429
19.137588223658845,0.15711975097656272,0.13360034225780659,0.18005273998495977,0.0048842416876346516,0.28797867402211214,0.43785721581596715,-0.063776698586929137,0.00039895067827989505,0.36419608400829295,2.453125,0.31359834165413975,0.89174622310184593
19.207689279423164,0.15711975097656269,0.13349780059965302,0.17998408168907193,-0.023316430956286938,0.2864635748989498,0.43749616414729536,-0.063409926403860048,-0.0058352836114452019,0.36664818136634675,2.48046875,0.31462976215613209,0.92541731233519031
19.277790335187483,0.15711975097656258,0.13339695201393256,0.17999809674587838,-0.051193474457997254,0.28219519203390153,0.4371552074316028,-0.062437732257507442,-0.011991358975181048,0.36803439516067671,2.45703125,0.31500404319364167,0.94705048216277099
19.347891390951801,0.15711975097656242,0.13329765496747581,0.18000848442249393,-0.078477681401810828,0.27525282056967321,0.43680905922375579,-0.060873999161562782,-0.018001189341242119,0.36840027593860575,2.48828125,0.31751891411523209,0.99107743320632125
19.41799244671612,0.15711975097656253,0.13319990025939876,0.1800483046929364,-0.10489615993587899,0.26570340351965627,0.43644546902571135,-0.058736346711303421,-0.023809221340658902,0.36763264524537043,2.50390625,0.32027827323340996,1.015357386401228
19.488093502480435,0.15711975097656236,0.13310220266387474,0.17998515728584177,-0.13022843282090676,0.25364532228500053,0.43612163735755632,-0.05604263241250796,-0.029369001667282381,0.36649646144396225,2.4921875,0.322189916343674,1.0248331976968734
19.558194558244754,0.15711975097656272,0.13300530020882426,0.18006757779699689,-0.15422288592842764,0.23919983207961465,0.43579869127792387,-0.052822833150098815,-0.034625993057346538,0.36504247928375511,2.50390625,0.32523846649472588,1.0574109151549809
19.628295614009073,0.15711975097656261,0.13290780265339236,0.17998539247938772,-0.17664216832555285,0.22251593676219278,0.43546404113045845,-0.049110625066373599,-0.039528400494669276,0.36366497476004728,2.51953125,0.32392849988457201,1.0488502645022693
19.698396669773391,0.15711975097656267,0.13280829150982251,0.18006757779699692,-0.19728301755323213,0.20376831492548489,0.43514937242404755,-0.044942515001677272,-0.044031536729169277,0.36294648018697295,2.5078125,0.32625792220644789,1.0609827246136845
19.76849772553771,0.15711975097656233,0.13271167963592062,0.17998515728584188,-0.21597152367756198,0.18314770410280515,0.4348205119281815,-0.040359553934347335,-0.048099702072265597,0.36246547858858402,2.5078125,0.32755090508396439,1.0526310225028466
19.838598781302029,0.15711975097656253,0.13261624265270863,0.1800483046929362,-0.23249460006782804,0.16085420230080122,0.4344703994483689,-0.035408623105309234,-0.051690699267406638,0.36343994127640467,2.48046875,0.3261892935528205,1.0270012587081914
19.908699837066347,0.15711975097656239,0.1325195700863418,0.18000848442249384,-0.24675405231521794,0.13710455982712,0.4341717892843579,-0.030134085803885581,-0.054774562717374131,0.36527841799985394,2.41796875,0.32580660054228,1.0275198761041511
19.978800892830662,0.15711975097656261,0.13242308558653856,0.1799980967458783,-0.25860826538548737,0.11213065900908478,0.43387454564689248,-0.024586466350241545,-0.057325967916177389,0.36728574209180814,2.4453125,0.32636558657992998,0.99836543984407322
20.048901948594981,0.15711975097656217,0.13232817177800946,0.1799840816890719,-0.26792826936821246,0.086178898965779877,0.43356743532843534,-0.018825150164316184,-0.059318285212802642,0.36964572404823215,2.4296875,0.32703085610018073,0.96857292915499993
20.1190030043593,0.15711975097656272,0.13223362803732289,0.18005273998495966,-0.27465359866531569,0.059493355382486034,0.43324653250535633,-0.012907242333387697,-0.060737350441248131,0.3718791583825653,2.42578125,0.32780211821074001,0.93817118621806994
20.189104060123618,0.15711975097656261,0.13214063594638892,0.18007678867046545,-0.27872863857350155,0.032335805357859751,0.43290384045978769,-0.0068847805945707477,-0.061573579010383163,0.37496979464005853,2.421875,0.32816258933203674,0.90615553699325901
20.259205115887937,0.15711975097656264,0.13204562209912432,0.18005273998495963,-0.28011045109087374,0.0049649204216164642,0.43258124738927828,-0.00081866698667290333,-0.061817063336434656,0.37823818204540494,2.4765625,0.32947378328108318,0.89392866054248699
20.329306171652256,0.15711975097656233,0.13195003494648463,0.1799840816890719,-0.27882759656033812,-0.022369578203254657,0.43227142101891275,0.0052424598729790802,-0.061471430739837706,0.38095931932425076,2.484375,0.32995382991537942,0.91894264625867583
20.399407227416571,0.15711975097656269,0.13185547570688075,0.1799980967458783,-0.27487848741453358,-0.049384631520140054,0.43195585507827428,0.01123535233662272,-0.060539593548763565,0.38263895490325217,2.47265625,0.32976073730844152,0.93787107242406842
20.46950828318089,0.15711975097656247,0.13176256455334207,0.18000848442249412,-0.26831403266509807,-0.075834541430020955,0.43164254327474383,0.017091482255553021,-0.059033229328547515,0.3832587526642719,2.46484375,0.3328169066288435,0.98493452294609729
20.539609338945208,0.15711975097656278,0.13167067409621208,0.18004830469293637,-0.25921561805948634,-0.10146393307768432,0.43130917286873122,0.022761541510078025,-0.056970477112362319,0.38264205687544978,2.484375,0.33517476020005393,1.0055445370816851
20.609710394709527,0.15711975097656272,0.13157905927901625,0.179985157285842,-0.24765996058515261,-0.1260264445111782,0.43098247325234562,0.028192885226157514,-0.054370606590002493,0.38144999083974523,2.47265625,0.3360267465252928,1.0165938662217098
20.679811450473846,0.1571197509765625,0.1314876103900762,0.18006757779699709,-0.23377649974276593,-0.14931320341490231,0.43065804708846889,0.033334017450285525,-0.051259338135678768,0.37973195535712184,2.48828125,0.33892411108800224,1.0520146617851751
20.749912506238164,0.15711975097656267,0.13139459080532362,0.17998539247938755,-0.21770351240650185,-0.17105656981927375,0.43029954656093838,0.038128723617356058,-0.04767091431944738,0.37786444944500636,2.515625,0.33905595312997544,1.0523287375894461
20.82001356200248,0.15711975097656264,0.13130287975802346,0.18006757779699714,-0.19960314912075164,-0.19109979619959677,0.4299619689048304,0.042544218487476755,-0.043639781421136885,0.37681619563014057,2.47265625,0.3393866161079061,1.054738223454716
20.890114617766798,0.15711975097656214,0.13121133675608118,0.17998515728584169,-0.1796607707399272,-0.20925672895946487,0.42962891352138971,0.046537348413502891,-0.039204441292676168,0.37631467189507284,2.484375,0.34097172624301503,1.061028154341692
20.960215673531117,0.15711975097656242,0.13112125115681275,0.18004830469293628,-0.15808616695919755,-0.22531331215871975,0.4292565519373488,0.050066833333752038,-0.034414166491836366,0.37729693834852945,2.484375,0.34246886576888258,1.0406709233663953
21.030316729295436,0.15711975097656269,0.13103240190567103,0.18000848442249387,-0.13506934670608453,-0.23915506970189912,0.42889067885718685,0.053104663312544605,-0.029311920680861643,0.37904470034205745,2.41796875,0.34057176968463176,1.0260363427342942
21.100417785059754,0.15711975097656275,0.13094141729803346,0.17999809674587816,-0.1108451726983494,-0.25068754709137892,0.42856417136225117,0.055627327533192591,-0.023940412399626246,0.38098650271249157,2.41015625,0.34011270011614586,1.021413168001962
21.170518840824073,0.15711975097656256,0.13085152370683467,0.17998408168907187,-0.085654443980908629,-0.25977912042669415,0.42823436988176283,0.05760785803478357,-0.018357543423454963,0.38323042682280062,2.41015625,0.34029838970641985,0.9918334588246347
21.240619896588388,0.15711975097656219,0.13076356411596479,0.18005273998495977,-0.059720907421598496,-0.26634517409231834,0.42790999212848857,0.059031020772517907,-0.012620388641149276,0.38629048145115641,2.41015625,0.34037262037590627,0.9662326953994298
21.310720952352707,0.15711975097656264,0.13067653836509407,0.18007678867046586,-0.03331272290897979,-0.27034436236316473,0.42757345766196797,0.059886852266996582,-0.0067835557823777105,0.390046378938603,2.4296875,0.34105773987325677,0.93573862211714942
21.380822008117025,0.15711975097656242,0.13058951767175372,0.18005273998495983,-0.0066894825779002035,-0.27172894716317175,0.4272266460848933,0.060166396680925854,-0.00090319853071036988,0.3936418601189246,2.4453125,0.34151087406313441,0.922499951741098
21.450923063881344,0.15711975097656222,0.13050181979810035,0.17998408168907201,0.019928527385554153,-0.27052431588675357,0.42691932891850537,0.059871684414852237,0.0049668052446339489,0.39660412488383678,2.46484375,0.34184393651005007,0.92238928700658296
21.521024119645663,0.15711975097656258,0.13041281409237521,0.17999809674587824,0.046237147259748632,-0.26673410253949464,0.42659206545140238,0.059006509931362493,0.010768667026841365,0.39850343495654372,2.4609375,0.34249967903815642,0.93097053098546501
21.591125175409982,0.15711975097656236,0.13032613853297559,0.18000848442249379,0.07202702344198765,-0.26041150524199391,0.42629841528213996,0.057580526742200697,0.016450738078470018,0.39928145126476083,2.4296875,0.34380576621985787,0.98189522111697947
21.6612262311743,0.15711975097656278,0.13023851963889144,0.18004830469293623,0.097045835608871353,-0.25162527086451097,0.42602782804684286,0.055609586659181059,0.021954465525877577,0.39880897877272303,2.453125,0.34575054766392099,0.99602467104523451
21.731327286938615,0.15711975097656278,0.13015153262813559,0.17998515728584166,0.12102338526888419,-0.24046421475369459,0.42572355943967644,0.053117202604698786,0.027227591029979358,0.39755355681685633,2.43359375,0.3456279461912139,1.0112086936297759
21.801428342702934,0.15711975097656247,0.13006429018042126,0.180067577796997,0.14377755611409054,-0.22703687978429551,0.42545541478556381,0.050123412629352319,0.032217749642492612,0.39560394744455463,2.4375,0.3479555146352708,1.0415247102173888
21.871529398467253,0.15711975097656275,0.12997408303777117,0.17998539247938752,0.16505662912169913,-0.21148644999061036,0.4251756055883531,0.046663177067640775,0.036872439005180689,0.39317348428906473,2.46875,0.35077902237299846,1.0399132390798886
21.941630454231571,0.15711975097656264,0.12988794686732294,0.18006757779699709,0.18466563016908563,-0.19397944630374123,0.42486216108693953,0.04277310557618557,0.041161590472681128,0.39153213384357466,2.44140625,0.34894978435312951,1.043422849689315
22.01173150999589,0.15711975097656256,0.12979913208794383,0.179985157285842,0.20246177840841897,-0.1746776657087257,0.42460794242538175,0.03848267216995397,0.045042445919837838,0.39057385521461185,2.41796875,0.34971180691873049,1.0605389695493028
22.081832565760209,0.15711975097656264,0.12971079851677911,0.1800483046929364,0.21824505890938881,-0.15378293108853899,0.42434577208082708,0.033842634335262474,0.048474113568626645,0.39131686419189199,2.4375,0.35104243440166177,1.0437643561067289
22.151933621524524,0.15711975097656228,0.12962590066517451,0.18000848442249401,0.23186329325983077,-0.13148909198748229,0.42405184498425214,0.028900065923741221,0.051428807780862063,0.39266293756311205,2.38671875,0.35196599294685926,1.0163064265751591
22.222034677288843,0.15711975097656253,0.12953915821968046,0.17999809674587833,0.24323774681375204,-0.10801815596360197,0.42377714806616562,0.023693095077445183,0.053885049064439028,0.39398542068476861,2.390625,0.34936327168383063,1.027043254676216
22.292135733053161,0.15711975097656233,0.12944998740157468,0.1799840816890719,0.25225088911157978,-0.08361608763961477,0.42352582338029504,0.018273459360738393,0.055815072535950944,0.39565063547623941,2.37109375,0.34882284590322504,1.0030473200123271
22.36223678881748,0.15711975097656267,0.12936521785236479,0.18005273998495969,0.25882017487220826,-0.058481579504618582,0.42329316834882696,0.012697199796146761,0.057205167193293292,0.39859531454919689,2.38671875,0.34895273133744636,0.97111913393232108
22.432337844581799,0.15711975097656272,0.12928158475409829,0.18007678867046539,0.26288795130922776,-0.032883999778483476,0.42303711503539115,0.0070237244801229348,0.058045380461250164,0.40202452012697037,2.41015625,0.34965784020701607,0.94216228252689982
22.502438900346117,0.15711975097656228,0.12919875020184785,0.18005273998495977,0.26441611827900202,-0.0070832506854342442,0.4227495909349468,0.0013048848922742717,0.058326909358304861,0.40532549942601198,2.42578125,0.35047435421412704,0.92357069813096027
22.572539956110433,0.15711975097656208,0.12911750801111105,0.17998408168907176,0.26341996654630229,0.018729231511501254,0.42249118442943423,-0.004409845089280176,0.058051203304680263,0.40811288284759895,2.453125,0.35075561677930683,0.92352439277493836
22.642641011874751,0.1571197509765625,0.1290332003154826,0.17999809674587836,0.25990818738467553,0.04424505170336699,0.42221475047737717,-0.010056906669331374,0.05722359435873671,0.40993947949415976,2.46875,0.35219414970686902,0.92346264662385336
22.71274206763907,0.15711975097656278,0.1289514504205595,0.18000848442249401,0.25392679654152378,0.069244899888165179,0.42192037081355616,-0.015593477012643468,0.055851099189891229,0.41061767125250692,2.42578125,0.35229782347413136,0.95925855445280728
22.782843123403389,0.15711975097656289,0.1288689305534465,0.18004830469293626,0.24553918891682627,0.093521944903384183,0.42166879078702663,-0.02096298887124249,0.053948586472502849,0.4100421026936199,2.44921875,0.35394929369325639,0.97892161111657039
22.852944179167707,0.15711975097656236,0.12878621464836898,0.17998515728584183,0.23483883441245487,0.11679078771388519,0.42135896659213135,-0.026110598637469836,0.051540862942878581,0.40879938597185483,2.44140625,0.35595837856876728,0.97841375068321823
22.923045234932026,0.15711975097656219,0.12870440489496524,0.18006757779699703,0.22192634538908332,0.13885679368053408,0.42105577191968285,-0.030985647810431415,0.04864808574344355,0.4069059091891889,2.41796875,0.35478435518540002,1.0203265303114299
22.993146290696341,0.15711975097656225,0.12861924309869094,0.17998539247938777,0.20694156837954084,0.15951796847116068,0.42076684649798013,-0.035540027261192861,0.045300886898884035,0.40460797013256045,2.44921875,0.35762094753423423,1.0198796755672976
23.06324734646066,0.15711975097656231,0.12853840403436104,0.18006757779699692,0.19003976945432349,0.17855400918384343,0.42041211484082602,-0.039741584140590515,0.041538176244211286,0.40334426479322788,2.43359375,0.35969581457876787,1.0065747511400811
23.133348402224978,0.15711975097656225,0.12845580541505347,0.17998515728584183,0.17137980366161187,0.19582827695436228,0.42008799440497185,-0.043549367929594907,0.037388110893538953,0.40274058282461955,2.40234375,0.35680090457336405,1.0392504861987466
23.203449457989297,0.15711975097656225,0.1283703340119848,0.18004830469293642,0.1511474493200079,0.21116973801109148,0.41978745372119586,-0.046921521015464172,0.03289440589751047,0.40388202930953837,2.40625,0.35689036161441812,1.0294088354214344
23.273550513753616,0.15711975097656258,0.12828901204531259,0.18000848442249376,0.12953961702471919,0.2244207210622457,0.4194723600738432,-0.04983188343900205,0.028105891108097674,0.40548389107260541,2.3671875,0.35714827173739927,1.0078456589605627
23.343651569517935,0.15711975097656253,0.12820856918101214,0.17999809674587844,0.10677702702838247,0.23546957385470957,0.41912466935290704,-0.052257179975801524,0.023068054476529539,0.40704260610860882,2.36328125,0.35606119785108453,0.97354803794970335
23.413752625282253,0.15711975097656239,0.12812457227407606,0.17998408168907196,0.083098484708498704,0.24424063717464384,0.41882540522187189,-0.054171885464839163,0.017820508468628503,0.40892992365086911,2.359375,0.35437884447935292,0.99225134259828807
23.483853681046568,0.15711975097656292,0.12804312610397112,0.18005273998495969,0.058689771256085536,0.25065452361239254,0.41856214108060052,-0.05556336734889334,0.012417035471559167,0.41237621754838916,2.375,0.35393430723927055,0.96642321217494565
23.553954736810887,0.15711975097656236,0.12796307394239753,0.18007678867046537,0.033805919650327733,0.25464167584015307,0.41829808980198169,-0.056418607085861071,0.0069166149553839479,0.4158917073465126,2.40234375,0.35415194328466182,0.93401575555654914
23.624055792575206,0.15711975097656231,0.12788361569220114,0.18005273998495983,0.0087150778265184213,0.25617639754491106,0.41801186504487814,-0.05673054762535102,0.0013740508846506975,0.41912020379745663,2.421875,0.3548676822268344,0.9022149087651824
23.694156848339524,0.15711975097656253,0.12780800812205556,0.17998408168907196,-0.016397554447260414,0.25525358629712969,0.41775348958552377,-0.056500496454739702,-0.0041667758570173548,0.42174480624372279,2.4375,0.35497110247417091,0.87726906219594813
23.764257904103843,0.15711975097656233,0.12772943715426352,0.17999809674587836,-0.041261105788714607,0.25189569442384496,0.41750790299993501,-0.055731549641388406,-0.0096433535872401561,0.4233505874906322,2.4453125,0.35646039366637156,0.89512146313575647
23.834358959868162,0.15711975097656256,0.1276515607499577,0.18000848442249393,-0.065611547350036589,0.24614185606260167,0.41723537792242582,-0.054433055749115354,-0.015007292148961342,0.42380890842316027,2.4375,0.35804948303855899,0.91320202951121154
23.904460015632477,0.15711975097656231,0.12757452984303583,0.18004830469293631,-0.089280199649570929,0.2380568520463911,0.41701891096522675,-0.052617404252382809,-0.020213427048722112,0.42293302670631905,2.44140625,0.35811160099200862,0.95567640471889859
23.974561071396796,0.15711975097656261,0.12749597353592948,0.17998515728584175,-0.11200305474855257,0.2277239315431909,0.41678224744990011,-0.050307189366610348,-0.025204667047938955,0.42148203693189462,2.44921875,0.36052439606707976,0.9617679000918653
24.044662127161114,0.1571197509765625,0.12741863121357314,0.18006757779699692,-0.13354429204063165,0.21524186453796879,0.41652576125715213,-0.047523960658919978,-0.029932265965635352,0.41945703050508304,2.41015625,0.35992096278984781,0.99239661961485515
24.114763182925433,0.15711975097656219,0.12733868092169237,0.17998539247938777,-0.15374928236061175,0.20074971814749978,0.41631770258729067,-0.044294828657561888,-0.03435366605990961,0.41728060234951792,2.4453125,0.36110300573296694,1.0000751985523657
24.184864238689752,0.1571197509765625,0.12726147889604353,0.180067577796997,-0.17239696913880267,0.18439599391855221,0.41606944605198021,-0.040658898817270625,-0.038432641871989887,0.41604514005847687,2.421875,0.36340919966610929,0.99146196944184783
24.25496529445407,0.15711975097656275,0.12718560258254091,0.17998515728584175,-0.18931268162313911,0.16634645691459676,0.41578868468679758,-0.036648228470514577,-0.042129154883621053,0.41515151121440536,2.40234375,0.36023840821139669,1.0112723662101721
24.325066350218385,0.15711975097656228,0.1271051663547825,0.1800483046929362,-0.20437216635945643,0.14676189015714644,0.41558338176313614,-0.032293762185054725,-0.045406007543093443,0.41575733553874855,2.3984375,0.36021445811799169,1.0090866679903365
24.395167405982704,0.15711975097656272,0.12702719718695632,0.18000848442249387,-0.21740684194786616,0.12584672128680752,0.41536123845368522,-0.027649780728893701,-0.048233778237534303,0.41709480355566275,2.37109375,0.35985335480505065,0.99213083302381755
24.465268461747023,0.15711975097656253,0.12695178595526244,0.17999809674587827,-0.22830522888770338,0.10381023366927603,0.41510479955350821,-0.022763574892733979,-0.050591806734420403,0.41851705220176683,2.359375,0.35995123966141612,0.96635626394373342
24.535369517511342,0.15711975097656275,0.12687482675394815,0.17998408168907173,-0.23698756942340504,0.080874547910567265,0.41485584868541675,-0.017671172056735168,-0.052455880177084038,0.42019390363105319,2.3515625,0.35819218565406818,0.9666340473159506
24.60547057327566,0.15711975097656233,0.12679813393710543,0.18005273998495966,-0.2433800565305462,0.05723460158754335,0.41464956772399247,-0.012421984128778837,-0.053812006368065206,0.42355023973431083,2.35546875,0.35795253424716861,0.95632967352772746
24.675571629039979,0.15711975097656219,0.1267216236904313,0.18007678867046517,-0.24741543389442724,0.033128900166350082,0.41443819205948357,-0.007073479443621856,-0.054648240430134762,0.42695094289327484,2.36328125,0.35792273754457854,0.93118269981324719
24.745672684804294,0.15711975097656256,0.12664625380283187,0.18005273998495966,-0.24906913084705365,0.0088197474793933646,0.41419568904174092,-0.0016798121260116414,-0.054959284562553147,0.43001226125099246,2.38671875,0.35880457576009239,0.90261137978181771
24.815773740568613,0.15711975097656233,0.12657440084026317,0.17998408168907187,-0.24833200980833944,-0.015506270096394218,0.41396580281871265,0.0037133001712016537,-0.054744362407434986,0.43240539655480065,2.390625,0.35982622522936114,0.87257074294876169
24.885874796332931,0.15711975097656258,0.12650073169798115,0.1799980967458783,-0.24522168497928595,-0.039610087246679589,0.41374664274296824,0.0090505149157947048,-0.054006253229090632,0.43377314005977269,2.40625,0.36155646231283906,0.87652383793574051
24.95597585209725,0.15711975097656306,0.12642752996063242,0.18000848442249417,-0.23977551725555413,-0.063210529806404236,0.41347502739558317,0.014278453385841166,-0.052755385557020112,0.43403883714950126,2.390625,0.3627144907872985,0.88208980640544066
25.026076907861569,0.15711975097656247,0.12635615416267684,0.1800483046929364,-0.23206137762127613,-0.086150359216647904,0.4132499197899076,0.019354727989149941,-0.051004009252983894,0.43298483772205587,2.3984375,0.36394490309926264,0.93450028783520189
25.096177963625887,0.1571197509765625,0.12628248756650021,0.179985157285842,-0.22214877566726218,-0.10818349596095841,0.41301049187424349,0.024225414480910513,-0.048770944457678024,0.4315254757740804,2.4296875,0.3674683731203372,0.94521781031713037
25.166279019390206,0.15711975097656272,0.1262094130077554,0.18006757779699709,-0.2101361926740051,-0.12906451089515436,0.4127137017713895,0.028841562825382701,-0.04608151237687233,0.42975483012469001,2.40625,0.36578011839627456,0.95474948814666893
25.236380075154521,0.15711975097656256,0.12613434237881643,0.17998539247938763,-0.19615745897691095,-0.14865790880288354,0.41246572661713587,0.033164517943215864,-0.042958807954166671,0.42797464951028169,2.4296875,0.36586613465441542,0.98291459504202028
25.30648113091884,0.15711975097656289,0.12606129942738242,0.18006757779699714,-0.18035788577075682,-0.16676013378304741,0.41219454162180219,0.037158145947504967,-0.039438233171095301,0.42694237157023118,2.41796875,0.36784407735160535,0.97793332994565996
25.376582186683159,0.15711975097656211,0.12599113235979381,0.17998515728584172,-0.16290326073223504,-0.18317250343711725,0.41185537360706181,0.040781171940301925,-0.035556681565369473,0.42612682534049856,2.41796875,0.36719977418716404,0.96531397952330111
25.446683242447477,0.15711975097656214,0.12591675383251696,0.18004830469293631,-0.14393940800838648,-0.19778529048590651,0.41159592022651148,0.043995537988895952,-0.031340704819154103,0.42665955614108697,2.3984375,0.364613298300275,0.99191994926026161
25.516784298211796,0.15711975097656269,0.1258426476211888,0.18000848442249384,-0.12366726187969693,-0.21044689688514029,0.41134851076622236,0.046776108550839503,-0.026841641764729328,0.42812124471378676,2.359375,0.3640568620820856,0.97861662030039442
25.586885353976115,0.15711975097656261,0.1257716469680151,0.17999809674587816,-0.10228666436776358,-0.22104896772215696,0.41106007693533969,0.049101386425160418,-0.022107323730209946,0.42985491721036756,2.375,0.36400880965789806,0.95649962025151458
25.65698640974043,0.1571197509765625,0.12570148005246265,0.17998408168907201,-0.080018908287677035,-0.22948796649508013,0.41074620932250688,0.050947591995657848,-0.017178069435665529,0.43184323994618073,2.37109375,0.36406485148268636,0.92785841247744205
25.727087465504749,0.15711975097656275,0.1256302058313078,0.18005273998495983,-0.057050925221497198,-0.23570869589557991,0.41049176792046049,0.052298816179283551,-0.012093432114817669,0.43510389811679862,2.36328125,0.36254777091155416,0.93294334439000637
25.797188521269067,0.15711975097656228,0.12555787696610615,0.18007678867046586,-0.033614197599617653,-0.23965850052344204,0.41025612324678157,0.053145557144900685,-0.0069107877761873607,0.4386871442733144,2.390625,0.36315240988727004,0.91447361875682387
25.867289577033386,0.15711975097656228,0.12548697566536454,0.18005273998495988,-0.0099584100221076447,-0.24129864538722301,0.40999305799395153,0.05348108418719455,-0.0016799565057474589,0.44187398782314952,2.40625,0.36339820316869459,0.88560553270853803
25.937390632797705,0.15711975097656244,0.12541870236414446,0.17998408168907193,0.013712645986948244,-0.24061849227163101,0.4097534892128098,0.053304352085617498,0.0035481102402704092,0.44445469392206899,2.421875,0.36410043968853756,0.85733780296525697
26.007491688562023,0.15711975097656219,0.12534912438518725,0.17999809674587819,0.037191185074605802,-0.23764106873337382,0.40953247603339982,0.052618102608756399,0.0087241070487456048,0.44595242874311775,2.421875,0.36569519982912624,0.8615951614693298
26.077592744326338,0.15711975097656294,0.12528052037662216,0.1800084844224939,0.060196859058721804,-0.23239466526956218,0.40927572825549247,0.051431384009284389,0.013793893958706999,0.44623475664304302,2.41015625,0.36715158891590322,0.8665640540056001
26.147693800090657,0.1571197509765625,0.12521359755412814,0.18004830469293628,0.082561764379579045,-0.22494785878319926,0.40906986836747311,0.049757426839812408,0.018713769353592466,0.44515566360273706,2.43359375,0.36878761304653573,0.9186808424076981
26.217794855854976,0.15711975097656236,0.12514351897584786,0.17998515728584172,0.10405211577380757,-0.21537841575054384,0.40886540863359566,0.047613846470917709,0.023431796814781872,0.44369308418699022,2.4296875,0.37136468918435367,0.92882352236618559
26.287895911619295,0.15711975097656269,0.12507519804380865,0.18006757779699703,0.12443853327725067,-0.20377953178710789,0.40861718489366733,0.045025562713385092,0.027908404109422323,0.44210608891597669,2.40234375,0.37133404441630147,0.92788583997353757
26.357996967383613,0.15711975097656253,0.12500545396455637,0.17998539247938752,0.14358577245290749,-0.19027139719947009,0.40842620723025386,0.042013755686930616,0.032104376431655368,0.44040730069902756,2.4140625,0.37242533406173151,0.96895714405149613
26.428098023147932,0.15711975097656219,0.12493611366630056,0.18006757779699711,0.16129926023324545,-0.17499172022000026,0.40823823200276232,0.038609232483260404,0.035980761116862055,0.4392656151711431,2.40234375,0.37310132943702407,0.96357617069203583
26.498199078912247,0.15711975097656233,0.12486929049483891,0.17998515728584205,0.17737723188323845,-0.15809372390540555,0.4080044296347678,0.034852700554139561,0.039496413913200808,0.43811404976229412,2.4296875,0.37446480521669667,0.9458744482942919
26.568300134676566,0.15711975097656247,0.12479989673636289,0.18004830469293642,0.19169626522236283,-0.13973702015504394,0.40781482408252628,0.030772230155263057,0.042615109327930445,0.43807960622645392,2.3984375,0.37103875424045435,0.97407346242660298
26.638401190440884,0.15711975097656231,0.12472998480943849,0.18000848442249415,0.20415358708280379,-0.12010361768711994,0.40765652809874875,0.026409376994025589,0.045316366175626496,0.43921438056450818,2.34765625,0.37053381584875716,0.96202917357823792
26.708502246205203,0.1571197509765625,0.12466256516908858,0.17999809674587841,0.21460858317795195,-0.099397456771903647,0.40746443315311359,0.021812795713422452,0.047577544637981313,0.44082484094423496,2.37109375,0.37004896643733348,0.94037581801327219
26.778603301969522,0.15711975097656256,0.12459657299240402,0.17998408168907187,0.22296070625671766,-0.077823303528864657,0.40724060597501244,0.017025384271310711,0.049374500110511275,0.44258669825600128,2.375,0.37059757452929476,0.91058403771936947
26.84870435773384,0.15711975097656242,0.12452991661003064,0.18005273998495966,0.22915084430147734,-0.05556545191651821,0.40705116691088566,0.01208707835954544,0.050691160901074117,0.44550159853549337,2.3671875,0.37077742985062906,0.87451769309949423
26.918805413498156,0.15711975097656236,0.12446156300874278,0.1800767886704652,0.2331439596126102,-0.032853449260708635,0.40687006622731592,0.0070480113264843793,0.051519469553320901,0.4489236815510616,2.390625,0.37022693997938078,0.88312074678456809
26.988906469262474,0.15711975097656228,0.12439466133385375,0.18005273998495966,0.23488759783611149,-0.0099229610679730899,0.40665863033306188,0.0019563354292483821,0.051852478178002322,0.4520540849692633,2.4296875,0.37139159348502665,0.85743929670264174
27.059007525026793,0.15711975097656303,0.12432985873152096,0.17998408168907176,0.23437487188551312,0.013025122509554458,0.40646447949605857,-0.0031347430706097582,0.051688781035657064,0.45464059792305161,2.4296875,0.37246270342974142,0.83124968894267748
27.129108580791112,0.15711975097656222,0.12426461256486165,0.1799980967458783,0.23162675059262253,0.035788231843836289,0.40625975410209181,-0.0081789515234302942,0.05103123675132358,0.45616428555914579,2.4609375,0.37477032821577116,0.85441320161580325
27.19920963655543,0.15711975097656228,0.12419988817392877,0.18000848442249373,0.22666253732821182,0.058099745341420261,0.4060113973563676,-0.013122921545391311,0.049888671263988743,0.4565068379896266,2.4453125,0.37632482794190025,0.86283468340774228
27.269310692319749,0.15711975097656247,0.12413692799867447,0.18004830469293628,0.21955378399530379,0.079789695985111209,0.40577845926710154,-0.017923751984000348,0.04827363207362239,0.45554688492308099,2.4453125,0.37727489871842335,0.91006744726301358
27.339411748084068,0.15711975097656247,0.12407079785695198,0.17998515728584186,0.21037042673920398,0.1006367531472879,0.40554940685281304,-0.022526124423665979,0.046202286404751408,0.45420966003985319,2.4609375,0.38057122837289059,0.92395262814874113
27.409512803848383,0.15711975097656206,0.12400693132110031,0.18006757779699697,0.19921406071909864,0.12042262003138085,0.4052773898749768,-0.026899418315614734,0.04370069189485272,0.45280233701712103,2.44140625,0.38334347081030345,0.9220195646084185
27.479613859612702,0.15711975097656272,0.1239423414195865,0.17998539247938769,0.18619015285513038,0.13899451892325279,0.40501930754780557,-0.031002213558799639,0.040788977220574021,0.45135681564453428,2.44140625,0.3817983554430141,0.96155963869723904
27.54971491537702,0.15711975097656242,0.12387592016205813,0.18006757779699692,0.17143008117106009,0.1561931505405777,0.40478909832963117,-0.034795521551766684,0.037493470075508156,0.45042795973570243,2.42578125,0.38230504894891704,0.96210766973131812
27.619815971141339,0.15711975097656242,0.12381230226742737,0.17998515728584177,0.15509221844440096,0.17181114543379836,0.40451021008996563,-0.038240351889649457,0.033857633059729747,0.44932965975031997,2.453125,0.38364092737683236,0.94877321700294714
27.689917026905658,0.15711975097656292,0.12374839305653236,0.1800483046929364,0.13731439462553194,0.18571885855529582,0.4042367288190416,-0.041301960696491877,0.029908862121111664,0.4492756092858502,2.4140625,0.38177338753743406,0.9644607049306918
27.760018082669976,0.15711975097656239,0.12368225019938429,0.18000848442249381,0.11828696458087769,0.19782458166178088,0.40401182965289278,-0.043959977612724868,0.025683669801173092,0.45026580016198797,2.3515625,0.38037316279608596,0.95877074254585704
27.830119138434291,0.15711975097656222,0.12361778684384715,0.17999809674587836,0.098192766923993452,0.20800384893854074,0.40378131229461156,-0.046190718890167598,0.021227210548334468,0.45214127591793557,2.3671875,0.3798647037504434,0.93907425255097354
27.90022019419861,0.15711975097656231,0.12355458481827175,0.17998408168907196,0.077252390062010762,0.21614168571393336,0.40350704694029654,-0.047972228628893256,0.016587569733233609,0.45421250013919173,2.34375,0.37911465216849088,0.9132041573252665
27.970321249962929,0.15711975097656236,0.12349337570896601,0.18005273998495974,0.055625581603019968,0.22217778524503903,0.40326390992092842,-0.049287070576678901,0.011802445227484748,0.4579049856444446,2.33984375,0.37930905923782288,0.88038995072098569
28.040422305727247,0.15711975097656231,0.12342916622598607,0.18007678867046539,0.033537458084912548,0.22608750787449886,0.40304560469978751,-0.0501269400269145,0.0069175508613844245,0.46169278409733622,2.375,0.37981269379770188,0.84422329073972657
28.110523361491566,0.15711975097656258,0.12336542888754802,0.18005273998495971,0.011223845062663688,0.227811895843402,0.40281225126557912,-0.050485354922207987,0.0019800059877529723,0.46504797456393338,2.4140625,0.38048794780395789,0.84389997798389516
28.180624417255885,0.15711975097656272,0.12330350081644989,0.17998408168907196,-0.011119022953566959,0.22735657884647195,0.4025977372990367,-0.050359840167735023,-0.0029601706026690551,0.4677952180530387,2.3984375,0.38092653573505592,0.8241756296617595
28.2507254730202,0.15711975097656253,0.12324141691370902,0.17999809674587849,-0.033301685110208631,0.22472873364835008,0.40240746713845404,-0.049752728593859361,-0.0078573418420586853,0.46933783678247781,2.43359375,0.38354870102431599,0.84811032227775662
28.320826528784519,0.15711975097656214,0.12317999347747551,0.1800084844224939,-0.055060253582281428,0.21995273199412332,0.40218037952499902,-0.048674820774635121,-0.012657416568360924,0.46971143718852137,2.4296875,0.38591283193560844,0.86066931269439351
28.390927584548837,0.15711975097656247,0.12312015513545954,0.18004830469293634,-0.076216961883794523,0.21309410333119225,0.40196033908085421,-0.047135094910528308,-0.017318908523404022,0.46878672897015483,2.42578125,0.38652970780525475,0.90231130530362347
28.461028640313156,0.15711975097656272,0.1230573283771899,0.17998515728584175,-0.09657847018747559,0.20421463204213389,0.40178027628164031,-0.045148958787239658,-0.021789197303449734,0.4674556572282354,2.42578125,0.38855420584766814,0.9158238810959588
28.531129696077475,0.15711975097656256,0.12299653292844784,0.18006757779699695,-0.11593106078496788,0.19342417420041855,0.40157574659262602,-0.042743066568907646,-0.026037740456881491,0.46598141689446615,2.43359375,0.39272793993900978,0.91681992945700819
28.601230751841793,0.15711975097656247,0.12293571712369414,0.17998539247938769,-0.13409291475345184,0.18082215289384776,0.40136725834075793,-0.039936975068009334,-0.03002201662794076,0.46443312353263555,2.4296875,0.39129542736047546,0.94846264797082269
28.671331807606109,0.15711975097656253,0.12287282888851543,0.18006757779699697,-0.15093736507539623,0.16653659736378915,0.4012018738707725,-0.03675496033818966,-0.03370778836844391,0.46329940508414491,2.3984375,0.39199277739831423,0.9514943053626238
28.741432863370427,0.15711975097656211,0.12281165932642714,0.17998515728584188,-0.16626119869513997,0.15070353620307314,0.40101751000438762,-0.033237351528313537,-0.037054573021124873,0.461902581698929,2.4296875,0.39276873048659905,0.94102917383048601
28.811533919134746,0.15711975097656294,0.12275128832826111,0.1800483046929362,-0.17992441782590873,0.13347726503217197,0.40081417307680967,-0.029415609596561653,-0.040030876169601555,0.46111733200304472,2.39453125,0.3925426044155661,0.92491642220069337
28.881634974899065,0.15711975097656228,0.12268877581739036,0.18000848442249381,-0.19184236317099845,0.11503359923005806,0.40065235687730649,-0.025321616014418982,-0.04261469997138996,0.46142552024772659,2.34375,0.39066664717988125,0.94834478304271341
28.951736030663383,0.15711975097656258,0.12262645576678936,0.17999809674587824,-0.20188928133111755,0.09555998203805445,0.40048521520906027,-0.020997795764889155,-0.044785466187189989,0.46269822509812203,2.33984375,0.39011757972230848,0.93408815818081747
29.021837086427702,0.15711975097656269,0.12256509386546746,0.17998408168907179,-0.20995918326930849,0.075261191856319243,0.40028420886617921,-0.016492696767251777,-0.046520251120818985,0.46473626576047561,2.32421875,0.38984434841029064,0.91292030730358742
29.091938142192021,0.15711975097656233,0.12250650869781075,0.18005273998495963,-0.21598212210690884,0.054290822319386436,0.40009875962338753,-0.011843271164275259,-0.047803040610389591,0.46853322243463513,2.32421875,0.39016483983743744,0.88669508101403549
29.162039197956336,0.15711975097656272,0.12244656270627785,0.18007678867046553,-0.21993574057860957,0.032873789633122347,0.39991650042181331,-0.007094954760513199,-0.048624883525820548,0.47217097916989953,2.35546875,0.3902713605058265,0.85653213373872494
29.232140253720654,0.15711975097656253,0.12238550647151253,0.18005273998495969,-0.22176905322134469,0.011230660375645071,0.39972372056185934,-0.0022904816785063327,-0.048980401875620007,0.47547461704442179,2.390625,0.39091678063338109,0.82973514346305188
29.302241309484973,0.15711975097656281,0.12232617393189152,0.17998408168907185,-0.22147818312891748,-0.01044800476864342,0.3995399790014163,0.002521260213546862,-0.048866299426568137,0.47808552275408683,2.37109375,0.39147493248652043,0.80984428137612363
29.372342365249292,0.15711975097656239,0.12226695095274071,0.1799980967458783,-0.21907384819769088,-0.031966710871564899,0.39936444663371479,0.0072936670244364262,-0.048285249601623406,0.4795355147886175,2.390625,0.39342658477012321,0.83558228154751368
29.442443421013611,0.15711975097656258,0.12220864431863779,0.1800084844224942,-0.21457424245888476,-0.053087215411484312,0.39915085324256072,0.011978986754523585,-0.047246831915363573,0.47986407800150965,2.37890625,0.39613460704737385,0.84988412578701078
29.512544476777929,0.15711975097656289,0.12215143342289196,0.18004830469293645,-0.2080389388995208,-0.073622546995325625,0.39892937966130632,0.016530150413738232,-0.045759612928295411,0.47882891056817695,2.3828125,0.39688588459841034,0.88604324157871406
29.582645532542244,0.15711975097656219,0.12209206362306782,0.17998515728584202,-0.19953282875898909,-0.093388862745642301,0.39872727482259707,0.020900614334463243,-0.043839616167657386,0.47743611681168679,2.38671875,0.39902540819563265,0.90221784200962762
29.652746588306563,0.15711975097656233,0.12203500485583423,0.18006757779699711,-0.1891567385796121,-0.11218739189042252,0.39849980558368031,0.025057745222272634,-0.041510922456990687,0.47595903589767657,2.3984375,0.40151650627047153,0.9047993002969198
29.722847644070882,0.15711975097656219,0.12197745173818611,0.17998539247938763,-0.17700212822175673,-0.12983152315121846,0.39826144892639975,0.028958088193222965,-0.038793552554700884,0.4744407995392102,2.4140625,0.40184575199380168,0.92611356285874047
29.7929486998352,0.15711975097656247,0.12191839702862757,0.18006757779699706,-0.16320319891436139,-0.14618782929019383,0.39804836888095491,0.032568804652075914,-0.035712243451330519,0.47339069638554832,2.3984375,0.40177723446639696,0.93564014979819077
29.863049755599519,0.15711975097656219,0.12186037768420167,0.17998515728584177,-0.14787876411366532,-0.16108379950305882,0.39783180161063908,0.03585272516190785,-0.032302927188679095,0.47224006972980748,2.3984375,0.40230121672329244,0.92644096410824894
29.933150811363838,0.15711975097656247,0.12180304430098708,0.18004830469293631,-0.13119576361295743,-0.17437182707370955,0.39758163522966283,0.038778890177365723,-0.028599293984240826,0.47148009417403575,2.37109375,0.40212310242503507,0.9092792804226415
30.003251867128153,0.15711975097656286,0.12174418448530719,0.18000848442249384,-0.11331028345746803,-0.1859624543775894,0.39737012685158274,0.041324034764640971,-0.02462957389362589,0.47188883292396305,2.328125,0.40002434589769426,0.9262668212309294
30.073352922892472,0.15711975097656267,0.12168509069247145,0.17999809674587816,-0.094408856976567326,-0.19573895362591945,0.39715224626320322,0.043467223390324862,-0.020436866839648318,0.47326856500786008,2.35546875,0.3992010905829298,0.91581845413911322
30.14345397865679,0.1571197509765625,0.12162682110511669,0.17998408168907198,-0.074691257015764567,-0.20359359231424448,0.39691444568657452,0.045187253135776914,-0.016067271062175866,0.47624883902570675,2.33984375,0.3989328025930049,0.89711884108401929
30.213555034421109,0.15711975097656236,0.12157019839161015,0.18005273998495985,-0.05431182620395205,-0.20946716549644376,0.39669136065416732,0.046467999052865756,-0.011558654414818161,0.48038571209874487,2.359375,0.39926931608589766,0.87421633060100135
30.283656090185428,0.15711975097656267,0.12151406807338171,0.18007678867046589,-0.033486633795247786,-0.21332487845040224,0.39646631702445856,0.04730068392244232,-0.0069532399654417178,0.48403653571762884,2.3671875,0.3990003144999178,0.84865127594649326
30.353757145949746,0.15711975097656225,0.12145644043990012,0.18005273998495988,-0.012419645226430753,-0.21513108538983708,0.39624467318792661,0.047679433866304535,-0.002292361647135649,0.48724499106042352,2.3984375,0.39929303817123812,0.82578629696678307
30.423858201714062,0.15711975097656269,0.1213990478243417,0.1799840816890719,0.0086974950335954974,-0.21487238512144879,0.39605527304740573,0.047599985909061844,0.0023770608716343466,0.48978502565969007,2.39453125,0.40015617129723674,0.8076675822187892
30.49395925747838,0.15711975097656244,0.12134221519909742,0.17999809674587822,0.029667102652534059,-0.21256561186043765,0.39587979418659058,0.047065897010570033,0.0070100626695223022,0.49116313460895022,2.40234375,0.40144279954935808,0.82421026491815164
30.564060313242699,0.15711975097656303,0.12128705022442517,0.18000848442249379,0.050259939545676008,-0.20822959866278176,0.39567959325132684,0.046085804555723274,0.01155825004988683,0.49138180067593179,2.3984375,0.40295679089246528,0.83871133210254778
30.634161369007018,0.15711975097656261,0.12123247135479498,0.18004830469293628,0.070311051377342795,-0.20191228432106981,0.39549936937287894,0.044667143588941395,0.01597981666443073,0.49025230012146609,2.39453125,0.40355188097469175,0.86784128310761499
30.704262424771336,0.157119750976563,0.12117611938889261,0.17998515728584172,0.089617876806028007,-0.19367694245266975,0.39532851181008893,0.04282603353521465,0.020225665546091492,0.48876096834770255,2.39453125,0.4058937072840838,0.88532162321814611
30.774363480535655,0.15711975097656231,0.12112216882428123,0.1800675777969972,0.10799290240982046,-0.18362723347115237,0.39514151477949999,0.040585183294586748,0.024263966110865818,0.48730841961368587,2.36328125,0.40757453021999024,0.88921070424127568
30.844464536299974,0.1571197509765625,0.12106799789398112,0.17998539247938755,0.1252637926312142,-0.17185200979119145,0.39496177551391187,0.037963525568042701,0.028054017696204293,0.48564567798148067,2.390625,0.40762979534732963,0.89936526790851568
30.914565592064289,0.15711975097656244,0.12101221965138532,0.18006757779699711,0.14128801647815215,-0.15847106051460469,0.39481953845050799,0.034984855862069952,0.031562308245791641,0.48435500359708772,2.375,0.40829042982956226,0.91327090058565319
30.984666647828607,0.15711975097656219,0.12095736357796401,0.17998515728584202,0.15589542526550867,-0.14361134039291967,0.39466471312774359,0.031685545011428666,0.034753223677670655,0.48299541113309358,2.375,0.40877223507706079,0.9072354862884785
31.054767703592926,0.15711975097656289,0.12090239441682449,0.18004830469293645,0.16894469709240006,-0.12743862386211355,0.39448316924969984,0.028098118327023507,0.037596640756870421,0.48187576890538542,2.34375,0.40793823135561635,0.8939000175541334
31.124868759357245,0.15711975097656253,0.12084659094424133,0.18000848442249412,0.18035453491474948,-0.11009659696550014,0.39434196125822346,0.024247411543433545,0.040072129586751111,0.48217721073589881,2.31640625,0.40620606339492271,0.89824933482918501
31.194969815121564,0.15711975097656294,0.12079086572027892,0.17999809674587838,0.18999507219122608,-0.09177411934327083,0.39418315499841461,0.020178028022038944,0.042157298729697194,0.48340758959080138,2.36328125,0.40568577182694215,0.89408449327710415
31.265070870885882,0.15711975097656297,0.12073638214776619,0.17998408168907185,0.19777039692743825,-0.072647175719769363,0.39401475420656279,0.015931879030169308,0.043832078474684184,0.48669431720795658,2.33984375,0.40526166495759092,0.87611749129349148
31.335171926650197,0.15711975097656258,0.12068208536736995,0.18005273998495966,0.20362593868743378,-0.052876062922640174,0.39385795304836768,0.011549103085594269,0.045080281575977564,0.49053815773664589,2.375,0.40541274811741185,0.85459702104200219
31.405272982414516,0.15711975097656269,0.12062955137169648,0.18007678867046514,0.2075215226466571,-0.032671495317868456,0.39368222504608547,0.0070690500595761438,0.045895311729207189,0.49370697695641641,2.38671875,0.40524085270390947,0.83501031697865546
31.475374038178835,0.15711975097656283,0.12057548163256776,0.18005273998495966,0.20941772796259273,-0.012227344168510304,0.39350494036234807,0.0025308525305976805,0.046268790184104173,0.49644064868357485,2.4296875,0.40593362558095414,0.81513009868180386
31.545475093943153,0.15711975097656261,0.12052081671537493,0.17998408168907176,0.20930030972414357,0.0082723167716080709,0.39335187964415802,-0.0020167412135370911,0.046197577876777925,0.49850654959391921,2.4296875,0.4072457222560778,0.79567024505900608
31.615576149707472,0.15711975097656267,0.12046708257096635,0.17999809674587827,0.20718795050281644,0.028624553881830175,0.39320033005156313,-0.0065338788307237059,0.045685326351955748,0.49954455225458677,2.4375,0.40805286423140491,0.8055042896238872
31.685677205471791,0.15711975097656256,0.12041501191512297,0.18000848442249379,0.20309735525043165,0.048610003426997068,0.39300790737565894,-0.010968735991172297,0.044740055040952166,0.49947618262878152,2.41796875,0.40887305647494032,0.82234872461899966
31.755778261236106,0.15711975097656283,0.1203633471845659,0.18004830469293628,0.19707803927303333,0.068082972443171158,0.39284681024803753,-0.015286180781718431,0.043368595630026194,0.49824838500872975,2.421875,0.40999111611264943,0.83481483679501056
31.825879317000425,0.15711975097656283,0.12031014012388763,0.17998515728584186,0.18918169098466139,0.086832605546271369,0.39267384885007495,-0.019434005812169544,0.041586951279175298,0.49686030805025977,2.421875,0.41199277673714124,0.8621760711894032
31.895980372764743,0.15711975097656261,0.12025943766560762,0.180067577796997,0.17951204430292519,0.10467827451366916,0.39246967763462276,-0.023381737553524323,0.039416982754410634,0.49562164147890819,2.390625,0.41375660945353143,0.87218435875052203
31.966081428529062,0.15711975097656267,0.12020867441607808,0.1799853924793878,0.16815158452213613,0.12146475290265586,0.39227293000860997,-0.027091312763161866,0.036876702639594604,0.49400072167918274,2.41796875,0.4131089037107763,0.86881531406628942
32.036182484293377,0.15711975097656258,0.12015633107348977,0.18006757779699697,0.15521866727612121,0.13703881332444912,0.39209510723406754,-0.030527551671432434,0.033990450530279756,0.49270402928417228,2.390625,0.41312293399445538,0.88759471236893794
32.106283540057696,0.15711975097656264,0.12010425876160744,0.17998515728584158,0.14083775643781971,0.15123981971760023,0.39190210407739717,-0.033655908999361772,0.030791435937351442,0.49145143473247915,2.3984375,0.41317512597346551,0.88646971465008262
32.176384595822014,0.15711975097656256,0.12005240410970448,0.1800483046929364,0.12516611297710731,0.16392393648609146,0.39167752331869721,-0.036447437482401285,0.027313109114375424,0.49071473257849052,2.3671875,0.41301240010270668,0.87642517944603293
32.246485651586333,0.15711975097656319,0.12000037589446273,0.18000848442249381,0.10835570701319472,0.17501334585357584,0.39147768915166981,-0.038882832717226264,0.023579357638693153,0.49136512390713066,2.3203125,0.41013026979933281,0.8651720713369373
32.316586707350652,0.15711975097656272,0.11994771547646557,0.17999809674587836,0.090579198208900855,0.18438607385772393,0.39126859626293503,-0.040940186827407632,0.019633155771453099,0.49302684316067807,2.35546875,0.40930076597094334,0.86543976042822668
32.386687763114971,0.15711975097656278,0.11989686487776988,0.17998408168907193,0.071992194043974694,0.19197082841273067,0.39106253915716077,-0.042600201062249522,0.015511285337434001,0.49654890076967972,2.33984375,0.40785926047795668,0.85211482704787744
32.456788818879289,0.15711975097656242,0.11984522426238897,0.1800527399849598,0.052769680154737021,0.19768660794544504,0.39086976422445852,-0.043843216861735805,0.011257730820515312,0.50039341603303655,2.35546875,0.40807319700587863,0.83638928754989084
32.526889874643608,0.15711975097656294,0.11979533329782048,0.18007678867046534,0.033116754711150977,0.20148589152820931,0.39066189820796465,-0.044665635877550201,0.0069110906778964672,0.50343315168370828,2.3828125,0.40909388222021548,0.81786726447558611
32.596990930407927,0.15711975097656264,0.11974539001178325,0.18005273998495971,0.013225025969603284,0.20335311580827894,0.39044860392316244,-0.045058665098565411,0.0025083964437020326,0.50598385051658168,2.41015625,0.40833338180942336,0.79827085837695777
32.667091986172245,0.15711975097656225,0.1196934700469874,0.17998408168907196,-0.0067448114005694447,0.20327243063735037,0.39028946020691851,-0.045018200593696149,-0.0019072207163962967,0.50796429199942894,2.4140625,0.41012211957693567,0.77836951441923719
32.737193041936564,0.15711975097656258,0.11964204818854174,0.17999809674587833,-0.026581072329258847,0.2012408261086498,0.39013572204106073,-0.044547947165246238,-0.0062919709400825795,0.50886175265458911,2.4375,0.41150623393474817,0.79081718775832321
32.807294097700883,0.15711975097656264,0.11959313222994748,0.18000848442249387,-0.046079661799640133,0.19729611347091458,0.38995301907004892,-0.043655109984349044,-0.010603572228358648,0.5087312690539898,2.4296875,0.41111507331275743,0.81013637195505217
32.877395153465194,0.15711975097656247,0.11954409347543182,0.18004830469293631,-0.065079953899862514,0.19147667050451436,0.38980259843021747,-0.042346928091843095,-0.014795382988461815,0.50753469908006521,2.4375,0.41272092596541837,0.81700314223947368
32.947496209229513,0.15711975097656261,0.11949335861705551,0.17998515728584177,-0.083395314575881493,0.18383692446694888,0.38966494499593429,-0.040636724411972615,-0.018825927891303863,0.50630969844859719,2.4375,0.41330000299044795,0.84537513798130914
33.017597264993832,0.15711975097656261,0.11944483689431906,0.18006757779699684,-0.10084636067708951,0.17446762501046381,0.38950938486999076,-0.038546612323635931,-0.022662807788429346,0.50520151519566159,2.4140625,0.41562679899972305,0.85531512637782936
33.08769832075815,0.15711975097656242,0.11939652628925028,0.17998539247938777,-0.11726649347270073,0.16346085476201683,0.38935666113731671,-0.036096130520939171,-0.026266970395513449,0.50362037351575961,2.4140625,0.41433797589243687,0.85213792989493642
33.157799376522469,0.15711975097656261,0.11934679124884932,0.180067577796997,-0.13251880418031151,0.15092503333200372,0.38923009742904491,-0.033307225672396398,-0.029606583872000745,0.50231512547260082,2.38671875,0.41515927443751816,0.8644522454737763
33.227900432286788,0.15711975097656256,0.1192966230167332,0.17998515728584188,-0.14644138929465841,0.13698202750826824,0.38909718525478376,-0.030210503391428084,-0.03264792866083023,0.50095391812596279,2.36328125,0.41454877821161823,0.86709378204359722
33.298001488051106,0.15711975097656258,0.11924753130569495,0.18004830469293626,-0.15889987150766613,0.12178242740022154,0.38893116692259427,-0.026839731786404846,-0.035365143956086531,0.50021544065493051,2.33984375,0.41448509780586734,0.85426732246948112
33.368102543815425,0.15711975097656283,0.11919807656044,0.18000848442249379,-0.16980789988358577,0.10547910157511048,0.38878292588779084,-0.02321941664072941,-0.037735923386428033,0.50084043174852277,2.28515625,0.41266806908676329,0.84044494409255377
33.438203599579744,0.15711975097656258,0.11914782478233364,0.17999809674587824,-0.17905838201907603,0.088222810221392015,0.38863723080638285,-0.019387655316186855,-0.039740742708953031,0.50214536206266025,2.30859375,0.41203360629656649,0.83280868309093659
33.508304655344062,0.15711975097656261,0.11909909785197273,0.17998408168907176,-0.18656844015577467,0.07018559860492124,0.38848348965306823,-0.015384417850433789,-0.041358215962902817,0.50511658742075138,2.2890625,0.41062595791462075,0.82109482804936995
33.578405711108381,0.15711975097656244,0.11905022809666588,0.18005273998495963,-0.1922616789084064,0.051528013524162614,0.38834283269270842,-0.011249404973842761,-0.042571278153646815,0.50851589853801693,2.30078125,0.41100447964106573,0.80761654410723605
33.6485067668727,0.1571197509765625,0.11900251271176547,0.18007678867046517,-0.19609617686284825,0.032446912331673058,0.38818652011374383,-0.0070215182468828918,-0.043375888006091046,0.51120630970119296,2.33984375,0.41190728856717973,0.78899038459295756
33.718607822637011,0.15711975097656253,0.1189561018905063,0.18005273998495966,-0.19804716137249104,0.013130260564847535,0.38801458309610304,-0.0027378971350084419,-0.043764888968583528,0.51343789168630982,2.3515625,0.41168214775014478,0.76916191177060667
33.78870887840133,0.15711975097656217,0.11890726648222556,0.17998408168907207,-0.19810148243396777,-0.0062624849791410612,0.38787953378248152,0.0015618041740639442,-0.043731201877509208,0.51514763248140805,2.3515625,0.41364348886247521,0.75012536176404976
33.858809934165649,0.15711975097656258,0.11885813520760144,0.17999809674587838,-0.19625837851848593,-0.025527838622930663,0.38774661951947947,0.0058329343734464479,-0.043281160086588125,0.51589530176297804,2.37890625,0.41543684000177844,0.77786541133284481
33.928910989929967,0.15711975097656297,0.11881152304730874,0.18000848442249417,-0.19255133756839921,-0.044471619049894655,0.38758278822948333,0.010034412445428739,-0.042421343071421938,0.51568174167974135,2.37109375,0.41823481911603072,0.7940368639743125
33.999012045694286,0.15711975097656233,0.1187653704357477,0.18004830469293637,-0.1870126641656174,-0.062929770731144086,0.38742644537901438,0.014124923967080582,-0.041157286399183833,0.51444465440197096,2.359375,0.41705274574275897,0.80939959071107737
34.069113101458605,0.15711975097656272,0.1187173357667973,0.179985157285842,-0.17970220263922432,-0.080730002491866862,0.38728602626501407,0.018065344907672247,-0.03950186415560282,0.51347075285213151,2.359375,0.41775832557614212,0.83245770974130562
34.139214157222924,0.15711975097656239,0.11867083695804928,0.18006757779699711,-0.17069559759843134,-0.097694536999670942,0.3871250615845348,0.02181829378652092,-0.037477133521485656,0.51254150274076493,2.3515625,0.42005647753622283,0.84025988002951135
34.209315212987242,0.15711975097656247,0.11862498477054748,0.17998539247938766,-0.16009319793334231,-0.11365235610189432,0.38694238453068991,0.025346999329043062,-0.035103265801146137,0.51124043695150523,2.34765625,0.42014668283173728,0.83754916937879442
34.279416268751561,0.15711975097656217,0.1185776245823347,0.18006757779699703,-0.14799117592307542,-0.12848587019125865,0.38678650561095623,0.028620009802673662,-0.0323992648290434,0.5101882899098622,2.33984375,0.4195902739622327,0.85226742531814437
34.34951732451588,0.15711975097656253,0.11852921685377725,0.17998515728584163,-0.13451143548681241,-0.14203059512928123,0.38661442173920291,0.03160289636362467,-0.029395644667798079,0.50912990534238189,2.33203125,0.41895025701725969,0.85074801711532644
34.419618380280198,0.15711975097656286,0.11848231513584147,0.18004830469293631,-0.11979543633521961,-0.15416138117054398,0.38641494855846975,0.034273745691418764,-0.026126247011393596,0.50877362480960076,2.30859375,0.41981305469350405,0.84078058449067428
34.489719436044517,0.15711975097656247,0.11843636805229261,0.18000848442249384,-0.10399236150412991,-0.16478027114489774,0.38620485072797195,0.03661023768961625,-0.022615385979387403,0.50969960813067905,2.26953125,0.41782108105873017,0.82394700768151019
34.559820491808836,0.15711975097656261,0.11838837085252379,0.17999809674587849,-0.087244916359386929,-0.17379773671307014,0.38601982199137375,0.038590531035065032,-0.018896208857572604,0.5112243110985123,2.29296875,0.41676219936257086,0.81575362344216662
34.629921547573147,0.15711975097656256,0.11834131622269224,0.17998408168907196,-0.069729652753220739,-0.18112446217456976,0.38582733493632215,0.040193251255948678,-0.015011094336268998,0.51436588605528455,2.2890625,0.41621899029252751,0.80913617035194751
34.700022603337466,0.15711975097656294,0.11829476566318531,0.18005273998495983,-0.051597332208189975,-0.18668877345712662,0.38565186792036349,0.041404281863130589,-0.010996609871557161,0.5178781637100327,2.30078125,0.41584902597578038,0.79509582349409857
34.770123659101785,0.15711975097656267,0.11824979912972286,0.18007678867046586,-0.033035786915978665,-0.19045409737276592,0.38546618874036298,0.042218864601899442,-0.006890925360254878,0.5205886497957708,2.3203125,0.41669110439717549,0.7735769220250861
34.840224714866103,0.15711975097656272,0.11820532664906924,0.18005273998495985,-0.014237212709706218,-0.19238426085912386,0.38526584974035705,0.042628559425015908,-0.0027334563100636401,0.52285105899837936,2.33984375,0.41668079828652554,0.74967352326945269
34.910325770630422,0.15711975097656228,0.11816006951840576,0.17998408168907198,0.0046517511691374297,-0.19246734417132794,0.38510482806331936,0.04262687592551602,0.0014387768164448274,0.52461407252143566,2.34765625,0.41763618540824221,0.74125394566492975
34.980426826394741,0.15711975097656225,0.11811406335720949,0.17999809674587819,0.02343216093953393,-0.1907177847820079,0.38495448838452367,0.042219437732935829,0.0055847047584629038,0.52543272449709189,2.3671875,0.41917821271182248,0.77180458816907738
35.050527882159059,0.15711975097656297,0.11806921400074823,0.18000848442249379,0.04191711761304965,-0.18715495813689467,0.38479306897470827,0.041413040146341222,0.009664997422898983,0.52529049687076046,2.3671875,0.42184929876945598,0.78904937998390479
35.120628937923378,0.15711975097656258,0.11802502341687213,0.18004830469293628,0.059937558083882257,-0.18181682034926439,0.38464151057285106,0.040212758500706505,0.013636994018995974,0.52418714508726605,2.35546875,0.42120986359255441,0.79976891369798131
35.190729993687697,0.15711975097656264,0.11797910101104513,0.17998515728584177,0.077330705796387664,-0.1747572374817076,0.38451614717272836,0.038629583902214992,0.017465491691595069,0.52341600660038934,2.34375,0.42248837597760652,0.8259519193681486
35.260831049452015,0.15711975097656264,0.11793505185295591,0.18006757779699722,0.093929516713861461,-0.16604957342607513,0.38438559594797639,0.036684914733304638,0.021114171096295101,0.52244094826908571,2.32421875,0.42516076856886359,0.83356380966428767
35.330932105216334,0.15711975097656253,0.11789185488431693,0.17998539247938752,0.10956182862726345,-0.15578556622339437,0.38423588253766083,0.034398506074644765,0.024546124006824072,0.5210849452501638,2.33984375,0.42576138213387277,0.83142047187295609
35.401033160980653,0.15711975097656319,0.11784664402618471,0.18006757779699709,0.12410451680605612,-0.14407080714966686,0.38411105389128425,0.031788565839875937,0.027728651045950046,0.51980429360269098,2.3203125,0.4255100378749011,0.84344014389766764
35.471134216744964,0.15711975097656242,0.11780053489389287,0.17998515728584163,0.13740222005686775,-0.1310159502882253,0.38398689523947721,0.02888531495544823,0.030631347323200424,0.51849869449508668,2.30859375,0.42608848571491703,0.84052223771926393
35.541235272509283,0.15711975097656256,0.11775635063858325,0.18004830469293642,0.14933012047287406,-0.11675937109483984,0.38383654164069753,0.025719837582202192,0.0332338444864397,0.51775401933821363,2.3125,0.42578561493831341,0.83279313166429947
35.611336328273602,0.15711975097656242,0.11771305475668672,0.18000848442249412,0.15979189092533816,-0.10144291695637243,0.38367164448635432,0.022318191648962517,0.03551270124583808,0.51851651682446087,2.2890625,0.42556325459164668,0.81739741365182783
35.68143738403792,0.15711975097656258,0.11766746954884801,0.17999809674587824,0.16870407987973149,-0.085208294521150724,0.3835276960446945,0.018711501087851752,0.037445086201481279,0.52002805864415624,2.33203125,0.42397761140762763,0.81331408330701005
35.751538439802239,0.15711975097656244,0.11762249755707423,0.17998408168907185,0.17597920360499661,-0.068216297057440742,0.38339415647774977,0.014937988518440894,0.039011710489418344,0.52308138924622471,2.32421875,0.42331104984350021,0.79875553674769395
35.821639495566558,0.1571197509765625,0.11757761534164679,0.18005273998495969,0.18154395011783389,-0.050622519654404445,0.38326074167815,0.011035575405340231,0.040198077297172286,0.5264037287007306,2.3515625,0.42415862907040491,0.78698928041326122
35.891740551330876,0.15711975097656217,0.11753489927055644,0.18007678867046517,0.18535358720541625,-0.032611431414460608,0.38310820420847014,0.0070426208308294672,0.041000734112699153,0.52889576939100125,2.37890625,0.42594494789985654,0.77305581096337839
35.961841607095195,0.1571197509765625,0.11749273615118316,0.18005273998495966,0.1873821031864133,-0.014363297463271373,0.3829391249100404,0.0029961937774685161,0.041410226522957116,0.5309839891930147,2.41796875,0.42662976702002564,0.75423469791871045
36.031942662859514,0.15711975097656275,0.11744945653184474,0.17998408168907187,0.18761337475390552,0.0039795179651585131,0.38280690137621726,-0.001068161225115026,0.041419842195206905,0.53263247895418919,2.4140625,0.42779782316043519,0.73345383608675563
36.102043718623833,0.15711975097656231,0.11740596470169706,0.1799980967458783,0.18605763918593615,0.022221097697359183,0.3826739863054775,-0.0051085494978092647,0.041035733490936151,0.53340620441017383,2.43359375,0.42953278027361119,0.75909159844248897
36.172144774388151,0.15711975097656258,0.11736404907766181,0.18000848442249384,0.18273218958171972,0.040180961833738892,0.38252172469797879,-0.0090874564053052831,0.040264393950170847,0.53325395193229141,2.4296875,0.43238091047856769,0.77776731329741133
36.24224583015247,0.15711975097656247,0.11732190680593671,0.18004830469293631,0.17767557996599992,0.057697961540400307,0.38237807356994213,-0.012965583031713147,0.039110682171792782,0.53212076044646239,2.42578125,0.4323969523201448,0.78380319404769305
36.312346885916789,0.15711975097656239,0.11727787468655806,0.17998515728584191,0.17093796378762352,0.074608915113691276,0.38224979202271631,-0.016706215827357252,0.03758519160108692,0.53143775384490166,2.421875,0.43349139001799614,0.81088544312581146
36.3824479416811,0.15711975097656267,0.11723577327293241,0.18006757779699709,0.16259116128107548,0.090752506785419101,0.38211109887842237,-0.020275376226458527,0.035708040595272592,0.53046732616905889,2.390625,0.43448701178250065,0.81888562832397771
36.452548997445419,0.15711975097656239,0.11719462807920308,0.17998539247938772,0.15271696816845245,0.1059669106194014,0.38194709116452741,-0.023637554371066804,0.033497645960100436,0.52917896469342918,2.40625,0.43439480950532905,0.81753692237926356
36.522650053209738,0.15711975097656258,0.11715130024911574,0.180067577796997,0.14142271025360234,0.12012757293407191,0.3818019229267216,-0.026758911882964906,0.030972475327446031,0.52784524587162773,2.3671875,0.43405878916579982,0.82544802860428945
36.592751108974056,0.15711975097656269,0.11710722224859631,0.17998515728584161,0.12881725892176382,0.13308270741767828,0.38165459744514746,-0.029611080401271882,0.028161682610971472,0.52646497250309743,2.359375,0.43469373581228443,0.82187526113921927
36.662852164738375,0.15711975097656253,0.11706515560068342,0.18004830469293637,0.11503058347500825,0.14471104383009359,0.381477891688218,-0.032172661410603334,0.025095142451734206,0.52554435183980441,2.359375,0.4347920275978811,0.81346633410639901
36.732953220502694,0.15711975097656264,0.11702422146181392,0.18000848442249384,0.10019917769940602,0.1549191249087602,0.38128301121635599,-0.0344205469772371,0.021799962156798251,0.52645125795780001,2.32421875,0.43479634943618845,0.80299796859073713
36.803054276267012,0.15711975097656261,0.11698127261254156,0.17999809674587836,0.084459244146874932,0.16362190861561965,0.38110236639564626,-0.036333374979794678,0.018303748097871751,0.52847493360858266,2.37109375,0.43210855213669935,0.794195868423761
36.873155332031331,0.15711975097656231,0.1169383759724289,0.17998408168907196,0.067961227075099981,0.17074411867294456,0.38094580829203534,-0.037890850112466672,0.014643643501071332,0.53184361929493362,2.35546875,0.4314036997800777,0.78206832866492471
36.94325638779565,0.15711975097656244,0.11689595781380788,0.18005273998495977,0.050867203966957569,0.17620809214904851,0.38078950940339634,-0.03907917820376422,0.010856512202531537,0.53531334575641498,2.3828125,0.43151230646025596,0.76590885469176806
37.013357443559968,0.157119750976563,0.11685477170148112,0.18007678867046539,0.033352614091599134,0.17996793124796528,0.38061633536140882,-0.039893845816401145,0.006981047838284125,0.5379437979959143,2.41796875,0.43238203171536066,0.75216978711947924
37.083458499324287,0.15711975097656289,0.11681485278788649,0.18005273998495974,0.015592041231891441,0.18199757140802411,0.38043097654416508,-0.040326849189720231,0.0030528827910101045,0.54019879262203285,2.47265625,0.43312013240055275,0.73721891087641833
37.153559555088606,0.15711975097656236,0.11677427239184669,0.17998408168907198,-0.0022697034163977918,0.18228929505493885,0.38028363722058039,-0.040371293793383493,-0.00089161985382832929,0.5420643319734979,2.45703125,0.4337553410444086,0.72832986221157003
37.223660610852917,0.15711975097656261,0.11673297670680903,0.17999809674587847,-0.020057449311222705,0.18083893440230567,0.38014933932005751,-0.040030479044266487,-0.0048164093130617829,0.54306417512440541,2.484375,0.43559245700809673,0.74851560393396066
37.293761666617236,0.15711975097656306,0.11669316901013252,0.18000848442249387,-0.037581920340920824,0.17767008387889782,0.38000404948989769,-0.039312015214816441,-0.0086820740419133492,0.54302745001233677,2.48828125,0.43784716136145302,0.76881025235372558
37.363862722381555,0.15711975097656258,0.11665369070247084,0.18004830469293628,-0.054692321573548495,0.17282055990190984,0.37986429597102411,-0.038221512167870925,-0.012453113746960781,0.54206148834981804,2.4765625,0.43914255548562309,0.77654032164480613
37.433963778145873,0.15711975097656264,0.11661212980462494,0.1799851572858418,-0.071221710129755048,0.16633639710237988,0.37975181746980236,-0.036767253177395924,-0.016090874910155789,0.54147086019456236,2.4609375,0.43945789158513243,0.79624318640100322
37.504064833910192,0.15711975097656267,0.11657195655397572,0.18006757779699689,-0.087017660515034845,0.15828789117061998,0.37963621302738471,-0.034968385326635112,-0.019563545498689591,0.5403797122194105,2.44921875,0.44108958550540855,0.80736606268254207
37.574165889674511,0.15711975097656267,0.11653276172830436,0.17998539247938772,-0.1019185818316883,0.14875250922885838,0.37949323234357407,-0.032844050540754691,-0.022836156614211345,0.5389051410129585,2.4375,0.44027173779696366,0.80779720274639
37.644266945438829,0.15711975097656253,0.1164915136258079,0.18006757779699697,-0.1158091579129502,0.13783282619773696,0.37937944211846575,-0.030411538083481054,-0.02587667063190487,0.5372757296065821,2.37890625,0.44057267725229049,0.81148343028773806
37.714368001203148,0.15711975097656264,0.11644921777399156,0.17998515728584186,-0.12853610431096715,0.12563836550935456,0.3792692598231584,-0.02769746888643192,-0.028656222996407566,0.53566405599979949,2.359375,0.44040540978510823,0.81497354329613314
37.784469056967467,0.15711975097656261,0.11640932258491489,0.18004830469293631,-0.13998809176929305,0.11229215563087878,0.37914295452317387,-0.024731211390309035,-0.031155464685488615,0.53463967762471676,2.3515625,0.44086588613780753,0.80512182929953124
37.854570112731786,0.15711975097656244,0.1163704016218957,0.18000848442249379,-0.15006098814659696,0.097920244228375614,0.37900002137597694,-0.021540403086844837,-0.033350572992549864,0.53557296563442991,2.30859375,0.44094759453536581,0.79403493389538204
37.924671168496104,0.15711975097656292,0.11632981899965536,0.17999809674587847,-0.15867421104632773,0.082664499894135032,0.37886206210568013,-0.01815182712337271,-0.035220213058583479,0.53778473545574124,2.33203125,0.43890478331622856,0.78043136431323046
37.994772224260423,0.15711975097656278,0.11628860430418052,0.17998408168907176,-0.16574824027241236,0.066666434509048619,0.37875011664505004,-0.014600002669359286,-0.036744713981596552,0.54092974834380581,2.2890625,0.43796197131513087,0.7711741081589536
38.064873280024742,0.15711975097656233,0.11624792967984419,0.18005273998495963,-0.17121826695672471,0.050088847854449711,0.37863566038840213,-0.010920686951714498,-0.037912193544267697,0.54401092047353194,2.3125,0.43780805762875258,0.76393965042505751
38.134974335789053,0.15711975097656239,0.11620844232516105,0.1800767886704655,-0.17503121685999665,0.033096005546786211,0.37850876041244341,-0.0071522159221110802,-0.03871716193830655,0.54630731652172537,2.36328125,0.438735564825112,0.74958982428936904
38.205075391553372,0.15711975097656236,0.11617023724148827,0.18005273998495963,-0.17716137189469774,0.015857238885006314,0.37836734635654906,-0.0033286644092670285,-0.03915134356992786,0.54834380647161762,2.38671875,0.43872439223176507,0.73308533278583554
38.275176447317691,0.15711975097656283,0.11613148575888685,0.17998408168907207,-0.17759957595817066,-0.0014859999179442085,0.37825647111661342,0.00051296347247260039,-0.039208635185176942,0.55003313020258893,2.390625,0.43907726390086199,0.71561659120649712
38.345277503082009,0.15711975097656281,0.1160921542638651,0.17999809674587833,-0.17634077758055339,-0.018759297770143988,0.37814897214256238,0.0043370860183549404,-0.03889192213564998,0.55087045916786614,2.40234375,0.44073346389231394,0.71531234002455224
38.415378558846328,0.15711975097656244,0.11605419694762786,0.18000848442249417,-0.17340379115684726,-0.035788522015004501,0.37802994533466838,0.0081070211830604148,-0.038208137201231458,0.55076629423369339,2.3984375,0.44272527994740773,0.73541435943397682
38.485479614610647,0.15711975097656253,0.11601677807180648,0.1800483046929364,-0.16883065756942886,-0.052419252717414731,0.3779021587378123,0.011789146432387952,-0.037163113409330761,0.54989996062525182,2.38671875,0.44338056348863503,0.75026710098396299
38.555580670374965,0.15711975097656267,0.11597748715586551,0.179985157285842,-0.16265621240681824,-0.068497485501768693,0.37780141671016626,0.015344339703365632,-0.035764711042092778,0.54933285420652944,2.3828125,0.44509969539020183,0.75975972559094862
38.625681726139284,0.15711975097656306,0.11593919609325692,0.18006757779699706,-0.15495645595133101,-0.083863793268569228,0.37768873355862337,0.018740724728054894,-0.034030909171914585,0.54828216082424408,2.36328125,0.4454747082895873,0.77314313411801361
38.695782781903603,0.15711975097656253,0.11590210109093799,0.17998539247938763,-0.14580368824300316,-0.098365819127692003,0.37754519523546359,0.021945624590879575,-0.031981048397588759,0.54683110363698029,2.37890625,0.44812558724343848,0.78256272588168363
38.765883837667921,0.15711975097656267,0.11586344975375315,0.18006757779699703,-0.13529753297644648,-0.11187961487890109,0.37740649131097737,0.024926262943370688,-0.029632832410971397,0.5452417022173659,2.32421875,0.44607315252770202,0.78320447714619257
38.83598489343224,0.15711975097656294,0.11582349956357868,0.17998515728584166,-0.12353492718007174,-0.12428752544211541,0.37728650111869105,0.027657764494804459,-0.027007308246404217,0.54374659960763172,2.328125,0.44659032783966912,0.78535650855484407
38.906085949196559,0.15711975097656217,0.11578531096826788,0.18004830469293637,-0.11063903540351964,-0.13545904451378218,0.37714406249343019,0.030119091340415068,-0.024134882170212892,0.54303043484806512,2.30859375,0.4466230090687725,0.77836000706735742
38.97618700496087,0.15711975097656286,0.11574817880441081,0.18000848442249384,-0.096731391993040358,-0.14529640255618304,0.37698253382731073,0.032285154202035697,-0.0210450559661392,0.54434607584402162,2.26953125,0.4459372380814583,0.76849584509897129
39.046288060725189,0.1571197509765625,0.11571022895458399,0.17999809674587822,-0.081944268355298486,-0.15371534096383732,0.37681529867625108,0.034135762516984219,-0.017763293378734991,0.54671351228023313,2.3203125,0.44486204956324005,0.75392632450896691
39.116389116489508,0.15711975097656278,0.1156706659165854,0.17998408168907193,-0.066424508429540299,-0.16064173061139778,0.37667300996691022,0.035650373637230427,-0.014320990398278005,0.54979338529346344,2.29296875,0.4425274709359312,0.74934846395143706
39.186490172253826,0.15711975097656261,0.11563145917449588,0.18005273998495985,-0.050328294987333447,-0.16601465416949768,0.3765367223778085,0.036819629476482048,-0.010751933659087883,0.55268410863151596,2.31640625,0.44217018155930843,0.73648779487760285
39.256591228018145,0.15711975097656253,0.11559373361824374,0.18007678867046589,-0.033816199612523197,-0.16978060973085204,0.37638398325236866,0.037635723877949223,-0.0070958429856470169,0.55485772140752976,2.33203125,0.44229513392116948,0.72594482928388149
39.326692283782464,0.15711975097656281,0.11555682860629071,0.18005273998495985,-0.017044678387143294,-0.17191699294866378,0.37622575972120825,0.03809150511285405,-0.0033838934736272735,0.55684082918633371,2.375,0.44292021537360943,0.71281550936936466
39.396793339546782,0.15711975097656272,0.11552011045301359,0.17998408168907198,-0.00015729335824032922,-0.17240660799732022,0.37609557170781288,0.038180661577832044,0.00034775965494147855,0.55846998221315758,2.36328125,0.44252299532882239,0.69893876984537318
39.466894395311101,0.1571197509765625,0.11548299732054759,0.17999809674587824,0.016671276042637549,-0.17124743060931494,0.37597350635378263,0.037905406013781506,0.0040613865952761159,0.55923674441735327,2.38671875,0.44366692024412618,0.69186247871295636
39.53699545107542,0.15711975097656286,0.11544712884455409,0.18000848442249379,0.033281692045771305,-0.16846070510669417,0.37584783283047718,0.037271614198469721,0.0077240785061064637,0.55907882459097502,2.36328125,0.44465577270737738,0.69825637949354702
39.607096506839738,0.15711975097656256,0.11541168094454779,0.18004830469293626,0.049514397448886582,-0.16408087254847986,0.37571717356030859,0.03628594367286498,0.011300150249365213,0.55815145580777403,2.36328125,0.44646848898342983,0.72221708054426792
39.677197562604057,0.15711975097656281,0.11537455873555298,0.17998515728584169,0.065223304626493298,-0.1581468939059241,0.37561968741645291,0.03495526662945285,0.014754880037118593,0.55758434708798499,2.3515625,0.44754775214350623,0.72786902504911766
39.747298618368376,0.15711975097656261,0.1153379597092334,0.18006757779699722,0.08025596432340254,-0.15072939834786328,0.37552265559668047,0.033296000897462583,0.018056742494713614,0.55659671310244951,2.30859375,0.44919127846082613,0.73139817035916688
39.817399674132695,0.15711975097656278,0.11530255750180386,0.17998539247938775,0.094459618653423116,-0.14189786965114434,0.37540589562197713,0.031328251695931952,0.02117336595053701,0.55515602359694738,2.33203125,0.45058468744984931,0.74369539198262335
39.887500729897006,0.15711975097656264,0.11526602649706173,0.18006757779699706,0.10770580895652271,-0.13174958491618516,0.37528206305011041,0.029068866977958796,0.024073087960067508,0.55370783148920522,2.28515625,0.44974302372805697,0.74280877330196793
39.957601785661325,0.15711975097656297,0.11522853451962232,0.17998515728584205,0.11989228653711423,-0.12037772330825486,0.37518974620214046,0.026535663893129134,0.026734687088753546,0.5524873551760997,2.27734375,0.45029482633836032,0.74537431327607495
40.027702841425643,0.15711975097656281,0.11519151395601751,0.18004830469293637,0.13087981964184509,-0.10790446987642936,0.37508668056105449,0.023760820655242806,0.029133810972458599,0.55188555756929336,2.2734375,0.4511338673030435,0.73995072947614704
40.097803897189962,0.15711975097656267,0.11515627259665777,0.18000848442249412,0.14057581035301009,-0.094450211894256855,0.37496427466057897,0.020771330157741966,0.031247056986965047,0.55306037228530724,2.2578125,0.45042396383867428,0.73676213053057116
40.167904952954281,0.15711975097656211,0.11512082916588215,0.17999809674587822,0.14889892189632312,-0.080128074016821149,0.37484346811652175,0.017593854611369034,0.03305427916567736,0.55501416533710701,2.296875,0.45002877914481726,0.72339862060221483
40.2380060087186,0.15711975097656247,0.1150832735915731,0.17998408168907187,0.15577191082603767,-0.065092324734023127,0.3747388922801092,0.014256870277235389,0.034535513784961662,0.55766544452409228,2.296875,0.44811218636514588,0.71624955356084796
40.308107064482918,0.15711975097656269,0.11504561800430597,0.18005273998495966,0.16113919767652596,-0.04949770118532517,0.37464380658178453,0.01079333097054472,0.035683377289503292,0.56016934005791064,2.328125,0.44778016797088321,0.7106028917354158
40.378208120247237,0.15711975097656231,0.11500918564473017,0.18007678867046514,0.16495581004323298,-0.033485021600934667,0.37453765670141886,0.0072373880839380796,0.036488900687839033,0.56202058558670487,2.33984375,0.44836110281082664,0.70084415694814217
40.448309176011556,0.15711975097656236,0.11497345378285077,0.18005273998495966,0.16718554599487404,-0.017216681254245012,0.37442159262671382,0.0036279137570269324,0.036944313018025664,0.56373425970894764,2.3671875,0.44970856365544754,0.68850663813098834
40.518410231775874,0.15711975097656258,0.11493787170559742,0.17998408168907185,0.16780892631631597,-0.00082686472268867156,0.37433184614055398,-5.9190861110986801e-06,0.037043711752355719,0.56503099587918293,2.36328125,0.44966405416984029,0.67650141476043957
40.588511287540193,0.15711975097656267,0.11490259887803292,0.1799980967458783,0.16682761444815758,0.015505643064433668,0.37423814611492362,-0.0036244152457878529,0.036789699777340382,0.56554236339923469,2.3828125,0.45060022870239141,0.67219195859263947
40.658612343304512,0.15711975097656261,0.11486831031882157,0.18000848442249387,0.16426039169137743,0.031633697439694276,0.37413501762235923,-0.0071955483462955803,0.036187402921091599,0.56527667433589179,2.35546875,0.45208194176428945,0.68086339795747775
40.728713399068823,0.15711975097656283,0.11483441278016795,0.18004830469293617,0.16013754392589227,0.047402554559109605,0.37401979862674117,-0.010685797383069894,0.035242975164112053,0.56433860664004443,2.34765625,0.45318937279757798,0.70463243180912516
40.798814454833142,0.15711975097656242,0.11479890016555198,0.17998515728584177,0.15449749799443019,0.062664379441242313,0.37393031246439851,-0.014059830163226194,0.033963245881815575,0.5638724360171532,2.33984375,0.45376064654952492,0.70659454816344425
40.868915510597461,0.15711975097656231,0.11476362739434308,0.180067577796997,0.1474072979030332,0.077277886320250844,0.37383563235797979,-0.017286930407862847,0.032364009851706337,0.56306665880311757,2.30859375,0.45542485758257045,0.71201480113048787
40.939016566361779,0.15711975097656244,0.11472920995128016,0.17998539247938772,0.13893198961380837,0.091092269086934879,0.37371681467017359,-0.020335210879221625,0.030464959561042872,0.56183668480716076,2.328125,0.4561307501572025,0.72287536937455277
41.009117622126098,0.15711975097656244,0.1146949056865376,0.18006757779699695,0.1291657903370039,0.10398473146993704,0.37358102085103895,-0.023177353693879122,0.028282411448871909,0.5607705622874275,2.2890625,0.45631512773027122,0.71907655732435316
41.079218677890417,0.15711975097656231,0.11465951678710934,0.17998515728584172,0.11820049050335071,0.1158528383641786,0.3734718604198371,-0.025790815256516518,0.025833364698481669,0.56018399314808009,2.26953125,0.45530401781438473,0.72488947666700443
41.149319733654735,0.15711975097656264,0.11462398946900171,0.18004830469293637,0.10615131301872892,0.12656466588592141,0.37335693963249977,-0.028150291504744591,0.023147817707152133,0.55995798851024015,2.28125,0.45505412399532846,0.71670780337200313
41.219420789419054,0.15711975097656239,0.11459007286764231,0.18000848442249384,0.093138261193330615,0.13602410339655449,0.37321728953300937,-0.030231603774265831,0.020253075810597078,0.56128017029816735,2.2578125,0.45410569156548902,0.71160818182544894
41.289521845183373,0.15711975097656261,0.11455677362420721,0.17999809674587849,0.079270857916666312,0.14415140027055351,0.37308307485780445,-0.032015291561445024,0.017176377324222218,0.56311551558053496,2.3359375,0.45358259962018732,0.70612576666800853
41.359622900947691,0.15711975097656231,0.1145219896014501,0.17998408168907196,0.064697531002611108,0.15086935593843878,0.37294841064712414,-0.033483964571740896,0.013945472821976888,0.56569125608198501,2.34375,0.45352998443933207,0.69233617682496229
41.42972395671201,0.1571197509765625,0.11448666087714753,0.18005273998495977,0.049569970697883964,0.15613101323449605,0.37282518380668767,-0.03463040635691448,0.010590320203251583,0.56811914236139183,2.35546875,0.45156992159216452,0.68365415417019193
41.499825012476329,0.15711975097656278,0.11445200521645006,0.18007678867046537,0.034020815240622553,0.15988896257319077,0.37269293355229532,-0.03544417570286245,0.0071423901162890272,0.56990880947544142,2.37109375,0.45177441865845064,0.67502829900379546
41.569926068240648,0.1571197509765625,0.11441744143345768,0.18005273998495969,0.018207262737307002,0.16210964428467592,0.37255963268182268,-0.035916986099708857,0.0036398129706653286,0.5716718276143492,2.38671875,0.45212816842792186,0.66633678835566179
41.640027124004959,0.15711975097656261,0.11438343198179884,0.17998408168907193,0.0022671876806984637,0.16277281743216093,0.37245574444807422,-0.036044290366148882,0.00011407496809569872,0.57303696746641652,2.3984375,0.45305987284901222,0.65106387746494632
41.710128179769278,0.15711975097656303,0.11434998620695801,0.17999809674587847,-0.01363440393747436,0.16187835274885845,0.37234332078113491,-0.035827410999560945,-0.0033989462517559402,0.57367547838666244,2.41015625,0.45326896812442014,0.66087256255578286
41.780229235533596,0.15711975097656269,0.11431766762924485,0.18000848442249384,-0.029349511574797562,0.15944629614058967,0.37222111789175044,-0.035271013502640759,-0.0068672597699075532,0.57357228356474743,2.39453125,0.45560073393082273,0.67158741337154082
41.850330291297915,0.15711975097656278,0.11428549827305051,0.18004830469293637,-0.044727414488767395,0.15549964723813609,0.37209299793064188,-0.034381056876028555,-0.010258016510261777,0.5727904529171336,2.37890625,0.45623917128263702,0.69519467062614315
41.920431347062234,0.15711975097656292,0.11425185355669751,0.17998515728584186,-0.059628306851974497,0.1500791892548346,0.37199745730830952,-0.033163527015390416,-0.013536475348034498,0.57242105762106921,2.375,0.45746099012731634,0.69603526840203955
41.990532402826553,0.1571197509765625,0.11421844833650721,0.18006757779699689,-0.073912239249056197,0.14324957300749722,0.37189915757745307,-0.031634168566999618,-0.016672038568609663,0.57164185034847159,2.35546875,0.45944149671588491,0.70177927661547435
42.060633458590871,0.15711975097656225,0.11418562732821604,0.17998539247938769,-0.087425383264085416,0.13507541056055206,0.37178209510464261,-0.02981163744310655,-0.019634218150574752,0.570473881756137,2.37109375,0.46030367771847058,0.71370307255174814
42.13073451435519,0.15711975097656261,0.11415357428187768,0.180067577796997,-0.1000521356626454,0.12564755309580306,0.37165279760815989,-0.027712485952111399,-0.022400444808388171,0.5695823951837693,2.3125,0.46056504589187502,0.70881246189175873
42.200835570119509,0.15711975097656242,0.11412042624760471,0.17998515728584186,-0.11169167260408994,0.11505208290847881,0.37155286252794961,-0.025352296695633554,-0.024945041406307222,0.56897794333613883,2.29296875,0.45904762258072357,0.70599004767607454
42.270936625883827,0.15711975097656231,0.11408620663004523,0.18004830469293623,-0.12222075681110417,0.10339697379171255,0.37145877518016512,-0.022759044132599989,-0.027242137834981441,0.56856356965880761,2.2890625,0.45879311715976595,0.70681376635095328
42.341037681648146,0.15711975097656292,0.11405384264149342,0.18000848442249376,-0.13154489901815614,0.09079881178952956,0.37134896403905732,-0.019958555267646391,-0.02927073841878822,0.56968331190739752,2.26953125,0.45866740506373294,0.69906786923624342
42.411138737412465,0.15711975097656225,0.11402203163549834,0.17999809674587847,-0.13957014162419118,0.077373280010424247,0.37124101116807667,-0.016980400640850855,-0.031009440440061566,0.57119285347834903,2.328125,0.45784414217338582,0.69260528621254847
42.481239793176776,0.15711975097656278,0.11398979722888793,0.17998408168907198,-0.14623575770243996,0.063258970837806225,0.37113692745592464,-0.013849695499145652,-0.03244542533074659,0.57345920875773493,2.3125,0.45755250490642035,0.68496663402149949
42.551340848941095,0.15711975097656247,0.11395702489073328,0.18005273998495971,-0.15148653086288463,0.048599889036269113,0.37103650276560513,-0.010596377342807056,-0.033568973312578916,0.5755529598551582,2.3359375,0.45599675494326164,0.67138089010821245
42.621441904705414,0.1571197509765625,0.11392440629649919,0.18007678867046548,-0.15527585489059173,0.033529762880493585,0.37093553990312189,-0.0072491650756080364,-0.034370188451796339,0.57709374589098095,2.35546875,0.45577088363192358,0.6588625142318445
42.691542960469732,0.15711975097656253,0.11389173841185631,0.18005273998495963,-0.15757146531037755,0.018193683961212206,0.37083432770411218,-0.0038437066218853936,-0.034840495007275915,0.57871991860838279,2.390625,0.45652900824084636,0.64876365730802454
42.761644016234051,0.15711975097656269,0.11385921422450286,0.17998408168907187,-0.15835086075387425,0.0027352403575167912,0.37075281986916681,-0.00041522183585889611,-0.034975269585672632,0.57993635438373103,2.37890625,0.45790749635595718,0.64506894561647643
42.83174507199837,0.15711975097656256,0.11382766023092128,0.17999809674587836,-0.15761983295635867,-0.012695977340393209,0.37066385874104352,0.0030055271778952537,-0.034777056125590095,0.58042407257228967,2.3984375,0.45865708480991485,0.65556864748389776
42.901846127762688,0.15711975097656228,0.11379719784850835,0.18000848442249423,-0.15538888668217715,-0.027949130490353604,0.37055963411960524,0.0063866210319563051,-0.034249198345626487,0.58023571801355511,2.3671875,0.4602845489486051,0.66643121643649195
42.971947183527007,0.15711975097656256,0.1137667420203895,0.18004830469293637,-0.1516805510770611,-0.04288225961394463,0.37044488348366938,0.0096956670951063289,-0.033396825599574936,0.57944348897180553,2.35546875,0.46117878786016925,0.68867802241918197
43.042048239291326,0.15711975097656283,0.11373474951278895,0.17998515728584202,-0.1465342949744792,-0.057358256619012733,0.37035575125658793,0.012897113157385792,-0.03222593573133381,0.5791313696234901,2.3515625,0.46280030420604684,0.68875535124864506
43.112149295055644,0.15711975097656239,0.11370303619156699,0.18006757779699709,-0.14001187537254561,-0.071238802007000515,0.37025824625241832,0.015960469687788081,-0.030752344376530415,0.57843223840647429,2.33984375,0.46502201648263303,0.69492885258980786
43.182250350819963,0.15711975097656236,0.11367205000317657,0.17998539247938755,-0.13217592896581098,-0.08437474202747193,0.37014131314649351,0.018858621486966348,-0.028994375839005139,0.57734665557520159,2.3515625,0.46618306325406567,0.70279214385565525
43.252351406584282,0.15711975097656239,0.11364202689762169,0.180067577796997,-0.12311267804668931,-0.096657403385705207,0.37001089994203956,0.021568955854213284,-0.026967411260235882,0.57658660237162607,2.30859375,0.46670358820565799,0.70008200877931881
43.3224524623486,0.15711975097656217,0.113610598695114,0.17998515728584169,-0.11290468545306914,-0.1079850522535101,0.36990173462737824,0.024064772331344717,-0.024686944089766637,0.57598931191346059,2.27734375,0.46537788575028549,0.69545694518534051
43.392553518112912,0.15711975097656258,0.11357814390080356,0.1800483046929362,-0.10165480581695087,-0.11824197610012566,0.36979603279890672,0.026321602105973996,-0.022179099408117967,0.57554426242622003,2.2890625,0.46527122630650108,0.69672021565051112
43.462654573877231,0.15711975097656267,0.11354749197872675,0.18000848442249381,-0.08947518404217257,-0.12733278586307123,0.36967829067253954,0.028320072652147154,-0.01946920326810777,0.57671210876843715,2.28125,0.46496824534394887,0.69073699670210176
43.532755629641549,0.15711975097656239,0.11351746761504662,0.17999809674587816,-0.076480455994369284,-0.13516913453858143,0.36955845875692406,0.030037692175968182,-0.016585070186595923,0.57834197121622788,2.34375,0.464792374676752,0.68266269045474481
43.602856685405868,0.15711975097656267,0.11348753610480235,0.17998408168907193,-0.062807125722494292,-0.14168473587551678,0.36943680464317191,0.031462256980771999,-0.013553881390006121,0.58078893452342972,2.3203125,0.46344829142004773,0.67475534998359799
43.672957741170187,0.15711975097656269,0.11345736377672624,0.1800527399849598,-0.048584040082632132,-0.14683090313358105,0.36931648284586299,0.032584355525888051,-0.010402310612082627,0.58303184812930686,2.34765625,0.46259556601500734,0.66500038804086747
43.743058796934505,0.15711975097656236,0.11342664139435406,0.18007678867046592,-0.033955340940094066,-0.15056120999450606,0.36919498869333683,0.033393129747928949,-0.007159166185365092,0.58484233113058404,2.37109375,0.46129071022124363,0.65104210069742985
43.813159852698824,0.15711975097656275,0.11339597128398241,0.18005273998495985,-0.019049295645612876,-0.15284235647022479,0.36907851414767789,0.033880213930637518,-0.003856681483707066,0.58663684107573888,2.390625,0.46156172196751105,0.63552683587418846
43.883260908463143,0.15711975097656244,0.11336517250003202,0.17998408168907201,-0.0040104646216174138,-0.15365655201205056,0.36898091506751557,0.034041372228965625,-0.00052920706601691434,0.58805793681832852,2.390625,0.46191860359975956,0.64756325337275589
43.953361964227462,0.1571197509765625,0.11333519572923906,0.17999809674587824,0.011011534072074216,-0.15300750822423326,0.36887975067764611,0.033878268182879326,0.0027908139737975717,0.58871362215794987,2.3984375,0.46228340201794532,0.65695636899419962
44.02346301999178,0.15711975097656247,0.11330646042930556,0.18000848442249387,0.025877728260130066,-0.15089842652624511,0.36876742690550773,0.03339423372581185,0.0060747862217588652,0.58866593578018178,2.37109375,0.46481207104458705,0.67599075788760277
44.093564075756099,0.15711975097656272,0.11327776370074767,0.18004830469293623,0.04043959569452632,-0.14735421712963673,0.36864011136285729,0.032593838924006066,0.0092880036062451925,0.58800651623226674,2.3671875,0.46500392883911662,0.69335708503830007
44.163665131520418,0.15711975097656228,0.113247422832447,0.17998515728584166,0.05457601892122424,-0.14241317601077552,0.36854548579155488,0.031482076961506567,0.012399080465530694,0.58777849992107412,2.34765625,0.46680320460527847,0.69312591772827037
44.233766187284729,0.15711975097656264,0.11321730340071184,0.18006757779699706,0.068140226997816758,-0.13613523335004485,0.36844738292940377,0.03007491239079492,0.015375474521871208,0.58713516680300615,2.3125,0.46924141496997274,0.70235074031079592
44.303867243049048,0.15711975097656244,0.1131882302936503,0.17998539247938741,0.080994484693244703,-0.12858117106378372,0.36833704142135371,0.02838887666660524,0.018194208737329937,0.58590733185249833,2.34375,0.47147105775330628,0.70126621298373093
44.373968298813367,0.15711975097656233,0.11315995767676973,0.18006757779699711,0.093027935580669657,-0.11983313659853848,0.36821836006426784,0.026439983091793112,0.020831482573329799,0.58497668639785749,2.29296875,0.47272357264550829,0.70567872865920145
44.444069354577685,0.15711975097656247,0.11313037152446741,0.17998515728584205,0.10414042140435814,-0.10997211116392666,0.36811918015660916,0.02424291313688787,0.023261782720196088,0.58412525807814575,2.265625,0.47141920425384037,0.69800670624829897
44.514170410342004,0.15711975097656264,0.11309990490225509,0.18004830469293642,0.11422317192506438,-0.099095191611964561,0.36802804559119506,0.021821021219534938,0.025461916801168043,0.5834761320483246,2.26171875,0.47164389984264077,0.69818915247816937
44.584271466106323,0.15711975097656269,0.11307050830080971,0.18000848442249409,0.12317831684944221,-0.087310209966755661,0.36793790462255055,0.019201085979988049,0.027411214539358214,0.58451021043018347,2.25390625,0.47077732467705857,0.69440522575036645
44.654372521870641,0.1571197509765625,0.11304177857937929,0.17999809674587836,0.13092329320638038,-0.074728885496792075,0.36784994733159448,0.016407818909926038,0.029088954147769751,0.58599169422265973,2.33984375,0.4710846196818278,0.68687427750876862
44.72447357763496,0.15711975097656233,0.11301360331066709,0.17998408168907187,0.1373860288940453,-0.061486013294592905,0.36775875463063828,0.013470619787720541,0.030483213947914013,0.58828538180557421,2.33203125,0.47105539313079431,0.6767196006424222
44.794574633399279,0.15711975097656219,0.11298546290374004,0.18005273998495963,0.14251766279875699,-0.047703829691573295,0.36766354636942983,0.010413576599403144,0.03158461347208133,0.59035471145791696,2.375,0.47114836624037004,0.66697840402307418
44.864675689163597,0.15711975097656264,0.1129565148052593,0.18007678867046545,0.14627650586085156,-0.033529526545273469,0.3675664508295749,0.0072656540855653307,0.032382287320222448,0.59207887245375657,2.38671875,0.47013782310663715,0.65749051404242642
