t,volume,energy,exact_energy,cx,cy,r2,px,py,relative_l1,shore_area,velocity_l2,max_speed
0,0.15707683563232366,0.1055274135713139,0.1055274135713139,-9.3990843469756833e-18,1.3971903352274236e-17,0.26665135872449475,0,0,0,0,0,0
0.035050527882159059,0.15707683563232452,0.10552790213467202,0.10552405086382642,-1.231436506771294e-17,3.1866645826141511e-17,0.26700671352051181,1.1321982632608694e-19,4.3651687105293368e-19,0.00042037989726353514,0.09375,0.0013724321637799755,0.084041928816665681
0.070101055764318118,0.15707683563232469,0.10553191835350667,0.10551640388015925,1.4283165299236159e-17,2.4875723291021167e-17,0.26803567424300134,5.7732972428541144e-20,8.2553538181860881e-19,0.00065169697858135343,0.0546875,0.0025032173050905646,0.10046749357293637
0.10515158364647717,0.1570768356323243,0.10553899191551998,0.10551820907260487,7.1234150330531908e-18,4.4468046527025935e-17,0.26973060184499509,4.5438602690701661e-19,4.9869860930936515e-19,0.0010149198022165514,0.046875,0.0034107594741207034,0.1250785771838831
0.14020211152863624,0.15707683563232447,0.10554874106518139,0.10552355865174602,1.1617645557613979e-17,-8.4815715360179059e-17,0.27207525505012192,2.5533038917011209e-19,-6.3795146690294685e-19,0.0016685163637207316,0.0390625,0.0040191994160755353,0.15997443953993626
0.1752526394107953,0.1570768356323245,0.10556078589808442,0.10552337020134417,1.2369453502401851e-17,2.3819574233451767e-17,0.2750462183479499,-7.0393070128262655e-21,-7.3367611611003343e-20,0.0025532087330673294,0.015625,0.0044349189386508163,0.19647731654741366
0.21030316729295434,0.15707683563232377,0.10557469787205506,0.10551570777809645,1.7656591164159731e-17,-2.2241379989990788e-17,0.2786132703693775,-1.7933192962088385e-19,-2.672266939446966e-18,0.0036326322204037328,0.0234375,0.0048209645428454913,0.23423281775036808
0.24535369517511341,0.15707683563232425,0.10558985970724244,0.10551048821918128,6.4014579143491359e-18,-3.4028372440998626e-17,0.28274082359057001,1.9929841524668883e-19,-3.4512622133672484e-19,0.0049376163407911147,0.0390625,0.005320997791495659,0.26918750332623081
0.28040422305727247,0.15707683563232433,0.10560591834836988,0.10552451179509927,1.0504204741902964e-17,7.5510156755683619e-17,0.28738894520032737,3.6027355271379589e-19,7.1103121966078174e-19,0.0065414784045151253,0.03125,0.0062220690981065509,0.31087630489460977
0.31545475093943154,0.15707683563232425,0.10562182005071268,0.10554983968140499,3.4342842217909843e-17,2.1701595324692418e-17,0.29251573714344409,1.0590393382516413e-19,-2.900095227610915e-19,0.0081811264254740661,0.015625,0.0075690300880350255,0.34504180730912459
0.3505052788215906,0.15707683563232411,0.1056362427757719,0.10555339377176204,1.4024479985884645e-17,7.4786891013837419e-18,0.29807356778499655,-5.1261375176646189e-19,1.4494851309889215e-19,0.0098047603177438374,0.0234375,0.0096515355820882831,0.3796098280475087
0.38555580670374967,0.15707683563232427,0.10564799236253779,0.10552696062838425,1.3152247115475387e-17,-2.3036654234239794e-17,0.30400794803171188,-1.8544727588948838e-19,-1.7836396286807429e-18,0.011136996942494561,0.0390625,0.012056069147478778,0.41634178502341063
0.42060633458590868,0.15707683563232444,0.10565614081425448,0.10552189705272143,4.961919796986116e-18,2.663208710190816e-18,0.31026271438963565,3.1730606938503514e-19,-1.8416481506778617e-18,0.012362310448239801,0.03125,0.014584377635824325,0.43684894049866613
0.45565686246806775,0.15707683563232422,0.10566084368346354,0.10549638820848647,9.4701976142308073e-18,-3.5326105310979623e-17,0.31678720057565157,1.7181203067216427e-19,5.3194727878754129e-18,0.013353567849876806,0.078125,0.017209994682823235,0.46577785932235677
0.49070739035022681,0.15707683563232422,0.10566146955202817,0.10553245541776468,7.5985031606690864e-18,-5.5852562320023118e-18,0.32351077238233594,-8.9629651581550846e-19,3.7730553239850775e-18,0.0149345222428739,0.09375,0.019636803539429881,0.4740312949058943
0.52575791823238593,0.15707683563232408,0.10566065625786096,0.10554886665941533,1.9128552592133642e-17,-3.2829726303591218e-17,0.33033549293605319,-1.7976917729267938e-18,-5.1306704674214095e-19,0.016173625512580794,0.0703125,0.021101338610451454,0.49849059231988929
0.56080844611454495,0.15707683563232439,0.10565785426285378,0.10555001243602283,1.6102942162010508e-17,-2.242730453188278e-17,0.33719423741569265,-1.121524561723897e-18,-5.4178344888753185e-19,0.017308548069320553,0.06640625,0.023285394164882425,0.50099468410047077
0.59585897399670396,0.15707683563232414,0.10565270793285787,0.10552221342000764,1.3491551768599243e-17,-3.338144392679829e-17,0.34404737447623568,-1.442629458072082e-18,5.1882091508305981e-19,0.018224654649171203,0.109375,0.02559273357591264,0.50237438344924401
0.63090950187886308,0.1570768356323243,0.1056453316104735,0.10551215827454785,3.0127085118192512e-17,7.6734922695044992e-18,0.35083188367486751,-1.7731311261788693e-18,-3.2104666283306119e-18,0.019151599186675375,0.11328125,0.028336877313494803,0.52280753661745583
0.66596002976102209,0.15707683563232452,0.10563568685052621,0.10551226419284239,8.3913234073958659e-18,3.1286130265540768e-17,0.35748328198031276,-2.2446869410606491e-18,-5.2617157287845103e-18,0.019967262963616624,0.12890625,0.030073563653291085,0.51662549837728211
0.70101055764318121,0.15707683563232414,0.10562303414727379,0.10553097323739796,1.5587792261538923e-17,5.1337712423577151e-17,0.3639618469490547,-2.6932008127991517e-18,4.6158001669439029e-18,0.020699609973051029,0.1171875,0.032081843702683292,0.50385637913513726
0.73606108552534022,0.1570768356323238,0.10560741478971096,0.10553729757493412,2.3178543739047549e-17,2.5124890271742059e-17,0.37021846541381248,-2.9293708038503918e-18,-2.3605749448793283e-18,0.021232459090253644,0.1484375,0.034258345895544329,0.50979215741439199
0.77111161340749934,0.15707683563232397,0.10558975013293419,0.10555057777035744,1.3370273736543103e-17,-2.6078621137118758e-17,0.37619310123105082,-2.6389553422036899e-18,-3.6114705544065188e-20,0.021629696415766425,0.1328125,0.036202549967727239,0.49984765825061611
0.80616214128965835,0.15707683563232436,0.10556997224822459,0.10553654685100547,2.5943872449135501e-17,5.9964324692122274e-18,0.38183535796370099,-2.6472823626351081e-18,-2.3604690657609215e-18,0.021626066821674443,0.140625,0.038145907387359262,0.49343964146078928
0.84121266917181736,0.15707683563232408,0.1055484540728521,0.10552688631094589,1.7094820576853818e-17,6.8586892604236026e-17,0.38709438561124687,-3.7202216439000905e-18,-2.7714918034160707e-18,0.021457009004209646,0.15625,0.039856455210875122,0.49767437536901887
0.87626319705397648,0.15707683563232433,0.10552562691710338,0.10551920333368421,2.4180364530118365e-17,-1.811534651642071e-17,0.39192452128410021,-3.7798580573427136e-18,1.6968716911463805e-18,0.021141233195748354,0.15234375,0.041374674693759397,0.49236037533769889
0.91131372493613549,0.15707683563232455,0.10550187222355911,0.10551286103245976,2.2107800373788488e-17,-1.6336503745933834e-17,0.39628492606332832,-2.7084407884048287e-18,-1.016651294941974e-18,0.021017347944577536,0.16796875,0.042498294317782633,0.4801853957320813
0.94636425281829462,0.1570768356323243,0.10547751853469331,0.10550739104988838,6.3969159124972699e-19,-3.7355024120818725e-17,0.40013640844610876,-3.1803843441987428e-18,1.1492483471342243e-18,0.020695451857079054,0.15234375,0.043488063799375247,0.46908266700213375
0.98141478070045363,0.15707683563232436,0.1054530936812549,0.10551689846304613,1.698178924033389e-17,-8.6085474764841733e-17,0.40345093852635511,-3.5795480002068724e-18,1.1967252055723179e-18,0.020277244808804384,0.1484375,0.044639654851389446,0.45907532807699336
1.0164653085826127,0.15707683563232447,0.10542932123920327,0.10552278302506997,2.5158003440025456e-18,-6.1609029640961919e-19,0.40620868900725626,-4.2054093952767442e-18,-4.2414116042575022e-18,0.019750337610134106,0.125,0.045309735980012519,0.45265014307095552
1.0515158364647719,0.15707683563232405,0.10540701532351486,0.10552407810695669,1.3918173445150061e-17,4.2482594016648086e-18,0.40838774066037159,-3.7722025007735353e-18,-7.7279514163889121e-19,0.019102418603316861,0.1171875,0.045416277930562958,0.44590844484769859
1.0865663643469308,0.15707683563232452,0.10538678665458444,0.10552559673345091,1.9413332158678645e-17,-5.0984505295219651e-17,0.4099691988993423,-4.0563216703926367e-18,-1.2265301774038286e-18,0.018498195743386053,0.125,0.04519260156198332,0.42742320032830361
1.1216168922290899,0.15707683563232436,0.10536890553333744,0.10552631355915361,1.2104590284846659e-17,-1.6843396418691e-17,0.41095249418765556,-4.189557306017778e-18,-6.8715547846005115e-19,0.018115891093085479,0.109375,0.04475899573389984,0.40294671783040997
1.156667420111249,0.15707683563232414,0.10535403385309407,0.10552559673345091,3.5755481152131641e-18,7.6246903685635258e-17,0.41132775525089915,-4.2616609856528003e-18,-1.075943601249775e-18,0.017817463068287173,0.0859375,0.044087347655588034,0.38898687552113359
1.1917179479934079,0.15707683563232352,0.10534224376813667,0.10552407810695669,1.1639657810067142e-17,6.1652169442899062e-17,0.41109602978310977,-4.643646375084888e-18,-7.5788272955578523e-19,0.017713922609478305,0.05078125,0.043088620614137332,0.37785685806511166
1.226768475875567,0.15707683563232411,0.1053337428647608,0.10552278302506998,-1.009740989082726e-18,3.7957633229123143e-17,0.41026383997623378,-4.4721751428250956e-18,-1.9001066589282092e-18,0.017957438088093979,0.04296875,0.041553715981989564,0.3704648250809614
1.2618190037577262,0.15707683563232427,0.10532880612668696,0.10551689846304613,1.1177927117462503e-17,6.7583892209205836e-17,0.40884096657906399,-4.8929916989328727e-18,-9.391477802682055e-19,0.018784486237740997,0.04296875,0.039519181121242621,0.36619047007887734
1.2968695316398853,0.15707683563232436,0.10532711126355015,0.10550739104988838,1.7060443547185418e-17,1.8070184536268142e-17,0.40684148124363206,-4.7756246961789487e-18,6.2828668862587728e-19,0.020215342891252611,0.06640625,0.037237916534352475,0.3621873351649833
1.3319200595220442,0.15707683563232433,0.10532873344035505,0.10551286103245976,-4.5458566290880479e-18,2.1079185721358454e-17,0.40429077164069016,-4.9686952685937258e-18,-3.7085220013161405e-18,0.021951609171600054,0.11328125,0.034961908070941947,0.35849247750356156
1.3669705874042033,0.15707683563232436,0.10533297244075457,0.10551920333368421,-2.1031327503584838e-17,3.0958200364880758e-17,0.40120997063088365,-5.0851622988411921e-18,-5.8718441486036235e-18,0.024021999439233426,0.14453125,0.032839635606221912,0.35509403269710804
1.4020211152863624,0.15707683563232416,0.10533893140339698,0.10552688631094589,-2.5371596014067956e-18,8.7627722684081675e-17,0.39762929577810224,-4.9164968632191795e-18,-1.3402178807931167e-18,0.026093019451343395,0.203125,0.030802216607394121,0.35197762665394788
1.4370716431685213,0.1570768356323243,0.10534741053371997,0.10553654685100544,-3.732266926936614e-18,5.99589322168802e-17,0.39359163483359433,-5.0258699925333911e-18,-3.0010377321219861e-18,0.028160244839418546,0.2578125,0.028785823867814909,0.3492243541786571
1.4721221710506804,0.15707683563232439,0.10535755558251919,0.10555057777035744,4.404304153982991e-18,-9.792735039648744e-18,0.38913258285153463,-4.7441256584529294e-18,-5.6465333846339796e-18,0.030333588638941571,0.296875,0.027110515354139386,0.34708649897467353
1.5071726989328396,0.15707683563232422,0.10536888776602202,0.10553729757493412,2.8559897000957995e-18,5.4264478361225452e-17,0.38429440466150833,-5.0810330132233274e-18,-1.2061749168901237e-18,0.032665291278461378,0.3515625,0.025441412439495929,0.34578844287954447
1.5422232268149987,0.15707683563232425,0.10537880008090426,0.10553097323739796,-1.3200105333249003e-17,-1.0892799989036608e-17,0.37911258408513238,-5.1397429843798911e-18,7.0282558798425571e-19,0.034916127733775011,0.4296875,0.024280913921295277,0.34534838536718854
1.5772737546971576,0.15707683563232433,0.10538609876786389,0.10551226419284239,-4.2263524709937809e-19,9.2551052580116445e-17,0.37363007345500432,-4.8772686498494647e-18,-2.8290900438293631e-18,0.03707366040089885,0.4921875,0.023653725353707251,0.34501637154617498
1.6123242825793167,0.15707683563232402,0.10538857844450254,0.10551215827454782,-1.0250421375821778e-17,3.7100229665629691e-17,0.36788893063354294,-4.3091213004786428e-18,-2.2384963213563022e-18,0.039047983485456239,0.578125,0.023519476363309481,0.34498370039611315
1.6473748104614758,0.15707683563232427,0.10538605049229784,0.10552221342000764,-1.0706759593184248e-17,4.3474135401788672e-17,0.36193802903571115,-4.8302583212768511e-18,2.8799120206646212e-20,0.04103022207370343,0.62109375,0.023674054734668132,0.36775214968849534
1.6824253383436347,0.15707683563232377,0.10537978799271831,0.10555001243602283,-2.3384468887355145e-17,-5.8454431624335242e-18,0.35583951523736562,-4.0461705099153859e-18,-5.073727354053259e-19,0.043047918752782646,0.70703125,0.023957824193774204,0.37121873982074355
1.7174758662257938,0.15707683563232419,0.10537094179849281,0.10554886665941532,-3.2248350066552572e-17,4.6768937774710167e-17,0.34967270836476727,-3.7178923032951412e-18,-4.4428995665856189e-18,0.045340223291529154,0.7578125,0.024257855129609804,0.39648567600566259
1.752526394107953,0.15707683563232458,0.10535974118603408,0.10553245541776468,-1.9603669683239543e-17,-1.9059703743192974e-17,0.34350322927102866,-3.6616175518619336e-18,-6.6406324273553079e-18,0.047678808098852637,0.8125,0.024516509173505518,0.41937319629215747
1.7875769219901121,0.15707683563232464,0.10534563669341604,0.10549638820848647,-2.5727499380046301e-17,2.5387773439794172e-17,0.33738201868664774,-3.4885581328260393e-18,-5.9285953560696616e-18,0.049918289490785792,0.8984375,0.024736234473760662,0.42692812841917333
1.822627449872271,0.15707683563232414,0.1053298282739883,0.10552189705272143,-1.1366663750935919e-17,-1.9089362357024565e-18,0.33136201047175851,-3.1050639659566549e-18,-5.7014846470871024e-18,0.051624980109586653,0.9765625,0.024983811874519583,0.43669689351686231
1.8576779777544301,0.15707683563232397,0.10531160488187007,0.10552696062838425,-1.2817239591060115e-17,1.1396726800410623e-16,0.3254746641705592,-3.6941753807720207e-18,-3.4648941498621223e-18,0.053319793697027031,1.0390625,0.025204211059165604,0.44487424177489515
1.8927285056365892,0.15707683563232416,0.10529119132164617,0.10555339377176204,-1.2754552066370719e-17,6.4291786073905456e-17,0.31977283813114504,-2.917128530784607e-18,-1.1678466760268666e-18,0.054486973719890947,1.0859375,0.025534521728661011,0.45297106046835695
1.9277790335187484,0.1570768356323238,0.10526704017251504,0.10554983968140499,-1.4977937014628011e-17,-3.6323713230767723e-17,0.31429867623150948,-2.8191638764787268e-18,-4.6487285727684138e-18,0.055559102413275531,1.14453125,0.026014564625643406,0.4564788991275931
1.9628295614009073,0.15707683563232414,0.10523970956167165,0.10552451179509924,-7.3887021707812419e-18,7.8058775366979971e-17,0.30910011131559151,-3.1877290876527542e-18,-1.7923217163900995e-18,0.056556522885107381,1.18359375,0.026654510423948459,0.4521524520334767
1.9978800892830664,0.15707683563232452,0.10520913711902621,0.10551048821918128,-1.0780232068357807e-17,-5.9748625682438318e-18,0.30421572065553626,-3.3208985488288913e-18,-9.6238824675849537e-19,0.057085550586113261,1.24609375,0.027732020678136921,0.44630884889966199
2.0329306171652255,0.15707683563232411,0.10517696678887564,0.10551570777809645,-1.4358813450894681e-17,4.5690442726290726e-17,0.29969811309337846,-3.0812411643151277e-18,-5.5088905307051558e-19,0.05726636703494966,1.29296875,0.029352954090249652,0.45415605666675379
2.0679811450473844,0.15707683563232375,0.10514362875358819,0.10552337020134414,-1.126488078074136e-17,3.7820125110449752e-17,0.29558755123928626,-2.544592852670325e-18,-6.4220979269636984e-19,0.05717016621846957,1.3125,0.031483528691600315,0.45649978965080551
2.1030316729295437,0.15707683563232444,0.10510969784675483,0.10552355865174602,-1.370531285749298e-17,-2.6247873240908725e-17,0.29191969719787558,-2.4093058091260522e-18,-1.1078132158902181e-18,0.056719473303280823,1.34375,0.034145442988375956,0.453046904070733
2.1380822008117026,0.15707683563232405,0.10507508563601221,0.10551820907260487,-1.5833992459310939e-17,-4.0227865306046141e-18,0.28872283759606343,-2.4899062880132192e-18,-5.5337721235307509e-18,0.056074317319390457,1.359375,0.037327604585020296,0.44544193685012556
2.1731327286938615,0.15707683563232433,0.10504077513803946,0.10551640388015925,-1.842608790224657e-17,7.9382628038914768e-17,0.28602760445009767,-2.2159970086948599e-18,-3.8310506110923953e-18,0.055038012298846868,1.3828125,0.041040760895883065,0.44076392020457456
2.2081832565760209,0.15707683563232394,0.10500683942148255,0.10552405086382642,-4.3574570253172831e-18,-5.2239603907817993e-17,0.28385436798662572,-1.5816222707605923e-18,9.6484993626145318e-19,0.053700869753795122,1.421875,0.04520947840913539,0.43970578458563481
2.2432337844581798,0.15707683563232458,0.10497338207465566,0.1055274135713139,-1.5639863350595382e-17,-7.7813417743464319e-18,0.28222357612712301,-1.5649463096115233e-18,-1.3504616854989734e-18,0.051909813626954987,1.4296875,0.049495342370741713,0.43506660424877003
2.2782843123403387,0.15707683563232419,0.10494005784932713,0.10552405086382642,-1.4302529490555282e-17,-4.5401945300838494e-17,0.28114933874955333,-1.2499294625717286e-18,-2.206811995173071e-18,0.049444767376865116,1.421875,0.053593975593682439,0.42753085762556109
2.313334840222498,0.15707683563232436,0.10490776239241707,0.10551640388015925,-1.0406803157842578e-17,-7.844433734678982e-17,0.28063829183812422,-8.7352919663559892e-19,-1.0660174338991387e-18,0.046402570588161565,1.3828125,0.057412500150580095,0.41727625047038852
2.3483853681046569,0.15707683563232405,0.10487743923296158,0.10551820907260487,-2.6846775022484227e-17,-1.0372560940055281e-16,0.28068912058012402,-5.3670125120400605e-19,-9.1828959394206836e-19,0.042638069094692387,1.359375,0.060979331998728431,0.39664249707247007
2.3834358959868158,0.15707683563232419,0.10484970475221898,0.10552355865174604,-1.9057007505571975e-17,6.8071911218615677e-17,0.28129399797889254,-3.3471036306345712e-19,-2.5998617524786681e-19,0.038659158079561586,1.34375,0.064099626145971769,0.37616815970222489
2.4184864238689752,0.1570768356323245,0.1048252400048585,0.10552337020134417,-1.4381057411268296e-17,1.2441788502329047e-17,0.28244099856319677,-3.1499037726019294e-21,-1.5200270936274437e-18,0.034847948561555618,1.3125,0.066807735800021389,0.35511864631100387
2.4535369517511341,0.15707683563232447,0.10480443857707467,0.10551570777809648,-2.8925237198610043e-17,-1.3032264541338706e-17,0.28411277257438849,-7.9885794837921201e-20,8.0494599768760229e-20,0.030820706070102379,1.29296875,0.069037220253816617,0.34126547919371997
2.4885874796332934,0.15707683563232414,0.10478761757528191,0.10551048821918128,-9.8240788019934501e-18,1.4281970678694792e-17,0.2862891002734127,4.1635639824489116e-19,-9.3366853589065425e-19,0.027009206863702586,1.24609375,0.07049292377124354,0.33642234591691705
2.5236380075154523,0.15707683563232441,0.10477439669225858,0.10552451179509927,-2.7225259378538871e-17,-7.9533617345693455e-17,0.28894917712491641,9.208703974532338e-19,-5.6107991821716888e-19,0.024807043948849049,1.18359375,0.070792407273482599,0.33609332144365484
2.5586885353976112,0.15707683563232441,0.10476297460546702,0.10554983968140499,-1.9128120772827106e-17,-2.0480620969485642e-17,0.29206961705470547,1.1245024119290879e-18,5.9850818657396828e-19,0.025254196229831667,1.14453125,0.069837064737458418,0.33576441227634818
2.5937390632797706,0.1570768356323245,0.10475302005034821,0.10555339377176204,-1.3319076818277755e-17,-7.3117919926408113e-17,0.29561696470962229,1.292863445085681e-18,-1.4913073827596025e-19,0.029461423429872079,1.0859375,0.068751307005167392,0.33543561875418454
2.6287895911619295,0.15707683563232408,0.10474548851980967,0.10552696062838428,-1.9622206316884314e-17,-6.0070826078153808e-17,0.29954728460744123,1.9222353946752278e-18,-4.5651899483454585e-18,0.034269864401439365,1.0390625,0.06657718759935001,0.33510694121756301
2.6638401190440884,0.15707683563232391,0.1047390681040757,0.10552189705272143,-9.1661968224575885e-18,5.3772414995384171e-17,0.30383033574747109,2.0769909611165487e-18,4.1135493338915054e-18,0.039281896236736065,0.9765625,0.063516611498843162,0.3347783800080994
2.6988906469262477,0.15707683563232439,0.10473178149614311,0.10549638820848649,-1.5148979588713228e-17,1.2974295432486167e-17,0.30843123029644537,1.5768974151016894e-18,-1.5515261313534629e-18,0.044441113837956236,0.8984375,0.059852865042743515,0.34933550222817633
2.7339411748084066,0.15707683563232452,0.10472403576908869,0.10553245541776471,-3.176639759179006e-17,1.9457398792297658e-17,0.31329425803676719,1.8930392277745562e-18,8.6689851684537385e-19,0.049599932446953932,0.8125,0.0586097176473288,0.36041919308001369
2.7689917026905655,0.15707683563232447,0.10471773967621964,0.10554886665941533,-1.3263635432194944e-17,4.1633953225422907e-17,0.31836304204121535,2.5400268156890323e-18,3.2766146075552524e-18,0.054599927752867664,0.7578125,0.055476486833728147,0.36595948584169435
2.8040422305727248,0.15707683563232394,0.10471120297158965,0.10555001243602281,-1.7625979388200422e-17,3.6339890656493981e-17,0.32359639806655616,2.5046764250309661e-18,9.4919306162704947e-19,0.058939287524901109,0.70703125,0.052915953563945017,0.38183910101722324
2.8390927584548837,0.15707683563232441,0.10470380148238732,0.10552221342000764,-2.9422693039693529e-19,-3.1971985710395042e-17,0.32894061165480215,2.960088983078161e-18,1.6915247956668378e-18,0.062465750356599577,0.62109375,0.049743889976150604,0.39106156898736855
2.8741432863370426,0.15707683563232389,0.10469500142953762,0.10551215827454788,-1.2506835234936894e-17,2.5987686310477622e-17,0.33434202619726139,2.9507583857685629e-18,-2.0914103735545731e-18,0.065834113381097625,0.578125,0.044011679626409998,0.39952408419678631
2.909193814219202,0.15707683563232419,0.10468576407385349,0.10551226419284239,-1.3851752263286208e-17,3.3778464916497695e-17,0.33974956431575992,3.5299171634536907e-18,-2.7945469814491487e-19,0.068783124419532146,0.4921875,0.039763831647376603,0.38290688170445231
2.9442443421013609,0.15707683563232433,0.104675642813243,0.10553097323739796,-1.1374415434096421e-17,4.2502141739400613e-17,0.3451251644631782,3.4078253050408638e-18,2.7053901463057332e-18,0.071499057298413757,0.4296875,0.037537083478312742,0.35820389774599265
2.9792948699835202,0.15707683563232397,0.1046650670328996,0.10553729757493412,6.7323368249072142e-18,-2.9078922743009908e-17,0.35042242393757178,3.571633536105965e-18,3.5765635325567811e-18,0.073675169440112015,0.3515625,0.035183680395068834,0.36819942182299625
3.0143453978656791,0.15707683563232419,0.10465378738034753,0.10555057777035745,-1.1961689690931092e-17,1.3899104936505875e-18,0.35559138808413554,3.7976722190146556e-18,-3.1526301599009042e-18,0.075411561087560655,0.296875,0.034911375765536115,0.35371331424193353
3.049395925747838,0.15707683563232436,0.10464098347523973,0.10553654685100547,-1.1600056820007929e-17,-1.5417760776561521e-17,0.36059460229878404,3.5247026168721564e-18,9.4593727873604075e-19,0.076562252022413055,0.2578125,0.032648611238870889,0.34382450050291818
3.0844464536299974,0.15707683563232411,0.10462671780353916,0.10552688631094591,-1.4196870678780445e-17,1.362745899618523e-17,0.36539331323481805,3.7967193069489945e-18,3.8411157447859406e-18,0.076999168184026009,0.203125,0.031805074939119417,0.35516466486969978
3.1194969815121563,0.15707683563232447,0.10461150575835142,0.10551920333368421,-1.1318637018310967e-17,2.8841653832357536e-17,0.36994313949980279,4.6076210050469786e-18,1.7143748329080026e-18,0.076906155253797029,0.14453125,0.03243674897111197,0.34697032022224439
3.1545475093943152,0.15707683563232377,0.10459586273650506,0.10551286103245976,-2.7416523734782122e-17,-7.087060586926439e-17,0.37419994751279301,4.6808827375395751e-18,1.273566975756044e-18,0.076227535527690182,0.11328125,0.034136169721806671,0.33019093166850993
3.1895980372764745,0.15707683563232433,0.1045800700355075,0.10550739104988838,-1.5556111469491584e-17,-2.0866182949295612e-17,0.37812804642889075,5.2570835173542134e-18,1.433894430803522e-18,0.074886619176246255,0.06640625,0.037345784840456198,0.34265467078860057
3.2246485651586334,0.15707683563232425,0.10456454680199258,0.10551689846304613,-1.130018464209193e-17,-2.2553353640666826e-17,0.38169848962294167,4.9086221037876747e-18,2.6287005773547169e-18,0.07316905441830733,0.05078125,0.04086984587992154,0.33353147203358391
3.2596990930407923,0.15707683563232422,0.10454933370412987,0.10552278302506997,-7.3605601906115425e-18,-9.7855900099529755e-17,0.38488045133976134,5.089576134589775e-18,5.5560927651798818e-18,0.070992480753861012,0.05078125,0.044266903572948657,0.32921097452017928
3.2947496209229516,0.15707683563232416,0.10453490049986151,0.10552407810695669,-1.6703107804970834e-17,-9.2885386045126569e-19,0.38764407274696455,5.297324199793693e-18,6.3051015011241981e-20,0.068299652181691914,0.06640625,0.048367023782796073,0.32888456703165164
3.3298001488051105,0.15707683563232383,0.10452135000974509,0.10552559673345091,-5.9159666277090765e-18,2.5160615420220949e-17,0.38996451033552276,4.9056707233620855e-18,2.7111804105936044e-18,0.06511023999123372,0.07421875,0.052210843758048527,0.32855828259859038
3.3648506766872694,0.15707683563232414,0.10450884092440584,0.10552631355915361,-1.1275749988651185e-17,-5.2266566284028414e-17,0.39182336202934909,5.6610851459700125e-18,2.7296695516453896e-18,0.061459505999622563,0.07421875,0.055856864042903465,0.3282321215879716
3.3999012045694288,0.15707683563232433,0.10449765888055024,0.10552559673345091,-8.0844999918631031e-19,-7.3937576163206988e-18,0.3932091689970193,5.3334223617255072e-18,4.7370185226298738e-18,0.057424859627123834,0.07421875,0.059364840966324627,0.32790608436809193
3.4349517324515877,0.15707683563232455,0.10448806967722229,0.10552407810695669,1.6595342557554503e-18,-4.5027168271512627e-18,0.39411322716134539,4.9356808359855093e-18,2.0448831184596904e-18,0.052995300772394456,0.06640625,0.062291346908329139,0.32758017130857442
3.470002260333747,0.15707683563232444,0.10448019996354796,0.10552278302506997,1.6388996122118636e-17,-4.4245259361408549e-18,0.39453197826910319,5.1031948361948481e-18,1.8190760461225146e-18,0.048135086045610995,0.05078125,0.064722818175984603,0.32725438278037344
3.5050527882159059,0.157076835632324,0.10447421944456908,0.10551689846304613,2.867954254539207e-18,1.3738678798053496e-17,0.39446551388559958,5.519921811354163e-18,1.5501712095101011e-18,0.042964288669616164,0.05078125,0.066616092200150384,0.32692871915578009
3.5401033160980648,0.15707683563232394,0.10447044796129049,0.10550739104988838,7.5196382102534265e-18,-2.4813474826510918e-17,0.3939153838735388,5.7455700650137285e-18,1.9104960474218753e-18,0.037578171205853612,0.06640625,0.068070151471861309,0.32660318080842715
3.5751538439802242,0.15707683563232422,0.10446896465443749,0.10551286103245976,3.2215826700248668e-18,5.1808879947855378e-17,0.39288893548703457,5.3366582922818146e-18,6.4674274245316043e-19,0.032106948831209597,0.11328125,0.069092694973740279,0.32627776811329456
3.6102043718623831,0.15707683563232455,0.10446965843040298,0.10551920333368421,1.9410130376503646e-17,-1.2608078957607219e-16,0.39139745108657803,5.4461505356042338e-18,1.1991041770140204e-18,0.026815191481580597,0.14453125,0.069624768618360366,0.3259524814467149
3.645254899744542,0.15707683563232464,0.10447223168345787,0.10552688631094591,-6.5029881122667336e-19,-3.307609501621442e-17,0.38945310745444256,5.3041534029309308e-18,1.818146295114005e-18,0.022347420878318258,0.203125,0.069751283857431318,0.3256273211863781
3.6803054276267013,0.15707683563232419,0.10447628797716951,0.10553654685100547,2.6486321755520259e-18,-2.2113192849030637e-17,0.38707379254489571,5.1280168720163393e-18,2.6362246122064992e-20,0.01861810190269229,0.2578125,0.069543433600470786,0.32530228771133746
3.7153559555088602,0.15707683563232458,0.10448165298702454,0.10555057777035744,1.2347925730146284e-17,5.8327034396740397e-17,0.3842856723828133,5.2376613165714683e-18,-1.9434939364178406e-19,0.01690277630623568,0.296875,0.069034628718903007,0.32497738140201443
3.7504064833910191,0.15707683563232422,0.10448866489777636,0.10553729757493412,1.0179308108566606e-17,4.2456979759248082e-17,0.38112035232513486,5.2997395671823479e-18,1.567937394706515e-18,0.018628493752762931,0.3515625,0.068122274267862937,0.32465260264020435
3.7854570112731785,0.15707683563232369,0.10449670548095855,0.10553097323739793,2.1696287106876058e-18,-1.7245135824227324e-17,0.37760469874941816,5.275016793034363e-18,4.5615867495971775e-19,0.023350171235295782,0.4296875,0.067062725233714246,0.32432795180908175
3.8205075391553374,0.15707683563232397,0.10450403707290647,0.10551226419284244,1.2803842660380531e-17,1.9962269286839093e-17,0.37376305135941151,5.2691934415219897e-18,-2.4293599758967878e-18,0.029781960802963491,0.4921875,0.065843128496639217,0.3240034292932053
3.8555580670374967,0.1570768356323238,0.1045100919903601,0.10551215827454785,2.0523423741719866e-18,-9.6761227625384262e-18,0.36963140399235239,5.1721552295021689e-18,3.6339996455700131e-18,0.036924130072261141,0.578125,0.064440034046857664,0.32367903547852406
3.8906085949196556,0.15707683563232419,0.1045152411054717,0.10552221342000764,1.3333147808362629e-17,-2.9827802742256137e-17,0.36525045774277654,5.3726836623197241e-18,6.0500717921067491e-18,0.044294567880210654,0.62109375,0.062719415780316395,0.32335477075238234
3.9256591228018145,0.15707683563232411,0.10451813212481396,0.10555001243602283,7.019317616697575e-18,3.4781465311527814e-19,0.36065384350912516,5.1158143036199571e-18,-2.8923164211304664e-18,0.051700320260155357,0.70703125,0.060705181174105095,0.32303063550352495
3.9607096506839738,0.15707683563232464,0.10451684693205329,0.10554886665941533,1.8382274040904495e-17,2.8404863337747619e-18,0.35587201456221329,5.174372073543811e-18,2.6615181409771457e-18,0.059355384220919523,0.7578125,0.058200037490453396,0.3227066301221036
3.9957601785661327,0.15707683563232427,0.1045125760332256,0.10553245541776468,1.0621154048715954e-17,-3.1166484721106782e-17,0.3509605885362741,5.0045419676193238e-18,4.018327610496851e-18,0.067024657530203882,0.8125,0.055142891159118052,0.32238275499968155
4.0308107064482916,0.15707683563232452,0.10450577947808194,0.10549638820848647,1.897704720862271e-17,2.1312747305281768e-17,0.34597162372070245,5.1209428234177859e-18,3.8362022919473756e-18,0.074579423567189926,0.8984375,0.051484401886718205,0.32205901052923935
4.065861234330451,0.157076835632324,0.10449799908383475,0.10552189705272143,1.5682329093126957e-17,8.6221971794407518e-17,0.34096786390079609,4.2231970871690845e-18,5.6059684473943792e-18,0.081308920737175119,0.9765625,0.047182753996746339,0.33584421165715478
4.1009117622126103,0.15707683563232461,0.10448998700566116,0.10552696062838424,2.0515924830836223e-17,-1.2023467235423337e-16,0.33600262149398064,4.9938878813296408e-18,2.766263194764123e-18,0.087723955730058173,1.0390625,0.042217208207707364,0.3500994601821702
4.1359622900947688,0.157076835632324,0.10448091145929297,0.10555339377176204,6.7819223199068108e-18,-1.2127676819476916e-17,0.33110970315933907,4.7396191784757405e-18,2.0704165296079772e-18,0.093335166114669216,1.0859375,0.03665153219825127,0.3596618971167953
4.1710128179769281,0.1570768356323243,0.10447040336728916,0.10554983968140499,1.4005985480952748e-17,7.1533206264636861e-17,0.32632004819505167,4.1243490039689977e-18,3.0220233042624564e-18,0.098285663805980542,1.14453125,0.030635154929311317,0.36686738542259772
4.2060633458590875,0.15707683563232425,0.10445752258420772,0.10552451179509927,1.7015070923468722e-17,4.1786290651012219e-17,0.32166329734282734,4.0600175133695236e-18,3.503208328654966e-18,0.10233238559121888,1.18359375,0.024475031160036069,0.37396096761207098
4.2411138737412459,0.15707683563232425,0.10444275860459684,0.10551048821918128,3.0794614572966214e-17,-1.9239003544992751e-17,0.31718099206531564,3.7106726709087783e-18,-1.8362747854187172e-18,0.10517490764263211,1.24609375,0.018882852826819944,0.36706918100008445
4.2761644016234053,0.15707683563232397,0.10442693969308686,0.10551570777809645,2.9110182247928943e-17,-2.1794699780044296e-17,0.31291815796228056,3.7091374236918799e-18,1.8663080590992925e-18,0.1066717988028079,1.29296875,0.015345610152704581,0.35741678406804284
4.3112149295055646,0.15707683563232464,0.10440960548283371,0.10552337020134417,1.5216132756962449e-17,4.1519026096825668e-17,0.30890727301768933,3.5095619029399858e-18,4.4109158010206435e-18,0.10694463623264201,1.3125,0.016180155543893012,0.3572751311398904
4.3462654573877231,0.15707683563232416,0.10439128197107782,0.10552355865174602,3.4779569519450501e-17,1.0243343752066517e-17,0.30518708535747602,3.349082246659798e-18,1.7091834473836198e-18,0.10607484709860129,1.34375,0.021356900370353038,0.3718305570692938
4.3813159852698824,0.15707683563232436,0.10437146547916472,0.10551820907260485,2.5417010766497464e-17,-1.1711782166430132e-18,0.30178402361354312,3.0342705404119165e-18,8.7582048693237081e-19,0.10393216402284586,1.359375,0.028835371675996428,0.37576633539027232
4.4163665131520418,0.15707683563232455,0.10435124547173728,0.10551640388015925,1.7564977012024128e-17,6.6327445477797044e-19,0.29873369250345805,2.8865658615119977e-18,1.4225240061033681e-18,0.10050281837536952,1.3828125,0.037324964337687234,0.36514725745307658
4.4514170410342002,0.15707683563232411,0.10433109808133743,0.10552405086382639,9.3465498420780361e-18,-4.4738333816357912e-17,0.29606215080797799,2.7863479672175231e-18,2.4579762891880598e-18,0.095738486217874272,1.421875,0.046246523623654626,0.36636894505098533
4.4864675689163596,0.15707683563232405,0.10431118941251286,0.1055274135713139,2.9565846405886151e-17,-2.588388116206722e-17,0.29379133125544843,1.1333598619283058e-18,2.7047594210886615e-18,0.089831662413754246,1.4296875,0.055176258420637871,0.36320003950981505
4.5215180967985189,0.15707683563232436,0.10429176703717136,0.10552405086382639,2.6201826557786769e-17,-3.294499046189099e-17,0.29194018623261347,1.911740127063155e-18,4.7941816660409633e-19,0.082868564690796065,1.421875,0.06382616694978939,0.35881325309008516
4.5565686246806774,0.15707683563232439,0.10427309921042889,0.10551640388015925,1.7986601170015633e-17,3.8893227683626964e-19,0.29052446990292852,1.4149950081679104e-18,2.8237050980416429e-18,0.074938509164634168,1.3828125,0.071987763890033349,0.35282395290238633
4.5916191525628367,0.15707683563232425,0.10425551530903643,0.10551820907260487,1.5914079142398629e-17,6.2350494986750389e-20,0.28955682429221863,1.394600042984803e-18,2.6035468421075918e-18,0.065933273449228974,1.359375,0.079554426825885274,0.34428593990053258
4.626669680444996,0.15707683563232416,0.104239229272357,0.10552355865174602,1.2206668156031063e-17,9.9140657325959485e-17,0.28904363043136511,1.9071079156328581e-18,2.5619082244328975e-18,0.056024647361339719,1.34375,0.086357630655912496,0.3403076600180085
4.6617202083271545,0.15707683563232447,0.10422454033907741,0.10552337020134417,2.9772571999737411e-17,2.2039720373857023e-17,0.28898637603406346,9.7255925957044739e-19,2.3496329997364768e-18,0.045759112987024342,1.3125,0.092230774560982443,0.33451679739572449
4.6967707362093138,0.15707683563232411,0.10421156463356387,0.10551570777809648,1.641920240921698e-17,-2.170302770092862e-17,0.28938285331994484,6.2924621813643879e-19,3.0394275979408784e-18,0.035994937781879142,1.29296875,0.097071997918102393,0.31593322268758978
4.7318212640914732,0.15707683563232411,0.1042002499913661,0.10551048821918128,1.6285275231133955e-17,-5.1120328265380111e-17,0.29022602977084133,4.5203766114797856e-19,1.685343274949229e-18,0.02795284949913893,1.24609375,0.10083745908640838,0.31561217601512748
4.7668717919736316,0.15707683563232391,0.10419061786343758,0.10552451179509927,3.8798101050059456e-17,4.151329659188113e-17,0.29150557584939901,-3.4992056016708219e-19,2.1306406548758192e-18,0.023869588463006575,1.18359375,0.10363676817016994,0.3152912685846358
4.801922319855791,0.15707683563232411,0.10418296184425312,0.10554983968140499,2.3482544530820742e-17,-4.0302854414881541e-17,0.2932057750043251,5.4056914774830401e-19,5.2082269216543813e-19,0.023154044024962656,1.14453125,0.10543691643445886,0.31497050082171435
4.8369728477379503,0.15707683563232389,0.10417706178819386,0.10555339377176204,3.2556858630598566e-17,1.052649925673204e-16,0.29530524135236957,7.6118483456109691e-19,1.8128018811762999e-18,0.028870893791393026,1.0859375,0.10593283518903739,0.31464987315351273
4.8720233756201088,0.15707683563232422,0.10417251798459044,0.10552696062838425,3.2278303581373908e-17,-1.001365800972343e-17,0.29778436066082892,-1.734035261707163e-19,8.8826128334516834e-19,0.038763535128228561,1.0390625,0.10485452872455463,0.31432938600873656
4.9070739035022681,0.15707683563232414,0.10416951258403299,0.10552189705272143,3.9178102039775952e-17,-3.104195224598462e-17,0.30061654378903868,-2.4172202732269596e-19,-2.0823763204945752e-18,0.048813025518320036,0.9765625,0.10244014452278172,0.31400903981765294
4.9421244313844275,0.15707683563232405,0.10416763870555534,0.10549638820848649,2.2354211215124711e-17,-5.1352036185938999e-17,0.30377300348278158,-4.6360826355637031e-19,1.1289226583274182e-18,0.058561455219460511,0.8984375,0.098138206993073324,0.31368883501209749
4.9771749592665868,0.15707683563232422,0.10416518402924789,0.10553245541776471,2.5737652399838131e-17,3.9503082930537948e-17,0.3072268549571735,-3.5648175678585281e-19,4.8583138061128121e-18,0.06800450283625542,0.8125,0.093391666388978653,0.31336877202547941
5.0122254871487453,0.1570768356323245,0.10416198125332404,0.10554886665941533,2.8230703238913032e-17,-3.7285596002076673e-17,0.31094347949396434,-8.684966297888263e-19,2.5971440505761251e-18,0.077013299524842371,0.7578125,0.088766468459866618,0.31304885129278859
5.0472760150309046,0.15707683563232397,0.10415963956406186,0.10555001243602283,2.1144569483668933e-17,1.0445730088496495e-17,0.31487802973661783,-1.7305941903589424e-18,-2.6189778964347686e-19,0.085208844219135341,0.70703125,0.084022439745128075,0.31272907325060056
5.082326542913064,0.15707683563232433,0.10415826873419486,0.10552221342000769,2.4990710321381975e-17,4.5822389854870732e-17,0.31899509984251689,-1.5695652861520194e-18,1.0359990494695893e-18,0.092337025371585044,0.62109375,0.077450344021434553,0.31240943833708346
5.1173770707952224,0.15707683563232425,0.10415515132308564,0.10551215827454788,2.4537868787184301e-17,5.6970995388204353e-17,0.32326872289548397,-2.1743269581568885e-18,4.2355574402673112e-18,0.098987175138680966,0.578125,0.070031973810417106,0.31208994699200415
5.1524275986773818,0.15707683563232433,0.10415058294283645,0.10551226419284239,1.1101632018529387e-17,1.5210150479740776e-17,0.32764566576917348,-2.5786180999870812e-18,4.3764345703912174e-18,0.10475611829845516,0.4921875,0.064767196946558109,0.32759797810128177
5.1874781265595411,0.15707683563232414,0.10414602592101074,0.10553097323739793,3.4528145361287724e-17,-2.9147171257792671e-17,0.33206749697865584,-2.9999276557399399e-18,5.9749542799098898e-18,0.10991874207652319,0.4296875,0.057818931991151762,0.34110072215129023
5.2225286544416996,0.15707683563232441,0.10414023637992269,0.10553729757493407,1.8099337605545726e-18,-2.21792506707463e-17,0.33650011250262057,-2.9874521177414152e-18,3.4394844022154121e-18,0.1141486160487598,0.3515625,0.049976312416369649,0.34072113808879739
5.2575791823238589,0.15707683563232383,0.10413403319175911,0.10555057777035742,4.443049931171733e-17,5.6024784498067735e-17,0.34090742328166368,-3.2745102600769175e-18,1.5675637158647942e-18,0.11755084654952606,0.296875,0.045232050229454576,0.34621313447503987
5.2926297102060182,0.1570768356323238,0.10412731717349752,0.10553654685100544,3.5573927464195631e-17,-5.5398414795727877e-17,0.34525393216119804,-3.4263194091763244e-18,6.5755639188300491e-18,0.11994866103841216,0.2578125,0.042035099259533672,0.35386641289223453
5.3276802380881767,0.15707683563232444,0.1041196450591489,0.10552688631094591,2.7769435962149576e-17,2.6465931458511037e-17,0.34950740345994746,-3.5949054354595319e-18,6.2352585061032833e-18,0.12140091667093759,0.203125,0.039033470927952098,0.35490960284313361
5.362730765970336,0.15707683563232389,0.1041109582290696,0.10551920333368421,1.8204195971776883e-17,8.267052130293253e-17,0.35363113547098229,-3.6106714979347926e-18,1.9952469050325271e-18,0.1219650327164066,0.14453125,0.039009892103821851,0.35286001767776914
5.3977812938524954,0.15707683563232439,0.10410124099751715,0.10551286103245974,1.0149270336319601e-17,2.6035713043102468e-17,0.35758974993114861,-4.2513328085244632e-18,-3.7102729358777621e-18,0.1216844066982548,0.11328125,0.039940498115136273,0.35927693386043535
5.4328318217346538,0.15707683563232436,0.10409068039206104,0.10550739104988838,3.5950853057875546e-17,-5.0296796187000979e-17,0.36134786608088582,-4.4637197026035786e-18,2.4279091011023698e-18,0.12041100246465174,0.06640625,0.043550715813704961,0.34780291429867649
5.4678823496168132,0.15707683563232447,0.1040791813185071,0.10551689846304613,3.1398782443645213e-17,5.2592642521323878e-17,0.36487378724735792,-4.3515904074883403e-18,2.542151118899645e-18,0.11831583972973347,0.05078125,0.048015189897130446,0.32456858374185771
5.5029328774989725,0.15707683563232408,0.10406715605045963,0.10552278302506998,2.1308892528057986e-17,-2.5241502548852371e-17,0.36814230408703957,-4.0894403277580348e-18,9.2668485677402217e-19,0.11536056327684198,0.05078125,0.05336177002975289,0.32620734708946902
5.537983405381131,0.15707683563232447,0.10405510058865532,0.10552407810695669,7.4134317252117814e-18,5.0762065691483153e-17,0.3711278169289004,-4.6047225641805928e-18,2.3233865589001692e-18,0.11155369424214258,0.06640625,0.0593935777583161,0.31063464953886905
5.5730339332632903,0.15707683563232408,0.10404302226789236,0.10552559673345091,4.6292293517764188e-18,-7.8037542495714235e-17,0.37380580439930727,-4.8076266597174002e-18,9.9101624397591967e-19,0.10699305987791774,0.07421875,0.065817591144326462,0.30794982727540648
5.6080844611454497,0.15707683563232458,0.10403115485857123,0.10552631355915361,1.9005926441266904e-17,-1.1349138206399072e-17,0.37615380374169716,-5.1152634013319968e-18,1.0866865060577309e-18,0.10173459229607512,0.07421875,0.072164387750762657,0.30763239297394779
5.6431349890276081,0.15707683563232411,0.1040198504236178,0.10552559673345091,1.6987118522506771e-17,4.9943757573494996e-17,0.37815174219185776,-5.0275954912911767e-18,1.3466400076714018e-18,0.095784639946089559,0.07421875,0.07765659079721858,0.30731510903349624
5.6781855169097675,0.15707683563232394,0.10400935398391853,0.10552407810695669,3.3720664322496518e-17,-2.2239241957814698e-17,0.3797822793001091,-5.1607169759917856e-18,2.1334828474605514e-18,0.089157145532901924,0.06640625,0.082870410548222362,0.30699797592024836
5.7132360447919268,0.15707683563232436,0.10399997597218666,0.10552278302506997,3.3231844867542871e-17,1.58274203801096e-17,0.38103236976216037,-5.5145219763154168e-18,-1.5028798463243725e-18,0.081867349624952887,0.05078125,0.087622572274344793,0.30668099410210692
5.7482865726740853,0.15707683563232419,0.10399186005197758,0.10551689846304611,1.5982622558171231e-17,5.6323898359152698e-17,0.38189482848753775,-5.6312305433017486e-18,-5.9746159630393556e-19,0.073939537965475491,0.05078125,0.091691380030603217,0.30636416404868777
5.7833371005562446,0.15707683563232391,0.10398498855105386,0.10550739104988838,6.8315499436192418e-18,5.3368653411632136e-17,0.38236522618349139,-6.3854058493520712e-18,-9.9703594748619776e-20,0.065431499928998937,0.06640625,0.095168393578508786,0.30604748623132572
5.818387628438404,0.15707683563232386,0.10397954426534971,0.10551286103245976,1.7138887210472859e-17,-1.5746027706924246e-17,0.38244187872251612,-5.9664008187857852e-18,-3.7928464473210212e-19,0.056465354041613486,0.11328125,0.098041860045168808,0.30573096112308146
5.8534381563205633,0.15707683563232422,0.10397562032895949,0.10551920333368421,2.0496987974419688e-17,-4.4784001341064394e-17,0.38212730918204252,-6.1760282383414237e-18,7.3919640932548263e-19,0.047072045961281526,0.14453125,0.10023792313519023,0.30541458919874848
5.8884886842027218,0.15707683563232439,0.10397333673324473,0.10552688631094589,1.4086746223445714e-17,-2.1057784335241375e-17,0.38142559384009544,-5.3593958329596722e-18,-8.9962664156407038e-19,0.037416152516429435,0.203125,0.10176814950185095,0.30509837093485914
5.9235392120848811,0.15707683563232391,0.10397268240970166,0.10553654685100544,6.8468005376632982e-18,-3.1098404721175375e-17,0.38034343730752523,-6.0395665983273256e-18,2.5134854849643496e-19,0.027838832619927714,0.2578125,0.10266680108343608,0.30478230680969165
5.9585897399670404,0.15707683563232444,0.10397340086811099,0.10555057777035744,2.1686618567281722e-17,9.2194475154732697e-19,0.37889031001977896,-6.3800043599520999e-18,-3.5803105573340697e-18,0.0200996318625823,0.296875,0.10300382928028626,0.3044663973032764
5.9936402678491989,0.1570768356323243,0.10397543071055068,0.10553729757493407,1.968443042573255e-18,-4.0298473028747285e-17,0.37708463425836763,-6.2080930676064293e-18,-1.5397971238577673e-18,0.014104751049743331,0.3515625,0.10273205154800892,0.30415064289740307
6.0286907957313582,0.15707683563232461,0.10397861875631435,0.10553097323739793,6.6420549933148852e-18,-1.1364810087571415e-17,0.37494421345664436,-7.0853329964699411e-18,4.1180576233262842e-18,0.015167107441666652,0.4296875,0.10206870196877665,0.30383504407562695
6.0637413236135176,0.15707683563232433,0.10398276634197444,0.10551226419284243,1.1361692562822097e-18,3.4675300955198974e-18,0.37248908973744654,-6.0643952515937173e-18,-8.2943540350527066e-19,0.024093589595393376,0.4921875,0.10095398026143265,0.30351960132327571
6.098791851495676,0.15707683563232394,0.10398734954089346,0.10551215827454778,1.8468385129926818e-18,3.264570808595467e-17,0.36973998215986204,-6.3691037738398761e-18,-2.1697717779211356e-18,0.03489053932819957,0.578125,0.099444007090400049,0.30320431512745616
6.1338423793778354,0.15707683563232414,0.10399151246960403,0.10552221342000763,-3.2175593779497101e-18,-4.821454242672056e-17,0.36671886426100264,-6.7668800411656012e-18,1.3379972110411415e-18,0.046273136858845224,0.62109375,0.097378397327558264,0.30288918597706127
6.1688929072599947,0.15707683563232372,0.1039954471203197,0.10555001243602283,2.580804947897528e-18,-6.5432884389588832e-17,0.36345573211648763,-7.3199296899961053e-18,-2.053027280276946e-18,0.057794804339405224,0.70703125,0.094687627373686842,0.30257421436277626
6.2039434351421532,0.15707683563232444,0.10399820260393973,0.10554886665941533,-8.9491286296067255e-18,-3.1729071552223682e-17,0.35997703969220846,-7.0875581123177087e-18,4.4929146804321197e-18,0.069429068595725993,0.7578125,0.091201642958440313,0.3022594007770863
6.2389939630243125,0.15707683563232425,0.10399905537837693,0.10553245541776468,-3.1376369968420294e-17,-2.4890823143264702e-17,0.35630905195631718,-6.7631908156336147e-18,-9.7149622908574019e-19,0.080968706006934163,0.8125,0.086841910680701739,0.30194474571428248
6.2740444909064719,0.15707683563232441,0.10399747284345341,0.10549638820848647,4.7917829902266636e-18,7.1883801412798793e-17,0.35248023272164197,-5.9825324950917944e-18,5.0175106086605067e-18,0.092300428198479431,0.8984375,0.081568142617665484,0.30163024967046925
6.3090950187886303,0.15707683563232455,0.10399347976255245,0.10552189705272143,-5.4767326677550909e-22,2.8390118288257526e-17,0.34853191625396535,-5.5959959579294399e-18,-1.503441501960296e-18,0.10263895705552559,0.9765625,0.075353416986184696,0.30131591314357109
6.3441455466707897,0.15707683563232461,0.1039882255075391,0.10552696062838428,-1.6368584760753023e-17,-1.0029692197826078e-16,0.34451031939356586,-5.973152266945443e-18,-3.7408920085283898e-18,0.1124336659768867,1.0390625,0.068152097028312403,0.30100173663333907
6.379196074552949,0.1570768356323245,0.10398257668150895,0.10555339377176204,-1.0303335039134828e-17,-1.0278731870842758e-17,0.34046187361112895,-5.7272844103926313e-18,6.990110962882557e-19,0.12115321540731679,1.0859375,0.059968896028122595,0.3109825516979029
6.4142466024351075,0.15707683563232411,0.10397648560425912,0.10554983968140501,-1.7034723968003412e-17,-8.4762127637460915e-18,0.33642849934844277,-6.2504331344405685e-18,2.5570667880064129e-19,0.12901031017756692,1.14453125,0.050801572759322476,0.31343776161737347
6.4492971303172668,0.15707683563232425,0.10396952898399768,0.10552451179509925,-1.4126347213504879e-17,2.8148299476619777e-17,0.33244015109476749,-4.9739296675099613e-18,-1.2956590053633805e-19,0.13586690317964437,1.18359375,0.040726284058885044,0.31355987419179937
6.4843476581994262,0.15707683563232383,0.1039613948121596,0.1055104882191813,-2.3348090743827395e-17,-3.5180339964591762e-17,0.32851948498585681,-5.2451423380313979e-18,1.4394103813207553e-18,0.14125839563740999,1.24609375,0.029909244223359582,0.31348418220200025
6.5193981860815846,0.1570768356323245,0.10395195137703098,0.10551570777809646,-1.3722901595099035e-17,1.3413192362737485e-17,0.32469251920687908,-4.6182345594866465e-18,5.0343871611081199e-18,0.14491889300807892,1.29296875,0.018685131782661658,0.31627214432714201
6.554448713963744,0.15707683563232447,0.1039415081389185,0.10552337020134417,-2.4285243960705853e-17,-8.8093581990543312e-17,0.32099607974285094,-4.7383478018742465e-18,6.462066260186495e-19,0.14692232224394539,1.3125,0.0086775056228286292,0.31089966695067128
6.5894992418459033,0.15707683563232414,0.10393015589155774,0.10552355865174602,-1.4851424490002836e-17,3.2756843630397232e-17,0.31746425315659693,-4.4219809960747653e-18,-1.2324746333277585e-18,0.14728656143060023,1.34375,0.010734301786215466,0.30534595178572171
6.6245497697280618,0.1570768356323245,0.10391818764543415,0.10551820907260487,-1.5270341878195028e-17,-6.49085504297202e-17,0.31412817225578954,-4.8416924388841716e-18,2.2914646767847705e-18,0.14587802749721951,1.359375,0.022292567275796194,0.30255849407856078
6.6596002976102211,0.15707683563232427,0.10390550280147662,0.10551640388015925,-1.6490852817560689e-17,3.9133024317049007e-17,0.31101578838699001,-3.7949210162973042e-18,1.7023305145025594e-18,0.14259508335561139,1.3828125,0.035096461563642233,0.3131029580167784
6.6946508254923804,0.1570768356323245,0.10389216703742464,0.10552405086382639,-3.1379318978318265e-17,2.1342742948815939e-17,0.30815316047819497,-3.8634529300473225e-18,-7.5180564039051127e-19,0.13741589279825517,1.421875,0.048086343517760442,0.32488635944910854
6.7297013533745389,0.15707683563232419,0.1038783564708735,0.1055274135713139,-8.1701687294006486e-18,-1.3896155926607853e-17,0.30556587695039417,-3.8709868910664555e-18,-2.0310191578029953e-18,0.13054067242549539,1.4296875,0.060866973675675763,0.321535571587514
6.7647518812566982,0.15707683563232408,0.10386447124013976,0.10552405086382642,-2.665661654495284e-17,-5.8670214891444676e-17,0.30327864754745021,-3.4930844651379295e-18,-1.4936895078273904e-18,0.12202088358028926,1.421875,0.073171052203214071,0.31494901523329033
6.7998024091388576,0.15707683563232369,0.10385079526057334,0.10551640388015925,-3.3214108679442051e-17,-1.7405730477531036e-17,0.3013097363004334,-3.3297874316913861e-18,1.1768761537441013e-18,0.11193786189449799,1.3828125,0.084781951661868332,0.30707586366253542
6.8348529370210169,0.15707683563232394,0.10383759130755993,0.10551820907260487,-1.8214412184637882e-17,-1.0799737662397621e-16,0.29967599268938561,-3.3098052296339426e-18,1.9796207136289703e-18,0.10032276090807955,1.359375,0.095532387530705171,0.2982638692101332
6.8699034649031754,0.15707683563232427,0.10382505606875424,0.10552355865174604,-1.4540914812097523e-17,7.4385909925132018e-17,0.2983908565300849,-2.8322556640336036e-18,-1.8867323633447515e-18,0.087351595345670552,1.34375,0.10521456330954704,0.29636103265698477
6.9049539927853347,0.15707683563232444,0.10381337675493905,0.10552337020134415,-1.1050424568085869e-17,-6.6677113794276835e-17,0.29746404855139269,-2.5383559108516752e-18,1.1395012773109028e-18,0.073256819209026547,1.3125,0.11366445359900024,0.29605795702969445
6.9400045206674941,0.15707683563232444,0.10380272679497732,0.10551570777809646,-3.0047493447480518e-17,2.4777244133477996e-17,0.29690220460095024,-2.2473454995493945e-18,5.031457649269975e-19,0.05825933267482529,1.29296875,0.12075549876329167,0.29575580969281323
6.9750550485496525,0.15707683563232389,0.10379320170971551,0.10551048821918128,-2.0491026761554444e-17,-4.3597319758100439e-18,0.29670772725942002,-1.8517331367061082e-18,-1.7715643814752085e-19,0.042582508975173974,1.24609375,0.12647148064219846,0.29545461178847837
7.0101055764318119,0.15707683563232452,0.10378486543824403,0.10552451179509924,-2.2685427155385339e-17,-3.4992867192503071e-17,0.29688014197938473,-1.5634954348171053e-18,2.0966143089598119e-19,0.027260726013283873,1.18359375,0.13082786153467682,0.29515438369874686
7.0451561043139712,0.15707683563232447,0.10377767980884134,0.10554983968140499,-3.8264224936735274e-17,-2.1785515720647529e-17,0.29741565633992118,-1.3455507142022461e-18,-4.5000788917174415e-19,0.015512949992062377,1.14453125,0.13381331801241197,0.294855145056308
7.0802066321961297,0.15707683563232422,0.10377160728864146,0.10555339377176204,-2.9865844969940611e-17,-1.493328057902935e-17,0.29830738994336498,-1.2765812219081872e-18,-2.1445869393905089e-18,0.01562376513413616,1.0859375,0.13524069932249186,0.29455691475608409
7.115257160078289,0.15707683563232411,0.10376661680410709,0.10552696062838425,-2.4610488155923112e-17,-2.9683216999827417e-17,0.29954531675903412,-4.8345480799335511e-19,-4.7422214111346499e-19,0.029925878981610279,1.0390625,0.13511109332127211,0.29425971096731013
7.1503076879604484,0.15707683563232439,0.10376264461926293,0.10552189705272146,-2.982316858384492e-17,7.563367814169788e-18,0.30111662248663934,-1.2517310619458691e-19,-1.8599120788831823e-18,0.044661267469524604,0.9765625,0.13373794387108742,0.29396355114506684
7.1853582158426068,0.15707683563232436,0.10375962602037299,0.10549638820848647,-2.7131386074177917e-17,3.802385956569009e-17,0.30300487905504803,1.2381073972571208e-19,-2.8206928681422428e-19,0.059092124548965431,0.8984375,0.13082222823902992,0.29366845204306763
7.2204087437247662,0.1570768356323238,0.10375740735321823,0.10553245541776471,-1.1698185124364652e-17,-7.9372180118133462e-18,0.30519067903892122,2.0769098974165185e-19,2.5722845912942644e-18,0.073127206789393273,0.8125,0.12676890162968238,0.29337442972519734
7.2554592716069255,0.15707683563232452,0.10375603297160424,0.10554886665941535,-3.0037561603431088e-17,-1.27828625613917e-17,0.30765029582428044,9.5663106969512629e-19,3.0238042079654117e-19,0.086575018205449092,0.7578125,0.12142110261243078,0.29308149957827356
7.290509799489084,0.15707683563232427,0.10375517391464902,0.10555001243602286,-2.322292633801271e-17,-1.1933547710761391e-17,0.31035843173170208,1.2770973826104203e-18,6.2389554702976411e-19,0.099000383451714261,0.70703125,0.11466841578267513,0.29278967632469527
7.3255603273712433,0.15707683563232447,0.10375461408940749,0.10552221342000769,-1.2949323637956837e-17,1.9641922554488184e-17,0.31329076628896785,1.1332208955853969e-18,-5.2665596742178138e-19,0.11003935655838892,0.62109375,0.10653631482653052,0.29249897403514624
7.3606108552534026,0.15707683563232383,0.10375417927476563,0.10551215827454782,-3.1019771478680276e-17,-5.5906655587295546e-17,0.3164179573470296,1.1528606448692434e-18,-1.1787162871937916e-18,0.12027206712534409,0.578125,0.098065959286595575,0.29220940614137164
7.3956613831355611,0.15707683563232416,0.10375333236224205,0.10551226419284239,-3.1096424671672368e-17,5.8199974198848636e-17,0.31971279118564633,1.6630615107888881e-18,3.9134902711416115e-20,0.12932561187826594,0.4921875,0.088908908832545722,0.29192098544900841
7.4307119110177204,0.15707683563232466,0.10375143804308593,0.10553097323739796,-3.9635335492285915e-17,3.8440091248439403e-17,0.32314868555872966,2.0747914878677702e-18,8.3625569183270364e-19,0.13730191207319004,0.4296875,0.079733424515685367,0.29163372415047056
7.4657624388998798,0.15707683563232408,0.10374909234171933,0.10553729757493407,-1.275521559359778e-17,7.279993240197588e-17,0.32668754290420454,2.3240466490289866e-18,1.7933306731734353e-18,0.1438706292815882,0.3515625,0.07063496512602517,0.29134763383784967
7.5008129667820382,0.15707683563232405,0.10374651933372271,0.10555057777035745,-2.0255053308821627e-17,-7.2315620719295031e-17,0.33028285764566884,2.381887253361757e-18,1.6358757934423295e-18,0.14924034419386134,0.296875,0.060388615349742922,0.29106272551581186
7.5358634946641976,0.15707683563232405,0.10374341442795627,0.10553654685100548,-4.1003981518136284e-18,2.2269406116200163e-17,0.33389925434227713,3.4507038664537751e-18,-3.1805376763424462e-18,0.15340252587154987,0.2578125,0.050226625574526763,0.2907790096144795
7.5709140225463569,0.15707683563232441,0.10373951464541407,0.10552688631094591,-3.8362174194062443e-17,1.232275803710232e-16,0.33750903982539515,3.7662501090856037e-18,-5.4997067579542858e-20,0.15633265345052252,0.203125,0.041799347792993137,0.29049649600227168
7.6059645504285154,0.15707683563232427,0.10373496223012563,0.10551920333368424,-3.6360818094591657e-17,1.8310655229095429e-17,0.34108391205692346,3.9186349758913476e-18,2.4009050791472373e-18,0.15802301038622946,0.14453125,0.037099023546120394,0.29021519399870577
7.6410150783106747,0.15707683563232405,0.10372973032218717,0.10551286103245974,-5.0498181966501359e-17,5.0269581038513617e-17,0.34459320394714349,5.4120061742792699e-18,-1.8816391021205328e-18,0.1584717572611655,0.11328125,0.035688492908396124,0.2899351123871462
7.6760656061928341,0.15707683563232436,0.10372441659051224,0.10550739104988842,-2.5226146633026198e-17,1.9920477603712787e-17,0.34800447715880517,4.87419236515138e-18,-2.2709720267411994e-19,0.15767743780462926,0.06640625,0.038531855430215992,0.28965625942749218
7.7111161340749934,0.1570768356323243,0.10371874173715495,0.10551689846304613,-6.212047221470465e-18,-3.3714429272997765e-17,0.35128831039210023,4.9471712018744835e-18,2.1405295086260112e-18,0.15581583219897899,0.05078125,0.044575021621390681,0.28937864286874898
7.7461666619571519,0.15707683563232472,0.10371275019936213,0.10552278302506998,-1.0288558393110081e-17,7.3688005668408486e-17,0.35441776153122567,5.773484101964943e-18,2.5595427076008461e-18,0.15285240439838213,0.05078125,0.051919263612394434,0.28910226996154065
7.7812171898393112,0.15707683563232425,0.10370626448798707,0.10552407810695669,-5.905329127719767e-18,-1.0697027860520778e-16,0.35736496430069847,5.1812227833769752e-18,6.0849946854844902e-19,0.14880733325564718,0.06640625,0.060157098177509624,0.29423401369833102
7.8162677177214706,0.15707683563232433,0.10369908741472114,0.10552559673345091,-1.4090348228392588e-17,3.4379599519853026e-17,0.36010657471497831,5.8612529280404946e-18,-2.0134045276044376e-19,0.14374029008352646,0.07421875,0.068861869784896237,0.29182045321154249
7.851318245603629,0.15707683563232458,0.10369139560150328,0.10552631355915361,-3.7065052190417437e-17,4.6688598319345369e-17,0.36262045184303104,6.0483975785469418e-18,-1.8397866711821906e-18,0.13769599348583447,0.07421875,0.07744349289165571,0.28828067843904009
7.8863687734857884,0.15707683563232433,0.10368347801561217,0.10552559673345091,-3.5666589568062644e-18,8.1544842096144477e-17,0.36488867511409057,6.171797209508215e-18,-1.7171812499312419e-18,0.1307056950726489,0.07421875,0.085701077977975243,0.28870657054135268
7.9214193013679477,0.15707683563232444,0.10367559908726706,0.10552407810695669,-2.2718129568718773e-17,-3.6322954913936656e-18,0.36689429169210591,6.2121586603171274e-18,-1.5661855812654926e-19,0.12280247454434591,0.06640625,0.093768606499627316,0.28773928063476845
7.9564698292501062,0.15707683563232408,0.10366796150519009,0.10552278302506998,-1.9394258383945422e-17,2.0782220424627675e-17,0.3686198018681463,5.983993296053563e-18,2.934333176667371e-18,0.11402272633656363,0.05078125,0.10118114998830172,0.28747049553646409
7.9915203571322655,0.15707683563232425,0.10366068327715063,0.10551689846304613,-6.5341844241165399e-18,-1.6946569636408953e-17,0.37004883971166541,6.178309602470845e-18,-3.358903879060523e-19,0.10438012252261518,0.05078125,0.10779340074892833,0.28720299191467319
8.026570885014424,0.15707683563232425,0.10365383904593542,0.10550739104988838,-2.1514090956069259e-17,-9.0315450305138855e-17,0.37117286184122289,6.8770365105199004e-18,6.641706883272226e-19,0.093947565912596162,0.06640625,0.11382420590125633,0.28693677346843943
8.0616214128965833,0.15707683563232408,0.10364768563303325,0.10551286103245976,-2.522596758599672e-17,-9.9299061286196137e-18,0.37198618778541354,6.6992844958689929e-18,2.9767143569628936e-18,0.082848637796259367,0.11328125,0.11899176523280616,0.28667184350516262
8.0966719407787426,0.15707683563232461,0.10364235511439433,0.10551920333368421,-6.1308862562056053e-19,-6.794518805042621e-18,0.37248179383880059,6.8112839236280602e-18,1.5614194570488415e-18,0.071035403145556078,0.14453125,0.12316391291798945,0.2864082049517645
8.131722468660902,0.15707683563232366,0.10363799422122119,0.10552688631094589,-1.2390939145944648e-17,-3.1543494572212597e-17,0.37265508042873946,7.128493626471733e-18,1.3063427796822359e-18,0.05868308183221909,0.203125,0.12634305508267016,0.28614586036556705
8.1667729965430613,0.15707683563232452,0.10363465267873928,0.10553654685100552,-9.9818718958940154e-19,-1.6745531418789482e-17,0.37250714492595249,6.8112260209851815e-18,1.5659658291035405e-18,0.04589847086515355,0.2578125,0.12860663451631935,0.28588481194509574
8.2018235244252207,0.15707683563232411,0.10363227814325063,0.10555057777035746,2.2972997749155371e-18,-1.3112519739277763e-17,0.37204125271642818,6.8530449640334124e-18,9.7263778356750311e-19,0.033288228492885624,0.296875,0.12998143921322208,0.28562506154058909
8.2368740523073782,0.15707683563232425,0.10363086072138622,0.10553729757493407,-1.5217207039139621e-17,-5.7468156328298031e-17,0.37126187463993449,6.7782409532887107e-18,2.5591729449423378e-18,0.021381718751093164,0.3515625,0.13043603882246502,0.28536661066433233
8.2719245801895376,0.15707683563232439,0.10363043827311448,0.10553097323739793,-3.2616997368161697e-18,-1.0052218420575697e-16,0.37018005734840087,6.9754949916514747e-18,1.9058976469991164e-18,0.013095783660483829,0.4296875,0.1300732221874116,0.28510946050119984
8.3069751080716969,0.15707683563232441,0.10363102198875142,0.10551226419284239,6.0388244864962915e-18,6.7476295476640803e-18,0.36880697268112289,6.804307482341788e-18,2.5523557617733762e-18,0.016502834275825832,0.4921875,0.12901105717373829,0.28485361191853331
8.3420256359538563,0.15707683563232461,0.10363255370758237,0.10551215827454788,5.0923186953697183e-18,-2.4035357500561298e-17,0.36715534064203575,6.6474988536201106e-18,4.3489625580798359e-18,0.029473734605161776,0.578125,0.12743118111565027,0.28459906547594682
8.3770761638360156,0.15707683563232433,0.10363481045252904,0.10552221342000763,-4.9436359356183835e-18,-1.4083839342260526e-17,0.36524047516961289,6.5965164037460172e-18,-5.5275553442395321e-19,0.043597243974827109,0.62109375,0.12519283933335904,0.28434582143512388
8.412126691718175,0.15707683563232419,0.10363763968861359,0.10555001243602283,-6.4454718870771166e-18,-4.2366023868250527e-17,0.36308143022473172,6.4636505178546872e-18,3.0081494432878049e-18,0.058031888640048754,0.70703125,0.12222192771266496,0.28409387976907463
8.4471772196003325,0.15707683563232416,0.10364083061829758,0.10554886665941531,1.3002874498051479e-17,-8.5374257834864597e-18,0.36069798962630756,6.4189058369798562e-18,2.5460412976216936e-18,0.072592691680257435,0.7578125,0.11829401045745423,0.28384324017154439
8.4822277474824919,0.1570768356323243,0.10364367461565374,0.10553245541776468,5.1311876990434785e-18,6.3722964193289797e-17,0.35810930312846956,6.6808565661825365e-18,4.720519733228256e-18,0.087055232213783695,0.8125,0.11336748219945386,0.28359390206623059
8.5172782753646512,0.15707683563232436,0.10364599942785026,0.10549638820848647,-7.2269753083202436e-18,2.3263685867674646e-17,0.35533812344428223,6.4508763676550308e-18,1.4640312571570313e-18,0.10127876366319652,0.8984375,0.10735334189386175,0.2833458646156008
8.5523288032468106,0.15707683563232402,0.10364708879046756,0.10552189705272143,5.5358708483886572e-18,-6.0114850583060007e-17,0.35240592617961047,6.4468132564861703e-18,4.5447096801616815e-19,0.11447931503770899,0.9765625,0.10023275451494357,0.28309912672973681
8.5873793311289699,0.15707683563232425,0.10364728305368867,0.10552696062838424,1.3514027436893444e-17,9.74767838127826e-17,0.34934198560138741,6.0388767296964564e-18,4.7469151958217938e-18,0.12698116892927949,1.0390625,0.091947906683413586,0.28285368707483316
8.6224298590111292,0.15707683563232425,0.10364586399570748,0.10555339377176208,8.951356185297564e-18,-7.2318106313351847e-17,0.34617085003926895,6.5439192973162204e-18,1.934376531986431e-18,0.13828517585547495,1.0859375,0.082504488415661908,0.28260954408156258
8.6574803868932868,0.15707683563232377,0.10364284415570335,0.10554983968140501,5.4645627358366737e-18,5.4058258311928212e-17,0.34292589837025345,5.9307803536577205e-18,3.2741814557834276e-18,0.1487123791144277,1.14453125,0.071896193917984352,0.28236669595322877
8.6925309147754461,0.15707683563232427,0.10363926141706366,0.10552451179509925,2.4185772803627781e-17,-3.6593758280000772e-17,0.33964639528779911,5.9020428584067095e-18,4.3481734277754604e-18,0.15796006247238487,1.18359375,0.060184600283024116,0.28212514067372835
8.7275814426576055,0.1570768356323243,0.1036353369899385,0.10551048821918128,1.5831822830600227e-17,-4.7665858070837106e-17,0.33636828688180365,6.1290948375657775e-18,3.58091141357621e-18,0.16555035127609877,1.24609375,0.047450265001373705,0.28681924684271121
8.7626319705397648,0.15707683563232408,0.10363062843716686,0.10551570777809648,2.4493896943169177e-17,-8.1740235066244979e-18,0.33311849748712752,5.8332164683586222e-18,3.8981496412263187e-19,0.17134101718426678,1.29296875,0.033852006219955932,0.28240036661512458
8.7976824984219242,0.15707683563232425,0.10362532767686113,0.10552337020134417,2.0097565648089022e-17,-2.5379811113069576e-17,0.32991870336655099,5.9515248026496316e-18,3.4478769767103752e-18,0.17525706993129217,1.3125,0.019726499587388518,0.28140820863744043
8.8327330263040835,0.15707683563232397,0.10361934133287765,0.10552355865174602,2.8691717743399621e-17,-3.6946670507368417e-17,0.32679057109397419,5.4451521286048823e-18,3.7814976456390673e-18,0.17720658365418743,1.34375,0.0073127765426200782,0.28117180047251245
8.8677835541862411,0.15707683563232414,0.10361255992626871,0.10551820907260485,2.8859031926399512e-17,-1.8709572010872163e-17,0.32375884874880195,5.3317568335621317e-18,4.7938510522898835e-19,0.17708239506561843,1.359375,0.013858530547119925,0.28093667205125816
8.9028340820684004,0.15707683563232397,0.10360481774262069,0.10551640388015925,1.0675568547423584e-17,3.2188864324038236e-17,0.32084990868903007,4.9259308581053468e-18,2.4517677300041782e-18,0.1748122228517516,1.3828125,0.028876578762389669,0.28070282019857717
8.9378846099505598,0.15707683563232408,0.10359652054651568,0.10552405086382639,2.8097076227908985e-17,-1.4626836321912051e-17,0.31809189598844478,4.5279271161111697e-18,4.996881409192379e-18,0.17030072608242647,1.421875,0.044513956587898015,0.28047024157087896
8.9729351378327191,0.15707683563232427,0.1035877372191561,0.1055274135713139,2.364366579303479e-17,-3.01127613558307e-18,0.31550788214681669,4.7416738951173222e-18,2.3788537235615836e-18,0.16365275005148386,1.4296875,0.060042558976089358,0.28023893266266975
9.0079856657148785,0.15707683563232458,0.10357852361429183,0.10552405086382639,1.8673109609918708e-17,-4.4228197232712808e-17,0.313120020565548,4.0341060806813e-18,3.4979595057767991e-18,0.15494933546579948,1.421875,0.075125850687457252,0.28000888981294647
9.0430361935970378,0.1570768356323243,0.10356906814947388,0.10551640388015925,2.6396139979620906e-17,3.0737530167083065e-17,0.31095000614538348,4.2089348390474452e-18,5.6055595099790483e-18,0.14429306286368393,1.3828125,0.089499961576832862,0.27978010921145513
9.0780867214791972,0.15707683563232411,0.10355940006455744,0.10551820907260487,1.274425159608406e-17,1.485192160881422e-16,0.30901538820883317,3.9273716575211327e-18,6.5457693384549836e-18,0.13168116337764077,1.359375,0.10294678221175657,0.2795525869047909
9.1131372493613547,0.15707683563232397,0.10354990306936852,0.10552355865174604,3.3100713982773944e-17,-8.5415712488288323e-17,0.30733467175451024,3.0206373631461238e-18,6.7230815515139543e-19,0.11735425496297711,1.34375,0.11522767602187507,0.27932631880232184
9.1481877772435141,0.15707683563232394,0.10354069808595281,0.10552337020134415,1.7958153756677978e-17,3.4687349767068121e-17,0.30592135229781692,3.5244164123802131e-18,4.5079512213058969e-18,0.10160406507256582,1.3125,0.12613814219787212,0.27910130068196204
9.1832383051256734,0.15707683563232494,0.10353193740986665,0.10551570777809645,2.8818435645499626e-17,1.531054320241195e-17,0.30478635594740944,2.5369480494491099e-18,1.9245813305912165e-18,0.084650175410658793,1.29296875,0.13551694416546589,0.27887752819580314
9.2182888330078327,0.15707683563232405,0.1035237619849477,0.10551048821918128,2.4465544319435341e-17,-6.9145772108624026e-17,0.30393854916946733,2.5891063365639474e-18,4.2944360011724709e-18,0.066650234006813858,1.24609375,0.14331076053555206,0.27865499687555989
9.2533393608899921,0.15707683563232427,0.10351625828138201,0.10552451179509927,2.2710746511795535e-17,-2.0913830523505086e-17,0.30338392074447218,2.0750334381969419e-18,3.3696753215996119e-18,0.047744703234758941,1.18359375,0.14949308174941051,0.2784337021378836
9.2883898887721514,0.15707683563232425,0.10350950434198952,0.10554983968140502,3.164451922557615e-17,-4.623836876534317e-18,0.30312600140293527,2.2378904115576071e-18,3.563769452474241e-18,0.028361090388951602,1.14453125,0.15404124057967969,0.27821363928956006
9.323440416654309,0.15707683563232439,0.10350356366289704,0.10555339377176204,3.9337227454219692e-17,-4.5324512726658945e-17,0.30316514597376498,1.9711155650225176e-18,3.1457509381860011e-18,0.013259752597118967,1.0859375,0.15683436750213797,0.27799480353252309
9.3584909445364683,0.15707683563232408,0.10349849777559662,0.10552696062838424,3.0896692444150637e-17,2.3857827104700458e-17,0.3034991777467172,1.5425603206940007e-18,3.7099063656194304e-18,0.017385257224366957,1.0390625,0.15788381050666289,0.27777718996873052
9.3935414724186277,0.157076835632324,0.10349430887481785,0.10552189705272144,3.4739731555381723e-17,-2.0312021860744495e-17,0.3041234148941776,9.909598922966895e-19,2.0585105830093776e-18,0.034097655833908488,0.9765625,0.15742662459893642,0.27756079360495806
9.428592000300787,0.15707683563232439,0.10349095256530129,0.10549638820848647,4.8628799326056014e-17,-2.5565977895060397e-17,0.3050308950599408,6.937266012461724e-19,3.3741909522623272e-18,0.051674695460228168,0.8984375,0.15529684476412073,0.27734560935740604
9.4636425281829464,0.15707683563232488,0.10348837571137633,0.10553245541776471,3.9677295690263429e-17,7.0675465671440488e-17,0.30621233574623064,1.806587273234189e-19,4.8494445687898654e-18,0.068900753734987136,0.8125,0.15175712357579635,0.27713163205618707
9.4986930560651057,0.15707683563232464,0.10348647832240267,0.10554886665941535,4.8280173695218705e-17,-4.0064321642844253e-17,0.30765486037253786,3.2698449614221184e-21,5.5594099920807667e-18,0.085569374448285995,0.7578125,0.14662269645249915,0.27691885644967162
9.5337435839472633,0.15707683563232427,0.10348527260507207,0.10555001243602284,4.6870462706538651e-17,8.4599932093069618e-18,0.30934303601357405,-6.4665257976639215e-19,2.4711731028313367e-18,0.10120938094877595,0.70703125,0.140046190646651,0.27670727720870303
9.5687941118294226,0.15707683563232389,0.10348467217712212,0.10552221342000757,2.873534729162305e-17,2.8476440020844031e-17,0.31125899335079726,-1.0335232978962181e-18,7.0413222057442037e-18,0.11547744705211448,0.62109375,0.1321081367838077,0.27649688893070534
9.603844639711582,0.15707683563232422,0.10348443866162965,0.10551215827454785,3.8905466074703795e-17,8.9803670701693573e-18,0.31338380533386728,-1.3495447557899584e-18,2.7614328994265138e-18,0.12876334659527089,0.578125,0.12292891011475986,0.27628768614365168
9.6388951675937413,0.15707683563232425,0.10348433958617556,0.10551226419284239,1.6494523281665908e-17,2.5211633291456664e-17,0.31569816595435646,-1.5688125517945961e-18,-8.5163675020043493e-19,0.1408419604909871,0.4921875,0.11279361790845154,0.27607966330996903
9.6739456954759007,0.15707683563232433,0.10348428856750645,0.10553097323739796,2.5248980395379458e-17,4.252623936313874e-17,0.31818062561238541,-1.9160712447504827e-18,5.8892199045509124e-18,0.15165676183943272,0.4296875,0.10166625985115454,0.27587281483027315
9.70899622335806,0.15707683563232425,0.10348391685391581,0.10553729757493413,3.9876664557637191e-17,1.56684266178934e-17,0.32080844047050405,-1.9832292115030504e-18,1.4968924287073782e-18,0.1609994827141181,0.3515625,0.089878872156891693,0.27566713504697565
9.7440467512402176,0.15707683563232427,0.10348305454286087,0.10555057777035745,2.6385897436314388e-17,-7.2791675174261333e-18,0.323558239934987,-2.41689477765592e-18,2.4083659251550388e-18,0.1690174404767438,0.296875,0.078120794069262964,0.27546261824784374
9.7790972791223769,0.15707683563232391,0.1034818682725657,0.10553654685100548,3.391355590027268e-17,1.0840813157405787e-17,0.32640289322548521,-2.7869600808708123e-18,8.580443497192121e-19,0.17542936635330539,0.2578125,0.065736997777262343,0.27525925866944234
9.8141478070045363,0.15707683563232408,0.10348023724775159,0.10552688631094591,3.0899062184247264e-17,1.1015023810695782e-16,0.32931249127224604,-3.0488686238622524e-18,2.8752666777420999e-18,0.18034760052055729,0.203125,0.053583750642383292,0.27505705050034918
9.8491983348866956,0.15707683563232472,0.10347843558323797,0.10551920333368422,1.1084617284635594e-17,-5.4049327024808158e-17,0.33224955149480373,-3.048874000536234e-18,2.9905744402104673e-18,0.18383897285079914,0.14453125,0.043067052275174662,0.27485598788439264
9.8842488627688549,0.1570768356323245,0.10347622261161077,0.10551286103245974,1.0480175577323178e-17,7.8493038138819933e-17,0.33518835041185474,-3.4335886723994404e-18,4.2988066684328362e-18,0.1858934913372956,0.11328125,0.03474645740470704,0.27465606492375427
9.9192993906510143,0.1570768356323245,0.10347347293432757,0.10550739104988842,2.2899061858140621e-17,7.7541476902153903e-17,0.33810756538276476,-3.4998735500154585e-18,-4.3460676844298418e-19,0.1864819120168576,0.06640625,0.03209855635539207,0.27445727568199629
9.9543499185331736,0.15707683563232436,0.10347031932102135,0.10551689846304611,1.393327658869919e-17,1.6935953200776061e-17,0.34098420608246971,-3.8709409825424588e-18,5.5037664053043312e-18,0.18568364962606901,0.05078125,0.035638321237994611,0.27425961418679412
9.9894004464153312,0.15707683563232447,0.10346702974734499,0.10552278302506997,2.4750708310484896e-17,-1.8431311862637334e-20,0.34379230316746323,-4.1437902299058315e-18,4.714917911023682e-18,0.18348454924552587,0.05078125,0.043793997181901946,0.27406307443286487
10.024450974297491,0.15707683563232405,0.10346359653391744,0.10552407810695669,2.7961585021362193e-17,9.4930861439107513e-17,0.34650740490700815,-4.2097909709814376e-18,1.1755048175354591e-19,0.17993714304041861,0.06640625,0.053677266117363141,0.27386765038473121
10.05950150217965,0.157076835632324,0.10345988321664931,0.10552559673345091,2.6673762931074211e-17,-2.6628337646466465e-17,0.34910764979358283,-4.4196227041483767e-18,-2.2669950069795298e-18,0.17509973594873543,0.07421875,0.064456875175778069,0.27484257900081555
10.094552030061809,0.1570768356323243,0.10345588056930943,0.10552631355915361,2.2068747056996147e-17,-4.4935959608238164e-18,0.3515693630354631,-4.586205712578287e-18,3.0405195280482367e-18,0.1690172515720777,0.07421875,0.075368072044941489,0.27348012512874442
10.129602557943969,0.15707683563232419,0.10345146913978588,0.10552559673345091,2.2027418789711027e-17,2.714807957663639e-17,0.35387210011244757,-4.7701599274621171e-18,1.7703177815179999e-18,0.16172205191609468,0.07421875,0.085943477697818571,0.27328801172206474
10.164653085826128,0.15707683563232427,0.10344669365355179,0.10552407810695669,1.4214043395347304e-17,7.3847399653396785e-17,0.35599703459924142,-5.0219433661656018e-18,3.0272496898665079e-18,0.15327172948514267,0.06640625,0.096351185940258488,0.27309698962848039
10.199703613708285,0.15707683563232439,0.1034416957995649,0.10552278302506998,3.1954934113877555e-17,9.5600792230512242e-17,0.35792673099878436,-5.1029408917467943e-18,-1.2719842949008944e-18,0.1437101408442106,0.05078125,0.10625535556903372,0.27290705269924209
10.234754141590445,0.1570768356323243,0.10343658889054756,0.10551689846304611,1.8478016806897277e-17,2.9567068138558143e-17,0.35964787710683666,-5.3181095942259255e-18,2.263414568622791e-18,0.1330677017505367,0.05078125,0.11542716440462683,0.27271819476970532
10.269804669472604,0.15707683563232405,0.10343155532904656,0.10550739104988838,2.4857625717555572e-17,-7.5698556359454531e-18,0.36114581174444121,-5.4674975856723898e-18,1.8109630586745945e-18,0.12141015989619905,0.06640625,0.12384558945418914,0.27253040966174552
10.304855197354764,0.15707683563232411,0.10342673574902701,0.10551286103245976,1.1673097475875027e-17,9.7392168293065874e-17,0.36240897004857675,-5.6961344428851094e-18,3.8838582866868752e-19,0.10887149310349671,0.11328125,0.13127343837852889,0.27234369118577562
10.339905725236923,0.15707683563232419,0.1034222702163662,0.10551920333368421,5.7401845734305384e-18,-1.9447035128941795e-18,0.3634269249807946,-5.6522231464774256e-18,-7.8034727478210621e-19,0.095414726309801245,0.14453125,0.13760484810791002,0.27215803314276282
10.374956253119082,0.15707683563232419,0.10341827817140732,0.10552688631094591,1.7637807024327104e-17,8.3601692242589229e-18,0.36419224380736875,-5.7599737610201144e-18,-2.5803895331182577e-19,0.08115507237242707,0.203125,0.1428306334352584,0.27197342932595397
10.41000678100124,0.15707683563232408,0.10341484851394754,0.10553654685100544,1.1978272605518371e-17,7.5640250220899344e-17,0.36469970634165633,-5.8901843971451493e-18,-1.7828921159009364e-18,0.066177272861795616,0.2578125,0.14690605249891647,0.27178987352294781
10.445057308883399,0.15707683563232439,0.10341196839328151,0.10555057777035742,8.4705991127616274e-18,2.2258705423141579e-19,0.36494604028799615,-5.971209219686556e-18,-1.2060358213002441e-18,0.05057220491418804,0.296875,0.14984520223672138,0.27160735951746445
10.480107836765558,0.15707683563232405,0.10340970993749705,0.10553729757493407,1.1823291603199111e-17,3.355362397612996e-17,0.36493049486718793,-5.9712985551927117e-18,-2.0130499385402908e-18,0.03438482790050286,0.3515625,0.15162810830512852,0.27142588109102855
10.515158364647718,0.15707683563232425,0.10340804480660627,0.10553097323739793,1.154386764927241e-17,3.9198471272428689e-17,0.36465507230803668,-5.9224518856602303e-18,-1.9173843939729106e-18,0.019231016720168356,0.4296875,0.15226912388216229,0.27124543202462587
10.550208892529877,0.15707683563232414,0.1034069563711706,0.10551226419284243,6.2215788427480068e-18,-3.5965324270732315e-17,0.36412262728670231,-5.7705612592704869e-18,-1.9261791204172422e-18,0.010346207712473866,0.4921875,0.15182864593072798,0.27106600610016945
10.585259420412036,0.1570768356323243,0.1034064676629135,0.10551215827454788,4.8394305644361357e-19,5.6277851676030679e-18,0.363338592900045,-6.0774417510100568e-18,-3.1272672255069857e-18,0.020762400595099813,0.578125,0.15045766029472535,0.27088759710215626
10.620309948294194,0.15707683563232402,0.10340662495323075,0.10552221342000769,5.6322982059648723e-18,7.5112335320440603e-18,0.36231227844685304,-6.0168191314821174e-18,-1.7124799947691909e-18,0.036854820933665822,0.62109375,0.14821031785933134,0.27071019881932668
10.655360476176353,0.15707683563232444,0.10340741142223232,0.10555001243602284,2.4759623799337316e-18,9.8257829084273598e-17,0.3610551530864749,-5.9937163905638176e-18,-4.2029507818516893e-18,0.053721962505473883,0.70703125,0.14511004600137833,0.27053380504608571
10.690411004058513,0.15707683563232394,0.10340874747874569,0.10554886665941533,-9.7400530842562508e-19,1.7786361291504347e-16,0.35957739163620978,-6.1560551352707183e-18,-3.0592607265423033e-18,0.070939437124803634,0.7578125,0.14092050961725833,0.2703584095837287
10.725461531940672,0.15707683563232414,0.10341054611727929,0.10553245541776468,-1.3829655753407462e-17,-2.7142265814266014e-17,0.35789352109621581,-5.7366176960392203e-18,-2.7077383181943151e-18,0.087960862841884424,0.8125,0.13559375198821319,0.27018400624158928
10.760512059822831,0.1570768356323243,0.10341240864778521,0.10549638820848649,-1.6433834237791342e-17,2.7690212917674882e-17,0.35601802016530182,-6.0442732560127524e-18,-2.0046072162206918e-18,0.10465776687548335,0.8984375,0.12906289132380927,0.27001058883866824
10.795562587704991,0.15707683563232414,0.1034140758960297,0.10552189705272147,-2.796754096813836e-18,4.9495550197708479e-18,0.35396736566971487,-5.7539068048173442e-18,-3.3742751954378369e-18,0.12033293099203332,0.9765625,0.12131432503405896,0.2698381512047765
10.83061311558715,0.15707683563232436,0.10341559757398555,0.10552696062838424,6.2855591923123162e-18,1.5973101469071887e-17,0.3517617359261796,-5.6595424541276011e-18,-3.2390597805647324e-18,0.13526207628022333,1.0390625,0.11226151234928923,0.26966668718165065
10.865663643469308,0.15707683563232427,0.10341678038275398,0.10555339377176204,-6.9151754385845635e-18,-1.2113690086817704e-18,0.34942103879825809,-5.8184752826623147e-18,-4.8068924852249711e-18,0.14896766642288303,1.0859375,0.10193001897538471,0.26949619062405922
10.900714171351467,0.1570768356323243,0.10341703405853536,0.10554983968140501,-4.7279000633107654e-18,-1.0540785103252287e-16,0.34696341273407444,-5.7920146020473559e-18,-5.6450551741052562e-18,0.16160825035581874,1.14453125,0.090312418230464625,0.26932665540085277
10.935764699233626,0.15707683563232452,0.10341645165287043,0.10552451179509927,-9.0874503590467116e-18,1.1546323753230313e-16,0.34441272951766844,-5.5214562313904489e-18,-5.1882041618975286e-18,0.17293065816023129,1.18359375,0.077483817092498575,0.26915807539603187
10.970815227115786,0.15707683563232436,0.10341517803645076,0.1055104882191813,-1.0715143207037192e-17,6.3462208525235381e-17,0.34179317159818356,-5.040375431755121e-18,-1.036119742875779e-17,0.18250016018510754,1.24609375,0.063529670077485542,0.26899044450972348
11.005865754997945,0.15707683563232358,0.103413302236776,0.10551570777809648,-7.4238006546568332e-18,6.4644824687411766e-17,0.33913206965429699,-5.3953492382842896e-18,-7.4109642380547132e-18,0.19000515588618713,1.29296875,0.048598065123686897,0.26882375665908775
11.040916282880104,0.15707683563232402,0.10341097776136336,0.10552337020134417,-3.4653762650765275e-18,-6.2724682214096637e-17,0.33645929320434448,-5.2724818980471942e-18,-2.9484874777190722e-18,0.195521620931731,1.3125,0.032913534842352092,0.26865800577924581
11.075966810762262,0.15707683563232397,0.10340828550953869,0.10552355865174605,-1.8241524644387816e-17,1.0060736846309726e-16,0.33380261280897938,-5.6453211514462832e-18,-6.6161002537150311e-18,0.19900892775900875,1.34375,0.017124996362748085,0.26849318582417064
11.111017338644421,0.15707683563232419,0.10340499861699116,0.10551820907260487,-1.7497136619146905e-17,4.5881454310256869e-17,0.33117926153220983,-5.38839471728425e-18,-5.991034360825191e-18,0.20031008361464614,1.359375,0.0081803732124517293,0.26832929076752488
11.146067866526581,0.15707683563232458,0.10340123728604887,0.10551640388015925,-1.1368372596850009e-17,4.4562930920494716e-17,0.32860743955313626,-4.9691638664107371e-18,-6.1779501278712053e-18,0.19921835274002139,1.3828125,0.0212906574594235,0.26816631460342799
11.18111839440874,0.15707683563232389,0.10339698003568479,0.10552405086382639,-1.6003384114462248e-17,-1.1193177711506587e-17,0.3261071862698432,-5.2405345284291712e-18,-6.1082656025610797e-18,0.19564019648971109,1.421875,0.038344879782881043,0.26800425134718048
11.216168922290899,0.15707683563232411,0.10339218468383701,0.1055274135713139,1.2017110012657498e-18,-6.9450994633069281e-17,0.32370063574223912,-4.9018727235795483e-18,-6.7419635128838228e-18,0.18968385243266681,1.4296875,0.055677693232798101,0.26784309503605652
11.251219450173059,0.15707683563232425,0.10338684602542048,0.10552405086382639,-4.6134679470893076e-18,-2.8109330417253061e-17,0.32140946350171229,-4.5391531977944331e-18,-7.0032003722931727e-18,0.18140858594651238,1.421875,0.072711637903056708,0.26768283972997658
11.286269978055216,0.15707683563232402,0.10338115328602104,0.10551640388015927,-1.1096458085985111e-17,-1.1554494617083514e-17,0.31925390638620138,-4.6278079343060289e-18,-5.6805214734466563e-18,0.17088712431209974,1.3828125,0.089115826056236122,0.26752347951215477
11.321320505937376,0.1570768356323243,0.10337517252376199,0.10551820907260485,-1.4434710960100452e-17,5.9689982514180594e-17,0.31725220878710375,-4.4211451300657805e-18,-4.1273313907428606e-18,0.15811772986973197,1.359375,0.10463462660166917,0.26736500848973321
11.356371033819535,0.15707683563232408,0.10336904315884134,0.10552355865174602,-2.0330282024711256e-17,1.0272412563918453e-16,0.31542175155659846,-4.1775274115742661e-18,-1.4684562210697925e-18,0.14335538528537495,1.34375,0.1190110539699152,0.26720742079439147
11.391421561701694,0.15707683563232372,0.10336280431106266,0.10552337020134415,-3.331147076783415e-17,1.2923530333527414e-17,0.31377783018378907,-3.8910735246762338e-18,-4.3727316576050325e-18,0.12690428435100101,1.3125,0.13201305733281996,0.26705071058290847
11.426472089583854,0.15707683563232461,0.10335657660148838,0.10551570777809649,-2.7153353564873585e-17,-4.2903249214244358e-17,0.31233502860470386,-3.8938617437259969e-18,-5.558624829658392e-18,0.10900657200572206,1.29296875,0.1434530779534797,0.26689487203769302
11.461522617466013,0.15707683563232414,0.10335047137244338,0.10551048821918128,-2.7816786002324744e-17,-1.0458663603334952e-18,0.31110567992252491,-3.9075751575112073e-18,-5.5186935773914925e-18,0.089840809357018186,1.24609375,0.15322597563454093,0.26673989936732784
11.496573145348171,0.157076835632324,0.10334459662498818,0.10552451179509925,-1.9135896153388637e-17,1.1555143399261081e-16,0.31009989185144204,-3.7664879235117127e-18,-6.1856937662509234e-18,0.069542376505763073,1.18359375,0.16128885396216305,0.26658578680702899
11.53162367323033,0.15707683563232411,0.10333904182970931,0.10554983968140499,-1.3652796783907252e-17,2.2672935992031636e-17,0.30932552263300556,-3.365011677306038e-18,-5.1646157367126895e-18,0.048501417077291088,1.14453125,0.16757242006766745,0.2664325286191202
11.566674201112489,0.15707683563232408,0.10333388950395897,0.10555339377176202,-4.191828254134971e-17,-2.3193815397447979e-17,0.30878780531853045,-3.154508480276859e-18,-6.1029877249638968e-18,0.027528891115814868,1.0859375,0.17193826337315365,0.26628011909347177
11.601724728994649,0.15707683563232414,0.10332923577675263,0.10552696062838424,-4.3485389034203131e-17,-2.6846543314563653e-17,0.30848976458494187,-2.5882923908411952e-18,-4.1081090962497148e-18,0.013694541682178478,1.0390625,0.17439504511773038,0.26612855254786155
11.636775256876808,0.15707683563232427,0.10332516460833274,0.10552189705272143,-1.7673921863399657e-17,-3.0868929622396362e-17,0.30843283405213695,-2.5332139493688924e-18,-4.6423030854688902e-18,0.021155732318022827,0.9765625,0.17514558557713669,0.26597782332840786
11.671825784758967,0.15707683563232439,0.10332171235989598,0.10549638820848647,-1.9977785818382827e-17,-7.1162515720455458e-17,0.30861581901678725,-1.8623049185248421e-18,-3.9315932513254795e-18,0.040169510255759273,0.8984375,0.17404670455554475,0.26582792580990139
11.706876312641127,0.15707683563232422,0.10331887663522669,0.10553245541776471,-1.6008663368788586e-17,-5.5083565860401054e-17,0.30903538325993629,-1.9072865866451695e-18,-4.8025065409726677e-18,0.059657445458783688,0.8125,0.17135200787323782,0.26567885439613309
11.741926840523284,0.15707683563232464,0.10331663204179736,0.10554886665941535,-1.0046758012784147e-17,-2.3430978986318108e-17,0.30968648886229655,-1.6832848359948908e-18,-5.3517634115982513e-18,0.078920181339542261,0.7578125,0.16690683626415942,0.26553060352028801
11.776977368405444,0.15707683563232383,0.1033149245158224,0.10555001243602283,-2.2849344710913529e-17,2.4957049479831774e-19,0.31056166089178289,-1.4705269514110454e-18,-2.5480254841913581e-18,0.097212625390862159,0.70703125,0.16080298882119978,0.26538316764520042
11.812027896287603,0.15707683563232391,0.10331370604748723,0.10552221342000757,-3.0431299186574523e-17,-2.6974804180771233e-17,0.31165066285022869,-1.1540879741031189e-18,-6.9180909706610704e-18,0.1141241177186612,0.62109375,0.15312570953979956,0.2652365412636507
11.847078424169762,0.15707683563232461,0.10331292208040146,0.10551215827454785,-3.0102916402251434e-17,2.3895237401692427e-17,0.31294236119235008,-8.5499042474706047e-19,-2.3764232342773556e-18,0.13008798729308732,0.578125,0.14408633519669023,0.26509071889861296
11.882128952051922,0.15707683563232402,0.1033125833382349,0.10551226419284239,-2.9582239741265698e-17,-4.6311441017744935e-17,0.31442457258088807,-5.1821045579099567e-19,-3.1367112628827772e-18,0.1447588215311294,0.4921875,0.13382672324513092,0.26494569510350185
11.917179479934081,0.15707683563232444,0.10331260543580195,0.10553097323739796,-4.4376766771548463e-17,5.8085847515795072e-17,0.3160832210696366,-2.7202165316051336e-19,-7.5872264357989274e-18,0.15821264844328514,0.4296875,0.12226215298513136,0.26480146446238895
11.952230007816238,0.15707683563232411,0.10331271039070905,0.10553729757493412,-4.1819653958528177e-17,9.3338775252591071e-17,0.31790208015837934,-1.8406257554407461e-19,-4.0089710345461399e-18,0.17008908233762995,0.3515625,0.10930437033564433,0.26465802159022517
11.987280535698398,0.15707683563232425,0.10331271113561913,0.10555057777035745,-4.2440623286492256e-17,1.5821606617739228e-17,0.31986536309047114,2.5811922860533463e-19,-4.3315088145104198e-18,0.18045547633699582,0.296875,0.095648855807796487,0.26451536113303953
12.022331063580557,0.15707683563232402,0.10331238148866075,0.10553654685100548,-2.9102435830857518e-17,2.1376087825020067e-17,0.32195631742025271,5.1536826320626347e-19,-4.829557402029986e-18,0.18910094413845643,0.2578125,0.081527368986423196,0.2643734777681192
12.057381591462716,0.1570768356323245,0.10331166055032583,0.10552688631094591,-2.1413993134387791e-17,-4.1693270453085973e-17,0.32415561803221488,7.249683858016877e-19,1.4592283363278187e-18,0.19608022815016696,0.203125,0.067855665778276106,0.26423236620414109
12.092432119344876,0.15707683563232386,0.1033106469150272,0.10551920333368422,-1.8112781931027306e-17,-4.9926695444799377e-17,0.3264387057918558,1.1756602240930425e-18,-2.1745844504342884e-18,0.2013910834712602,0.14453125,0.054633877331173433,0.26409202118134856
12.127482647227035,0.1570768356323243,0.10330952685593575,0.10551286103245981,-1.768370362390961e-17,-1.1266565929254476e-17,0.3287813083970007,1.4888099176951518e-18,6.7141423140316703e-20,0.20507076247159925,0.11328125,0.042092827720581288,0.26395243747168123
12.162533175109193,0.15707683563232436,0.10330808277817853,0.10550739104988838,-1.7093174924008911e-17,-1.2495586868611545e-17,0.33115980661831262,1.6947082002542481e-18,-2.0771839139191237e-18,0.20711052468752708,0.06640625,0.032853003854140243,0.26381360987889735
12.197583702991352,0.15707683563232427,0.10330646209737449,0.1055168984630461,-2.4730007314218633e-17,3.5574117043403255e-17,0.33354817987896412,1.9986610930108397e-18,-6.3105312956107552e-19,0.20765052883629923,0.05078125,0.029375749624467328,0.26367553323861892
12.232634230873511,0.15707683563232397,0.10330474779862568,0.10552278302506997,-2.8130763399904805e-17,-3.8161725778422714e-17,0.33592726198961453,2.3523056202956356e-18,-1.8171694982081565e-18,0.20662144624442363,0.05078125,0.034721615349100655,0.26353820241845827
12.267684758755671,0.15707683563232389,0.10330295608552009,0.10552407810695671,-4.0547859210427084e-17,-5.4211017024645711e-17,0.33827976613453881,2.5387856311798965e-18,1.5179544504310243e-18,0.20399259182631119,0.06640625,0.044818364507842406,0.26340161231806841
12.30273528663783,0.15707683563232441,0.10330093638446064,0.10552559673345091,-2.8261035912149844e-17,-2.3373346907168225e-17,0.3405859239437527,3.1828822228534998e-18,2.1805392138041325e-19,0.19980045438212329,0.07421875,0.056979619184621279,0.2632657578692586
12.337785814519989,0.15707683563232472,0.10329869115698183,0.10552631355915361,-2.5036922886310651e-17,3.2099130165712555e-18,0.34282690787107223,3.3982089168296286e-18,-1.9228984962584627e-19,0.19412151570512987,0.07421875,0.069491962301266613,0.26313063403597198
12.372836342402147,0.15707683563232375,0.10329621493532137,0.10552559673345091,-3.5586421260593964e-17,1.1809141621777732e-17,0.34498408548404963,3.7412618099609893e-18,-1.2049133565960552e-18,0.18701061507400971,0.07421875,0.082096527331907698,0.26299623581441173
12.407886870284306,0.1570768356323245,0.10329346495586701,0.10552407810695669,-3.6003479719332444e-17,3.5595876523579327e-17,0.34703958306777288,3.8154623924488335e-18,-3.0139207341203757e-18,0.17854054201720601,0.06640625,0.09444293353484999,0.2628625582330561
12.442937398166466,0.15707683563232391,0.10329054447937636,0.10552278302506998,-2.3058268896965615e-17,-2.584712386012404e-17,0.34897526626900477,3.8313455009807705e-18,-3.6476021072932162e-18,0.16875897528501288,0.05078125,0.10624379885405069,0.26272959635272641
12.477987926048625,0.15707683563232414,0.10328746256547933,0.10551689846304613,-2.9650769991815514e-17,-1.9950346861108497e-17,0.35077349444520711,4.6378585923388545e-18,-2.3186043563603617e-18,0.15771023529601289,0.05078125,0.11732434935420608,0.26259734526646339
12.513038453930784,0.15707683563232452,0.1032841877174142,0.10550739104988843,-2.3623106981174254e-17,9.4020122925172381e-18,0.35241967140939245,4.7951486401770378e-18,-1.3362316715718295e-18,0.14546193440921235,0.06640625,0.12748567467511129,0.26246580009961995
12.548088981812944,0.15707683563232477,0.10328072173781293,0.10551286103245976,-2.0499581523303143e-17,-2.0628029335673863e-17,0.35390045203863274,5.0881980516892617e-18,-2.2326154161678711e-18,0.13215077627496319,0.11328125,0.13681240873470596,0.26233495600985079
12.583139509695103,0.15707683563232439,0.10327721047666638,0.10551920333368424,-3.5431313872136069e-17,-4.2096315848719948e-17,0.35520424770456205,5.6012526907222143e-18,-2.1722720347201537e-18,0.11775659924594896,0.14453125,0.14508301993256259,0.26220480818711756
12.618190037577261,0.15707683563232436,0.10327382061336075,0.10552688631094591,-2.2365017229965277e-17,-4.992461007351419e-17,0.35632049698724377,5.2583309057179433e-18,-2.2278569692212803e-18,0.10237651679971625,0.203125,0.15223710869298807,0.26207535185357861
12.65324056545942,0.15707683563232444,0.10327057451408554,0.1055365468510055,-3.1452133192353902e-17,1.8367908149829868e-18,0.35724293815586361,5.3445301565811755e-18,-1.1842622045299521e-18,0.086119703312260334,0.2578125,0.15819693364752771,0.26194658226366591
12.688291093341579,0.15707683563232422,0.10326761467914718,0.10555057777035742,-1.8451259808161842e-17,3.8058468303279059e-17,0.35796399589635475,6.2808297472052078e-18,-1.2317328591134516e-18,0.069080738013404724,0.296875,0.16289829639762521,0.2618184947040007
12.723341621223739,0.15707683563232469,0.10326502392644946,0.10553729757493409,-2.4758989235600289e-17,-3.4488102019743746e-17,0.35847661745603454,6.0289834427751691e-18,-5.1145520777039894e-20,0.051199812706341011,0.3515625,0.16622862565311938,0.26169108449338024
12.758392149105898,0.15707683563232425,0.10326281039769362,0.10553097323739793,-1.0398535397949917e-17,-7.7391414427057538e-17,0.35877677273435388,6.7049641247499351e-18,-1.1082868284896929e-19,0.032834386262574448,0.4296875,0.16820991412358008,0.2615643469826861
12.793442676988057,0.15707683563232422,0.10326100191903757,0.10551226419284244,-1.1794209626124409e-17,9.3856874162960632e-18,0.35886417263088149,7.045310069326716e-18,-3.2742781325175198e-20,0.01524488222492802,0.4921875,0.16884065697168907,0.26143827755485816
12.828493204870215,0.15707683563232422,0.10325962183919767,0.10551215827454778,-2.5744192882504817e-17,-2.3593185062887586e-17,0.3587391493255197,7.554640948037108e-18,-1.4909811634055269e-19,0.010231142670896158,0.578125,0.1681816712076909,0.26131287162480826
12.863543732752374,0.15707683563232408,0.10325868456259843,0.10552221342000763,-2.0592083011452708e-17,3.3807375745676538e-17,0.35840340140727439,7.5085562345699412e-18,3.0422446649145043e-19,0.026632489998228981,0.62109375,0.16637283644439391,0.26118812463935281
12.898594260634534,0.15707683563232419,0.10325820643272771,0.10555001243602284,-1.1072189314351109e-18,-8.2742803641968534e-17,0.35786135202576969,7.3156910097422304e-18,1.1446371641860621e-18,0.045404683568490818,0.70703125,0.1635136961431419,0.26106403207697215
12.933644788516693,0.15707683563232444,0.10325814173518451,0.10554886665941533,-1.0164760537417868e-17,-6.0792385607130402e-17,0.35711668626984272,7.5210799558391472e-18,2.1261572390205538e-18,0.064672806952574685,0.7578125,0.15942393900393365,0.26094058944795501
12.968695316398852,0.15707683563232444,0.1032585176631052,0.10553245541776472,-2.202015158674801e-20,-2.2737919531570144e-17,0.35617790387517356,7.4933379724553437e-18,1.3113308661840382e-18,0.083835004019760281,0.8125,0.15406359876365228,0.26081779229427637
13.003745844281012,0.15707683563232391,0.10325928164358353,0.10549638820848649,1.2665405076980265e-17,-7.8825033460268268e-18,0.35505455651931833,7.968509600589746e-18,-1.6594896802803988e-18,0.10264550101512022,0.8984375,0.14737102606684291,0.2606956361895153
13.038796372163169,0.15707683563232427,0.10326036791627356,0.10552189705272146,7.0853306766558796e-18,-2.0449056031398618e-17,0.35375747763263204,7.5683647015799753e-18,3.0005667303113196e-18,0.12041934073418531,0.9765625,0.13936329535201933,0.26057411673869768
13.073846900045329,0.15707683563232425,0.10326165004079942,0.10552696062838424,3.2520127659100807e-18,-2.6690108871651776e-17,0.35229874769709779,7.6472349254208345e-18,1.600018470315739e-18,0.13743370952414941,1.0390625,0.12991047978511053,0.26045322957818962
13.108897427927488,0.157076835632324,0.10326284081060752,0.10555339377176207,4.4045121645025946e-18,2.2618305583670793e-17,0.35068987381870692,7.3948515739780957e-18,4.6386507922587845e-18,0.15331151380578026,1.0859375,0.11905099694203539,0.26033297037554792
13.143947955809647,0.15707683563232441,0.10326383430219598,0.10554983968140501,9.7090542507478168e-18,-1.7442287668088221e-17,0.34894609084717665,7.7340167182304572e-18,1.8580916999241974e-18,0.16808520454813991,1.14453125,0.10676699420397952,0.26021333482952436
13.178998483691807,0.15707683563232402,0.10326466814951954,0.10552451179509927,2.0900378298889948e-17,-2.5197583365728266e-17,0.34708496766567359,7.2883088499248875e-18,-1.0872583463549464e-18,0.18148999690379392,1.18359375,0.093136768429956412,0.260094318669914
13.214049011573966,0.15707683563232436,0.10326507909777168,0.10551048821918126,1.3738899973795817e-17,-6.8701693346694618e-17,0.34512194309095212,7.0850389337621785e-18,1.1668531157889168e-18,0.1930524053505642,1.24609375,0.078255130655100563,0.25997591765741485
13.249099539456124,0.15707683563232414,0.10326521759567682,0.10551570777809648,1.2028147735418664e-17,-2.0773531377606709e-17,0.34307533310363914,7.5081943430519493e-18,2.2082149193413551e-18,0.20246999471939164,1.29296875,0.062254056351483594,0.25985812758349081
13.284150067338283,0.15707683563232427,0.1032648492137101,0.10552337020134409,-6.4031799254860159e-18,-4.4197495933238841e-17,0.34096340748800991,7.1701955234632876e-18,1.8056258567178551e-18,0.20970883263962439,1.3125,0.045282736422878445,0.25974094427023042
13.319200595220442,0.15707683563232464,0.10326396901911451,0.10552355865174602,2.5194981917710984e-17,1.1233611796861878e-16,0.33880705145116596,6.7790925357293341e-18,2.7351953120076999e-18,0.21473851345447909,1.34375,0.027592798572877362,0.25962436357020025
13.354251123102602,0.15707683563232414,0.10326277464407826,0.10551820907260485,1.617463469906709e-18,-4.0912035602387215e-18,0.33662890942189383,6.5717491686401076e-18,2.784676700488648e-18,0.21744949744732775,1.359375,0.010104925401347517,0.2595083813663015
13.389301650984761,0.15707683563232416,0.10326114292282597,0.10551640388015925,1.8769273663039794e-17,-1.2321669009875714e-17,0.3344514675210985,6.4916507883847603e-18,5.4483651759850253e-18,0.21761957222447054,1.3828125,0.011810862877034783,0.25939299357163609
13.42435217886692,0.15707683563232444,0.10325902630532861,0.10552405086382642,2.6531254660796774e-17,-1.822161619453156e-18,0.33229343482149126,6.1302830825157099e-18,-5.7674748157605043e-20,0.21513585760572143,1.421875,0.030124138471638612,0.25927819612936936
13.459402706749078,0.15707683563232408,0.10325657309389806,0.1055274135713139,2.4682317611296367e-17,-1.9135103606978533e-17,0.33016952813541972,5.9422128169038159e-18,3.5346593834431087e-18,0.21010522355425915,1.4296875,0.048997249781510752,0.25916398501259369
13.494453234631237,0.1570768356323235,0.10325381605697578,0.10552405086382639,1.4944049731246303e-17,-4.6800776549430805e-17,0.32809693583069621,5.782121935511528e-18,4.3802557700049973e-18,0.20258113194246671,1.421875,0.067616530301161826,0.25905035622419004
13.529503762513396,0.15707683563232441,0.10325074489853264,0.10551640388015927,1.6100625082804918e-17,-9.2549936169226428e-18,0.32609349327738535,5.2579768724157706e-18,4.0056236931010792e-18,0.19261145194416132,1.3828125,0.085642140192794342,0.2589373057966764
13.564554290395556,0.157076835632324,0.10324727471160694,0.10551820907260487,1.8466671017923583e-17,-2.0739259669720431e-17,0.32417639455142155,5.1572928618461224e-18,1.1532219160017759e-18,0.18018657728136644,1.359375,0.10281153473012286,0.25882482979202986
13.599604818277715,0.15707683563232422,0.10324356059335785,0.10552355865174604,1.4290406953438767e-17,3.1479774894058796e-17,0.32236215248593625,5.1006421568245094e-18,3.815574216927893e-18,0.1655337944129103,1.34375,0.11886603930411518,0.25871292430154019
13.634655346159875,0.15707683563232441,0.10323964031166441,0.10552337020134414,2.3417231860713164e-17,6.8281080277811e-17,0.32066617188191471,4.7334790167887594e-18,3.8246794204452676e-18,0.14895075828303272,1.3125,0.13356811644967964,0.25860158544566531
13.669705874042034,0.1570768356323245,0.10323555642121141,0.10551570777809649,2.6406000731467385e-17,-4.6408063220617845e-17,0.31910404559244415,4.7765172240598934e-18,1.7056103373301204e-18,0.13068582327757688,1.28515625,0.1467162072716407,0.25849080937387142
13.704756401924191,0.15707683563232369,0.10323139926328974,0.10551048821918128,2.546325756100548e-17,6.4099921383504698e-17,0.31768918863851392,4.3002908372469095e-18,3.0342425713674546e-18,0.11093035581611979,1.23828125,0.15817055828252097,0.25838059226446541
13.739806929806351,0.1570768356323245,0.1032272657526673,0.10552451179509925,2.1431892571250964e-17,2.14929107456945e-17,0.31643427466910867,4.080458800666934e-18,1.0644911305726135e-18,0.089820560871330682,1.17578125,0.16783218469687269,0.25827093032443021
13.77485745768851,0.1570768356323245,0.10322320560225588,0.10554983968140499,1.971163767508633e-17,-8.8352231222956241e-18,0.31534952254229592,4.0035345192171058e-18,2.2252795390560504e-18,0.067714834988830824,1.13671875,0.17564223334616369,0.25816181978926134
13.809907985570669,0.15707683563232441,0.10321927987289826,0.10555339377176202,3.4720615651935526e-17,4.6317181054867757e-17,0.31444371531023185,3.305403801594548e-18,3.0639309236572924e-18,0.045158721392821156,1.078125,0.1814668562208272,0.25805325692279774
13.844958513452829,0.15707683563232505,0.10321556224003173,0.10552696062838424,4.8705731621770459e-17,5.7784163803227206e-18,0.31372379203908313,3.1323514135938604e-18,1.919336759938386e-18,0.023201883733260823,1.03125,0.18527945562449588,0.25794523801705277
13.880009041334988,0.15707683563232402,0.103212121700978,0.10552189705272143,2.2037487552077154e-17,5.285447247155555e-17,0.31319510511547921,2.5801471433493855e-18,1.5860845094997067e-18,0.009007850142032538,0.96875,0.18724732105938366,0.2578377593920545
13.915059569217146,0.15707683563232427,0.10320901419235341,0.1054963882084865,2.3784910201927282e-17,-1.2553197883405052e-18,0.31286087963414277,2.5389909787669628e-18,2.860578289433328e-18,0.0262987306010369,0.890625,0.18727186010087235,0.25773081739567821
13.950110097099305,0.1570768356323238,0.10320627970351515,0.10553245541776471,2.4539072088544543e-17,8.5705284195917761e-18,0.31272264863407656,2.6007476629147124e-18,2.1150190129656314e-18,0.04750703068407941,0.8046875,0.18555308423837272,0.25762440840347839
13.985160624981464,0.15707683563232452,0.10320393901753512,0.10554886665941535,3.0133952098383579e-17,-3.067689641714405e-17,0.31278032343405027,2.5255331637910313e-18,2.2378476825090899e-18,0.068771933290310755,0.75,0.18195931286913589,0.25751852881851506
14.020211152863624,0.15707683563232452,0.10320198843411554,0.10555001243602283,3.9824690891229036e-17,7.734828515729883e-17,0.31303207447613202,1.726855747580509e-18,2.6202374986372308e-18,0.089143553634797382,0.69921875,0.17655940343023413,0.25741317507117689
14.055261680745783,0.15707683563232419,0.10320042037102428,0.10552221342000769,2.2594487062655135e-17,6.0364473738749307e-17,0.31347419017977912,1.4378305697483556e-18,1.1580437456628036e-18,0.10817480758593807,0.61328125,0.16941807109320681,0.25730834361900856
14.090312208627942,0.15707683563232422,0.10319924254977239,0.10551215827454785,3.0376530543374635e-17,7.517739258522652e-17,0.31410183060146485,1.0977778606987247e-18,1.3375723245496248e-18,0.12629927726964665,0.5703125,0.16069300267311981,0.25720403094651983
14.1253627365101,0.15707683563232444,0.10319845262466543,0.1055122641928424,4.3625106277255489e-17,5.7901344817960972e-17,0.31490866135804513,1.6312268445293254e-18,-2.1459576358266461e-19,0.14319982320045846,0.484375,0.15048536144033467,0.25710023356504313
14.160413264392259,0.15707683563232447,0.10319799222381612,0.10553097323739793,4.5286727220818239e-17,9.0396969364462621e-17,0.31588594392497887,5.301636292326932e-19,4.1351213770862758e-19,0.15881521527726417,0.421875,0.13890675828064739,0.25699694801254447
14.195463792274419,0.15707683563232391,0.10319782090038951,0.10553729757493413,2.4870199821812739e-17,7.0489709644400156e-17,0.31702375243825287,9.983956256180818e-19,-1.4583981442608481e-18,0.17280763085124651,0.34375,0.12611959604361214,0.25689417085344529
14.230514320156578,0.15707683563232433,0.10319790219299538,0.10555057777035746,4.0349671263534859e-17,5.6344415042300313e-17,0.31831165069919171,8.9768328411245361e-20,1.2100935622574715e-18,0.18520323851674053,0.2890625,0.11234159743041813,0.25679189867845581
14.265564848038737,0.15707683563232419,0.10319818105762248,0.10553654685100544,3.4153577659003809e-17,-2.0491321662544206e-17,0.3197361307101162,1.1085843550162706e-19,4.2915150584084842e-19,0.19583089245243746,0.25,0.097833140953275707,0.25669012810439995
14.300615375920897,0.15707683563232466,0.10319857473483993,0.10552688631094591,3.6847120358953595e-17,4.7832308615223918e-17,0.32128430636406896,-8.7970968337744201e-19,1.8872190686623594e-18,0.2047472022435205,0.1953125,0.082986643466917809,0.25658885577402069
14.335665903803054,0.15707683563232452,0.10319890994985412,0.10551920333368422,1.7990823256954434e-17,-6.0449320966386546e-17,0.3229423183778693,-1.0794226195085965e-18,1.2380688816598488e-19,0.21194638976449495,0.13671875,0.068088635575350484,0.25648807835581328
14.370716431685214,0.15707683563232458,0.1031990342174933,0.10551286103245974,4.3709125412381281e-17,2.0851922380002999e-18,0.32469614584667716,-1.1254689724748562e-18,1.1932136817003625e-18,0.21740432783236621,0.10546875,0.053549989108456396,0.25638779254383964
14.405766959567373,0.15707683563232405,0.10319874512297536,0.10550739104988838,3.669858373317502e-17,7.0505455250819893e-18,0.32653028246298188,-1.7043187982011955e-18,2.0085961460907125e-18,0.22104996965869037,0.07421875,0.039664572312957599,0.25628799505757499
14.440817487449532,0.15707683563232464,0.10319803584467392,0.10551689846304611,3.8515351560863662e-17,3.5601943058226656e-17,0.32842764398848978,-2.2507555516246444e-18,-8.5068727610419476e-19,0.22299036019890184,0.05859375,0.028858025885066783,0.25618868264170103
14.475868015331692,0.15707683563232397,0.10319699073066063,0.10552278302506997,4.2683989011804323e-17,6.9732709335756099e-17,0.33036612887306926,-2.71055609602628e-18,3.0938093142305157e-18,0.22319171037914207,0.05859375,0.026620306924213823,0.25608985206594431
14.510918543213851,0.15707683563232364,0.10319572488306711,0.10552407810695671,2.0662609109772873e-17,2.5511937288679266e-17,0.33232433940948991,-2.8189899617549375e-18,3.2554791735522422e-18,0.2216827443769307,0.07421875,0.033995138905278006,0.25599150012489219
14.54596907109601,0.15707683563232411,0.103194513783168,0.10552559673345091,2.921874267479985e-17,-4.4846351836051177e-17,0.33428072312152918,-3.3374527076327619e-18,2.0920986718347481e-18,0.21852194286130913,0.08203125,0.046614609817268067,0.25589362363782631
14.581019598978168,0.15707683563232469,0.10319330146588715,0.10552631355915361,2.1398762288177847e-17,-6.0377396721409368e-17,0.33622072217908228,-3.1339599696925463e-18,1.6969985728975279e-19,0.21373534746588224,0.08203125,0.060506580586688598,0.25579621944851627
14.616070126860327,0.15707683563232425,0.10319200971422053,0.10552559673345091,2.7596343562880757e-17,-2.6116442189060844e-17,0.33813190818386968,-3.5470695806355903e-18,3.7204652744398815e-18,0.20730881749546812,0.08203125,0.074781269107364171,0.25569928442507561
14.651120654742487,0.15707683563232397,0.10319052757804487,0.10552407810695669,2.0664718178458824e-17,-4.2999281615137979e-17,0.3399983846073133,-3.7332714520388802e-18,-2.4256392011792507e-18,0.19929533486297257,0.07421875,0.088743444294646326,0.25560281545977626
14.686171182624646,0.15707683563232441,0.10318892332484728,0.10552278302506998,2.7669887130257202e-17,2.0721039001421882e-17,0.34180261763673714,-4.0889475349081063e-18,-1.3114875458242831e-18,0.18974578263626232,0.05859375,0.10212881659422507,0.25550680946888787
14.721221710506805,0.15707683563232461,0.10318716258044923,0.10551689846304613,3.6310228093095464e-17,5.9272529098759055e-17,0.34353069902438316,-4.3533276935698548e-18,-3.119417384891434e-19,0.17870852291048483,0.05859375,0.11499569080027539,0.25541126339244941
14.756272238388965,0.15707683563232411,0.10318522794522841,0.1055073910498884,3.4321884499799782e-17,-8.7660056471177877e-18,0.34516866688048198,-4.6613641702154676e-18,-5.4913991504178685e-19,0.16627175634134994,0.08203125,0.12719176451373854,0.25531617419413194
14.791322766271122,0.15707683563232441,0.10318316778444879,0.10551286103245976,1.5123231046041123e-17,-2.5503669528786471e-18,0.34670096854370641,-5.1296354576799525e-18,3.0492173451139288e-18,0.15258758272641348,0.11328125,0.13835369787508983,0.25522153886107379
14.826373294153282,0.15707683563232414,0.10318099191512964,0.10551920333368421,1.6847557945605152e-17,-7.1760480138170559e-17,0.34811485011318011,-5.0903745706760419e-18,-1.5911230669435718e-18,0.13765994760459166,0.14453125,0.14832577628859184,0.25512735440371048
14.861423822035441,0.15707683563232422,0.1031786898528662,0.10552688631094591,1.9995956458834857e-17,-8.7810877263105221e-18,0.34939812708999701,-5.3842955203611669e-18,-3.3337762000026934e-19,0.12161177843888299,0.203125,0.15704774968142304,0.25503361785554851
14.8964743499176,0.15707683563232416,0.1031762645718701,0.1055365468510055,2.0996534452877308e-17,3.8424861718751883e-18,0.35054068715253228,-5.8301975693155334e-18,8.1033027785342334e-19,0.10453576798240979,0.2578125,0.16448138464833229,0.25494032627303709
14.93152487779976,0.15707683563232402,0.10317385592468938,0.10555057777035742,2.780509528451475e-17,5.1197634453421143e-17,0.35153325040577565,-5.9303814458073168e-18,6.4293635454222403e-19,0.086555613343720944,0.296875,0.17065591841968122,0.254847476735381
14.966575405681919,0.15707683563232452,0.10317151524808962,0.10553729757493409,1.5257138476289999e-17,-1.2886857289009804e-18,0.3523689813077942,-6.1479758554327597e-18,6.2667513399747084e-20,0.067635620775996677,0.3515625,0.17551288600870651,0.25475506634435457
15.001625933564076,0.15707683563232433,0.10316930004364065,0.10553097323739793,1.3057715549976468e-17,-7.2382500050910764e-18,0.35304208971722667,-6.4131696496245307e-18,-1.7674014851826103e-18,0.048109220997120027,0.4140625,0.17892355771165994,0.25466309222413819
15.036676461446236,0.1570768356323243,0.10316727375458276,0.10551226419284244,4.7836560982175192e-18,1.3856618129617935e-17,0.35354788728247238,-6.552718017491947e-18,-3.0609265390490144e-19,0.028131579823931514,0.4765625,0.18080686662253501,0.25457155152117139
15.071726989328395,0.15707683563232402,0.10316545749156028,0.10551215827454778,2.0443039524597774e-17,-6.8976340957804473e-17,0.35388190180044421,-6.6831349317822372e-18,-9.3304692258501772e-19,0.011027719494331836,0.5625,0.18118756311057363,0.25448044140396642
15.106777517210555,0.15707683563232433,0.10316389939340277,0.10552221342000764,9.4971257608621149e-18,4.4361397690499606e-17,0.35404207506567142,-6.7041328082343193e-18,-6.2807742485559843e-19,0.015890023683342139,0.60546875,0.18009695478027773,0.25438975906293188
15.141828045092714,0.15707683563232427,0.10316263889789716,0.10555001243602284,1.0410784321204914e-17,1.6544809166516284e-17,0.35402808915841949,-6.6777049046511329e-18,-4.8551806139735232e-19,0.035434425401709567,0.69140625,0.17772285636669832,0.25429950171021554
15.176878572974873,0.15707683563232433,0.10316166353526041,0.10554886665941533,7.2805327510262415e-18,2.5908315815507927e-18,0.3538408989715412,-6.7325493574076597e-18,1.5232187183221912e-19,0.056148143087072465,0.7421875,0.17396064927691057,0.25420966657949368
15.211929100857031,0.15707683563232439,0.10316097959780683,0.10553245541776472,3.4017645417494545e-18,3.6028464679084551e-17,0.35348325517913942,-6.7558385241565136e-18,-8.65251277128354e-20,0.076895309320461736,0.796875,0.16880551247694972,0.25412025092588136
15.24697962873919,0.157076835632324,0.10316060131803058,0.10549638820848649,-4.8632662002413636e-18,5.5611638743533011e-17,0.35295900034043615,-6.8365893431200122e-18,-1.2804251431394182e-18,0.097373454681678059,0.8828125,0.16220519219564639,0.25403125202573551
15.282030156621349,0.15707683563232414,0.10316053043077723,0.10552189705272147,-6.0605510536155238e-18,-1.8078841986754505e-17,0.35227335393777026,-6.6212623389511536e-18,-5.7209117851041286e-19,0.11681549993535524,0.9609375,0.15422824387282638,0.2539426671764734
15.317080684503509,0.15707683563232419,0.10316077715197276,0.10552696062838424,1.243455289590071e-19,-4.1579870490328903e-17,0.35143333236493046,-6.9724736110665482e-18,-9.1228054038217689e-19,0.13555141626714778,1.0234375,0.14471272635167176,0.25385449369640711
15.352131212385668,0.15707683563232452,0.10316128716381365,0.10555339377176204,1.7434262148294307e-17,5.1679765975212951e-17,0.35044680034450976,-7.1107563925967584e-18,-1.2969158804547607e-18,0.15307780233084417,1.0703125,0.13369684262848289,0.25376672892457242
15.387181740267827,0.15707683563232414,0.10316199326358487,0.10554983968140506,7.6507625124110469e-18,-2.1894976648755226e-17,0.34932290525000204,-6.7452362400526918e-18,-5.4595288507684807e-19,0.16955651429751384,1.12890625,0.12115563978936612,0.25367937022057957
15.422232268149987,0.15707683563232427,0.10316283405340775,0.10552451179509927,-5.2112967630098808e-18,2.5015924356010072e-18,0.34807223992889613,-6.7403034518673084e-18,-2.5028285164672197e-18,0.18464732674914616,1.16796875,0.10716810087627504,0.25359241496444423
15.457282796032144,0.157076835632324,0.10316368636480365,0.10551048821918128,-5.1251672426757852e-18,5.8571644235603331e-17,0.3467054285670001,-6.967725077362611e-18,-1.6153314704598679e-18,0.19785240119097555,1.23046875,0.091839492828403077,0.25350586055643892
15.492333323914304,0.15707683563232402,0.10316444138215211,0.10551570777809648,-8.1396398943447512e-18,-9.3779388927890221e-17,0.34523524144773549,-6.5473586109056393e-18,-1.2586306271339622e-18,0.20891305870589719,1.27734375,0.075292968298600035,0.25341970441691053
15.527383851796463,0.15707683563232402,0.10316502085636499,0.10552337020134409,-1.1682461898823528e-17,1.0866501140053192e-17,0.34367473901784806,-6.5068849737261494e-18,-2.5027498826102389e-18,0.21776312138617601,1.296875,0.057669512774962066,0.253333943986145
15.562434379678622,0.15707683563232439,0.10316513586789823,0.10552355865174602,-4.4328792699814587e-18,-8.1130906428244239e-17,0.34203624121490167,-6.7086171611301224e-18,-1.3995296193829642e-18,0.2243812944593328,1.328125,0.039177156031587862,0.25324857672421025
15.597484907560782,0.15707683563232419,0.10316502723425219,0.10551820907260485,-3.0472329919825254e-18,1.7606189425349026e-17,0.34033725543923932,-6.7170841818802152e-18,5.9938340828553474e-19,0.22855804681548411,1.34375,0.020222533004421398,0.25316360011078004
15.632535435442941,0.15707683563232411,0.10316467899265952,0.10551640388015925,-1.6300901034026643e-17,-6.8989095425613375e-17,0.33859479485498711,-6.2778545853370077e-18,-1.2194912581319145e-18,0.23007978928507178,1.3671875,0.0056773819931435167,0.2530790116449731
15.667585963325099,0.15707683563232433,0.10316399760483458,0.10552405086382639,-1.5824010587415018e-17,7.5738683958423916e-18,0.33682416050192693,-5.9469581452828794e-18,-2.587843076672214e-19,0.228841227940804,1.40625,0.021305570435839829,0.25299480884519165
15.702636491207258,0.15707683563232389,0.1031630271100734,0.1055274135713139,-1.3202180172355857e-17,5.5174395365260246e-17,0.33504355604343983,-5.720726729291464e-18,-2.5046831006370033e-18,0.22497024572071053,1.4140625,0.041023904300780442,0.25291098924896321
15.737687019089417,0.15707683563232405,0.10316176852763842,0.10552405086382639,-2.8988744916677388e-17,1.7160099017382181e-17,0.33327115656978068,-4.8515195513564547e-18,-2.1584164621918578e-18,0.2185053772057286,1.40625,0.060703893958883356,0.25282755041278243
15.772737546971577,0.15707683563232405,0.10316022648639861,0.10551640388015927,-1.4371773296178673e-17,4.287420146674899e-17,0.33152099730514406,-4.99562020432748e-18,-5.9076211835120081e-19,0.2094483249486761,1.3671875,0.079891723675248855,0.25274448991199744
15.807788074853736,0.1570768356323243,0.10315838634718341,0.10551820907260487,-3.1568430820640345e-17,8.0120628298072982e-17,0.32980383019673803,-4.5262161964116803e-18,-3.2203028139402389e-18,0.19776884016868101,1.34375,0.098292685371970334,0.25266180534062804
15.842838602735895,0.15707683563232408,0.10315634157492344,0.10552355865174605,-4.2707221680407147e-17,2.5947147956557995e-17,0.32813533867117106,-4.3619987177385185e-18,2.3946446402293122e-19,0.18369124014386018,1.328125,0.11563629192615278,0.25257949431120591
15.877889130618053,0.157076835632324,0.10315405915530261,0.10552337020134414,-1.9880435578691256e-17,-4.645969195818979e-17,0.3265297828824954,-4.573701430053476e-18,-3.3109045397433285e-18,0.16749599203753396,1.296875,0.13167629951625318,0.25249755445462502
15.912939658500212,0.15707683563232433,0.10315161494727793,0.10551570777809646,-9.7170508070516558e-18,8.3736893814235253e-17,0.32500172897603347,-3.9488618098352603e-18,-4.3650645334319756e-19,0.14943760740852843,1.27734375,0.14620041067702527,0.25241598342001037
15.947990186382372,0.15707683563232419,0.1031489642801747,0.10551048821918128,-2.3769102718960532e-17,6.0057671387572938e-17,0.32356328203038243,-3.5109823788468925e-18,-2.625438952500632e-20,0.12969228555544049,1.23046875,0.15904835851836124,0.25233477887455841
15.983040714264531,0.15707683563232405,0.10314618771185007,0.10552451179509924,-2.9710380803946125e-17,4.1113895329906843e-17,0.3222271610734912,-3.1212335891732649e-18,-2.0676041155252969e-19,0.10838667652025913,1.16796875,0.17009502393585427,0.25225393850338035
16.018091242146689,0.15707683563232433,0.10314336908538106,0.10554983968140498,-2.135332120530284e-17,1.9031961985795184e-17,0.32100589364764776,-2.7989272129853467e-18,-1.2455219470000135e-18,0.085868431918851837,1.12890625,0.17926787309952527,0.25217346000935265
16.053141770028848,0.15707683563232408,0.10314047110123557,0.10555339377176208,-2.0160438802419328e-17,2.0991494805605163e-17,0.319909173569008,-2.4627388849624104e-18,-1.3319484851235902e-18,0.062696647144808645,1.0703125,0.18642879238258545,0.25209334111296788
16.088192297911007,0.15707683563232386,0.10313762249790381,0.10552696062838424,-2.5488666440930374e-17,-9.1156002383501e-19,0.31894634242817832,-2.1117705971519533e-18,-2.8840679182337553e-18,0.039252820935244147,1.0234375,0.19151652803750524,0.25201357955221165
16.123242825793167,0.15707683563232408,0.10313487257742346,0.10552189705272143,-4.1240715920744539e-17,3.4140476945836329e-18,0.31812549657421269,-1.7847736933005531e-18,-2.001597235218582e-18,0.016735483935294022,0.9609375,0.19464611475848612,0.25193417308241345
16.158293353675326,0.1570768356323245,0.10313225863540577,0.10549638820848649,-3.4690585778822165e-17,3.407698897560311e-17,0.31745323798862829,-1.4504204654665658e-18,-3.3250644501135585e-18,0.012874709574308847,0.8828125,0.19575188973450203,0.25185511947609857
16.193343881557485,0.15707683563232419,0.10312982357719644,0.10553245541776471,-2.4878866487954963e-17,-2.9785853076456773e-17,0.3169344781801095,-1.1299972693407011e-18,-2.6009979690605406e-18,0.034043107985435556,0.796875,0.19501303197359277,0.25177641652283861
16.228394409439645,0.15707683563232422,0.10312761449113236,0.10554886665941531,-2.0353136851420907e-17,5.4571512420322365e-17,0.31657284780816086,-7.3995172862232011e-19,-2.290866508879621e-18,0.056613224620678373,0.7421875,0.19232136185672649,0.25169806202911471
16.263444937321804,0.15707683563232416,0.10312566350786748,0.10555001243602283,-2.1903534043548588e-17,-1.530378154400299e-17,0.31637054200440512,-4.9222209530580465e-19,-2.3489192139536774e-18,0.078578663135785556,0.69140625,0.18774291909485044,0.25162005381817865
16.298495465203963,0.15707683563232491,0.1031239796150458,0.10552221342000769,-1.9861135362126404e-17,-1.9393900289886276e-17,0.31632826020134736,-4.1879037719732845e-19,-1.854516851498942e-18,0.099241376657073027,0.60546875,0.18132583850185108,0.25154238972991283
16.333545993086123,0.1570768356323245,0.10312255927670774,0.10551215827454777,-3.5614384193733964e-17,-3.426399833185053e-17,0.31644526760041786,7.9934598494061829e-21,-1.9965128791106454e-18,0.11913896602998413,0.5625,0.17318252368354128,0.25146506762069676
16.368596520968282,0.15707683563232475,0.10312141146945417,0.10551226419284239,-1.5968654256823847e-17,-5.9489639420322669e-17,0.31671988533911483,3.1914592586250621e-19,-1.8869760068092395e-18,0.13788342943776841,0.4765625,0.16345428320100741,0.25138808536327306
16.403647048850441,0.15707683563232377,0.10312054692819204,0.10553097323739802,-2.5313900741848859e-17,7.617748609907164e-17,0.31714872207500688,5.9413943216876946e-19,-9.2568623328599473e-19,0.15528826821622566,0.4140625,0.15231409855288475,0.25131144084660756
16.438697576732597,0.15707683563232402,0.10311992189261608,0.10553729757493412,-1.4324649697835013e-17,2.57575424183825e-17,0.31772715342444585,8.3354700813754205e-19,-2.569226252538063e-18,0.17107242528222966,0.3515625,0.13989080465353637,0.25123513197574571
16.473748104614756,0.15707683563232427,0.10311952870231007,0.10555057777035746,-2.8179414164088457e-17,-6.6972051646702835e-17,0.31844893726655421,9.0769858017409253e-19,-9.2665089390129348e-19,0.18525374956576071,0.296875,0.12637637009913444,0.25115915667168665
16.508798632496916,0.15707683563232397,0.10311936875857405,0.10553654685100557,-1.5985780895111145e-17,-2.3554416114906841e-17,0.31930700009982427,1.1974100077219352e-18,-1.9027957584761338e-18,0.19759405663834073,0.2578125,0.11195038429434463,0.25108351287125752
16.543849160379075,0.15707683563232441,0.10311941629963485,0.10552688631094591,-1.0467136740702643e-17,-1.6588707285283969e-18,0.3202932085423098,1.369121846142404e-18,1.4915294290552847e-19,0.20817568215664167,0.203125,0.096901048210259605,0.25100819852696959
16.578899688261235,0.15707683563232405,0.10311960897489918,0.10551920333368422,-2.7477123255141872e-18,9.4523245078131632e-18,0.32139720347390427,1.6058274366402721e-18,-1.7432713019329887e-18,0.21696387807317882,0.14453125,0.08147081800617352,0.25093321160689264
16.613950216143394,0.15707683563232414,0.10311991502947593,0.10551286103245976,-1.8393307814098892e-17,-4.0896916660570747e-17,0.32260849326389979,1.6021270441700162e-18,-7.5536674986278009e-19,0.22393970575088215,0.11328125,0.065890207255194622,0.25085855009452585
16.649000744025553,0.15707683563232416,0.10312024119733554,0.10550739104988838,-1.1250674188862065e-17,-2.7052468462871239e-17,0.32391542424360181,1.785165363320597e-18,-4.4398900314855581e-19,0.22906273572878827,0.08203125,0.050122846242861438,0.25078421198866646
16.684051271907713,0.15707683563232405,0.10312045521039639,0.10551689846304611,-2.7632816496012399e-17,2.6837949057146576e-17,0.32530758612330968,2.1930142089653803e-18,-3.503544965314881e-18,0.23239862282884322,0.06640625,0.035344751636722585,0.25071019530327454
16.719101799789872,0.15707683563232461,0.10312047628610804,0.10552278302506997,-2.3314686624120801e-17,-2.3502834772136878e-17,0.32677196999817598,2.2582473264325371e-18,2.112253631855593e-18,0.23387699162593953,0.06640625,0.024874886866054258,0.25063649806735466
16.754152327672031,0.15707683563232408,0.10312024523148396,0.10552407810695669,-2.1908818563964074e-17,-3.1610437096897614e-18,0.32829549452835155,2.4875316592697326e-18,-1.2860894627166796e-18,0.23350637829962739,0.08203125,0.024787886570615023,0.2505631183248257
16.789202855554191,0.1570768356323243,0.10311971613640508,0.10552559673345094,-1.1778437689259088e-17,-1.8406329535929826e-17,0.32986535111347187,2.6606396751666144e-18,-5.3756230098523401e-19,0.23133408970444161,0.08984375,0.035092673781067132,0.25049005413440167
16.82425338343635,0.15707683563232436,0.10311898966540321,0.10552631355915361,-1.8899442170025096e-17,5.7203361569901139e-17,0.33146299566625675,2.8827490433705249e-18,6.7593793030802896e-19,0.22740925012852206,0.08984375,0.049483174342968214,0.25041730356945291
16.859303911318506,0.15707683563232414,0.10311827747700174,0.10552559673345094,-2.159251487152252e-17,2.6317064385641118e-17,0.3330682163669082,2.9078359837831863e-18,-8.1902516101288035e-20,0.22177194132127934,0.08984375,0.064782763238406538,0.25034486471789541
16.894354439200665,0.1570768356323243,0.1031176089939444,0.10552407810695671,-6.3044038921695895e-19,-6.2626759287214891e-17,0.33466544808036691,3.012198673332011e-18,8.1430660614379963e-19,0.21448353928306463,0.08203125,0.080104424784861003,0.25027273568206804
16.929404967082824,0.15707683563232397,0.10311688420949396,0.10552278302506998,-1.7137678643023567e-17,-5.8835096141278777e-17,0.33624607535603379,3.1744009332378404e-18,-5.4959290951825901e-19,0.20556820250386815,0.06640625,0.095130902514306045,0.25020091457861665
16.964455494964984,0.15707683563232389,0.10311605578709282,0.10551689846304613,-1.8939499993314043e-17,1.0066129321551827e-19,0.33779808939763323,3.3369913476461104e-18,8.9604867182447225e-19,0.19505225658498199,0.06640625,0.10945959378680928,0.25012939953835372
16.999506022847143,0.15707683563232414,0.10311506352733396,0.10550739104988838,-1.5240443657309314e-17,-6.2509762585600034e-17,0.33930810242563653,3.3842918098185771e-18,-3.4639843933599818e-18,0.18300282121362751,0.08203125,0.12299371547198594,0.25005818870615859
17.034556550729302,0.15707683563232447,0.10311397938012525,0.10551286103245976,-4.3846511094483135e-19,-1.0447325713494855e-17,0.34076167236748373,3.5832008297919066e-18,-5.9384071010771272e-19,0.16956080278791347,0.11328125,0.13561160772215725,0.24998728024085476
17.069607078611462,0.15707683563232411,0.10311282706478102,0.10551920333368424,-2.9040461861241665e-17,7.3733146584204927e-18,0.34214665187769633,3.6850108399703926e-18,-2.019904739040078e-18,0.15474112435596263,0.14453125,0.14717723985512629,0.24991667231509884
17.104657606493621,0.1570768356323235,0.10311162460784967,0.10552688631094591,-1.3533095945537682e-17,-3.5801885929312804e-17,0.34345116448128327,3.7611087679882804e-18,-6.1987144421225148e-20,0.13865330089458613,0.203125,0.1576236177819918,0.2498463631152418
17.13970813437578,0.15707683563232397,0.10311033165233044,0.10553654685100548,-1.9831859856277276e-17,-3.3862027218393835e-17,0.34466423946668179,3.8320519132238908e-18,6.9928507078559548e-19,0.12139285868444286,0.2578125,0.1667240111896133,0.24977635084123423
17.17475866225794,0.15707683563232411,0.10310891916260334,0.10555057777035749,4.2498721414527881e-18,4.061759802842614e-17,0.34577584645276432,4.0654568462825192e-18,1.3533115165796747e-18,0.10307307050731647,0.296875,0.17439894380502943,0.24970663370650525
17.209809190140099,0.15707683563232394,0.10310738819792338,0.10553729757493409,-2.1650445801229091e-18,5.0597668921846803e-17,0.3467771146469722,4.4527825137492493e-18,2.5325564700288835e-18,0.083648029226113335,0.3515625,0.1805756859636275,0.24963720993785377
17.244859718022258,0.15707683563232414,0.10310577522480562,0.10553097323739796,7.7470871812497427e-18,4.2112782909347005e-17,0.3476604271457816,4.1207015510579451e-18,1.0487495151618628e-18,0.063437365061551759,0.4140625,0.18522334736780749,0.24956807777531029
17.279910245904418,0.157076835632324,0.1031041443129271,0.10551226419284233,-3.4954206199349029e-18,-2.7055375344056461e-17,0.34841853082171914,4.0161962762510316e-18,1.7388551591259785e-18,0.042511290304221176,0.4765625,0.18829546733885541,0.24949923547206118
17.314960773786574,0.15707683563232411,0.10310253184986969,0.10551215827454778,-9.3859507207512514e-18,-1.2483948811692584e-17,0.34904566719695246,4.2570370460286289e-18,1.7541191100447225e-18,0.021324318680888577,0.5625,0.18978133300378605,0.24943068129432391
17.350011301668733,0.15707683563232419,0.10310099158757173,0.10552221342000781,1.7906559248685322e-18,2.7994250572071863e-17,0.3495369131511179,4.3034544411984069e-18,2.1912302582650904e-18,0.0069160579490113849,0.60546875,0.18965857385783444,0.24936241352123928
17.385061829550892,0.1570768356323243,0.10309957018106844,0.10555001243602281,1.0216963278701969e-17,-4.4543630703930062e-17,0.34988871317954495,3.9934478788276342e-18,1.765998619175463e-19,0.023931623729026123,0.69140625,0.18798983743978301,0.24929443044475602
17.420112357433052,0.15707683563232386,0.10309832550337798,0.10554886665941532,-2.0970132915156396e-18,-3.9981386005551691e-17,0.35009952750555706,3.7331267471304717e-18,7.6554952738024112e-19,0.045751564742172082,0.7421875,0.18477196742876223,0.24922673036953413
17.455162885315211,0.15707683563232402,0.10309728215553769,0.10553245541776474,-1.0356173660678212e-17,1.1808198991828164e-17,0.35016827788286059,3.8031363673460277e-18,9.4055027792148623e-19,0.067809934601981842,0.796875,0.18005965355848466,0.24915931161282681
17.49021341319737,0.15707683563232441,0.10309644118640782,0.10549638820848649,8.1647143776115732e-18,-7.8659209580484411e-17,0.350094956699183,3.4361183975077807e-18,5.2445514273436538e-19,0.089670647848915444,0.8828125,0.173787612165404,0.24909217250435597
17.52526394107953,0.15707683563232405,0.10309581034629256,0.10552189705272147,-5.2129766454339395e-18,-1.0493946400329148e-18,0.34988042430634381,3.7881953141342121e-18,7.9186168706998118e-19,0.11054373659119449,0.9609375,0.16604571888374209,0.24902531138625894
17.560314468961689,0.15707683563232425,0.10309536902433913,0.10552696062838422,3.8923599852532073e-18,2.0708442516286069e-17,0.34952711496515698,3.6724701614986293e-18,1.5926267294320026e-18,0.13076186338041559,1.0234375,0.1566757092253519,0.24895872661295693
17.595364996843848,0.15707683563232411,0.10309513043632576,0.10555339377176204,1.4897209185191906e-17,3.1523720407628454e-17,0.34903892352173349,3.9850548907423649e-18,1.5634665481191513e-18,0.14978273452290036,1.0703125,0.14570696530887209,0.24889241655105218
17.630415524726008,0.1570768356323243,0.10309508901001688,0.10554983968140506,1.6435414064522425e-17,1.2719121818881615e-17,0.3484206645243843,3.6155618414149944e-18,4.3592555929568366e-19,0.1677414686790549,1.12890625,0.13311453815482488,0.24882637957922624
17.665466052608167,0.15707683563232364,0.10309522021576081,0.10552451179509927,2.2119009244445654e-18,8.8018929911411001e-17,0.34767864286482258,3.5156029063510371e-18,-3.0290523296787626e-19,0.18430861440216781,1.16796875,0.11898569735301073,0.24876061408813827
17.700516580490326,0.15707683563232433,0.10309547056672912,0.10551048821918126,9.2767241336086966e-18,9.5932397861366651e-18,0.34681958584791545,3.6590235651597556e-18,2.9431084966790503e-18,0.19895647694164198,1.23046875,0.1034424636397319,0.24869511848032208
17.735567108372482,0.15707683563232458,0.10309585682543766,0.1055157077780965,5.0908705208662262e-18,2.2152388350228757e-17,0.34585232877405553,3.2567643408055111e-18,5.9547412686121499e-19,0.21142485457831947,1.27734375,0.086606894496375375,0.24862989117007459
17.770617636254642,0.15707683563232444,0.10309631657238739,0.10552337020134409,1.5973853861552556e-17,1.769923068763159e-17,0.34478521294597686,3.1777975436281363e-18,-1.8503795913429844e-18,0.22164681115952134,1.296875,0.068615719160918243,0.24856493058337376
17.805668164136801,0.15707683563232422,0.10309679886870367,0.10552355865174602,7.4127030301320822e-18,4.3088504962820381e-17,0.34362807550770674,2.7922695464276371e-18,1.0067989793104021e-18,0.2295752500909283,1.328125,0.049656819480134881,0.24850023515777858
17.84071869201896,0.15707683563232414,0.10309718095252585,0.10551820907260487,2.3569882618604121e-17,2.2496158646912523e-17,0.34239089724535238,2.8526221948831545e-18,-1.3969601120570389e-18,0.23505505638447441,1.34375,0.03000576316547867,0.24843580334233106
17.87576921990112,0.15707683563232447,0.10309740832908218,0.10551640388015925,2.013677958059903e-17,-6.4139111618613456e-17,0.34108425972279949,2.857622398288461e-18,-1.2681429392220321e-18,0.23783468416878087,1.3671875,0.01051937120499794,0.2483716335974506
17.910819747783279,0.15707683563232427,0.10309749695545378,0.10552405086382642,1.5617323830970822e-17,-2.9212760397578119e-17,0.33972075518131134,2.5726524734093488e-18,4.4213714932102845e-20,0.23779450713069061,1.40625,0.012658027751614297,0.24830772439484253
17.945870275665438,0.15707683563232425,0.10309741195763322,0.1055274135713139,2.5169872546603892e-17,-3.9020256284984293e-17,0.33831306729913452,2.3605365843784211e-18,-3.7724168956485514e-19,0.23503178772339961,1.4140625,0.032730061147213732,0.24824407421742359
17.980920803547598,0.15707683563232386,0.10309713516853358,0.10552405086382639,1.9694866497813687e-17,-1.4444129360462301e-17,0.33687388041995647,2.0925462476319732e-18,-1.248652250469507e-18,0.2295673425884095,1.40625,0.053109572227246313,0.24818068155921821
18.015971331429757,0.15707683563232414,0.10309666315888057,0.10551640388015926,2.2995418123513989e-17,5.8108976179138245e-18,0.33541745009266416,1.822455854406618e-18,1.2788191202813582e-18,0.22142363692354156,1.3671875,0.073077058970498154,0.24811754492525862
18.051021859311916,0.15707683563232405,0.1030960078726333,0.10551820907260487,3.0211921155390594e-17,5.8904524260020742e-18,0.33395944970789604,1.6063606062438509e-18,1.7787069632799817e-18,0.21058046801831298,1.34375,0.092319159528819236,0.24805466283149433
18.086072387194076,0.15707683563232458,0.1030951619298465,0.10552355865174605,1.4812835905573811e-17,-3.2494423878186012e-17,0.33251302864510363,1.4791068823147517e-18,5.9468861547201932e-19,0.19725704334542227,1.328125,0.11056400716155654,0.24799203380469201
18.121122915076235,0.15707683563232419,0.10309409110135558,0.10552337020134409,3.9460818615914654e-17,4.2140082315260106e-17,0.33108901224288861,1.1156478053632258e-18,-4.2415517338231475e-19,0.18168966126092087,1.296875,0.1275625598364592,0.24792965638234651
18.156173442958394,0.15707683563232466,0.10309281979129896,0.10551570777809648,3.1602759797245572e-17,-1.1650474357085875e-17,0.32969821586147185,9.3100842643826028e-19,1.9837517150003712e-18,0.16410826997369385,1.27734375,0.14309737416010848,0.24786752911258964
18.19122397084055,0.15707683563232439,0.10309143953398103,0.10551048821918119,1.7168854548778033e-17,-1.2569996707645562e-17,0.32835253045927082,6.8079404595921209e-19,4.5935674907830382e-19,0.14466543115230163,1.23046875,0.15699565463495752,0.24780565055409073
18.226274498722709,0.15707683563232419,0.10308994581878753,0.10552451179509925,1.5632211064866736e-17,-1.3653010060515942e-17,0.32706310998386179,4.2917728414915681e-19,2.0416295489230551e-18,0.12349768398746706,1.16796875,0.16912750652229827,0.24774401927599107
18.261325026604869,0.15707683563232408,0.10308836578652733,0.10554983968140498,2.0659800309497175e-17,-6.4622480671344937e-17,0.32584159769057713,2.933052171166559e-19,3.7008633040455739e-18,0.10098556301728293,1.12890625,0.17938915008276921,0.24768263385780875
18.296375554487028,0.15707683563232391,0.10308664991664128,0.10555339377176208,1.2761138627317081e-17,3.9138896006399624e-17,0.32469796671456852,-6.0312633593385183e-20,-1.3939692919183371e-19,0.077668099490718845,1.0703125,0.18764778202034924,0.24762149288935206
18.331426082369187,0.15707683563232383,0.10308486724307853,0.10552696062838424,-8.065798792933932e-19,-3.2196131527001245e-17,0.32364251937444016,-1.7942012775369731e-19,-5.8407325157476146e-19,0.053895772111933624,1.0234375,0.19384090635298371,0.24756059497063282
18.366476610251347,0.15707683563232461,0.10308307067046799,0.10552189705272143,1.4606320297025475e-17,-3.1243927827464413e-17,0.32268467869478379,-3.3387005095867981e-19,4.979250920390515e-19,0.029635888209459303,0.9609375,0.19804934052848261,0.24749993871178227
18.401527138133506,0.15707683563232433,0.10308124619125769,0.10549638820848649,2.3287291112081584e-18,-1.02525683603493e-16,0.32183211919866173,-5.0818812869415005e-19,6.918638486678398e-19,0.0097228709974614535,0.8828125,0.20018660665026139,0.2474395227329633
18.436577666015665,0.15707683563232422,0.10307945658985319,0.10553245541776471,7.9377775337805852e-18,3.1706121935910191e-17,0.32109171595838315,-7.3911880944426749e-19,1.8581809514198222e-18,0.021155020105338984,0.796875,0.20042172788570828,0.24737934566429357
18.471628193897825,0.15707683563232411,0.10307775553128241,0.10554886665941531,2.2544468431826776e-17,-2.0850395214163014e-17,0.32046953148092955,-1.0074772932620898e-18,9.0289418269823956e-19,0.044237370873366953,0.7421875,0.19866080473423961,0.24731940614575762
18.506678721779984,0.15707683563232416,0.1030761795951682,0.10555001243602283,1.7979737481130237e-17,1.2016341163648367e-17,0.3199707523272195,-1.4471284934237579e-18,1.1202178134576936e-18,0.067120918947065317,0.69140625,0.19495868400392147,0.24725970282712176
18.541729249662144,0.15707683563232402,0.10307475117484359,0.10552221342000769,1.3992160022272381e-17,4.2688445439708239e-18,0.31959925143269635,-1.5946581202265452e-18,9.3473689458172903e-19,0.088929975353186863,0.60546875,0.18935974171305212,0.24720023436785285
18.576779777544303,0.15707683563232439,0.10307348345084724,0.10551215827454777,3.7706478958026848e-17,-4.6790202242510487e-17,0.31935762421836406,-1.690912578615972e-18,1.4576429962162468e-18,0.11009102547030256,0.5625,0.18197943602847083,0.24714099943703641
18.611830305426459,0.15707683563232364,0.10307238328447149,0.1055122641928424,3.5467755208733226e-18,3.2407312232234283e-17,0.31924733089135293,-2.136641953617468e-18,1.4763509233088781e-18,0.13011772167506436,0.4765625,0.17296432982987206,0.24708199671329711
18.646880833308618,0.15707683563232366,0.10307145411158354,0.10553097323739793,2.3213664603801825e-18,-3.0284857147736816e-17,0.31926851314930194,-2.0755897171588838e-18,1.8063977551698606e-18,0.14884417969080124,0.4140625,0.16246436052864457,0.24702322488472434
18.681931361190777,0.15707683563232408,0.10307069649653099,0.10553729757493412,2.395559534021468e-17,-3.8806468865645052e-17,0.31942024416159376,-2.4808816958314774e-18,2.0840438778353909e-18,0.16597877221353807,0.3515625,0.15059919657969303,0.24696468264879223
18.716981889072937,0.15707683563232455,0.1030701140465269,0.10555057777035746,1.930939140847385e-17,-8.577995733940655e-18,0.31970045967162475,-2.6892324138104286e-18,1.397123370368093e-18,0.18151440066820676,0.296875,0.13754052243700518,0.24690636871228067
18.752032416955096,0.15707683563232436,0.10306967546681148,0.10553654685100544,1.1383443485603421e-17,-4.4486446242353938e-18,0.32010570042932174,-2.6341410476410547e-18,1.9958490214326318e-18,0.1952081617594808,0.2578125,0.1234252897550337,0.24684828179119767
18.787082944837255,0.15707683563232364,0.10306937580451822,0.10552688631094591,2.2767277978322889e-18,4.017505169842613e-17,0.32063186739283817,-2.6087351257046776e-18,5.8399063044873419e-19,0.20717685360191598,0.203125,0.10844649332102783,0.24679042061069598
18.822133472719415,0.15707683563232425,0.103069217604113,0.10551920333368421,1.2086537473138353e-17,-4.8312997228601631e-18,0.32127281587706036,-2.8082713553774754e-18,3.4162842607799842e-18,0.21736124049605882,0.14453125,0.092812660006013653,0.2467327839050108
18.857184000601574,0.15707683563232419,0.10306918029270569,0.10551286103245981,1.3377029470601879e-17,-1.0065128764622122e-17,0.32202276235428778,-2.6726426862402182e-18,1.2580010845266725e-18,0.22568697006046956,0.11328125,0.076800161839724476,0.24667537041737875
18.892234528483733,0.15707683563232414,0.10306925892000383,0.10550739104988838,6.6159950931245501e-18,-1.1161454790746418e-17,0.32287428373645516,-2.6737271200232752e-18,3.6744560282789131e-18,0.23214432301900831,0.08203125,0.060721169745067929,0.24661817889996296
18.927285056365893,0.15707683563232436,0.10306942837414866,0.10551689846304611,-6.1193462801961907e-18,-3.5754743899657082e-18,0.32381855761076062,-2.7810414484916306e-18,3.792881473250084e-19,0.23681023781428912,0.06640625,0.045056126348149046,0.24656120811377263
18.962335584248052,0.15707683563232419,0.10306962527136281,0.10552278302506994,2.4599275993960374e-17,-3.9253991649848071e-17,0.3248471321436095,-2.6636044972771576e-18,3.0623470343429667e-18,0.23959316864236199,0.06640625,0.030815070079973927,0.24650445682859717
18.997386112130211,0.15707683563232455,0.10306975602666123,0.10552407810695669,2.4287237175431557e-17,-4.3149128180581055e-17,0.32595136508155004,-2.4956013231330703e-18,3.5377390511806518e-18,0.24047797346835548,0.08203125,0.02228839826109516,0.24644792382293121
19.032436640012371,0.1570768356323248,0.10306976767489205,0.10552559673345094,1.8062244590422124e-18,3.879183440402594e-17,0.32712139612109625,-2.5870211176372777e-18,3.4243420016102737e-18,0.2394947297001859,0.08984375,0.026560040228759643,0.24639160788390413
19.067487167894527,0.15707683563232391,0.10306962221037462,0.10552631355915361,-6.7516791701847783e-18,4.2756746615382096e-17,0.32834688250468219,-2.6523849813400063e-18,2.2132084859147156e-18,0.23667008684125654,0.08984375,0.039365279046320631,0.24633550780720301
19.102537695776686,0.15707683563232394,0.10306936885683725,0.10552559673345094,1.2240751601231926e-17,1.0481976579796649e-17,0.32961479207512207,-2.7982232822840641e-18,2.2398697545970442e-18,0.23202418685935619,0.08984375,0.054778497160220006,0.24627962239700713
19.137588223658845,0.15707683563232402,0.10306904974558374,0.10552407810695671,-3.9523644375443048e-19,-1.1581330607155513e-17,0.33091245938308883,-3.0428473693883257e-18,1.9654044128054189e-18,0.22559621229203888,0.08203125,0.070882087606720004,0.24622395046591639
19.172638751541005,0.15707683563232475,0.10306863794041668,0.10552278302506998,8.6516992587736408e-18,-9.1682400650297418e-18,0.33222661051663005,-2.851972237716841e-18,4.6802550302392696e-18,0.21743562427193439,0.06640625,0.086729342539216769,0.24616849083488498
19.207689279423164,0.15707683563232461,0.10306822462866207,0.10551689846304613,9.655903613425062e-18,-7.4532728489340526e-17,0.33354152074093218,-2.7362650245607929e-18,8.5125524868581179e-19,0.20757965097905184,0.06640625,0.10203600888091402,0.24611324233314508
19.242739807305323,0.15707683563232439,0.10306779266204946,0.10550739104988838,1.699374062955453e-17,2.1928416314563118e-18,0.33484749700967242,-2.9123215774499082e-18,1.4101591875223032e-18,0.19609484090972762,0.08203125,0.11672874246105536,0.24605820379814541
19.277790335187483,0.15707683563232444,0.10306728921584757,0.10551286103245976,-2.2765645490700652e-18,1.1318400044301305e-17,0.33613679293189702,-3.0195307505828927e-18,3.6643274698656655e-18,0.18311711173881184,0.11328125,0.13062208494607577,0.24600337407548137
19.312840863069642,0.15707683563232411,0.1030667020037883,0.10551920333368424,-6.216333159739674e-18,-6.9085822950268502e-18,0.33739857108956672,-3.0879188900026917e-18,3.6808361822034597e-18,0.16862986136152569,0.14453125,0.14332621628400463,0.24594875201883018
19.347891390951801,0.15707683563232414,0.10306605362408568,0.10552688631094591,-4.3152401054959062e-18,-3.7036104498614996e-17,0.3386209010974261,-2.8088449017347043e-18,1.4897520117893643e-18,0.15273733169807069,0.203125,0.15484792527245581,0.24589433648987591
19.382941918833961,0.15707683563232455,0.10306534478793418,0.10553654685100548,-1.1569893978144709e-18,-1.4054122801448831e-17,0.33979342054273848,-2.7682194769128109e-18,1.6479111291833083e-18,0.13554839991646245,0.2578125,0.16524791812935025,0.24584012635825359
19.41799244671612,0.15707683563232427,0.10306453785897679,0.10555057777035749,5.6810095301732625e-18,2.5591012882658981e-17,0.34090642633137913,-2.8783091514326465e-18,1.4876914822652749e-18,0.11717341815719187,0.296875,0.17426181238791921,0.24578612050148055
19.453042974598279,0.15707683563232419,0.10306364684390758,0.10553729757493407,3.676179786677473e-18,1.2721293554027953e-16,0.34195091159613528,-2.8667041176312573e-18,1.340596826448894e-18,0.097585881479013842,0.3515625,0.18181778816358823,0.24573231780489505
19.488093502480435,0.1570768356323243,0.10306269228638305,0.10553097323739802,4.432420461968309e-18,-6.1768455222484695e-17,0.34291844197708793,-2.8493841963753157e-18,9.6856080419868531e-19,0.07705957777857414,0.4140625,0.18777328559052478,0.2456787171615816
19.523144030362594,0.15707683563232472,0.10306168848278671,0.10551226419284239,-2.681699923817002e-18,2.7406370714990197e-17,0.34380057153587695,-2.5918547992455196e-18,1.3741942792172926e-18,0.05564429756169649,0.4765625,0.19207480596190707,0.24562531747231739
19.558194558244754,0.15707683563232441,0.10306067215315173,0.10551215827454777,3.8152571999038255e-18,-2.0349052999321033e-17,0.34458964789147289,-2.8404502321694367e-18,1.0899107591502346e-18,0.033778034898056329,0.5625,0.19467163005558533,0.2455721176455046
19.593245086126913,0.15707683563232394,0.10305963608094224,0.10552221342000764,-2.4633145504291425e-18,-3.7456090902895301e-17,0.3452797065748085,-2.6261463470207297e-18,1.5947770985254336e-18,0.012536212543174555,0.60546875,0.19553102653893634,0.24551911659711428
19.628295614009073,0.15707683563232397,0.10305860357320745,0.10555001243602281,-4.6084835937527483e-18,-5.8643826518946525e-17,0.34586512067348774,-2.9334082724202631e-18,6.9967130273934666e-20,0.013482166635393875,0.69140625,0.19468682399151774,0.24546631325061652
19.663346141891232,0.15707683563232405,0.10305760240969837,0.10554886665941532,1.0499495541722079e-18,-4.9150231670828336e-17,0.34634195964044379,-2.8152535352292472e-18,1.1865592075428295e-18,0.03523910063942768,0.7421875,0.19216039075989585,0.24541370653692632
19.698396669773391,0.15707683563232416,0.10305664395613681,0.10553245541776472,5.0819366007019639e-18,-1.4655036229061879e-17,0.34670665197646205,-2.7671779531240301e-18,8.9827188774177044e-19,0.058177632872043264,0.796875,0.18802498190632955,0.24536129539434004
19.733447197655551,0.15707683563232475,0.10305577035592446,0.10549638820848647,-1.3803755810673576e-18,-9.9447564998917536e-18,0.34695643931563291,-2.6449026674103696e-18,1.2984926741103943e-18,0.081000233094730242,0.8828125,0.18222780124259219,0.24530907876847646
19.76849772553771,0.15707683563232397,0.10305500227894936,0.10552189705272147,-4.4709313715830233e-18,-3.1490501917562901e-17,0.34708972421932671,-2.615017045469135e-18,1.342535637638316e-18,0.1028911114984685,0.9609375,0.17487820282424527,0.24525705561221342
19.803548253419869,0.15707683563232411,0.10305435096105262,0.10552696062838425,-8.1169226442129079e-18,4.8157694994847091e-17,0.34710602470358692,-2.483943246374901e-18,1.0651714478523471e-18,0.12418711453102724,1.0234375,0.16581227736255566,0.24520522488563257
19.838598781302029,0.15707683563232422,0.10305382526261184,0.10555339377176204,-1.599519205460041e-17,7.3891360965233754e-17,0.34700609369979252,-2.3661146768391725e-18,1.2181536230708852e-18,0.14435908681447848,1.0703125,0.15507971704183934,0.24515358555594735
19.873649309184188,0.15707683563232444,0.10305343055510117,0.10554983968140506,-2.6970750608683637e-17,-7.4609286892728896e-17,0.34679126102281843,-2.3604830244337583e-18,5.9722248294577092e-19,0.16347952464991222,1.12890625,0.14264891851424502,0.24510213659746363
19.908699837066347,0.15707683563232427,0.10305317570569907,0.10552451179509928,2.7300327478710866e-18,2.5315638551252969e-17,0.34646377243136239,-2.0988588247778834e-18,1.0230548361058708e-18,0.18125239060351633,1.16796875,0.12860160582927838,0.24505087699152414
19.943750364948503,0.15707683563232391,0.10305306583460704,0.10551048821918127,-1.4570933494771551e-17,-3.4289006989003705e-17,0.34602705986378923,-1.8779899173000727e-18,2.2595658394042496e-18,0.19713178200177564,1.23046875,0.11306647591297182,0.2449998057264422
19.978800892830662,0.15707683563232391,0.10305308686539984,0.10551570777809645,-3.2889241009595709e-18,-6.5667604513114891e-18,0.34548530556317597,-1.7770432768859388e-18,3.4592288027714437e-19,0.2108295189548203,1.27734375,0.09617688724377163,0.24494892179744815
20.013851420712822,0.15707683563232405,0.10305322351593768,0.10552337020134411,-3.7386994547766799e-18,4.3022942153480473e-17,0.34484407094205066,-1.6558615239420734e-18,3.3819143311793863e-19,0.22227057506505918,1.296875,0.078066244177582386,0.24489822420663462
20.048901948594981,0.15707683563232364,0.10305345760795558,0.10552355865174602,9.4319671238609049e-19,4.2238984734715169e-17,0.34410969517278106,-1.5818369241295498e-18,1.3372068011917559e-19,0.23138829427561067,1.328125,0.05891663276509871,0.24484771196289865
20.08395247647714,0.15707683563232414,0.10305376210606598,0.10551820907260487,-1.6906732988862428e-17,2.6568478011625699e-17,0.34328887145207276,-1.4787526939162141e-18,1.0332324275886321e-18,0.23801575939625128,1.3359375,0.038966240395630708,0.24479738408188642
20.1190030043593,0.15707683563232405,0.10305411134347515,0.10551640388015925,6.1854014688673427e-18,4.045741939616163e-17,0.3423890106751955,-1.3128920209562157e-18,-6.8905346376259968e-19,0.24192493354184863,1.359375,0.018610161593155421,0.24474723958593916
20.154053532241459,0.157076835632324,0.10305442140320101,0.10552405086382642,8.9598819835563238e-19,2.2182326066782865e-17,0.341417393383043,-1.2150995753141114e-18,4.1313005102834454e-18,0.24296600422389483,1.3984375,0.0055056866882095485,0.24469727750403655
20.189104060123618,0.15707683563232464,0.10305468843920942,0.1055274135713139,-1.5315898815030353e-17,4.06261922858431e-17,0.34038319849342086,-1.3649170802936438e-18,-8.3873019294163322e-19,0.24124346218073228,1.3984375,0.024590516717130091,0.24464749687173876
20.224154588005778,0.15707683563232405,0.10305486635403721,0.10552405086382639,-1.1244792625594477e-17,-3.1086777196434575e-18,0.33929584861256251,-1.0763718740119243e-18,6.3640868458765596e-19,0.23679428725348337,1.390625,0.045370625135701323,0.24459789673114046
20.259205115887937,0.15707683563232436,0.10305490003659488,0.10551640388015926,-9.9586175046736205e-18,-6.9137067263335625e-17,0.33816433878525176,-1.040866490386581e-18,4.1186998062873095e-19,0.2296338370377575,1.3515625,0.065837437612516231,0.24454847613083128
20.294255643770096,0.15707683563232397,0.10305472609840223,0.10551820907260487,-1.7608827077728821e-17,-8.0012589214023482e-18,0.33699861145867094,-8.6052829555052642e-19,1.6002574091904932e-18,0.21970501661935779,1.328125,0.08563916112713002,0.24449923412583355
20.329306171652256,0.15707683563232444,0.10305438692060984,0.10552355865174605,-1.8465817253227609e-17,-4.3399241082557076e-17,0.33581182299409212,-9.4705454124965847e-19,2.4323195602738429e-18,0.20719986565485729,1.3125,0.10449928748365095,0.2444501697775478
20.364356699534412,0.15707683563232416,0.10305390348369585,0.10552337020134417,-7.7602747848874581e-18,1.6854818565956754e-17,0.33461585719890641,-8.6916385435042689e-19,-1.9861227086728065e-18,0.19236961594639457,1.28125,0.12216835672636721,0.24440128215370341
20.399407227416571,0.15707683563232464,0.10305327134994267,0.10551570777809646,-4.78843704886245e-18,1.4096262046455915e-17,0.33342172097627754,-6.8894084441467029e-19,-4.8531905337419942e-19,0.17544160213529345,1.26171875,0.13842824643235607,0.24435257032830413
20.43445775529873,0.1570768356323243,0.10305252527682852,0.1055104882191813,8.6559285865850027e-18,-4.8633807376793574e-18,0.33224005537953344,-6.7165142544381661e-19,2.7002904615070701e-19,0.15656693066755073,1.20703125,0.15310487312687299,0.24430403338157883
20.46950828318089,0.157076835632324,0.10305170775449214,0.10552451179509927,-2.2357701973939276e-17,-1.2758090878248359e-17,0.33108024161636629,-8.2425590870219331e-19,-1.3193333797837427e-18,0.13584348365202928,1.14453125,0.1660688282081656,0.24425567039992863
20.504558811063049,0.15707683563232411,0.10305083597304912,0.10554983968140502,-3.1853585596034073e-19,5.1221131743001424e-17,0.32995157491578736,-4.4907883609687638e-19,-1.2951465475868583e-18,0.11364777766043772,1.10546875,0.17720289835803729,0.24420748047588037
20.539609338945208,0.15707683563232452,0.10304984647230164,0.10555339377176204,-4.5440839318435391e-18,-1.950057019076906e-17,0.32886279362251275,-5.3827858123456811e-19,-2.4865230159103008e-20,0.090555926900247899,1.0390625,0.1863716457532768,0.24415946270803787
20.574659866827368,0.15707683563232369,0.10304874815071492,0.10552696062838424,-4.4045049236300859e-18,8.4388398559866988e-17,0.3278222508914459,-1.5678246913480547e-19,-8.2908722832204546e-19,0.06687719221194964,0.9921875,0.19350617323795904,0.24411161620103197
20.609710394709527,0.15707683563232439,0.10304759806435573,0.10552189705272143,-1.663885164398969e-17,6.716950365764266e-17,0.32683992378047427,-3.8625736370561787e-19,1.4022456087631452e-18,0.042543289007631394,0.9296875,0.19866072990980477,0.24406394006547766
20.644760922591686,0.15707683563232466,0.10304641608419347,0.10549638820848649,-9.8272193658825837e-18,1.7689319907938569e-18,0.32592417410624969,-1.4181075854153709e-19,-1.1096239077887481e-18,0.018638004227770798,0.8515625,0.20174596257980176,0.24401643341792134
20.679811450473846,0.15707683563232491,0.1030452151311919,0.10553245541776471,-1.293330682794817e-17,5.1280591155070035e-17,0.32508255671910447,1.2039427700071493e-19,-1.1212773510430173e-18,0.01002763968203371,0.765625,0.20291726200422466,0.24396909538079861
20.714861978356005,0.15707683563232452,0.10304400610074671,0.10554886665941531,-1.6012411507708049e-17,9.9342122096796086e-17,0.3243222884403637,5.8031062668810795e-19,8.3450513208729708e-19,0.032168404515579896,0.7109375,0.20207584865596276,0.24392192508238872
20.749912506238164,0.15707683563232408,0.1030428026386427,0.10555001243602286,-1.6882902619146319e-17,3.1343235735780407e-17,0.32364984427627708,9.1590152351362776e-19,-6.6938617841164308e-19,0.055502508945060217,0.66015625,0.19925714810458733,0.24387492165676475
20.784963034120324,0.15707683563232439,0.10304163927272263,0.10552221342000769,3.9889703394257694e-19,-5.3733988343194967e-17,0.32307076206460883,9.1734764201952359e-19,-3.1883161015443313e-19,0.078091934628063867,0.57421875,0.1945020079796205,0.24382808424374841
20.82001356200248,0.15707683563232425,0.10304054255910977,0.10551215827454788,-4.4184817823721908e-18,8.3210816778873688e-17,0.3225895957089141,8.8217985148167848e-19,1.5533530372844687e-19,0.10001227368125369,0.546875,0.1879294899311244,0.24378141198886477
20.855064089884639,0.15707683563232414,0.10303952862018413,0.1055122641928424,-1.567822022710385e-18,3.6153123540345279e-17,0.32221012142992589,9.8300686089972184e-19,2.0699041299925918e-19,0.12089192425047883,0.4765625,0.17967433184263398,0.24373490404329598
20.890114617766798,0.1570768356323243,0.10303860551204838,0.10553097323739793,-4.3247737015568511e-18,2.1952924693251334e-17,0.32193515392594563,9.9624847154304728e-19,-2.1559568277157343e-19,0.14056717405873334,0.4140625,0.16987247143605672,0.24368855956383587
20.925165145648958,0.15707683563232422,0.10303779169877753,0.10553729757493407,9.0465341632339496e-18,-5.948859146859125e-17,0.32176669664128726,1.4069214668954514e-18,-3.414567091989461e-19,0.15875185967856328,0.3515625,0.15863970579653205,0.24364237771284472
20.960215673531117,0.15707683563232419,0.10303709089870565,0.10555057777035746,2.6363569218515093e-18,2.2895375595768138e-18,0.32170575682809349,1.5513210939591264e-18,-2.3916061085713722e-19,0.17541324684774021,0.3125,0.14613348181999256,0.2435963576582065
20.995266201413276,0.15707683563232433,0.10303650336227912,0.10553654685100544,-7.1209584024863554e-18,-7.9621160810951914e-19,0.32175199926806203,1.5405107739312474e-18,-4.6136261682730516e-19,0.19028692483386245,0.2890625,0.13248519103674533,0.24355049857328376
21.030316729295436,0.15707683563232441,0.10303602985057639,0.10552688631094591,1.8271110849494125e-17,4.3752400816112526e-17,0.32190453324560958,1.8870304327086061e-18,-4.0739640046793664e-19,0.2034421425550566,0.234375,0.11787157959350773,0.24350479963687693
21.065367257177595,0.15707683563232394,0.10303566419191573,0.10551920333368421,-1.3183519785617207e-17,4.028993143222132e-17,0.3221616385526051,1.7491706506641403e-18,-1.7851667365696608e-19,0.21482288180786774,0.17578125,0.10246980791456144,0.24345926003318327
21.100417785059754,0.15707683563232441,0.10303539993249825,0.10551286103245981,8.1310166734375686e-18,3.6704032818874894e-17,0.32251966273685934,1.7936532703811568e-18,-1.2871477142946448e-18,0.22436833133250667,0.14453125,0.086468523016167267,0.24341387895175337
21.135468312941914,0.1570768356323245,0.10303523749331142,0.10550739104988838,-2.5291798965880889e-17,-2.3811569778014278e-18,0.3229747874129939,2.3659097945412007e-18,-1.383278703052951e-18,0.23202420560328202,0.11328125,0.07010628464883413,0.24336865558744766
21.170518840824073,0.1570768356323243,0.10303517323841901,0.10551689846304611,-5.1857924352199554e-18,-1.9547793844805718e-17,0.32352228913928011,2.2672905818768497e-18,-2.0838806599140151e-18,0.23785538861580935,0.09765625,0.053727426636128631,0.24332358914039615
21.205569368706232,0.15707683563232394,0.1030351870928323,0.10552278302506994,3.4170032870930374e-18,6.6152742971785018e-17,0.32415684559342939,2.3891304603955776e-18,-1.0704025008876284e-18,0.24178710415146837,0.09765625,0.038011317257945536,0.2432786788159581
21.240619896588388,0.15707683563232427,0.10303525779125798,0.10552407810695669,-1.0314036390454517e-17,-1.1993354684711098e-17,0.32487229269287521,2.5119639896251348e-18,-4.719144719943297e-19,0.24380919908485868,0.11328125,0.024997514706531283,0.2432339238246792
21.275670424470547,0.15707683563232358,0.10303534533438612,0.10552559673345091,4.1241988997785466e-18,-5.7522110044209316e-17,0.3256624901410991,2.5821291714946391e-18,-2.4423226328032268e-18,0.24392597653694728,0.12109375,0.021041641324273861,0.2431893233822523
21.310720952352707,0.15707683563232436,0.10303541178173319,0.10552631355915361,1.5151795629861387e-18,2.7921022970041575e-17,0.3265202951648436,2.6130671739701943e-18,-2.9787746150683446e-18,0.24216174958908179,0.12109375,0.030241821468814462,0.24314487670947532
21.345771480234866,0.15707683563232414,0.10303543282606868,0.10552559673345094,8.3875522293365626e-18,7.1459960231294811e-18,0.32743722841144007,2.8260621491971128e-18,-2.5379647982091925e-18,0.23853028343736277,0.12109375,0.045041414599981289,0.24310058303221338
21.380822008117025,0.15707683563232427,0.10303538394681985,0.10552407810695669,-3.0661468092592794e-18,-7.6309449025918787e-18,0.32840508551754583,3.1466156262694545e-18,-3.1718354568018142e-18,0.23306494335141742,0.11328125,0.061187552113372817,0.24305644158135745
21.415872535999185,0.15707683563232416,0.10303527428529032,0.10552278302506997,9.5016118105172629e-18,2.2542876756395202e-17,0.32941449169098924,3.1391899225129894e-18,1.1678278382808854e-18,0.22578252587517797,0.09765625,0.077496037372747018,0.24301245159278689
21.450923063881344,0.15707683563232444,0.10303510230639218,0.10551689846304613,6.5372933914710758e-18,-3.8417383872224688e-18,0.33045592741923491,3.040561559163112e-18,-1.4794918444170156e-18,0.21671209123952745,0.09765625,0.093502350315096502,0.24296861230732747
21.485973591763504,0.15707683563232419,0.10303485787415705,0.1055073910498884,2.9520629131797971e-18,-7.9134837482233544e-18,0.33151991491453653,3.1898000377138573e-18,-2.0209290600570572e-18,0.20591839648505308,0.11328125,0.10893636864946674,0.24292492297071611
21.521024119645663,0.15707683563232452,0.10303455855352878,0.10551286103245974,-7.8044822863899757e-19,1.2870616670214268e-17,0.33259521278824861,2.9401141739474422e-18,-4.0584635447289176e-18,0.19353084445553903,0.14453125,0.12360144420817115,0.242881382833563
21.556074647527822,0.15707683563232416,0.10303424373766372,0.10551920333368424,2.0883068005745221e-17,6.874087304962556e-17,0.33367062421973437,3.0166259507655479e-18,3.7743265519525552e-19,0.17956543699181551,0.17578125,0.13733537978461702,0.24283799115131499
21.591125175409982,0.15707683563232439,0.10303390687848824,0.10552688631094584,9.4563247607484742e-18,-4.0610446679423369e-17,0.33473751973564708,2.8129051177714209e-18,-1.1673758325437392e-18,0.16411465596978689,0.234375,0.14997061086518415,0.24279474718421259
21.626175703292141,0.15707683563232439,0.10303354877640723,0.10553654685100548,-3.5215279149271818e-18,1.7982359335242673e-17,0.33578859639520942,2.7646375780653032e-18,-2.6387446276361648e-18,0.14725477533827541,0.2890625,0.16139122426258068,0.2427516501972575
21.6612262311743,0.15707683563232419,0.10303315643228367,0.10555057777035749,1.3193227162618555e-17,-4.4380031746792773e-17,0.3368153783568188,2.6645590637040437e-18,-6.0531845826117112e-19,0.12910471188270309,0.3125,0.1714712125948453,0.24270869946017407
21.696276759056456,0.15707683563232425,0.10303269611348737,0.10553729757493414,-3.8383503171454386e-18,6.49052617570751e-17,0.33780913547870067,2.5502441506152873e-18,-1.3404019058611899e-18,0.10962387860350188,0.3515625,0.18009920782081243,0.24266589424737378
21.731327286938615,0.15707683563232391,0.10303216470938985,0.10553097323739802,8.4549035341883416e-20,-4.8702445582170158e-17,0.33876073661038125,2.5262720428731943e-18,-2.7926475566584639e-18,0.089120323404240573,0.4140625,0.18714610924626557,0.24262323383791665
21.766377814820775,0.15707683563232405,0.10303157096583181,0.10551226419284239,1.4715908269532802e-18,-8.7447906805549848e-17,0.33966226904442504,2.3015150763236546e-18,-2.2516710806196143e-18,0.067621594679003305,0.4765625,0.19261880627967742,0.2425807175154796
21.801428342702934,0.15707683563232397,0.10303091692216691,0.10551215827454777,9.3205103479829646e-19,-3.5122104918239456e-17,0.34050630629656281,2.2126094972913021e-18,-1.4760379000705121e-18,0.04546354745526314,0.546875,0.19638967115130382,0.24253834456831905
21.836478870585093,0.157076835632324,0.10303020438289458,0.10552221342000764,-2.4399285069811443e-18,-1.1014509840399276e-17,0.34128647717785193,2.2874088551450581e-18,-1.7410668268264436e-18,0.022875326387366706,0.55859375,0.19836561765388624,0.24249611428923729
21.871529398467253,0.15707683563232416,0.10302945268163792,0.10555001243602284,2.6701938482561914e-17,-5.4649171436333333e-17,0.34199630051629165,2.0868825936766109e-18,-1.401306812082273e-18,0.0064731375175516928,0.64453125,0.19849914611216102,0.24245402597554239
21.906579926349412,0.15707683563232427,0.10302870240103768,0.10554886665941535,3.56165814694125e-18,-1.4116215258069527e-17,0.34262925008269818,2.0489342355096688e-18,-1.8715589709316236e-18,0.024583057692955036,0.6953125,0.19678487889458762,0.24241207892901903
21.941630454231571,0.15707683563232391,0.10302797668304395,0.10553245541776474,1.2249015411557768e-17,7.145319330679677e-18,0.34318000244281016,1.7638672203061582e-18,-2.2728258742032499e-18,0.048094696275006239,0.75,0.19334476432078576,0.24237027245589232
21.976680982113731,0.15707683563232475,0.10302728351314837,0.10549638820848646,7.6586070103919835e-18,-3.2285160029386701e-17,0.34364465622214968,1.9570529776212333e-18,-2.0584773277638136e-18,0.071618002302750394,0.8359375,0.18815472252616461,0.24232860586679489
22.01173150999589,0.15707683563232425,0.10302662820145964,0.10552189705272147,1.0950450499498385e-18,-1.5952637446815268e-17,0.34401970076495847,1.9488372129822035e-18,-2.2762792110889911e-18,0.094279665141805968,0.9140625,0.18132921156341944,0.24228707847672989
22.046782037878049,0.15707683563232447,0.10302603136779508,0.10552696062838426,1.3836666234526615e-17,-2.3645379905037984e-17,0.34430201976947206,1.7259846229979141e-18,-1.6232223631444918e-18,0.11641502897953694,0.9765625,0.17271318539420499,0.24224568960504139
22.081832565760209,0.15707683563232447,0.10302549328864224,0.10555339377176204,2.3388942430048559e-17,1.3476440725916403e-17,0.34448977188951707,1.4255129198492519e-18,-1.2612857621935709e-18,0.13744050792641074,1.0234375,0.16236498562147145,0.24220443857537974
22.116883093642365,0.15707683563232425,0.10302501345153865,0.10554983968140502,1.831489179777929e-17,2.8680529937098951e-17,0.34458191611326938,1.3577357567093999e-18,-1.2093719117965043e-18,0.157451691429526,1.08203125,0.15024337248026148,0.24216332471566768
22.151933621524524,0.15707683563232433,0.10302459908723943,0.10552451179509927,1.3698607809541818e-17,-1.4657721934504706e-17,0.344578135147599,1.0857698348426573e-18,-1.0437697214688188e-18,0.1761410484594976,1.12109375,0.13643037939670627,0.24212234735806867
22.186984149406683,0.15707683563232419,0.10302426291593193,0.1055104882191813,1.1373501767636954e-17,4.1986791727543103e-17,0.34447895092681458,1.1172048436193861e-18,-6.106627752636482e-19,0.19299903664514564,1.18359375,0.12105491497754833,0.24208150583895174
22.222034677288843,0.15707683563232377,0.10302401133995881,0.10551570777809645,1.7481180369163009e-17,-1.9692964123125019e-17,0.34428596811313789,9.1805307198566647e-19,-3.3686293581773872e-19,0.2077184078152024,1.23046875,0.10425754136390383,0.24204079949886537
22.257085205171002,0.15707683563232402,0.1030238495530378,0.10552337020134411,2.2271448700511231e-17,-3.4955338408506299e-17,0.34400148934542046,9.7556223538674459e-19,-1.9482555466840396e-18,0.22022922855569618,1.25,0.086178588617486895,0.24200022768250695
22.292135733053161,0.15707683563232477,0.10302377143185111,0.10552355865174602,3.1318103325533286e-18,-4.6418784978032715e-17,0.3436284091177812,9.2582024623875112e-19,-5.1947726997442356e-19,0.23041507948946022,1.28125,0.067000628440671478,0.24195978973868959
22.327186260935321,0.15707683563232441,0.1030237791807263,0.10551820907260485,1.0516120585022153e-17,-2.6598162955902705e-17,0.34317080751574447,4.8509766623806785e-19,-5.4373235749654068e-19,0.2380899158604293,1.296875,0.046957466040251895,0.24191948502030949
22.36223678881748,0.15707683563232394,0.10302386428752507,0.10551640388015925,1.8467414194748338e-17,-4.7988200650958326e-17,0.34263303216505303,3.7667633746556929e-19,1.5805727481999116e-18,0.24303691597579566,1.3203125,0.026375067745707165,0.24187931288431502
22.397287316699639,0.15707683563232433,0.10302400970874999,0.10552405086382642,-3.1311099427025572e-18,-3.5476931368996105e-18,0.34202010420615447,3.3738810180265612e-19,-1.2504123292543065e-18,0.24510259419120087,1.359375,0.0067893308242828595,0.24183927269167588
22.432337844581799,0.15707683563232414,0.10302418606119045,0.1055274135713139,1.9705090609808311e-17,3.7801659569007844e-17,0.3413375585605764,-4.3500963125069164e-20,-3.8533517041372061e-19,0.24437764749050198,1.3671875,0.017330245021862631,0.2417993638073519
