t,volume,energy,exact_energy,cx,cy,r2,px,py,relative_l1,shore_area,velocity_l2,max_speed
0,0.15709495544433594,0.10557505377127853,0.10557505377127853,0,0,0.26671172412824934,0,0,0,0,0,0
0.035050527882159059,0.15709495544433608,0.10557429693395776,0.10557720157503349,-1.2819025810147069e-18,1.1108523549975581e-17,0.26707933148017715,2.0694649760491473e-19,-7.7951019385159669e-20,0.00056769992559492131,0.125,0.0018206555392336027,0.070826459809055595
0.070101055764318118,0.15709495544433619,0.10557901788439504,0.10558090416116409,-2.330860251762624e-18,5.0845176218521471e-18,0.26809296012264633,3.281833393437426e-19,-4.669930866229373e-19,0.00076120402490682294,0.125,0.0033295816077748659,0.08001374321512375
0.10515158364647717,0.15709495544433616,0.10558830309735866,0.10557813409527977,-6.1257070616342442e-18,-2.5053161913412685e-20,0.26974877612903958,4.1168350956173706e-19,-3.9722626976655972e-19,0.0011245004485382472,0.125,0.0045555262273014327,0.10231186101377604
0.14020211152863624,0.1570949554443358,0.10560169148997736,0.1055561688087764,7.7603791453343808e-18,-1.9547437348706121e-17,0.27203032661598053,3.7817759596034487e-19,-3.8446859855566902e-19,0.0018232866398216882,0.125,0.0053594429557863119,0.13292581256322006
0.1752526394107953,0.15709495544433613,0.10561833877263611,0.10551481140237472,-6.4194014797001375e-18,-3.7406719141561927e-18,0.2749172839684233,4.8107201084131954e-19,-1.0292868923890278e-18,0.0027773538563435432,0.125,0.0058278730300723109,0.1683387823159149
0.21030316729295434,0.15709495544433597,0.10563743269583152,0.10553285249286364,-2.9907514799333997e-18,-2.2250324944275002e-17,0.2783808930878704,6.6087429603801635e-19,-1.0984958534704208e-18,0.0043838220659260111,0.03125,0.0059602024081508234,0.20551305805442396
0.24535369517511341,0.15709495544433555,0.1056581450914198,0.10555824795065341,4.1684975675035582e-18,-1.0761696801570263e-18,0.28238579983189804,6.0757770500272938e-19,-5.613437888325733e-19,0.0065572690058298246,0.046875,0.0058771426547702217,0.24264350727215947
0.28040422305727247,0.15709495544433616,0.10568058161169516,0.10555022161810389,5.285111412573747e-18,-1.2118442939423358e-17,0.28688670964829943,7.060606913599506e-19,-2.9689613223284048e-18,0.0088671942118701171,0.0625,0.0056632983617533935,0.27915276267405714
0.31545475093943154,0.15709495544433635,0.10570358248167054,0.10558339508716438,8.9339638569009887e-18,2.0644058159773473e-18,0.29184283812863565,7.628193434515017e-19,3.9549027098487351e-18,0.011558794693015614,0,0.0061303999700430354,0.31370527064064829
0.3505052788215906,0.15709495544433597,0.10572635691911059,0.10560357121611338,1.1675995043403985e-18,-3.1712985287389115e-17,0.29720612079087433,9.7875070645540681e-19,-4.4192711523880416e-18,0.014259194249514797,0.03125,0.0076728702477784627,0.34431432722149652
0.38555580670374967,0.15709495544433594,0.10574772900164905,0.10560524641559058,3.0786639623433078e-18,1.2102688618186526e-17,0.30292617005095934,1.0521737391674512e-20,-3.6837198178293505e-18,0.0168687249831476,0,0.010337022238818371,0.36978758625839964
0.42060633458590868,0.15709495544433588,0.10576451205179023,0.10550035937103137,2.6730112524212162e-18,-2.8034941012534773e-17,0.30895539362691965,9.221541817639161e-19,-1.7398056736603329e-18,0.018565825050546908,0.03125,0.014131506704953195,0.38933503631441774
0.45565686246806775,0.15709495544433572,0.10577722618691864,0.10551741927178074,-7.8813519418555192e-18,-1.0748069734938913e-17,0.31522072339792701,4.4252839282606896e-19,1.2158793998365958e-18,0.020757473932352201,0.09375,0.019435989637913421,0.41035145888707919
0.49070739035022681,0.15709495544433527,0.10578744375409184,0.10556432779705532,1.2356821826801321e-18,1.1210336904065118e-17,0.32165530260570396,1.101284279315337e-18,-7.6720340069803274e-18,0.022751939490086148,0.03125,0.021642124057820185,0.42876657240189264
0.52575791823238593,0.15709495544433572,0.10579463432689085,0.10561277356285929,-5.6367192183598172e-18,1.2258883867240657e-18,0.32821641629042797,2.1579984128650918e-19,-1.4401545336793233e-19,0.024541189428721893,0.09375,0.026330837004778496,0.45108297312595913
0.56080844611454495,0.1570949554443361,0.10579500279603686,0.10560360938969791,-4.046248878948751e-18,-2.588089563615092e-19,0.33485710111587957,8.8655232819963379e-19,-3.6428769479039322e-18,0.025925839401020792,0.0625,0.030040524607963984,0.47912116539543947
0.59585897399670396,0.15709495544433627,0.10578999994941365,0.10554895827027984,2.1243901834673859e-18,-3.0686384851925786e-18,0.34150622845773621,1.0566802191446401e-18,2.864030152903603e-20,0.027054104058250171,0.109375,0.033615857308948428,0.49176543016578417
0.63090950187886308,0.15709495544433574,0.10578042282783653,0.10552446011517497,6.5336203086673139e-19,-1.2785095046092865e-17,0.34809151828245394,8.1396061200320519e-19,1.8323043184784627e-19,0.028281063114782186,0.171875,0.037326976697415512,0.4943731333959126
0.66596002976102209,0.15709495544433597,0.1057678337212612,0.10555228408181948,-5.3143453669544318e-18,2.8384063510959917e-17,0.35454351238778387,1.1978104665359875e-18,-2.6569305972999266e-18,0.029669706299510244,0.15625,0.040599623464246955,0.49242806844297032
0.70101055764318121,0.15709495544433555,0.10575169819524245,0.10555725071887462,2.3417703298384199e-19,2.016510994463192e-17,0.36081759810709552,1.4934878308542923e-18,-3.4341197223526995e-18,0.030697481708290373,0.15625,0.043699167903645461,0.50212295202829405
0.73606108552534022,0.15709495544433585,0.10573181701216222,0.10558454836683819,-2.3407382954258411e-18,-1.6028631771326619e-17,0.3668638898757432,9.4327706588607022e-19,-7.6021207016073455e-19,0.031592560981363316,0.21875,0.047193073692625251,0.50031611123529252
0.77111161340749934,0.15709495544433577,0.10570807185630719,0.10559019721478337,1.4476704757936207e-18,-4.5114647178251456e-18,0.37263162236769531,1.2490245269815956e-18,-1.1312125010581181e-18,0.032242512150156902,0.21875,0.049656933371854228,0.49200609961917319
0.80616214128965835,0.15709495544433599,0.10568067253790668,0.10559080311603632,-7.725514745556775e-20,-2.64032314204743e-18,0.37808146563055073,1.2746687803319646e-18,-2.405308872406196e-19,0.032461569653642698,0.15625,0.052574281304164354,0.49438388039855186
0.84121266917181736,0.15709495544433597,0.10565005312503982,0.10557110062178238,4.4684983871791861e-18,-7.1859924289750353e-17,0.38317912361189954,1.0669438761851981e-18,-3.7489678245475333e-18,0.032404429817125394,0.1875,0.055138716783682616,0.49376210464307896
0.87626319705397648,0.15709495544433588,0.10561678928478414,0.10554512976113098,8.5736364134250473e-18,1.4807377008495743e-18,0.38788257836216294,1.213745273856209e-18,-2.6535954050701128e-19,0.032104815456369215,0.15625,0.057732023806292512,0.48783034174227058
0.91131372493613549,0.15709495544433602,0.10558158322527042,0.10552364739880399,2.1208180806842748e-17,-2.6606099899288913e-17,0.39215460157041854,1.0322155253477718e-18,-2.6300373012246026e-19,0.031711589313023265,0.1875,0.05947283996506101,0.47932707522780776
0.94636425281829462,0.15709495544433633,0.10554533539234759,0.10550124690559755,9.6366739822302049e-19,-2.2782770453456182e-17,0.39595788028989087,1.3022453275932574e-18,-2.6209052272620171e-19,0.031086771930652887,0.171875,0.061966494123734561,0.46787467088530876
0.98141478070045363,0.15709495544433588,0.10550940709755285,0.10552501469353648,8.6313460928220629e-18,-2.8788452505274789e-17,0.39926291967024219,1.2911958489707741e-18,-1.0164395367051604e-19,0.030552170819818977,0.234375,0.063567050067940764,0.45515109221376482
1.0164653085826127,0.1570949554443358,0.1054743248933066,0.10554739830858044,-9.4559626503957837e-19,1.2298817280429242e-17,0.4020505806295801,1.1364005778600507e-18,-2.7952087259391911e-20,0.029485173575825981,0.234375,0.064365479533325068,0.44167709463215676
1.0515158364647719,0.15709495544433558,0.10544006629164605,0.10555850535281294,7.3868389628181006e-18,-1.4703583833288291e-17,0.40431474126143946,1.2292565647028034e-18,-2.5855680714937518e-18,0.028110462814125037,0.265625,0.064553472306736137,0.424888560015171
1.0865663643469308,0.15709495544433585,0.10540797371928518,0.1055673512888721,9.6330513308228299e-18,-3.4514600664773199e-17,0.40602942552363785,9.474262038386362e-19,-3.0739355051450593e-18,0.027237448504191145,0.234375,0.065142737941321985,0.41089159314476792
1.1216168922290899,0.1570949554443361,0.10537829272460636,0.10556971102840439,1.5767463879164916e-17,2.4635377533661159e-17,0.4071874659582771,9.2321297294798398e-19,-3.114222509698842e-18,0.026324389681736272,0.21875,0.064983882461856018,0.39537275625804941
1.156667420111249,0.1570949554443363,0.1053510802501598,0.1055673512888721,6.3057723846830136e-18,-2.3419514624087787e-17,0.40778749065402253,8.0288135487866993e-19,-9.8001711997322549e-19,0.025961057389231781,0.15625,0.064936157718564272,0.37833830972504251
1.1917179479934079,0.15709495544433624,0.10532675146822344,0.10555850535281294,1.1309412207672189e-17,-1.0988596938849068e-17,0.40783047456515548,8.2278662913914599e-19,1.3298417271892515e-19,0.025671007901878942,0.15625,0.064141078924316794,0.36024424337960576
1.226768475875567,0.15709495544433599,0.10530576635261858,0.10554739830858044,1.3510723180507417e-17,-3.1185584109673427e-17,0.40732426241914238,6.4237210104218923e-19,-8.0726706648642609e-19,0.025541210780240003,0.09375,0.063418068179081133,0.34234025336230389
1.2618190037577262,0.15709495544433627,0.10528857162889375,0.10552501469353648,1.1232167591180014e-17,-2.5693697230865975e-17,0.40627928801657531,5.0581680867311366e-19,-1.2413995760950818e-18,0.025946463791795903,0.09375,0.061821656369891433,0.33556925936981374
1.2968695316398853,0.15709495544433602,0.10527464195645565,0.10550124690559755,1.1844995943944734e-17,4.9200660974974435e-19,0.40470441222089859,3.289010736214972e-19,2.2940828585198657e-18,0.027056649053903786,0.09375,0.059882333342881969,0.32824414529643325
1.3319200595220442,0.15709495544433588,0.10526449184958174,0.10552364739880399,1.4117767401628186e-17,-1.9074354880174694e-17,0.40262822064663123,2.8082368205869013e-19,-3.0236429239018352e-19,0.028394951323029348,0.109375,0.05771251434625746,0.31981801091852696
1.3669705874042033,0.15709495544433563,0.10525753570152586,0.10554512976113098,1.2942280205705989e-17,-6.8240642790632519e-18,0.40006665481445342,1.8658216768991113e-19,-1.9421936084949073e-18,0.030224118329578657,0.078125,0.055133936054564986,0.31296750920650263
1.4020211152863624,0.15709495544433608,0.10525444768463886,0.10557110062178238,1.4907547532295802e-17,-1.1673362302555574e-18,0.39705393955322837,-1.8612060090810655e-19,-3.5818905757016226e-19,0.032843550001919158,0.109375,0.052253113222089843,0.30558521444364872
1.4370716431685213,0.15709495544433594,0.10525576999848014,0.10559080311603633,2.7090376781907757e-17,5.6904271316672515e-18,0.39362766458850351,-2.3917596539725774e-19,5.7444715691602581e-19,0.035921246506843148,0.171875,0.049232763015739839,0.30551581450433574
1.4721221710506804,0.15709495544433613,0.10526128186054169,0.10559019721478337,8.191867928479663e-18,-4.1197128795826164e-17,0.38981972281242816,-2.3081978684924705e-19,5.2733889015888586e-18,0.039538524184381259,0.203125,0.046018667667050227,0.30544641576344178
1.5071726989328396,0.15709495544433605,0.10526928951218212,0.10558454836683819,1.217442554082383e-18,-3.7260401936171044e-17,0.38565582408077131,-6.5010936754625125e-19,-1.4677492789140923e-19,0.04303524054517837,0.265625,0.042962081424038269,0.30537701822178404
1.5422232268149987,0.15709495544433605,0.1052792804424426,0.10555725071887462,1.5915571348332736e-17,-2.7976304608359089e-17,0.38117241775473576,-4.2618495828324624e-19,8.4216250780758811e-19,0.046417970414562873,0.328125,0.039963899651060557,0.30530762188018012
1.5772737546971576,0.15709495544433613,0.10528705988345856,0.10555228408181948,9.9602062396088907e-18,-6.1932174479320512e-18,0.37638610468402622,-6.1158839360026931e-19,1.2533970036995509e-18,0.049219225716033314,0.390625,0.037728410215432023,0.30523822673944861
1.6123242825793167,0.15709495544433585,0.10529458683358323,0.10552446011517497,4.8297946792873714e-18,-2.9949048918958442e-17,0.37135787324073172,-9.1208325780608299e-19,7.2278380180393516e-19,0.052540926347796946,0.453125,0.035982074446062676,0.30516883280040874
1.6473748104614758,0.15709495544433577,0.10530401896261508,0.10554895827027984,1.2127604877575834e-17,-3.7453160690127855e-18,0.36615028945112504,-6.6835697185917104e-19,4.1304238183875871e-18,0.055948629301680076,0.546875,0.035129914187531426,0.31335434569694504
1.6824253383436347,0.15709495544433605,0.10531063305960206,0.10560360938969791,1.4402903766473719e-17,-4.2838274131087323e-18,0.36078430548139023,-1.2465711092847633e-18,1.8900481426795644e-18,0.059581378230890859,0.625,0.034769109512571984,0.33238481865451763
1.7174758662257938,0.15709495544433591,0.10530902383489547,0.10561277356285935,1.0477592471137264e-17,-1.4895668605587819e-17,0.3552802207070821,-8.6583476257763066e-19,2.9526774447896859e-18,0.063341593578072009,0.65625,0.034634719025956967,0.34690198022207797
1.752526394107953,0.15709495544433624,0.10530209920849112,0.10556432779705532,1.4812642490192517e-17,-1.0247891097595687e-17,0.34970835088496366,-1.4328703812051813e-18,3.210625447008222e-18,0.067344390032451129,0.75,0.034560862158059563,0.35940322540615505
1.7875769219901121,0.15709495544433577,0.10529178630014636,0.10551741927178074,8.5041741788807617e-18,1.9234762514586269e-17,0.34413077566102102,-1.437264364619063e-18,1.3304505321200906e-18,0.070685909764850022,0.8125,0.034579341089142353,0.37366409055207367
1.822627449872271,0.15709495544433574,0.10527361781133161,0.10550035937103136,2.6486215412016036e-18,-4.5433103511274417e-18,0.3385729414268881,-1.4182590628650447e-18,-2.7483572160441876e-19,0.073777381841228881,0.9375,0.034382529925924145,0.38314650064444106
1.8576779777544301,0.15709495544433566,0.10525000126279739,0.10560524641559058,-6.1886259478924531e-18,3.1778235136576026e-18,0.33310107158398783,-1.3115329115110028e-18,2.1693043174774666e-18,0.075527359618499795,0.96875,0.034036081653823588,0.3901915974477313
1.8927285056365892,0.15709495544433638,0.10522187399936717,0.10560357121611338,-1.9344537277001246e-18,1.5681531217872979e-17,0.32776702133248536,-1.4827923855339817e-18,6.1237041015137694e-18,0.077240710764688358,1,0.033547940272907306,0.39202291022249158
1.9277790335187484,0.15709495544433588,0.10518993620542766,0.10558339508716438,-2.8214135885640543e-18,-5.4922765244529728e-18,0.32261566070804659,-1.3054448622026125e-18,2.8528863756912886e-18,0.079034497824242267,1.03125,0.032972917236545558,0.38803589497998814
1.9628295614009073,0.15709495544433591,0.10515454774003472,0.10555022161810389,3.6029795677846667e-18,-9.4905379094096977e-17,0.31769179023597971,-1.8659159754889424e-18,-6.3559234779594562e-19,0.080421931742854919,1.125,0.032434656957500002,0.38254863678330386
1.9978800892830664,0.15709495544433594,0.105116160320518,0.1055582479506534,-6.7089397872442273e-18,-2.4243120209175769e-18,0.31303746900436069,-1.4865510942374226e-18,1.129650784061618e-18,0.080720521143211404,1.140625,0.032218635559334324,0.38085824007285024
2.0329306171652255,0.15709495544433597,0.10507519103271636,0.10553285249286364,-2.8834199010256646e-18,-8.7489558920019639e-18,0.30868981619439573,-1.1021040153023771e-18,1.0536560468251462e-18,0.081426623533774653,1.171875,0.032462081760562103,0.38310616073254383
2.0679811450473844,0.15709495544433574,0.10503205628928833,0.1055148114023747,-3.9995335253346793e-18,-4.8303591389252726e-17,0.30468311005790366,-1.1780193432000437e-18,9.3700372812046805e-19,0.081766611041050166,1.265625,0.033529646602560859,0.38428099278257183
2.1030316729295437,0.15709495544433599,0.10498753174566031,0.1055561688087764,-1.803701286204992e-18,2.6589250357859133e-17,0.30105022350801769,-1.068752093004239e-18,1.7437496708209857e-18,0.081101764885936747,1.296875,0.035956868720489782,0.38429126476323799
2.1380822008117026,0.15709495544433591,0.10494263719982842,0.10557813409527977,-7.9517619631052278e-18,1.6457958086957554e-17,0.29782242079048798,-1.0006718198686746e-18,-1.9872981129361988e-18,0.079993707168974748,1.296875,0.039592304194232271,0.38331506861287973
2.1731327286938615,0.15709495544433622,0.10489797511686641,0.10558090416116409,-6.2924191230999112e-18,1.6215324690368608e-17,0.29502490216822558,-1.2169563889941398e-18,4.3524787994662223e-18,0.078195077385179029,1.296875,0.044264804413740269,0.38129709335820899
2.2081832565760209,0.15709495544433613,0.104853813285675,0.10557720157503349,-6.0536189971862761e-19,-4.4443024456860095e-17,0.29267828036659238,-1.292130563062959e-18,1.1231921578388039e-18,0.075578756564445571,1.296875,0.049731419144169488,0.37800607822560517
2.2432337844581798,0.15709495544433583,0.10481059791511282,0.10557505377127853,-5.5279133045769711e-19,4.5169576683312542e-17,0.29079762064913284,-1.1648634491476941e-18,1.8896775657651407e-18,0.072064416335623646,1.296875,0.055715536539289512,0.37358454449014589
2.2782843123403387,0.15709495544433599,0.10476845649979881,0.10557720157503349,-1.2119453911909158e-18,3.012091424154223e-17,0.28939141748453534,-1.1314590008806589e-18,3.0112021274890377e-19,0.067555933772159571,1.296875,0.061885286061587004,0.36821765628969239
2.313334840222498,0.15709495544433613,0.10472785863605802,0.10558090416116409,-5.1277788194731239e-18,-2.2018306758786831e-17,0.28846894008958035,-7.9317521757097271e-19,1.286484228201672e-18,0.062352777935994745,1.296875,0.067984608294049509,0.36172702152702285
2.3483853681046569,0.15709495544433569,0.10468925999609634,0.10557813409527977,-4.9026689459711999e-18,3.2865367549625798e-17,0.28803415256155729,-6.3374773502995237e-19,1.8714398876195715e-18,0.056526390474091276,1.296875,0.073730504119732088,0.35061432766959827
2.3834358959868158,0.15709495544433627,0.10465308518537979,0.1055561688087764,-8.8845525766581476e-18,-6.1667299688044232e-17,0.28808574455076968,-4.7743045159213141e-19,1.7625167445585888e-18,0.050549691229916253,1.296875,0.078768589557316374,0.3321735564428499
2.4184864238689752,0.15709495544433602,0.10461968468689065,0.10551481140237472,-6.0605694330260676e-18,-5.5623706168008768e-18,0.28861531618914449,-3.6730293355927151e-19,1.6724400845740143e-18,0.044857270363363573,1.265625,0.082829000845626208,0.32290985204974992
2.4535369517511341,0.15709495544433574,0.10458920411102901,0.10553285249286366,-6.897654651257836e-18,-1.9532662407064884e-17,0.28961203713309025,-3.0136671257144457e-19,3.6192659044992186e-18,0.037910197813998361,1.171875,0.086466922048035105,0.31899908822797346
2.4885874796332934,0.1570949554443358,0.10456188621301292,0.10555824795065341,-1.6431799173887825e-17,-2.3107461116808231e-17,0.29106164435456905,-3.4927701365051594e-19,2.1425963098593544e-18,0.03113202692570172,1.140625,0.089169823839462856,0.31427144972045967
2.5236380075154523,0.15709495544433588,0.10453850389941602,0.10555022161810389,-3.5681852647321599e-18,-2.5267572328106754e-18,0.29294826531048795,-3.2301899228563263e-19,1.7801720875529206e-18,0.025398890839143696,1.125,0.090892678841030999,0.30478747021815655
2.5586885353976112,0.1570949554443361,0.10451876422938841,0.10558339508716438,-7.1551156443049471e-18,1.4004664854780729e-17,0.29524932010192523,-5.1495136417753674e-19,3.1804763680418893e-18,0.021699210006624926,1.03125,0.09233501608402514,0.30329565369938727
2.5937390632797706,0.15709495544433622,0.1045029506049394,0.10560357121611338,3.0880575816904076e-18,1.2006983222865321e-17,0.29793806018100089,-3.1520544421945673e-20,6.6325326747971886e-19,0.026152104376522441,1,0.093158170108130059,0.30322629374331128
2.6287895911619295,0.15709495544433591,0.1044906829636595,0.10560524641559058,-2.885905208386559e-19,-2.1001942419742183e-17,0.30098569134178343,-1.7097657825348571e-19,-7.8146730318089715e-19,0.033329929708390812,0.96875,0.092936690960695983,0.30315693501300595
2.6638401190440884,0.15709495544433602,0.1044786097254338,0.10550035937103136,-8.6540508498986917e-18,-2.7509909301582623e-17,0.30436924788447556,-7.2052394437044029e-20,-6.144694636737915e-19,0.040699647798970569,0.9375,0.089846824265046338,0.30308757750931287
2.6988906469262477,0.15709495544433627,0.1044659449151604,0.10551741927178075,3.4075248871991443e-18,-1.4146201002790913e-17,0.30805088933379099,-2.9830945302744858e-19,-4.1832839682521758e-19,0.047264972386562042,0.8125,0.086109779815683685,0.3030182212330742
2.7339411748084066,0.15709495544433572,0.10445327562890193,0.10556432779705532,1.4428683564861324e-18,-1.7449385104686171e-18,0.3119929807458458,1.4225355866319438e-19,-1.616403561157222e-18,0.054282725862085539,0.75,0.082508146815393216,0.302948866185133
2.7689917026905655,0.15709495544433624,0.10444098058338594,0.10561277356285932,7.762794355970163e-18,-5.0123341863669428e-17,0.31615459971975057,3.5339637310103001e-19,-6.050991616947908e-19,0.061527038906821867,0.65625,0.079374324613475669,0.30287951236633326
2.8040422305727248,0.15709495544433577,0.10442953401444034,0.10560360938969791,1.5412696784360807e-18,2.1170437834040058e-17,0.32048572260065411,-2.8066238183924229e-20,4.2783898863610727e-18,0.068782861765035203,0.625,0.075318454898182702,0.30281015977751918
2.8390927584548837,0.15709495544433591,0.10441887416266972,0.10554895827027984,5.3771099087803857e-19,3.9944870876764545e-17,0.32494305524007289,2.0673394177292799e-19,5.7399717066279696e-19,0.074999513391146758,0.546875,0.070202195962742381,0.30841645978171239
2.8741432863370426,0.15709495544433541,0.10440775145825014,0.10552446011517497,5.4287958771162714e-18,-5.7806732755652039e-17,0.32949206834209599,1.2375118272160826e-19,2.9574155353383896e-18,0.080854316435897161,0.453125,0.065842858673294216,0.30610796041150357
2.909193814219202,0.15709495544433605,0.10439850201271994,0.10555228408181948,4.7150493021505238e-18,-8.3877017237473523e-18,0.33407372775420613,3.3894718216095373e-19,-6.5909751208225245e-20,0.085977911575427113,0.390625,0.063120852075688003,0.3057198665372034
2.9442443421013609,0.15709495544433599,0.10439002900878741,0.10555725071887462,-3.127401260928962e-18,-3.533079245163199e-17,0.33865036837121371,-1.0747557698901489e-19,1.7650049038411483e-18,0.090758803392856247,0.328125,0.059069442998040449,0.32336653335190574
2.9792948699835202,0.15709495544433599,0.10438127084945893,0.10558454836683819,4.6334975216303624e-18,-1.0709568532771835e-18,0.34318630216426793,-5.1329865731365579e-20,-1.1155423915339135e-18,0.095202046006425275,0.265625,0.054229636025258078,0.32432203831812045
3.0143453978656791,0.15709495544433613,0.10437022963009529,0.10559019721478335,3.2302677113578011e-18,4.8007713441745566e-18,0.34765683364443722,1.0045446794966479e-19,-6.6320032792051547e-19,0.098895600343292325,0.203125,0.048097924242134438,0.31661755750658727
3.049395925747838,0.15709495544433591,0.10435741724052008,0.10559080311603634,-5.9149893950727222e-18,1.9706549674620252e-17,0.35201926319344634,7.8627653126228046e-19,2.6625157207958846e-18,0.10195571900636997,0.171875,0.043083836484194608,0.31084110568784129
3.0844464536299974,0.15709495544433574,0.10434324256787536,0.10557110062178236,1.9611602508663431e-18,-7.8539082512517548e-18,0.35623624186973429,-2.6696427089536415e-20,1.9826129619466984e-18,0.10410826058708451,0.109375,0.038505637531895641,0.30735031543517666
3.1194969815121563,0.15709495544433644,0.10432862301820145,0.10554512976113098,-2.0679020958240271e-18,-6.2309604207347596e-18,0.36026290714978182,3.4174636135383317e-19,1.9210971941523549e-18,0.10539658675939451,0.078125,0.037347402782728155,0.32179155717199154
3.1545475093943152,0.15709495544433635,0.10431362432102693,0.10552364739880399,-9.8953144431774133e-19,1.037055575920452e-17,0.36406410572943637,1.0800497258104882e-19,1.2977868240915966e-18,0.10602213446630671,0.109375,0.038702449407969644,0.32036794918785588
3.1895980372764745,0.1570949554443361,0.10429840601247434,0.10550124690559755,-4.3014773077564309e-18,-4.1047504867929673e-17,0.36760931177969008,2.6269767329581564e-19,-8.9131688852793923e-19,0.10574832362199398,0.09375,0.041807441137107937,0.31251431056527473
3.2246485651586334,0.15709495544433583,0.10428286524494755,0.10552501469353648,-4.1653330130037694e-18,2.8426524355363e-17,0.37087258422436492,3.3441257804293803e-19,3.145218621612429e-18,0.10465675662995753,0.09375,0.046043021541576877,0.30197802495909726
3.2596990930407923,0.15709495544433594,0.10426709941692001,0.10554739830858044,-1.2432392020113859e-17,3.1375868087232682e-17,0.37382932480394021,1.8219811044338009e-19,1.858999091206774e-18,0.10287221666257007,0.09375,0.051162312392846319,0.3019086884372989
3.2947496209229516,0.15709495544433563,0.10425143567015142,0.10555850535281294,-6.4164317480231588e-18,-1.9856173602516786e-17,0.3764550425611114,3.5168576359427035e-19,2.7111407059242018e-18,0.10023659363374428,0.125,0.056710412895670505,0.30183935315739008
3.3298001488051105,0.1570949554443358,0.10423626229393897,0.1055673512888721,-8.1782197999215533e-18,2.80261792509913e-17,0.3787275717630143,2.887408344965883e-19,1.3111540627904535e-18,0.096812523681173338,0.125,0.062483478544616264,0.30177001912022683
3.3648506766872694,0.15709495544433572,0.10422166400681766,0.10556971102840439,-1.2956075767751619e-17,2.4118433602595389e-17,0.38063219673943927,3.0957896169287103e-19,3.9133980954332744e-18,0.092594120186094239,0.125,0.068220584565736556,0.30170068632666597
3.3999012045694288,0.15709495544433613,0.10420776409417497,0.1055673512888721,-8.5428438764620994e-18,-1.3697329219101434e-17,0.38216022872160216,3.1549144191624694e-19,2.4505986653046994e-18,0.087591768821382282,0.125,0.073559451611497281,0.30163135477756486
3.4349517324515877,0.15709495544433583,0.10419483996585389,0.10555850535281294,-7.2589088195124392e-18,6.5814308824743281e-18,0.3833034418858276,4.6278563243718633e-19,1.6639168155422679e-18,0.081823630723246082,0.125,0.07845240660934874,0.30156202447378205
3.470002260333747,0.15709495544433538,0.10418309956321302,0.10554739830858044,-1.0581638389466227e-17,1.1144286701660349e-17,0.38405529192728438,5.1967249752368315e-19,8.3440686238429092e-19,0.075335507159280946,0.09375,0.082924198548881445,0.30149269541617663
3.5050527882159059,0.1570949554443358,0.10417281852561756,0.10552501469353648,-1.4166546824067424e-17,4.3471816888847339e-19,0.38440879146927898,5.6970038097089026e-19,2.2059649622258167e-18,0.068144707618706654,0.09375,0.086903998705450833,0.30142336760560828
3.5401033160980648,0.15709495544433624,0.10416409236907989,0.10550124690559755,-4.5926373836631246e-18,-4.475912185408284e-18,0.38436240248425169,7.2913778967926124e-19,1.7097889435920086e-18,0.060425626196224991,0.09375,0.090296730118211752,0.30135404104293795
3.5751538439802242,0.15709495544433541,0.10415704700795332,0.10552364739880399,-5.1783274437625044e-18,1.2668833210227371e-17,0.38392025877685565,8.1111800582816671e-19,1.2583468524850682e-18,0.052524614484189963,0.109375,0.093157793511411249,0.30128471572902682
3.6102043718623831,0.15709495544433602,0.10415179504430576,0.10554512976113101,-1.6928523655237886e-17,9.2908371443838714e-18,0.38308794513451166,9.5016541243710555e-19,1.1832785575346559e-18,0.044641885593955696,0.078125,0.095306871570359247,0.30121539166473721
3.645254899744542,0.15709495544433583,0.1041481925436067,0.10557110062178236,-3.7953170832056736e-18,-5.2092042284325735e-18,0.38187266132005493,9.9429632529742213e-19,1.180208063100859e-18,0.036805563082426843,0.109375,0.096826114188287654,0.30114606885093215
3.6803054276267013,0.15709495544433619,0.10414641038966728,0.10559080311603632,-1.116463252293676e-17,8.461839706038402e-18,0.38029207206814841,1.1020192292895904e-18,2.0637957759851028e-18,0.029934403845930237,0.171875,0.097575493855322992,0.30107674728847528
3.7153559555088602,0.15709495544433613,0.10414639845215265,0.10559019721478337,-3.6258106964220219e-18,-5.3042356420965546e-19,0.37836347185266561,1.2406054827070309e-18,-2.1582928891631607e-18,0.024281513475404366,0.203125,0.097464726867481088,0.30100742697823135
3.7504064833910191,0.15709495544433594,0.10414767806171697,0.10558454836683819,-7.9955707708226685e-18,1.1647077017925118e-17,0.37610043966975742,1.5091244395636885e-18,2.6550512429482061e-18,0.02101944733635842,0.265625,0.096685013930116664,0.30093810792106557
3.7854570112731785,0.15709495544433558,0.10415014159354975,0.10555725071887459,-3.484948530069025e-18,4.1375733934982042e-18,0.37353119846510102,1.6029151404986261e-18,2.5166142956313314e-18,0.020275446252727536,0.328125,0.095227006767772029,0.30086879011784406
3.8205075391553374,0.15709495544433608,0.10415317601395126,0.10555228408181948,-5.8283827521236175e-18,-9.3514954935310954e-18,0.37067745266956043,1.5490967018943947e-18,8.1622212379792516e-19,0.025441098673785124,0.390625,0.09339588236925557,0.30079947356943371
3.8555580670374967,0.15709495544433608,0.10415731147986045,0.10552446011517497,-7.0004368539795143e-18,-6.5423399463572142e-18,0.36757374466329762,1.6985204689023519e-18,3.0483392282702184e-18,0.034634398760034428,0.453125,0.091128109238039878,0.30073015827670219
3.8906085949196556,0.15709495544433574,0.10416247410966228,0.10554895827027984,-3.2827540329115918e-18,-1.0223627757936828e-17,0.36425062691505472,1.9137425245309928e-18,1.3814048578533571e-18,0.044533694702180306,0.546875,0.088678983526601182,0.30066084424051803
3.9256591228018145,0.15709495544433555,0.10416804673269088,0.10560360938969791,-3.2456850417660673e-18,-7.2798780738218209e-17,0.36073566532292128,1.8041630136539492e-18,9.0280477287507568e-19,0.054270131529415601,0.625,0.085892753607888395,0.30059153146175044
3.9607096506839738,0.15709495544433572,0.10417310625859842,0.10561277356285932,-4.6384681363521575e-18,1.8965169851709703e-17,0.35705600388519959,2.2358059164139735e-18,7.7101174023822688e-19,0.064162587861837164,0.65625,0.08254304518296296,0.30052221994126954
3.9957601785661327,0.15709495544433616,0.10417607522897374,0.10556432779705532,-1.4983749583411999e-17,2.1527648112351466e-17,0.35323669900801169,1.7940327394871655e-18,-1.1339918279162963e-18,0.074562208770944396,0.75,0.07860184903244509,0.30045290967994598
4.0308107064482916,0.15709495544433574,0.10417742658004354,0.10551741927178074,-1.4943437055541276e-18,-2.3619687176273727e-17,0.34931912483335081,2.3419118891037537e-18,8.328980849469942e-19,0.084539675235316969,0.8125,0.07417062364231676,0.30038360067865144
4.065861234330451,0.15709495544433608,0.10417674847489032,0.10550035937103137,-6.6688378786413312e-18,4.2737176882508596e-18,0.3453368300475631,2.2579698073370256e-18,8.1463393702182335e-19,0.093959987470829703,0.9375,0.069161002376320654,0.3003142929382584
4.1009117622126103,0.15709495544433619,0.10417512428299985,0.10560524641559058,-7.8186505858099059e-18,-2.6835927644391164e-17,0.34133319948710822,2.2759378246029025e-18,-2.3092765120112397e-18,0.10190279693096357,0.96875,0.063668429771098559,0.30024498645963998
4.1359622900947688,0.15709495544433563,0.10417063990512035,0.10560357121611338,-1.0715760739247305e-17,3.2653737309267703e-17,0.33732949584817179,2.9412236816428173e-18,-1.2816931980937649e-18,0.11004589951422891,1,0.057405315625390294,0.30017568124367017
4.1710128179769281,0.15709495544433599,0.10416166683873938,0.10558339508716438,-1.0725870464105152e-17,2.2418651863158559e-17,0.33335213072803072,2.9759576159493783e-18,-1.0579970906798245e-18,0.11743183978405855,1.03125,0.050412772946049005,0.30010637729122369
4.2060633458590875,0.15709495544433585,0.10415012493707712,0.10555022161810389,-8.3170600213029851e-18,-1.6967488219794282e-17,0.32945241699204403,2.9137995424093873e-18,-1.3958573575158836e-18,0.12394584478459629,1.125,0.042787804196777045,0.30003707460317619
4.2411138737412459,0.15709495544433569,0.10413647925677152,0.10555824795065341,-1.1833222326870696e-17,-9.6803985422405383e-18,0.32566814551503231,2.7787625142052587e-18,2.2147264592739784e-19,0.12888819133967841,1.140625,0.034822985895101646,0.29996777318040402
4.2761644016234053,0.1570949554443358,0.10412142265339638,0.10553285249286364,9.5288369170796079e-19,2.4966302527342198e-17,0.32203584359109305,2.6317683834515229e-18,1.6340589041515538e-18,0.13277151699803225,1.171875,0.027082867653804712,0.29989847302378425
4.3112149295055646,0.15709495544433558,0.1041051007321281,0.10551481140237472,-6.7291592369599858e-18,-1.0909741084957719e-17,0.31858483530710602,2.8864341329994486e-18,-6.5483587756637925e-19,0.13521418338872515,1.265625,0.020958739872739059,0.29982917413419491
4.3462654573877231,0.15709495544433622,0.10408752551847088,0.1055561688087764,8.0393374546865229e-19,1.2529992988845871e-17,0.31534323624743943,3.036965081257308e-18,-1.5849309932108044e-18,0.13569399482220523,1.296875,0.019406552669921064,0.29975987651251473
4.3813159852698824,0.15709495544433591,0.10406895590043519,0.10557813409527977,-7.2036423236227386e-18,5.6581434102877833e-17,0.31233802448447545,2.7478422961128734e-18,2.2300789314429626e-19,0.13507831739528711,1.296875,0.023999510189198794,0.29969058015962319
4.4163665131520418,0.1570949554443358,0.10404973716099029,0.10558090416116409,2.7830808818112933e-18,-4.5352225712411426e-18,0.30959297765665739,2.7164979411614015e-18,2.95773317269361e-19,0.13294818432446082,1.296875,0.032551395640301878,0.29962128507640068
4.4514170410342002,0.15709495544433549,0.10403010965118163,0.10557720157503349,-3.6719784399396496e-18,-1.7289651451931826e-17,0.30712974931772663,2.8049644940836415e-18,-3.9469882457478277e-18,0.12917471107823392,1.296875,0.042849968480256337,0.29955199126372828
4.4864675689163596,0.15709495544433616,0.10401002793094974,0.10557505377127853,1.2962773460469922e-18,1.89139472457631e-17,0.30496535159561272,2.9682784847327423e-18,-2.0186118622050062e-18,0.12379886288208793,1.296875,0.05383381234569902,0.29948269872248806
4.5215180967985189,0.15709495544433605,0.10398987481708072,0.10557720157503349,-1.3959423836041759e-18,7.8154238986261091e-17,0.30311695478560419,2.8944658499521854e-18,5.5012142946206637e-19,0.11685058907334821,1.296875,0.064944138993986364,0.29941340745356254
4.5565686246806774,0.15709495544433635,0.1039701640672719,0.10558090416116409,-1.6048766973335163e-18,4.7341145582783177e-17,0.30159882494977547,2.9331696308135416e-18,-1.3815636765309672e-18,0.10839681259747619,1.296875,0.075805274104978587,0.29934411745783535
4.5916191525628367,0.15709495544433597,0.10395076079836109,0.10557813409527977,5.6936706683924842e-18,5.9635918973269368e-17,0.30041900654197135,2.8386915427895724e-18,1.1620233245144933e-20,0.098609408144339245,1.296875,0.086121559759367458,0.29927482873619088
4.626669680444996,0.1570949554443358,0.1039323921137566,0.1055561688087764,6.6335380893459417e-18,-7.9415258666866378e-18,0.29958657254285603,2.9129458920172326e-18,-1.0275833139174748e-18,0.087728642451902178,1.296875,0.095583413168322667,0.29920554128951432
4.6617202083271545,0.15709495544433583,0.10391524620827294,0.10551481140237472,-4.5978186176527967e-19,1.0646888238653042e-17,0.29910540598431579,2.996824074081641e-18,-7.1338703004533276e-19,0.076139324994820443,1.265625,0.10398916628016025,0.29913625511869135
4.6967707362093138,0.15709495544433627,0.10389947136156162,0.10553285249286366,9.8487675849776367e-18,1.4431969225440081e-17,0.29897600941636754,2.9011962050062231e-18,-1.1102219658339725e-18,0.063891025888871494,1.171875,0.11159388483649611,0.2990669702246091
4.7318212640914732,0.15709495544433577,0.10388505458851066,0.10555824795065341,7.581830281014287e-18,3.3845336879182121e-17,0.29919595516719349,2.9275886432206463e-18,-9.1201625617646619e-19,0.05115611591775622,1.140625,0.11796337801737072,0.29899768660815484
4.7668717919736316,0.15709495544433555,0.10387194762091546,0.10555022161810389,7.9963290001870287e-18,4.0624244387213602e-17,0.29975841377472506,2.9659768546783135e-18,-1.9651429074095785e-18,0.039632562737485166,1.125,0.1227644411498339,0.29892840427021694
4.801922319855791,0.15709495544433613,0.10386015282690438,0.10558339508716438,1.1089230825038472e-17,6.2326453748777504e-17,0.30065502005548983,2.8612082262438784e-18,-2.756006982349078e-18,0.02914301522156186,1.03125,0.1264705910382119,0.29885912321168473
4.8369728477379503,0.15709495544433613,0.1038498463524513,0.10560357121611338,1.2036175053392432e-17,-7.1044406484548648e-18,0.30187400837544681,2.9051952096776107e-18,-2.8512452493559834e-18,0.021973095421842788,1,0.12882944705890889,0.29878984343344811
4.8720233756201088,0.15709495544433572,0.10384141959854994,0.10560524641559058,7.5713835653278218e-18,4.0490796019089657e-17,0.3033971307045385,2.9331113145803566e-18,-1.2384680480041939e-18,0.025875861051167171,0.96875,0.12982028440007809,0.29872056493639781
4.9070739035022681,0.15709495544433605,0.10383478627829877,0.10550035937103136,3.3600091803671531e-18,5.8154507290762578e-17,0.30520922317413685,2.6016042084390111e-18,-4.2858543642087512e-18,0.036915889571659879,0.9375,0.12890255206059836,0.29865128772142541
4.9421244313844275,0.15709495544433622,0.10382957414563805,0.10551741927178075,2.8496786943125138e-19,6.6858306411732645e-17,0.30729113907968048,2.6821691185598383e-18,-3.02636931120081e-18,0.047952092874421856,0.8125,0.12678863914100827,0.29858201178942345
4.9771749592665868,0.15709495544433627,0.10382444932445106,0.10556432779705539,9.3591199110280632e-18,1.9990969933954991e-17,0.30962521133177395,2.469869078445041e-18,-7.3269673426477064e-19,0.060286230081425994,0.75,0.12307085678193606,0.29851273714128507
5.0122254871487453,0.1570949554443361,0.10381840418209842,0.10561277356285932,1.0761675739643439e-17,2.9093766195982467e-17,0.31219327210530795,2.5761708861448431e-18,-4.9769803096090569e-19,0.072741784018853964,0.65625,0.11808194030615135,0.29844346377790426
5.0472760150309046,0.15709495544433602,0.10381206162388988,0.1056036093896979,1.9455702126584303e-17,5.6927860674674187e-17,0.31496595894782758,2.6351910500311142e-18,-2.4700804230915483e-18,0.084801113965487396,0.625,0.11244394437244837,0.29837419170017582
5.082326542913064,0.15709495544433583,0.10380639304532194,0.10554895827027984,1.7204940382393544e-17,-8.9754137288182926e-18,0.31790708747894486,2.3822578302761808e-18,-9.354711278815298e-18,0.095549087390270737,0.546875,0.10630711435210702,0.29830492090899557
5.1173770707952224,0.1570949554443358,0.10380123758833366,0.10552446011517497,1.7644039432053763e-17,8.1760714833892564e-18,0.32098936219428881,2.5977962824891232e-18,-3.9091232260276003e-18,0.10558205872488596,0.453125,0.099314733838768571,0.29823565140525998
5.1524275986773818,0.1570949554443358,0.10379658901397677,0.10555228408181948,1.1168760660587085e-17,4.6830267486632237e-17,0.32418227213046641,2.1512937004100432e-18,-4.3023847415700109e-18,0.11468421756119314,0.390625,0.091216775595794775,0.2981663831898661
5.1874781265595411,0.15709495544433594,0.10379130213812589,0.10555725071887474,1.5617376588879114e-17,-3.3031841018952029e-18,0.3274564445078384,2.0897622161840611e-18,-3.9888369672981105e-18,0.12309505030706147,0.328125,0.082776372060079997,0.29809711626371227
5.2225286544416996,0.15709495544433566,0.10378636713853788,0.10558454836683816,1.2034827090078085e-17,-6.9682963537022163e-18,0.3307741976748958,1.9192422416287047e-18,-5.3484439616494702e-18,0.13061822991459016,0.265625,0.075276935121770985,0.29802785062769738
5.2575791823238589,0.1570949554443358,0.103782198376056,0.10559019721478342,2.5495083261262452e-17,-2.4728387002353623e-18,0.33410359254908079,2.1424139165342865e-18,-6.9127020569913493e-18,0.13692025957205672,0.203125,0.066830737606829158,0.29795858628272109
5.2926297102060182,0.15709495544433541,0.10377769415884421,0.10559080311603633,2.4388236884739884e-17,-1.9211847138241805e-17,0.33742012907888397,1.4817042294381682e-18,-9.517315134908522e-18,0.14241515746173777,0.171875,0.058307700030251014,0.29788932322968403
5.3276802380881767,0.15709495544433588,0.1037726715179538,0.1055711006217824,1.4537657974058446e-17,2.6332463346469215e-18,0.34069860105896643,1.5720757793111178e-18,-1.8007126365238374e-18,0.14660444990748825,0.109375,0.0504573413384347,0.29782006146948764
5.362730765970336,0.1570949554443356,0.10376655126709072,0.10554512976113098,2.6576318334811837e-17,2.7993828131446141e-17,0.34391347126833843,1.3938518581207487e-18,-7.0584446634782924e-18,0.14964941902168935,0.078125,0.043331263448270117,0.29775080100303408
5.3977812938524954,0.15709495544433605,0.10375956147678643,0.10552364739880399,2.405343649652994e-17,2.0399402818213025e-17,0.34703639319907437,1.2050503648473578e-18,-3.5663528150754265e-18,0.15164579317899149,0.109375,0.038869937139784802,0.2976815418312263
5.4328318217346538,0.15709495544433563,0.10375184370926975,0.10550124690559755,2.3173553443066591e-17,-3.3060822230211328e-17,0.35004367849442142,8.9844842617906516e-19,-2.1689337405630428e-18,0.15242677335163302,0.09375,0.037787574943210764,0.29761228395496825
5.4678823496168132,0.15709495544433574,0.10374350971414154,0.10552501469353648,2.1867545486843877e-17,-4.5069153416391042e-18,0.35290827881229042,8.2758520727014267e-19,-6.2309861182394469e-18,0.15221226583645669,0.09375,0.041129632279677135,0.29754302737516458
5.5029328774989725,0.15709495544433613,0.10373481863403743,0.10554739830858044,1.7380007117848984e-17,6.8020250788730704e-17,0.35560286741605773,7.1502691560971914e-19,-8.1695798367085234e-18,0.15101899330350518,0.09375,0.0477074007101475,0.29747377209272075
5.537983405381131,0.1570949554443358,0.10372597195997188,0.10555850535281294,1.7347150512060937e-17,6.2968084286423878e-17,0.35810539274833197,5.2257300634160034e-19,-6.6320694536541589e-18,0.14863823806172999,0.125,0.055655163018104692,0.29740451810854313
5.5730339332632903,0.15709495544433552,0.10371709367062014,0.1055673512888721,2.285307516507208e-17,-3.7986280180966337e-17,0.36039823177675762,2.5294480028350916e-19,-6.526402093484185e-18,0.14512616643659457,0.125,0.064048189979549419,0.29733526542353889
5.6080844611454497,0.15709495544433605,0.10370817848793804,0.10556971102840439,2.5864425209403313e-17,1.6505136802960941e-17,0.36246481158841853,-1.4109922811837663e-19,-4.7680543392128634e-18,0.14050901860084897,0.125,0.072580780452765697,0.29726601403861602
5.6431349890276081,0.1570949554443358,0.10369926597217995,0.1055673512888721,1.8671187477613504e-17,-2.3656756167419249e-19,0.364290276594054,-2.8555805029463738e-19,-5.9151354731421988e-18,0.13481891866958748,0.125,0.081054107928424921,0.29719676395468336
5.6781855169097675,0.15709495544433555,0.10369048204205214,0.10555850535281294,9.0839668994797037e-18,-1.1949020800346909e-17,0.36585965659909264,-7.0492373160799646e-19,-4.9791111268669935e-18,0.12805975379940263,0.125,0.089265977437190669,0.29712751517265057
5.7132360447919268,0.15709495544433574,0.10368199463841569,0.10554739830858044,2.4904169843319873e-17,1.0024129187408165e-17,0.3671606300008684,-7.1796919704857026e-19,-6.8604110073881971e-18,0.12028266141605505,0.09375,0.097038300308978212,0.29705826769342808
5.7482865726740853,0.15709495544433563,0.10367388474040147,0.10552501469353649,1.7678244001156247e-17,-2.3231473741731477e-17,0.36818514531412722,-8.8666198132958535e-19,-5.8974933650376678e-18,0.11148023081298039,0.09375,0.10418384964800208,0.29698902151792717
5.7833371005562446,0.1570949554443363,0.10366619635961279,0.10550124690559755,2.2393756665696008e-17,-8.1315886940145951e-18,0.36893038380701876,-8.1741781337337057e-19,-7.2056695776229304e-18,0.10184431915904654,0.09375,0.11061087725192087,0.29691977664705999
5.818387628438404,0.15709495544433583,0.10365922237541238,0.10552364739880399,9.6234892160614281e-18,-3.4610980041751578e-17,0.3693896046520137,-1.1296272094141602e-18,-6.7631610371315628e-18,0.091469906135764695,0.109375,0.11636352045259384,0.29685053308173959
5.8534381563205633,0.15709495544433583,0.10365301117769658,0.10554512976113101,1.1276597725737712e-17,5.1566336591716417e-18,0.36956247013220261,-1.2236768178808269e-18,-6.1683321499222303e-18,0.080358027657291359,0.078125,0.12131292471473411,0.29678129082287974
5.8884886842027218,0.15709495544433555,0.10364767760452642,0.10557110062178238,1.2554466947772687e-17,-3.2035022147965985e-17,0.36945186261879526,-1.4513330524773649e-18,-6.4664348077965407e-18,0.068665631876917876,0.109375,0.12542546773963137,0.29671204987139504
5.9235392120848811,0.15709495544433574,0.10364333084320372,0.10559080311603633,9.2581911578636769e-18,-2.4627963735432108e-17,0.36905979459970495,-1.5183814177987694e-18,-5.7720001399460229e-18,0.05663726966960287,0.171875,0.12860189126478297,0.29664281022820105
5.9585897399670404,0.15709495544433585,0.10363967528518611,0.10559019721478337,1.5442141358009351e-17,-5.8737501424233237e-18,0.36838652593479115,-1.7436069821653203e-18,-5.1200362334664277e-18,0.044227947068505448,0.203125,0.13083843680988161,0.29657357189421407
5.9936402678491989,0.15709495544433608,0.10363688735378977,0.10558454836683817,1.2804682638004964e-17,-1.4142157112847782e-17,0.36744335207692547,-2.1234735484583535e-18,-5.864207617188534e-18,0.032715419151929152,0.265625,0.13212566065458442,0.29650433487035116
6.0286907957313582,0.15709495544433585,0.10363501497250474,0.10555725071887474,7.3119006273091148e-18,-6.5727365190965578e-17,0.3662442995126336,-2.1946917312476378e-18,-6.0780437317008423e-18,0.022397375437215622,0.328125,0.13245209060908733,0.29643509915753052
6.0637413236135176,0.15709495544433605,0.10363413569639518,0.10555228408181948,1.3653057048994679e-17,-1.3666326062870636e-17,0.36480374939026511,-2.3862907493526831e-18,-5.5731194509086733e-18,0.015573734532477682,0.390625,0.13194438946349268,0.29636586475667082
6.098791851495676,0.15709495544433569,0.10363414318807221,0.10552446011517495,1.4755859535574192e-17,-7.3180254356188494e-17,0.36313418247204166,-2.7990927525054339e-18,-3.2562328772619458e-18,0.023068628278215472,0.453125,0.13051822463027918,0.29629663166869175
6.1338423793778354,0.15709495544433572,0.10363495701178263,0.10554895827027984,1.706138228941178e-17,4.2980484260754806e-17,0.36125166867541436,-2.8394186345480065e-18,-4.2543288567031302e-18,0.035115457965901507,0.546875,0.12835251190591324,0.29622739989451385
6.1688929072599947,0.15709495544433585,0.10363621025928052,0.10560360938969791,1.2189674375817801e-17,-2.4425769238274663e-17,0.35917095096233659,-2.9763182666964514e-18,-5.5783075277106059e-18,0.048796304158937841,0.625,0.12546583474022285,0.29615816943505863
6.2039434351421532,0.15709495544433619,0.10363801826478153,0.10561277356285932,1.195496026370086e-17,-1.5400480866824173e-18,0.35691417023629429,-2.9546113930618349e-18,-2.3876005898526608e-18,0.063147809568232627,0.65625,0.1216550002088034,0.29608894029124821
6.2389939630243125,0.15709495544433563,0.10363918820324911,0.10556432779705532,1.4451219826523671e-17,-1.1282789932213171e-16,0.35449442912891949,-3.1833355178291788e-18,-3.4829862442198821e-18,0.078131811390203365,0.75,0.11685985748972159,0.29601971246400555
6.2740444909064719,0.15709495544433574,0.10364056546522139,0.10551741927178074,2.5600898381441514e-17,5.9411483081424713e-18,0.35194218127795884,-3.6040557073955935e-18,-5.2500293210903611e-18,0.092711092545173832,0.8125,0.11118530419720174,0.29595048595425466
6.3090950187886303,0.15709495544433599,0.10364143297119918,0.10550035937103136,1.184830266645033e-17,1.7193272074953397e-18,0.34927536857587521,-3.7699761441548488e-18,-4.2048833084071605e-18,0.10645354557258631,0.9375,0.10455048233519959,0.29588126076292021
6.3441455466707897,0.15709495544433572,0.10364086486921191,0.10560524641559058,2.1751115155564059e-17,-3.2638909712809472e-17,0.3465109826600124,-3.9674746143886223e-18,-4.811226549743231e-18,0.11879876368573293,0.96875,0.097053637481633884,0.29581203689092783
6.379196074552949,0.15709495544433652,0.10363989724322162,0.10560357121611338,1.8182045289906739e-17,-4.015784908043688e-17,0.34368434400282283,-4.0927995082256127e-18,-4.771932161924512e-18,0.131117708152928,1,0.088385314827340022,0.29574281433920402
6.4142466024351075,0.15709495544433591,0.10363768878589745,0.10558339508716437,1.4098053438155334e-17,-4.0148413337236357e-17,0.34081321259610209,-4.2780131055920548e-18,-1.5775988642611344e-19,0.14234724691042644,1.03125,0.078647699230364368,0.29567359310867602
6.4492971303172668,0.15709495544433594,0.10363439253169753,0.10555022161810389,2.0705432614431523e-17,-3.1378564013861453e-17,0.3379264304389511,-4.4695331279486012e-18,-1.3233301614072341e-18,0.15244887035390392,1.125,0.067847579344794698,0.29560437320027205
6.4843476581994262,0.15709495544433594,0.10362965170875109,0.1055582479506534,1.6289673291927567e-17,9.5011194214276018e-18,0.33504720246619896,-4.6120972929318093e-18,-2.5970427209510874e-18,0.1607943328510982,1.140625,0.056107343467165421,0.29553515461492103
6.5193981860815846,0.15709495544433574,0.10362369984355489,0.10553285249286365,1.2910666253598344e-17,8.139676473900922e-18,0.33220317853784354,-4.6100438170611464e-18,-3.261275370276069e-18,0.1677568510953133,1.171875,0.043621210592003752,0.29546593735355281
6.554448713963744,0.15709495544433652,0.10361684213949555,0.10551481140237472,9.6342729225764489e-18,-9.0549435643668411e-18,0.32942177628697389,-4.9357184210045922e-18,-1.9312351197398048e-18,0.17282776608328704,1.265625,0.030840359949226005,0.29539672141709816
6.5894992418459033,0.15709495544433627,0.10360923881203653,0.1055561688087764,1.8742966524104336e-17,-4.8831993008490645e-17,0.32672860179851865,-4.7051675195532132e-18,-1.7213562372779502e-18,0.1754578019631737,1.296875,0.019204778256577935,0.29532750680648862
6.6245497697280618,0.15709495544433572,0.10360102692001889,0.10557813409527977,1.2734757041071382e-17,-1.6195105240652918e-17,0.32414703022549379,-4.9654829126848761e-18,-9.4847837757780365e-19,0.17626376527927973,1.296875,0.014661240414771281,0.29525829352265653
6.6596002976102211,0.15709495544433544,0.10359226902493819,0.10558090416116409,5.4704984921549904e-18,-1.0730461964144807e-17,0.32169761427941218,-5.1764300989078429e-18,-1.7530405634611813e-18,0.17518953850794144,1.296875,0.023070868627961205,0.29518908156653528
6.6946508254923804,0.1570949554443356,0.103583162889912,0.10557720157503349,1.3046557805229579e-17,-2.7224141078933527e-17,0.31940107256217498,-5.1881375997076122e-18,-1.1554058796140691e-19,0.17206890377453188,1.296875,0.03659390757864555,0.29511987093905895
6.7297013533745389,0.15709495544433563,0.10357382206283242,0.10557505377127853,1.3922059977921246e-17,-9.2315267585510482e-18,0.31727581658721576,-5.3645544931510709e-18,-6.8011451708599978e-19,0.16676114455141497,1.296875,0.051248335555719157,0.29505066164116245
6.7647518812566982,0.15709495544433577,0.103564262257031,0.10557720157503349,8.8003048695092467e-18,-4.6342304766825649e-17,0.31533739441198877,-5.5001166259478059e-18,-3.8000015596196049e-19,0.15931710054815942,1.296875,0.066005728718831105,0.2949814536737817
6.7998024091388576,0.15709495544433569,0.10355467433238559,0.10558090416116409,1.0798828978496144e-17,-5.1835255272935845e-17,0.31360153230339943,-6.0050520736782443e-18,5.8216309766992045e-19,0.1498745037535836,1.296875,0.080394859566629798,0.29491224703785346
6.8348529370210169,0.15709495544433635,0.10354512989386554,0.10557813409527972,5.9182750556515139e-18,-1.7904322723290315e-17,0.31208073420699306,-6.142787571835674e-18,2.6518219298367991e-18,0.13864697171490489,1.296875,0.09408529353873582,0.29484304173431519
6.8699034649031754,0.15709495544433583,0.10353551612381862,0.1055561688087764,1.127979913860937e-17,-3.8383929358709211e-17,0.31078353393751695,-6.0715789016234341e-18,1.1729685783797949e-18,0.12590804084404594,1.296875,0.10680132806194027,0.29477383776410543
6.9049539927853347,0.1570949554443361,0.10352620002410955,0.1055148114023747,4.0528623239599421e-18,-3.4574585032263179e-17,0.30972176605515367,-5.9337685694699624e-18,8.0826795502761525e-19,0.11183286343026647,1.265625,0.11832523376443266,0.29470463512816342
6.9400045206674941,0.15709495544433552,0.10351730149354495,0.10553285249286364,7.2465665304151358e-19,-2.3789530553886e-17,0.30890275671706618,-5.8142297781683863e-18,2.6431266072376417e-18,0.095955845184417451,1.171875,0.1287329697879338,0.29463543382742935
6.9750550485496525,0.15709495544433549,0.103508880827596,0.10555824795065341,1.9225748009921365e-18,-1.866996588585988e-17,0.30833078136630448,-5.7986473497891124e-18,2.2690689167962621e-18,0.078972168038129481,1.140625,0.13771815280173744,0.29456623386284425
7.0101055764318119,0.15709495544433594,0.10350100653220216,0.10555022161810389,-1.1907992166965352e-18,-1.2989648479050448e-17,0.30800806420905152,-5.713672739822765e-18,2.1939741520662481e-18,0.06186082581940118,1.125,0.14504369033836848,0.29449703523534987
7.0451561043139712,0.15709495544433588,0.10349372079799087,0.10558339508716438,4.1895121049555108e-18,-2.025921463351723e-17,0.30793469125037731,-5.7735713695195673e-18,3.0446863986851843e-18,0.045438506591009946,1.03125,0.15095659670736561,0.29442783794588917
7.0802066321961297,0.15709495544433538,0.10348700503876408,0.10560357121611336,-2.4651300350312417e-18,-2.7559109962557708e-18,0.30810855546336252,-5.8973076629901497e-18,3.8094645058272115e-18,0.031482480928077025,1,0.15521629269396978,0.29435864199540568
7.115257160078289,0.15709495544433555,0.10348090112125377,0.10560524641559058,-7.1387294652645052e-19,-2.1217616550043489e-17,0.30852533402438792,-5.8617918362095729e-18,3.4816627552397973e-18,0.02097115665183185,0.96875,0.15777058500007571,0.29428944738484386
7.1503076879604484,0.15709495544433566,0.10347565263588875,0.1055003593710314,-5.2991386558140606e-18,-7.1752761206257062e-17,0.30917954959034361,-5.7588574807834741e-18,4.1448498482705119e-18,0.025646466917763358,0.9375,0.15832800474785161,0.29422025411514924
7.1853582158426068,0.15709495544433572,0.1034713253438664,0.10551741927178077,-1.2268445982002061e-17,-5.1705850794755078e-17,0.31006331641839713,-5.8070523319932637e-18,3.5909035356560003e-18,0.039114131907087124,0.8125,0.15766610775185885,0.29415106218726783
7.2204087437247662,0.15709495544433655,0.10346772866887671,0.10556432779705539,5.7836050957739449e-20,-3.147292144586813e-17,0.31116731958056282,-5.7952128958857922e-18,5.0260420461008021e-18,0.054376852993594842,0.75,0.15538632812856834,0.29408187160214694
7.2554592716069255,0.1570949554443358,0.10346454472144301,0.10561277356285935,-8.8787394848648981e-18,-1.1677877979658777e-16,0.31247931231764697,-5.8088233256847397e-18,5.0091146220455169e-18,0.070713760607380993,0.65625,0.15131563103719917,0.29401268236073441
7.290509799489084,0.15709495544433563,0.10346180403677847,0.1056036093896979,-1.3312949055234489e-17,-7.8026856453052107e-18,0.31398323244959381,-5.6230327698410418e-18,3.4670911415690632e-18,0.086722445074984819,0.625,0.14559042596175825,0.29394349446397916
7.3255603273712433,0.15709495544433624,0.10345962054811987,0.10554895827027984,-1.4935475647215654e-17,-1.6583318675195127e-17,0.31566438824228071,-5.3911252404862876e-18,4.6613149529690207e-18,0.10139510963306869,0.546875,0.13858560013045487,0.29387430791283092
7.3606108552534026,0.15709495544433547,0.10345758985951016,0.10552446011517497,-1.8954681012169691e-17,-2.0217427770771415e-17,0.31750878450815012,-5.2375343443474414e-18,5.9844995305884455e-18,0.11528983094911144,0.453125,0.13062417491198858,0.29380512270824033
7.3956613831355611,0.15709495544433597,0.1034554302252025,0.10555228408181948,-1.6531548459152139e-17,-4.01834603834103e-17,0.31949718456530818,-4.909071624751809e-18,3.7370828935063714e-18,0.12868133963815398,0.390625,0.12180444764386172,0.29373593885115878
7.4307119110177204,0.15709495544433563,0.10345316833567945,0.10555725071887462,-2.0424803501918482e-17,-4.5661583293062345e-17,0.32160951127388854,-4.6119516574452117e-18,7.9596215449078637e-18,0.14062706553225993,0.328125,0.11213285682371536,0.29366675634253869
7.4657624388998798,0.1570949554443358,0.10345100903021034,0.10558454836683816,-3.4007724334711678e-17,-1.3385949693479021e-17,0.32382373911451151,-4.5256614167145986e-18,3.1004714591957605e-18,0.15144085635247082,0.265625,0.10146740793718532,0.29359757518333335
7.5008129667820382,0.15709495544433597,0.1034487276108802,0.10559019721478335,-2.6207734616035213e-17,-2.6825143937876138e-17,0.32611884579121025,-4.1467055762759864e-18,4.9440783735641477e-18,0.16081437722187464,0.203125,0.08985211836793007,0.29352839537449676
7.5358634946641976,0.1570949554443358,0.10344593388904723,0.10559080311603634,-2.3356033976751144e-17,-4.1662176139288344e-17,0.32847257147723735,-4.1924887824098776e-18,8.0294885281665426e-18,0.1689209441035463,0.171875,0.078434903253615407,0.29345921691698407
7.5709140225463569,0.15709495544433552,0.10344335900196032,0.10557110062178238,-2.0365914354621394e-17,-2.3192382805614391e-17,0.33085736742516231,-3.4804091113226849e-18,5.5847264492640174e-18,0.1755169473008856,0.109375,0.067574625550402737,0.2933900398117511
7.6059645504285154,0.15709495544433572,0.10344057160466032,0.10554512976113102,-2.616948615698964e-17,-3.4305666351043884e-19,0.33325473766478969,-3.2746405410233946e-18,6.7395896983962517e-18,0.18068001952233778,0.078125,0.056739325944090972,0.29332086405975466
7.6410150783106747,0.15709495544433608,0.10343790771164584,0.10552364739880399,-1.9469771493678169e-17,-5.0472464362094646e-17,0.33564168045877751,-2.718112597717105e-18,3.1737927486924608e-18,0.18455015437562652,0.109375,0.04748934270414517,0.29325168966195231
7.6760656061928341,0.15709495544433602,0.10343506783769106,0.10550124690559756,-3.0660899920513284e-17,-7.2635003195520481e-18,0.33799969290066612,-2.6502225502730337e-18,3.7959384484507444e-18,0.18694057641944556,0.09375,0.041042192501614172,0.29318251661930267
7.7111161340749934,0.15709495544433594,0.10343181746640054,0.10552501469353648,-3.8518767814001044e-17,-6.81058464591941e-18,0.34030874930340382,-2.3063193413213626e-18,6.8057376776208922e-18,0.18804418185928193,0.09375,0.038327989337180832,0.29311334493276509
7.7461666619571519,0.15709495544433599,0.1034280721397462,0.10554739830858044,-2.9641671159425549e-17,7.0398058075302132e-17,0.34255064681938535,-2.0100306905303811e-18,9.0120599818713319e-18,0.18781004094465084,0.09375,0.040589816840805919,0.29304417460329996
7.7812171898393112,0.15709495544433599,0.10342397961004265,0.10555850535281294,-2.8689672068642655e-17,-6.5207725333270917e-18,0.34470740035298769,-1.4073746067747656e-18,7.4136558708432637e-18,0.18610402811114723,0.125,0.047456480180862952,0.29297500563186846
7.8162677177214706,0.1570949554443358,0.1034194077269166,0.1055673512888721,-2.6629394390315632e-17,9.4458529255379136e-18,0.34676343752549754,-1.2134809896504983e-18,4.7063797527409097e-18,0.18298895690572711,0.125,0.056686593578346441,0.29290583801943265
7.851318245603629,0.15709495544433569,0.10341449649804831,0.10556971102840439,-2.4521095518913701e-17,-4.4866958919233626e-18,0.34870016944238458,-1.0236066431226261e-18,8.5149045813922609e-18,0.17850685249592982,0.125,0.067291287406967853,0.29283667176695555
7.8863687734857884,0.15709495544433599,0.10340944811407476,0.1055673512888721,-3.3019835720683297e-17,-4.7373496702328473e-17,0.35049950876810254,-5.0141496704341272e-19,6.2342551360202564e-18,0.17267235756415988,0.125,0.07844166666493553,0.29276750687540093
7.9214193013679477,0.1570949554443363,0.10340437407856985,0.10555850535281294,-2.4006005037405056e-17,-1.3813254064138345e-17,0.35214724744684639,-2.2309805583106454e-19,6.8661946542311679e-18,0.16550417408585022,0.125,0.089486263072012615,0.29269834334573375
7.9564698292501062,0.15709495544433577,0.10339930600314347,0.10554739830858044,-1.4186092292125978e-17,-1.0739897707345464e-17,0.35363332094350519,1.9819536989984937e-19,8.6783554704327392e-18,0.15706210863444792,0.09375,0.10006895921915905,0.29262918117891945
7.9915203571322655,0.1570949554443358,0.10339434508678338,0.10552501469353648,-2.2126017452376782e-17,1.5719274190675757e-17,0.35494566479582595,3.8068051201578535e-19,8.9281507805339527e-18,0.14733142925757661,0.09375,0.11001298268379622,0.29256002037592466
8.026570885014424,0.15709495544433569,0.10338950246226651,0.10550124690559755,-2.514655049678735e-17,-2.6513764412253745e-17,0.3560757630166515,6.3493804793141617e-19,1.0117835024732219e-17,0.1364698757263437,0.09375,0.11924249535378328,0.29249086093771687
8.0616214128965833,0.15709495544433535,0.10338485163917045,0.10552364739880399,-2.6586765050498346e-17,-1.1154396426518224e-18,0.35701393440340429,8.0383550771524985e-19,6.8762134658104102e-18,0.12466901440321541,0.109375,0.12775414934892562,0.29242170286526437
8.0966719407787426,0.15709495544433635,0.10338038131284186,0.10554512976113101,-2.1595172649631305e-17,4.9247839690977725e-18,0.35775396521242597,1.0436049752020144e-18,7.5609072547675035e-18,0.11179793727296895,0.078125,0.13539290912231383,0.29235254615953643
8.131722468660902,0.15709495544433547,0.1033760852677041,0.10557110062178238,-3.4768312634852281e-17,-2.1644920920702868e-17,0.35829288052131852,1.2990866867254354e-18,7.4858124900374894e-18,0.098121941264654053,0.109375,0.14211356645226619,0.29228339082150312
8.1667729965430613,0.15709495544433608,0.10337207640646426,0.10559080311603634,-3.5923938433814004e-17,7.1150221604727729e-17,0.35862785522747564,1.6470145687968773e-18,6.8072464550581889e-18,0.083654801501705608,0.171875,0.14777826166630234,0.2922142368521356
8.2018235244252207,0.15709495544433577,0.10336849088649369,0.10559019721478335,-3.6188223491140263e-17,8.1194570241851765e-18,0.35875716406947961,1.9358585682254875e-18,7.006166848764941e-18,0.068460391204689761,0.203125,0.15228293014393321,0.29214508425240571
8.2368740523073782,0.15709495544433572,0.10336538172411672,0.10558454836683817,-2.7877102933191282e-17,2.4371850705699369e-17,0.35868251615270902,2.1102853168139319e-18,6.1929093402824059e-18,0.053087399645426234,0.265625,0.15559026195246967,0.29207593302328627
8.2719245801895376,0.15709495544433597,0.10336280446030187,0.10555725071887474,-3.0816589683324515e-17,6.4250671380059103e-18,0.35840628837512545,2.347867318095497e-18,6.0680381550114008e-18,0.037645886254765469,0.328125,0.15765649867222678,0.29200678316575107
8.3069751080716969,0.1570949554443356,0.10336078138197224,0.10555228408181951,-3.7423463373357897e-17,1.4387486436065507e-17,0.35793310538265699,2.5762518722966909e-18,5.3651993321373443e-18,0.0249653270963087,0.390625,0.15852735804113549,0.29193763468077472
8.3420256359538563,0.15709495544433577,0.1033593186291257,0.10552446011517497,-3.3564918385936913e-17,1.5176044974979466e-17,0.3572686550047165,2.9583402457150415e-18,4.6791555844205644e-18,0.016322789224570117,0.453125,0.15812286038309814,0.29186848756933276
8.3770761638360156,0.15709495544433594,0.10335825168538133,0.10554895827027984,-3.555636568752326e-17,1.0451433558067519e-17,0.35641932875082927,3.1083721972683783e-18,4.0785695201478629e-18,0.024407918599319296,0.546875,0.15664830452241216,0.29179934183240169
8.412126691718175,0.15709495544433591,0.10335765865307664,0.10560360938969791,-2.6978264145619326e-17,9.1189718218000628e-19,0.35539563436962246,3.524200014177151e-18,5.0542455962664101e-18,0.039126402515458396,0.625,0.15412887058131577,0.29173019747095891
8.4471772196003325,0.15709495544433569,0.10335749269563364,0.10561277356285936,-2.7845678538424738e-17,-4.5096112682678713e-18,0.35420825888150514,3.9887007926897689e-18,3.172204561916359e-18,0.05611512364087326,0.65625,0.15039785611596235,0.29166105448598256
8.4822277474824919,0.15709495544433563,0.10335759006076925,0.10556432779705532,-3.0203519118401825e-17,2.0751895224924197e-18,0.35286813386908822,4.3352290722400741e-18,4.9658630021763442e-18,0.073802957173553924,0.75,0.14539966076270078,0.29159191287845182
8.5172782753646512,0.15709495544433588,0.10335742994929377,0.10551741927178074,-2.6381453388176318e-17,1.8660530142659154e-17,0.35138419434981416,4.6406266230117925e-18,5.1334828815040898e-18,0.091474891649502357,0.8125,0.1392924449907175,0.29152277264934684
8.5523288032468106,0.15709495544433541,0.10335756635471538,0.10550035937103136,-1.7836713938303407e-17,-1.5056076239999428e-17,0.3497768076546538,4.9346620208894825e-18,6.3522044739254178e-18,0.10833444678538891,0.9375,0.13202196155323323,0.29145363379964856
8.5873793311289699,0.15709495544433588,0.10335758257897124,0.10560524641559058,-2.4067421615916688e-17,5.4710461022514427e-17,0.34805640289706785,5.0687215154800295e-18,4.9809640114391123e-18,0.12360460389544749,0.96875,0.12370430582047931,0.29138449633033897
8.6224298590111292,0.15709495544433577,0.10335723455719173,0.10560357121611338,-2.3480383592502968e-17,4.3996848599799467e-17,0.34623921913581651,5.4031456740515433e-18,4.9590205641493056e-18,0.13886479269541713,1,0.11396732302610141,0.29131536024240079
8.6574803868932868,0.1570949554443358,0.10335634454960287,0.10558339508716437,-2.2256601398457622e-17,2.4046991546933087e-17,0.34434103616225625,5.5337711412537735e-18,3.0129094282733472e-18,0.15333466252318476,1.03125,0.10296920303299802,0.29124622553681784
8.6925309147754461,0.15709495544433597,0.10335522143438246,0.10555022161810389,-2.9843528665754389e-17,1.487544915587207e-17,0.34238215164399433,5.6452465500947885e-18,5.4403338015367609e-18,0.16648632824363199,1.125,0.090706693714812256,0.29117709221457472
8.7275814426576055,0.15709495544433572,0.10335367469399118,0.10555824795065338,-1.4904556738692048e-17,2.2124795860623134e-17,0.34037890796441017,5.8063991178032882e-18,3.3190456642567725e-18,0.17763929163176848,1.140625,0.077313752231034885,0.29110796027665697
8.7626319705397648,0.15709495544433585,0.10335168472722452,0.10553285249286366,-1.6869592384087228e-17,8.7319041560750264e-17,0.33834960633377681,6.154913057338724e-18,2.0320585102426682e-18,0.18727837797399161,1.171875,0.062903721506711363,0.29103882972405104
8.7976824984219242,0.15709495544433577,0.10334917156402257,0.10551481140237472,-2.012189087086449e-17,1.3939962615690383e-17,0.33631222568554681,6.1323467430476648e-18,4.2925644533377814e-18,0.19489730413169179,1.265625,0.047721336952105411,0.2909697005577444
8.8327330263040835,0.15709495544433597,0.10334596445245069,0.1055561688087764,-4.9119361937575736e-18,2.0374465496896952e-18,0.33428324380280994,6.3142644392633895e-18,1.1526662574252934e-18,0.1998502371051441,1.296875,0.032248913587825834,0.29090057277872539
8.8677835541862411,0.1570949554443358,0.10334216070614803,0.1055781340952797,-1.1544589682178457e-17,3.1896181926584497e-17,0.33228078588395504,6.3425784309654704e-18,3.6896225786805289e-19,0.20272048826470698,1.296875,0.01821086335536904,0.29083144638798314
8.9028340820684004,0.15709495544433622,0.10333782797403755,0.10558090416116409,-7.9810380413394646e-18,2.8643546448978575e-17,0.3303230341041053,6.2874803439536195e-18,-2.4550720580573861e-19,0.20342104259718019,1.296875,0.014884920564631011,0.29076232138650787
8.9378846099505598,0.15709495544433594,0.10333322125353482,0.10557720157503349,-1.2703922380254857e-17,5.3876071730911417e-17,0.32843011226371421,6.4909361560343028e-18,-1.2346828695211512e-18,0.20172665699281478,1.296875,0.027357575487055124,0.29069319777529062
8.9729351378327191,0.1570949554443361,0.10332842454632173,0.10557505377127853,-8.9271397926219401e-18,1.4178552122336119e-17,0.3266183464006146,6.419310560943942e-18,-1.4116333461584949e-19,0.19762355901260889,1.296875,0.043772762899127599,0.29062407555532338
9.0079856657148785,0.15709495544433613,0.10332344742754211,0.10557720157503349,-6.1318851171276314e-18,6.1930152534348939e-17,0.32490143421743295,6.1500973927581993e-18,-5.6849145650564401e-19,0.19111186930102148,1.296875,0.060758381583849067,0.29055495472759924
9.0430361935970378,0.15709495544433605,0.10331830705753671,0.10558090416116409,7.4716764039170499e-18,1.6449870307071244e-17,0.3232923632715281,6.490752702884075e-18,-1.1143777212314389e-19,0.18221192484960436,1.296875,0.077495287350276623,0.29048583529311178
9.0780867214791972,0.1570949554443356,0.10331292488161037,0.10557813409527972,5.6905956270815616e-18,-1.3710808852245309e-17,0.32180187540894423,6.2969320844488655e-18,-2.3319611131298939e-18,0.17112607061958296,1.296875,0.093563003817659876,0.290416717252856
9.1131372493613547,0.15709495544433569,0.10330755925797973,0.1055561688087764,4.1944405958237285e-18,4.9795786778274569e-17,0.32044433466219385,6.2758811650400035e-18,-2.9134492314199711e-18,0.15813249619949277,1.296875,0.10863963719713318,0.29034760060782755
9.1481877772435141,0.15709495544433633,0.1033022419129704,0.10551481140237474,8.9260445724289913e-19,2.8124580572941155e-17,0.31922930839428088,6.1127268202491254e-18,-2.173896824238361e-18,0.14341960994019146,1.265625,0.12248502922786819,0.2902784853590229
9.1832383051256734,0.15709495544433547,0.10329702282283665,0.10553285249286364,2.5210283887245552e-18,4.9125849011026356e-17,0.31816533305091799,6.1867131888077126e-18,-2.2712394387236013e-18,0.12652544082531023,1.171875,0.13508281390629764,0.29020937150743975
9.2182888330078327,0.15709495544433574,0.10329199141211619,0.10555824795065341,1.2443849708286128e-17,4.9864532907308079e-17,0.31726082489989993,5.9923364982057143e-18,-2.4455826420701778e-18,0.10829405020618885,1.140625,0.14616185338858054,0.29014025905407659
9.2533393608899921,0.15709495544433563,0.10328719453242398,0.10555022161810389,4.9589464143466865e-18,7.201494007090454e-18,0.31652174276987699,6.0219801827424742e-18,-4.2011113648139187e-18,0.089254543973193795,1.125,0.15551497427111094,0.29007114799993283
9.2883898887721514,0.15709495544433613,0.10328267851289655,0.10558339508716433,9.5436645135377998e-18,1.1255493675096882e-19,0.31595249849365165,5.8534611710135806e-18,-3.1795763955354316e-18,0.069112052794445766,1.03125,0.16328861981167164,0.29000203834600879
9.323440416654309,0.15709495544433597,0.10327849130187755,0.10560357121611336,1.7950574714515123e-17,1.2017766929380403e-17,0.31555618232299915,5.7486710358832191e-18,-3.4948447054814424e-18,0.050087161030618409,1,0.16928644770866308,0.2899329300933059
9.3584909445364683,0.1570949554443356,0.1032746772624958,0.10560524641559058,1.5951081756896055e-17,2.7077213077665794e-17,0.31533447766991507,5.5668972690940787e-18,-3.6805566791669477e-18,0.035283190941029281,0.96875,0.17342226859157536,0.28986382324282617
9.3935414724186277,0.15709495544433544,0.10327125328227213,0.10550035937103137,1.1268172955022847e-17,-3.4331951635674412e-17,0.31528726948648467,5.3852848283737803e-18,-4.7777290436572836e-18,0.023986349764763989,0.9375,0.17547886408408919,0.28979471779557275
9.428592000300787,0.15709495544433566,0.10326821521459759,0.10551741927178072,9.7610657218356386e-18,2.3691129231936031e-17,0.31541334552585659,5.3401687498662616e-18,-4.9823404399784005e-18,0.02724419438844344,0.8125,0.17608036196927987,0.28972561375255002
9.4636425281829464,0.15709495544433588,0.10326555920470158,0.10556432779705539,1.4108247410720357e-17,1.7778962135052763e-17,0.31571003426315791,5.1914482996364762e-18,-5.2954249931072713e-18,0.041919568530806875,0.75,0.17499539436325359,0.28965651111476276
9.4986930560651057,0.15709495544433613,0.1032632368524939,0.10561277356285935,1.4864791820917714e-17,9.7410568913877392e-18,0.31617359666151434,5.0237963541352972e-18,-5.5336265397429416e-18,0.05971575283781913,0.65625,0.17213958657784889,0.28958740988321702
9.5337435839472633,0.15709495544433591,0.10326121091503786,0.10560360938969794,1.4401555803159349e-17,1.5116734589146609e-17,0.31679790901132893,4.8800617156606295e-18,-5.4908778456862011e-18,0.078519360087542678,0.625,0.16748894692656641,0.2895183100589197
9.5687941118294226,0.1570949554443358,0.10325957643465354,0.10554895827027985,2.0974182800236628e-17,6.4386141693154645e-17,0.31757458470915861,4.8515816932999727e-18,-5.7232031012502947e-18,0.096043354806149853,0.546875,0.16119964034161116,0.28944921164287862
9.603844639711582,0.15709495544433599,0.10325827894949642,0.10552446011517497,2.1741890031631213e-17,3.0595397328205e-17,0.31849590017803198,4.5395935745353895e-18,-4.1657212694864499e-18,0.11278330085210009,0.453125,0.15351290343647217,0.28938011463610264
9.6388951675937413,0.15709495544433563,0.10325724404932114,0.10555228408181948,1.4664956259560503e-17,3.0129002021428599e-17,0.31955263076419299,4.4515418462279963e-18,-6.4360607357035935e-18,0.12899999136710733,0.390625,0.14456189587518006,0.28931101903960144
9.6739456954759007,0.15709495544433599,0.10325632390755897,0.10555725071887462,2.2237982655177681e-17,7.0963528685685734e-18,0.3207344330192321,4.0321027526352732e-18,-8.5623119566589001e-18,0.14379978379892941,0.328125,0.13441440822847411,0.28924192485438577
9.70899622335806,0.15709495544433622,0.10325541840996556,0.1055845483668382,2.5046548468401488e-17,-7.4495192569368736e-18,0.32202891110053411,3.622463681349772e-18,-5.1360239803458527e-18,0.15735180771250185,0.265625,0.12331678620498482,0.2891728320814671
9.7440467512402176,0.15709495544433577,0.10325443317554309,0.10559019721478335,2.4905180815805654e-17,9.0468557844805867e-18,0.32342413574082268,3.3464889191171706e-18,-4.1786517568218788e-18,0.16935226570005762,0.203125,0.11143433162684381,0.28910374072185818
9.7790972791223769,0.15709495544433605,0.10325343058145756,0.10559080311603634,2.2560525001997348e-17,9.0279842980792114e-18,0.32490555583924252,2.9611850878626733e-18,-4.3450937309573489e-18,0.17986079938260843,0.171875,0.098736263488924572,0.28903465077657248
9.8141478070045363,0.15709495544433577,0.10325233412201827,0.1055711006217824,2.447206335335301e-17,-1.6424259004098e-17,0.32645897391281459,2.7496971323142499e-18,-8.856523556931761e-18,0.18870564209926896,0.109375,0.085490917171826969,0.2889655622466244
9.8491983348866956,0.15709495544433577,0.10325102242407597,0.10554512976113095,2.2468442258083608e-17,2.1724450756251415e-17,0.32806802646421918,2.4920762671032814e-18,-6.553904194490348e-18,0.19598616640124597,0.078125,0.072140719508517331,0.28889647513302946
9.8842488627688549,0.15709495544433605,0.10324940773055195,0.10552364739880399,2.2055165130664498e-17,3.0871729807653475e-17,0.32971864191580319,2.4796152112278248e-18,-6.0311922218058388e-18,0.20172261286687748,0.109375,0.059595564012081714,0.28882738943680392
9.9192993906510143,0.15709495544433622,0.10324773385131591,0.10550124690559756,1.4322320834585754e-17,-1.2583911521421185e-17,0.33139383930211608,2.3243178479476303e-18,-7.1999521052289639e-18,0.20583664757905012,0.09375,0.048466059320315863,0.28875830515896517
9.9543499185331736,0.1570949554443358,0.10324599206173099,0.10552501469353649,2.0163888352878228e-17,-2.7181680234530432e-18,0.33307823696342903,2.1910869556863141e-18,-3.2318806800283846e-18,0.20855582600301492,0.09375,0.039680121108340842,0.28868922230053146
9.9894004464153312,0.15709495544433585,0.10324427236707712,0.10554739830858044,1.4563142905470999e-17,1.2182218453735121e-17,0.33475619847533122,1.7604871147540222e-18,-9.2271798806943224e-18,0.20977995388087414,0.09375,0.035745573016349286,0.28862014086252208
10.024450974297491,0.15709495544433588,0.10324252480338886,0.10555850535281294,2.4622192767492385e-17,1.1599898301921722e-17,0.33641342221336817,1.6846325717066811e-18,-3.9906633820906276e-18,0.20938688098997538,0.125,0.038273502330420477,0.28855106084595711
10.05950150217965,0.15709495544433572,0.10324072229963839,0.1055673512888721,1.8889473286836389e-17,2.7262558033393419e-18,0.33803369599290578,1.3222178619772917e-18,-7.3940947037176097e-18,0.20742089283378631,0.125,0.045878439556325444,0.28848198225185778
10.094552030061809,0.15709495544433577,0.10323880540051338,0.10556971102840439,1.9261974523995373e-17,5.1351336443072368e-17,0.33960352161426871,1.0925077379197845e-18,-5.6948274975172756e-18,0.20388491398430525,0.125,0.056207575561972062,0.28841290508124612
10.129602557943969,0.15709495544433605,0.10323666810131669,0.1055673512888721,1.7706930345440409e-17,1.0227671647879957e-17,0.34111208544384514,1.0137750328557623e-18,-7.1183457747169324e-18,0.19881256300820477,0.125,0.068149470769514553,0.2883438293351453
10.164653085826128,0.15709495544433555,0.10323430012958244,0.10555850535281294,2.0993349153613041e-17,-2.460033048748729e-19,0.34254817842831303,9.3065373397653695e-19,-7.5328757581693065e-18,0.19222452280924313,0.125,0.080728427505942668,0.28827475501457911
10.199703613708285,0.15709495544433569,0.10323169486949649,0.10554739830858044,2.54219562514572e-17,-7.2116037319483222e-20,0.3439001758502111,5.0928175839917319e-19,-9.0271477562442991e-18,0.1841702150539469,0.09375,0.093168286864833763,0.28820568212057268
10.234754141590445,0.15709495544433566,0.10322893881051612,0.10552501469353649,2.2506648593275664e-17,-6.7382664141027811e-17,0.34515664803865775,4.2892569199596998e-19,-5.866391374005674e-18,0.17464611546420228,0.09375,0.10517500547065377,0.28813661065415203
10.269804669472604,0.15709495544433608,0.10322609241819938,0.10550124690559755,1.397576789122865e-17,-2.9692261907568462e-17,0.34630704376820443,2.6587475124400964e-19,-9.5764221527591111e-18,0.16376739053349107,0.09375,0.11661567883488905,0.28806754061634393
10.304855197354764,0.15709495544433558,0.10322326725126481,0.10552364739880399,2.4046696679958098e-17,-2.6711915019468043e-17,0.34734165318078264,2.2196572312066187e-19,-6.6155655460725009e-18,0.1517609473196373,0.109375,0.12737727422230727,0.28799847200817624
10.339905725236923,0.15709495544433535,0.10322052737152293,0.10554512976113098,1.8306394905658695e-17,-3.7465966341614596e-17,0.34825289104540835,1.5589776715793733e-19,-7.2002300379147817e-18,0.13848911586190948,0.078125,0.13724363602670089,0.28792940483067786
10.374956253119082,0.15709495544433605,0.10321791212647875,0.1055711006217824,1.3496861799940566e-17,-2.9709785430655446e-17,0.34903454275714185,-4.8630898177227226e-20,-7.8563496997918433e-18,0.12407623990618204,0.109375,0.1461355557632894,0.28786033908487846
10.41000678100124,0.15709495544433591,0.10321544099940273,0.10559080311603633,1.0655734247903675e-17,-1.900426078782678e-17,0.34968122548671565,-1.9553365778501858e-19,-7.685910788936517e-18,0.10856879729749734,0.171875,0.15391684900664743,0.28779127477180899
10.445057308883399,0.15709495544433591,0.10321311912550629,0.10559019721478342,1.6451471013507088e-17,-6.0564665696879184e-17,0.35018887839039942,-3.2260846513256197e-19,-6.8318765849775679e-18,0.091993637394370234,0.203125,0.16047657246347519,0.28772221189250097
10.480107836765558,0.1570949554443363,0.10321096905337544,0.10558454836683817,8.25155742899467e-18,1.8827677593642579e-17,0.35055432925922259,-4.9384064219532657e-19,-6.5816577584027272e-18,0.074579155302220243,0.265625,0.16575281403850459,0.28765315044798728
10.515158364647718,0.15709495544433591,0.10320901208640368,0.10555725071887459,1.9359154254191644e-17,-1.2544820585304107e-17,0.35077472292597922,-7.300536531007679e-19,-6.403357323005697e-18,0.056356976909749307,0.328125,0.16967292803974079,0.2875840904393015
10.550208892529877,0.15709495544433594,0.10320723949122085,0.10555228408181948,1.4722160452714597e-17,-9.5280786877152593e-18,0.35084979503598063,-9.2129139361093208e-19,-6.5639230060695903e-18,0.039517124356013865,0.390625,0.17223755006009792,0.28751503186747818
10.585259420412036,0.15709495544433608,0.10320566573812712,0.10552446011517497,1.5616828978782632e-17,-2.7997872021389208e-17,0.35078060536616773,-1.0139732524723938e-18,-6.0937800156740511e-18,0.025792693806520106,0.453125,0.17334775219824231,0.2874459747335531
10.620309948294194,0.15709495544433588,0.1032043085319005,0.10554895827027985,1.7484979760956576e-17,-3.1338125114429975e-17,0.35056952632274246,-1.3489584527567202e-18,-5.568778407053995e-18,0.01839230270709951,0.546875,0.17313522993791705,0.28737691903856283
10.655360476176353,0.1570949554443356,0.10320318885905776,0.10560360938969783,1.6477503555016139e-17,-1.9760468207195607e-17,0.35022012509566675,-1.5871128597909978e-18,-5.0149909131170936e-18,0.02898548936018704,0.625,0.17164839276109944,0.28730786478354492
10.690411004058513,0.15709495544433638,0.10320221501387408,0.10561277356285932,1.1209325931579252e-17,-1.7689996556303437e-17,0.3497351546872885,-1.6716647901578534e-18,-5.1750933750379573e-18,0.044759957440694151,0.65625,0.16871914251002507,0.28723881196953777
10.725461531940672,0.15709495544433569,0.1032013985361077,0.10556432779705532,1.3331230807685802e-17,-2.7071821224408249e-17,0.34912028780607018,-1.7813284601998756e-18,-4.8602882862349762e-18,0.06454173044783687,0.75,0.16427204971266632,0.28716976059758104
10.760512059822831,0.15709495544433594,0.10320085704979164,0.10551741927178075,6.4532479960472277e-18,-7.5835742085522613e-17,0.34838526002459447,-1.7281157278303605e-18,-4.8358302098830083e-18,0.0843439573068656,0.8125,0.15845173065229654,0.28710071066871518
10.795562587704991,0.15709495544433591,0.1032005568358601,0.1055003593710314,8.9062463612490173e-18,-2.6604077954317358e-17,0.347536772738615,-1.8952037170995374e-18,-4.4554065374474206e-18,0.10340263264159066,0.9375,0.1512479102732211,0.28703166218398168
10.83061311558715,0.1570949554443356,0.10320037154388606,0.10560524641559058,7.9293941968572023e-18,-3.3395791113835473e-18,0.34658178895794051,-2.0104134360470973e-18,-3.0317162066803528e-18,0.12088063725145785,0.96875,0.14278357963743726,0.28696261514442301
10.865663643469308,0.15709495544433599,0.10320027033095218,0.10560357121611338,5.1152680349615121e-18,-3.0122262204856613e-17,0.34553023160039964,-2.3386600094712605e-18,-3.3967079976081511e-18,0.1383209344082251,1,0.13270441261048629,0.28689356955108258
10.900714171351467,0.15709495544433602,0.10320029979549795,0.10558339508716436,7.9030246645195655e-18,-4.2779637726911673e-17,0.34439336374214446,-2.2429467372287708e-18,-3.5809641334155632e-18,0.15479030816486192,1.03125,0.12117549582057303,0.2868245254050048
10.935764699233626,0.15709495544433583,0.10320000160700074,0.10555022161810389,2.0758213802960342e-18,-5.2431055057893026e-17,0.34317833959723348,-2.4111563963332666e-18,-4.431623440475296e-18,0.16992872164215456,1.125,0.10823639992897009,0.28675548270723505
10.970815227115786,0.15709495544433624,0.10319931118443118,0.1055582479506534,1.5711860392446607e-17,-9.4038638682948605e-17,0.34189675164484656,-2.5632054245791397e-18,-2.857306828884772e-18,0.18309399362528467,1.140625,0.094039583607091415,0.28668644145881977
11.005865754997945,0.15709495544433566,0.10319859520658389,0.10553285249286366,9.9027703652601376e-18,-3.5879413520585891e-17,0.34056416988690152,-2.6614744781192651e-18,-1.3332166240884679e-18,0.19474989646578875,1.171875,0.078670277274939054,0.28661740166080635
11.040916282880104,0.15709495544433588,0.10319775394255373,0.10551481140237472,1.0102690174324532e-17,-8.6047238173630025e-18,0.33919225045820778,-3.0808895834742242e-18,-1.1419195269070045e-18,0.20433541628075058,1.265625,0.062340154535802203,0.28654836331424299
11.075966810762262,0.1570949554443356,0.10319665884249832,0.10555616880877641,4.0152457227179586e-19,2.0744481426695096e-17,0.33779176067798872,-3.137219142085362e-18,-1.3991925497456974e-19,0.21112966321796575,1.296875,0.045336786302103409,0.28647932642017931
11.111017338644421,0.15709495544433627,0.10319525200053722,0.10557813409527977,7.5359574044716711e-20,-5.4740116215430717e-17,0.33637457319105901,-3.128098645420178e-18,-2.3788390928044991e-19,0.215745208580716,1.296875,0.028236353028223346,0.28641029097966547
11.146067866526581,0.15709495544433605,0.10319354808739525,0.10558090416116409,1.1866289551926623e-19,-2.2926834032680892e-17,0.33495465764792254,-3.099930667252084e-18,-5.456215669297779e-19,0.2181297921383443,1.296875,0.014137160425392963,0.28634125699375285
11.18111839440874,0.1570949554443353,0.10319158805090432,0.10557720157503349,-7.8579100173413507e-18,-1.1184725601091842e-17,0.33354542208930565,-3.2842434584691074e-18,-7.7225581987950664e-20,0.21801972154914442,1.296875,0.017878428646711787,0.28627222446349371
11.216168922290899,0.15709495544433599,0.10318942564308507,0.10557505377127853,5.0728071905584522e-18,-6.5661314988560754e-17,0.3321596995730659,-3.3652043877705429e-18,1.0026223117530746e-18,0.21530539392860604,1.296875,0.034295172103591683,0.28620319338994149
11.251219450173059,0.15709495544433602,0.1031870568653786,0.10557720157503349,7.2507789157725596e-19,-6.0529618650705192e-17,0.33081002093920714,-3.4081923405882901e-18,1.9668369733040871e-18,0.20997061504177236,1.296875,0.052433161659672121,0.28613416377415035
11.286269978055216,0.15709495544433541,0.10318455370443981,0.10558090416116404,-3.272349441078706e-18,-1.1506888833229339e-17,0.32950902697536416,-3.5149118777286058e-18,1.6265944263038753e-18,0.20209706210014458,1.296875,0.070555514141633677,0.28606513561717573
11.321320505937376,0.15709495544433605,0.10318190393945488,0.10557813409527976,1.2685766999364253e-17,-1.8470467315331154e-17,0.32826670945066305,-3.5163633664461347e-18,2.3550162911629719e-18,0.19186258692635175,1.296875,0.08810642634035766,0.28599610892007382
11.356371033819535,0.15709495544433569,0.10317915703370278,0.1055561688087764,-4.8544792574820125e-18,-1.8093037587303991e-17,0.32709315783219678,-3.3694486482623783e-18,3.0807647082822971e-18,0.1795107624665811,1.296875,0.10473115331700281,0.28592708368390207
11.391421561701694,0.15709495544433585,0.10317633919022512,0.1055148114023747,6.3345008528208157e-18,-2.4094170262936478e-17,0.32599751248175313,-3.1550632825921605e-18,4.4730089408825491e-18,0.16520354634284495,1.265625,0.1201640886311868,0.28585805990971863
11.426472089583854,0.15709495544433555,0.10317348975997435,0.10553285249286366,-1.5563500180157413e-18,-4.2220232951442916e-17,0.32498855993465187,-3.1978018372240486e-18,4.4183753157846467e-18,0.14845446265204376,1.171875,0.13431683739843586,0.28578903759858276
11.461522617466013,0.15709495544433594,0.10317064083941653,0.10555824795065341,-7.1324530110818928e-18,-5.1038608954135494e-17,0.3240739353818573,-3.2253060029505688e-18,5.5466099666375739e-18,0.12999417658492868,1.140625,0.14693119717496841,0.28572001675155495
11.496573145348171,0.15709495544433608,0.10316782185376697,0.10555022161810386,-3.0950922652373462e-18,-5.2974284273589231e-17,0.32326035562773026,-3.2071961306719876e-18,4.5223486100601121e-18,0.11047027499237759,1.125,0.15780052415047607,0.28565099736969646
11.53162367323033,0.15709495544433547,0.10316503027151817,0.10558339508716438,-2.5920913297046768e-19,-2.4063167106705732e-17,0.32255304558430231,-3.2767725667405073e-18,4.5457743650076138e-18,0.089700750472105503,1.03125,0.16701481824808423,0.28558197945406943
11.566674201112489,0.15709495544433569,0.10316230851769685,0.10560357121611336,7.2414906060594047e-18,-6.7824796108145378e-17,0.32195720697216429,-3.2031441767478738e-18,4.4836233225028295e-18,0.06828896798246202,1,0.17439173351522644,0.2855129630057372
11.601724728994649,0.15709495544433599,0.10315973728487852,0.10560524641559058,6.7061174890547354e-20,-5.5911496335629515e-17,0.32147759320300934,-3.0478583907650808e-18,4.9927695331414691e-18,0.047353284919829375,0.96875,0.17984285153451066,0.28544394802576434
11.636775256876808,0.15709495544433516,0.10315734668589986,0.10550035937103143,-7.8470631250459335e-18,-6.392716018460754e-18,0.32111705944672636,-3.0477425790169748e-18,6.3457987872618071e-18,0.031913784576499904,0.9375,0.18318975380322927,0.28537493451521595
11.671825784758967,0.15709495544433591,0.10315516321526565,0.10551741927178072,-2.2795323361821434e-18,-4.5723589605523874e-17,0.32087741574134682,-2.8218486559466553e-18,6.2862682529375908e-18,0.020285839415440567,0.8125,0.18491185336316499,0.28530592247515835
11.706876312641127,0.1570949554443361,0.10315319847409758,0.10556432779705532,-9.6635068769571529e-18,-3.3699756841228703e-17,0.32075932512000355,-2.7337411091037861e-18,6.7008908806185708e-18,0.030108209092836482,0.75,0.18482846584185625,0.28523691190665901
11.741926840523284,0.15709495544433588,0.1031514609084755,0.10561277356285931,-3.5226283170913771e-18,-9.7761039375617097e-18,0.32076260564744652,-2.6706412904364035e-18,7.2197117957016306e-18,0.045816797831833282,0.65625,0.18289581100474062,0.28516790281078613
11.776977368405444,0.15709495544433591,0.10314994505772607,0.10560360938969791,-7.8825945955359571e-18,-9.1190392199657813e-17,0.32088604607359195,-2.6710726715881984e-18,7.7782506150770366e-18,0.066227677868411189,0.625,0.17910973869019856,0.28509889518860915
11.812027896287603,0.15709495544433585,0.10314862282414629,0.10554895827027985,2.6024116738304142e-18,-1.5575042116036786e-17,0.32112703512725421,-2.4962432928365938e-18,8.1404630791466568e-18,0.08560367791767301,0.546875,0.17355538817516863,0.28502988904119847
11.847078424169762,0.1570949554443363,0.10314748635401789,0.10552446011517497,-4.8549426198713129e-18,-6.9856176822920082e-17,0.32148226586612499,-2.3948146193828433e-18,8.7736202072192463e-18,0.10437654150797601,0.453125,0.16642675035827517,0.28496088436962541
11.882128952051922,0.15709495544433591,0.10314653413900676,0.10555228408181952,-1.3355262466150015e-17,2.8055834443907701e-17,0.3219475122800764,-2.4027876226679601e-18,8.4205927566714149e-18,0.12249053176853082,0.390625,0.15786140158284831,0.28489188117496239
11.917179479934081,0.15709495544433574,0.1031457536260241,0.10555725071887462,-1.3257219196955464e-17,-8.508142245887478e-17,0.32251784284219182,-2.223125447649863e-18,8.3551726963858211e-18,0.13919080122657021,0.328125,0.14795999489522518,0.284822879458283
11.952230007816238,0.15709495544433605,0.10314511955411125,0.10558454836683819,-1.2167138114155447e-17,5.0892354934524917e-18,0.32318731288245728,-2.1179225461626633e-18,1.0796083422356299e-17,0.1546955891057904,0.265625,0.13691906932992512,0.28475387922066142
11.987280535698398,0.15709495544433555,0.10314459342348924,0.10559019721478335,-5.6629413172099272e-18,-3.5323378653402979e-18,0.32394878201860627,-2.0489439484195178e-18,9.8384597359261095e-18,0.1686721592417402,0.203125,0.12488063821776814,0.28468488046317331
12.022331063580557,0.15709495544433588,0.10314413162761452,0.10559080311603634,-5.6817706797577012e-18,2.3703934883422634e-18,0.32479528229168025,-1.939330733163687e-18,5.9259616129992928e-18,0.18112884824442418,0.171875,0.11204310490502517,0.28461588318689496
12.057381591462716,0.15709495544433549,0.10314369725901017,0.1055711006217824,-9.5006981828918835e-18,5.667511755322759e-18,0.32571765747364378,-2.0305040407700507e-18,7.6063426314538162e-18,0.1918689528902546,0.109375,0.098521514527339329,0.28454688739290396
12.092432119344876,0.15709495544433597,0.10314326789430599,0.10554512976113095,-7.2489675900688596e-18,-4.7508967015423957e-18,0.3267076383989857,-1.8943925049502157e-18,1.0163495394545146e-17,0.20089302761264999,0.078125,0.084515414315126935,0.28447789308227889
12.127482647227035,0.15709495544433583,0.10314264675060041,0.10552364739880399,-1.0820185772258389e-17,-1.3536921584689901e-17,0.3277565326252298,-1.7802904874716151e-18,8.9727788289424137e-18,0.2082886297449752,0.109375,0.070131392601206932,0.28440890025609922
12.162533175109193,0.15709495544433572,0.10314185952717858,0.10550124690559755,-3.2869242944154643e-18,2.4256599842319636e-18,0.32885317358977051,-1.8763097163743471e-18,9.2582686368365154e-18,0.21400785615309553,0.09375,0.055872548019079524,0.28433990891544558
12.197583702991352,0.1570949554443358,0.10314089232322136,0.10552501469353649,-2.6935676929655561e-18,-1.2000243406293439e-17,0.32998646386324076,-1.7785890738868216e-18,9.076235962515646e-18,0.21818395321547998,0.09375,0.042906273928679253,0.28427091906139945
12.232634230873511,0.1570949554443356,0.10313987751380661,0.10554739830858044,-1.4087901589443916e-18,2.3703934883422677e-18,0.33114451170439141,-1.46627110715946e-18,1.020676024930412e-17,0.22065197289232283,0.09375,0.033149987156716354,0.28420193069504351
12.267684758755671,0.15709495544433605,0.10313885550224648,0.10555850535281293,-5.7881965958135795e-18,2.4171004171856272e-17,0.33231551367698198,-1.3859694408062293e-18,7.9408280013906589e-18,0.2213685932790285,0.125,0.029607543852942283,0.28413294381746135
12.30273528663783,0.15709495544433577,0.10313781787361373,0.1055673512888721,-4.1048852831244145e-18,-1.3182407233007212e-17,0.33348871107929196,-1.2396536046171355e-18,1.1060291527450637e-17,0.2204232883233635,0.125,0.034246477466105547,0.2840639584297377
12.337785814519989,0.15709495544433602,0.10313677975576531,0.10556971102840439,3.5994201021576226e-18,-2.499797966523016e-18,0.33465551425757978,-1.2447736458136856e-18,9.2627817342586048e-18,0.21781213339016095,0.125,0.044508639698663144,0.2839949745329583
12.372836342402147,0.1570949554443358,0.10313573017486997,0.1055673512888721,6.9215810000881294e-19,-7.7824661955894607e-18,0.33580589114411435,-1.1375668992925762e-18,7.204743135336871e-18,0.21362006180994275,0.125,0.057175621745688604,0.28392599212820985
12.407886870284306,0.15709495544433574,0.10313468085084761,0.10555850535281294,-1.1050308384335693e-17,-1.7792441768196608e-17,0.33692863609601181,-1.194113482954584e-18,6.6879868630627436e-18,0.20780310718500225,0.125,0.070603134140161242,0.28385701121658019
12.442937398166466,0.15709495544433552,0.10313366113441606,0.10554739830858044,-1.4319224731348096e-17,1.6652064804228729e-17,0.3380122559722275,-1.1728430472594915e-18,1.0243897350085301e-17,0.20041039139104083,0.09375,0.084069798407543417,0.28378803179915801
12.477987926048625,0.1570949554443363,0.10313261555428091,0.10552501469353648,-6.5995230775845407e-18,4.720904517797367e-17,0.33904843684945091,-8.6392076680658525e-19,1.1237493466994197e-17,0.19143898504180223,0.09375,0.097217788794085158,0.28371905387703322
12.513038453930784,0.15709495544433583,0.10313144882357675,0.10550124690559753,-1.5741894700045243e-18,5.245599237920911e-18,0.3400302407484137,-8.4582753507548317e-19,9.2370795782653571e-18,0.18101413139239517,0.09375,0.10990852770105769,0.28365007745129672
12.548088981812944,0.15709495544433577,0.10313017583069738,0.10552364739880399,-3.6074868201171383e-18,-2.4200659364772738e-17,0.34094989061165315,-8.3901301116294392e-19,1.0651518721061632e-17,0.16935992000171529,0.109375,0.12208837496078546,0.28358110252304036
12.583139509695103,0.15709495544433613,0.10312877243996232,0.10554512976113102,-2.8658542540851099e-18,2.4750628397040889e-17,0.34180097165459439,-7.8607509662725246e-19,8.5139119646571973e-18,0.15630580505976097,0.078125,0.13348947687270304,0.2835121290933571
12.618190037577261,0.15709495544433577,0.10312724696458365,0.10557110062178236,-2.8597252333900316e-18,1.0518831723786674e-17,0.34257645164585537,-7.4097121903376891e-19,8.7255775572421665e-18,0.14203893209631654,0.109375,0.14394464968430121,0.28344315716334101
12.65324056545942,0.15709495544433566,0.10312568938773074,0.10559080311603634,-4.7137013388361529e-18,-1.0018737334150638e-17,0.34326925255483914,-7.0236597606288313e-19,8.1203725164289689e-18,0.1265142834053781,0.171875,0.15327516446623182,0.28337418673408704
12.688291093341579,0.15709495544433572,0.10312414590758379,0.10559019721478342,-8.8554239319114359e-18,3.8278788220187376e-17,0.34387452135355084,-6.7193635362192419e-19,7.4841316590327817e-18,0.1097194608137627,0.203125,0.16136243605344489,0.28330521780669132
12.723341621223739,0.1570949554443361,0.1031226505512573,0.10558454836683816,5.9740049139305398e-19,4.9306476095153464e-17,0.3443872496337067,-7.2004722015014552e-19,7.2435743020125604e-18,0.091849578502688531,0.265625,0.16815766002544663,0.28323625038225092
12.758392149105898,0.15709495544433613,0.10312125465660965,0.10555725071887474,1.474671865934849e-18,5.0418545829519312e-17,0.34480419364143899,-7.8887092832359048e-19,7.6469737431424209e-18,0.072907788344983085,0.328125,0.17355673755373313,0.28316728446186407
12.793442676988057,0.15709495544433535,0.10311999981435903,0.10555228408181948,-3.6132577880568488e-18,2.8976493387631296e-17,0.34512175500326331,-7.0609692251701527e-19,7.032543984138032e-18,0.053312598894358285,0.390625,0.17753822818723453,0.28309832004662988
12.828493204870215,0.15709495544433619,0.10311887895532401,0.10552446011517502,-1.059322244919915e-17,1.7064541578429812e-17,0.34533841733366405,-5.4477985249536838e-19,7.3401095882199489e-18,0.034714305147020258,0.453125,0.17999212993526165,0.28302935713764876
12.863543732752374,0.15709495544433541,0.10311788233210441,0.10554895827027984,4.0196687273432822e-19,1.6413475297582974e-17,0.34545365382879639,-5.3700580230344188e-19,6.5503175393543181e-18,0.021136896457565644,0.546875,0.18096961114183119,0.28296039573602194
12.898594260634534,0.15709495544433583,0.1031170026065865,0.10560360938969783,-7.2794231362032042e-19,3.950813076290452e-17,0.34546681789212247,-4.4734275524336377e-19,6.4407723564726955e-18,0.020135337903717763,0.625,0.18053175095284474,0.28289143584285176
12.933644788516693,0.15709495544433583,0.10311624297694229,0.10561277356285929,-4.8283203444122657e-18,3.129633825168412e-17,0.34537859798748338,-4.5182554748199553e-19,5.8609518342975253e-18,0.033524017045886395,0.65625,0.1785208777499975,0.28282247745924172
12.968695316398852,0.1570949554443356,0.10311558311626985,0.10556432779705539,-1.3067093183847128e-17,2.9046587479979163e-17,0.34519052877233974,-4.0538617709602232e-19,5.4846574474798023e-18,0.053668951189775382,0.75,0.17487452326866054,0.28275352058629616
13.003745844281012,0.15709495544433627,0.10311492509121349,0.10551741927178075,-1.0228135010269262e-17,2.4033511913789186e-17,0.34490433628319861,-3.7532240436153337e-19,5.5050259428833081e-18,0.074954323436330059,0.8125,0.1697194170063315,0.28268456522512064
13.038796372163169,0.15709495544433599,0.10311439087265639,0.10550035937103139,-7.5134632666629201e-18,1.8303319864347685e-17,0.34452514853240573,-3.449361345857253e-19,5.2878016965819826e-18,0.095628898693355308,0.9375,0.16301102818086713,0.28261561137682173
13.073846900045329,0.15709495544433597,0.10311397422057701,0.10560524641559058,-8.7502827933895599e-18,5.2189769624618445e-17,0.34405729744479069,-2.7033332260033008e-19,4.0800915324749605e-18,0.11472541423231301,0.96875,0.15486237483440424,0.28254665904250709
13.108897427927488,0.15709495544433569,0.1031136601986381,0.10560357121611337,-1.7486475157758492e-17,5.0474486307066346e-18,0.34350578867695886,-1.867467152394981e-19,3.9734315555699229e-18,0.13377401099507194,1,0.14495248777282649,0.28247770822328538
13.143947955809647,0.15709495544433585,0.10311343904607616,0.10558339508716436,-1.1992071378699988e-17,-1.1120697343658617e-19,0.3428762289863837,-1.5231323490340133e-19,4.2204475388129582e-18,0.15174797675217461,1.03125,0.13343503051082892,0.28240875892026629
13.178998483691807,0.15709495544433594,0.1031131674192472,0.10555022161810389,-7.0898236712645351e-18,1.1005513878444595e-16,0.34217293460101961,-1.6229771848722265e-19,3.31105179081706e-18,0.16836335408393724,1.125,0.12037342669406512,0.2823398111345608
13.214049011573966,0.15709495544433597,0.10311281684069178,0.1055582479506533,8.3935990632477819e-19,4.8242933040105425e-17,0.34140279543815955,-4.2059155005646559e-20,1.3683684913995213e-18,0.18308677833533141,1.140625,0.10592196737148399,0.28227086486728054
13.249099539456124,0.15709495544433544,0.10311250640891316,0.10553285249286366,-7.2177959384237802e-18,5.4082310118012167e-17,0.34057530877387687,4.0718043201105214e-20,2.8111170634798109e-18,0.19622406452422206,1.171875,0.090154982242045545,0.28220192011953854
13.284150067338283,0.15709495544433572,0.10311216687059188,0.10551481140237472,5.1232294432870948e-18,1.2551560401876036e-17,0.33969845358422407,9.0634871188728548e-20,1.4213345203825168e-18,0.20719769502836638,1.265625,0.073281821221323276,0.28213297689244876
13.319200595220442,0.15709495544433563,0.10311176719243774,0.1055561688087764,-1.1740254982031856e-17,2.6473325512822267e-17,0.33878013777476068,2.0357324910944593e-19,2.7677727993820323e-18,0.21533494078446783,1.296875,0.055547546996674198,0.28206403518712631
13.354251123102602,0.15709495544433594,0.10311127822464876,0.10557813409527976,-5.8896729590744683e-18,4.7001458827558822e-17,0.33782831215997,1.2216895099968197e-19,1.3773682164640983e-18,0.2212413671600385,1.296875,0.037249904076893679,0.28199509500468728
13.389301650984761,0.15709495544433552,0.10311067027141102,0.10558090416116409,-2.540763414124191e-18,7.0275393413693505e-17,0.33685140065443786,1.966110702263917e-19,2.2491504076459852e-18,0.2248606722865128,1.296875,0.019454179692342043,0.28192615634624885
13.42435217886692,0.15709495544433591,0.10310992442460876,0.10557720157503349,-8.64878536820189e-18,1.8152347973136812e-17,0.33585793116507645,3.1374490821397804e-19,4.423497218137575e-19,0.22593024159046068,1.296875,0.011323142749114834,0.28185721921292922
13.459402706749078,0.15709495544433574,0.10310904638863484,0.10557505377127853,1.395879197823817e-18,3.6647752609784101e-17,0.33485742260803858,4.4803871786890204e-19,8.7501150429329395e-19,0.22433479145015778,1.296875,0.025847027540770399,0.28178828360584779
13.494453234631237,0.15709495544433583,0.10310805657922534,0.10557720157503349,5.9862208314671448e-19,2.9732700806999996e-17,0.33385973720868861,4.5098534200596906e-19,2.0924360775141388e-19,0.22004807300723969,1.296875,0.044584054177623483,0.28171934952612493
13.529503762513396,0.15709495544433558,0.10310697594655928,0.10558090416116404,-7.3293399026889559e-19,-2.2430783532988065e-17,0.33287385889080151,4.5556109835945927e-19,1.0687173514185118e-19,0.21313815882861614,1.296875,0.063517410418728576,0.28165041697488213
13.564554290395556,0.15709495544433585,0.10310582023127354,0.10557813409527972,4.9433184646705531e-18,7.1840378821691857e-17,0.33190916167140216,3.5316855592810555e-19,1.5099685773787988e-18,0.2037652709676821,1.296875,0.08194210756954913,0.28158148595324189
13.599604818277715,0.15709495544433585,0.10310457316206351,0.1055561688087764,-3.7203155619163392e-18,3.1113015240928044e-17,0.33097392818176286,2.5288624494342836e-19,-2.182367153710904e-18,0.1921666291474742,1.296875,0.099483799804704703,0.28151255646232787
13.634655346159875,0.15709495544433552,0.1031032458123459,0.1055148114023747,8.9556155176383117e-18,1.2399240547350788e-17,0.33007577457866982,2.5140837691917727e-19,-8.5676059125792394e-19,0.1784912186630371,1.265625,0.11586582513553255,0.2814436285032646
13.669705874042034,0.15709495544433574,0.10310186205592797,0.10553285249286366,3.1156065819281166e-18,1.8261533001601846e-17,0.32922255840176801,1.3717659871315666e-19,-1.9123356971041932e-18,0.16222586613962536,1.171875,0.13096534091494333,0.28137470207717807
13.704756401924191,0.15709495544433577,0.10310042880987036,0.1055582479506534,1.1697941571116296e-17,2.3758527397655158e-17,0.32842114659871585,-1.3518337131789089e-19,-1.9036668442846375e-18,0.14409439016755543,1.140625,0.14453923537752453,0.28130577718519501
13.739806929806351,0.15709495544433591,0.10309895465120343,0.10555022161810386,4.3633572486573247e-18,2.3084545740463705e-17,0.3276778982907898,-1.2449102792487732e-19,-1.6690519527849971e-18,0.12474225740984633,1.125,0.15638333613965597,0.28123685382844332
13.77485745768851,0.15709495544433594,0.10309746246236288,0.10558339508716438,-1.221718125220192e-18,6.8896426943079643e-17,0.32699892622932913,-2.4204538708754457e-19,-2.692439806635603e-18,0.10381897086915347,1.03125,0.16653508345228038,0.28116793200805207
13.809907985570669,0.1570949554443358,0.10309597906278126,0.10560357121611336,-2.4797891360751489e-18,4.9557197271628771e-17,0.32638979228822879,-2.0141830467325178e-19,-2.3505428984102851e-18,0.082065096009626484,1,0.17483772770737582,0.28109901172515128
13.844958513452829,0.15709495544433577,0.10309452391510683,0.10560524641559058,-3.775287190831017e-18,5.5667514975726298e-17,0.32585506411067577,-1.5192755224927568e-20,-4.1790223337363026e-18,0.059826799751442644,0.96875,0.18121337589297581,0.28103009298087223
13.880009041334988,0.15709495544433574,0.10309311583813592,0.10550035937103143,3.2665363492854229e-18,6.0813364928382886e-18,0.32539861163366612,-3.9511122063904991e-22,-3.1235531070084401e-18,0.038379668714797317,0.9375,0.18550335034876944,0.28096117577634699
13.915059569217146,0.15709495544433594,0.10309177036358276,0.10551741927178078,2.228836278405275e-18,8.3834556393070517e-17,0.32502342611243029,2.3038088352375671e-20,-3.4614398436241009e-18,0.021704750127419431,0.8125,0.18808081655831937,0.28089226011270912
13.950110097099305,0.15709495544433599,0.10309050843747414,0.10556432779705532,-9.6000262296204407e-19,4.0787347948253812e-17,0.32473189511446598,1.4550218450319995e-19,-3.7436738686271939e-18,0.019133346430017559,0.75,0.18881383527990955,0.28082334599109282
13.985160624981464,0.15709495544433558,0.10308934436177956,0.10561277356285931,-7.8095728953646388e-18,1.7981156632210226e-17,0.32452560598310781,7.7977786432794002e-20,-4.9266612585862311e-18,0.033831052709239848,0.65625,0.18767475018744467,0.28075443341263379
14.020211152863624,0.15709495544433602,0.10308828683822698,0.10560360938969791,-8.5555652802415948e-19,5.711994544697374e-18,0.32440530219556113,-3.1048444012028103e-20,-4.6173883537200047e-18,0.054759004723291191,0.625,0.18466510757934124,0.28068552237846861
14.055261680745783,0.15709495544433538,0.1030873414950387,0.10554895827027985,-7.0684036917219448e-18,2.9359314968916025e-17,0.32437113993624306,-9.1416392077703502e-20,-4.947281216895953e-18,0.075174351475539913,0.546875,0.17984780588984209,0.28061661288973488
14.090312208627942,0.15709495544433616,0.10308651269468851,0.10552446011517497,-1.0323840405590452e-17,3.4061011009483295e-17,0.32442252696914714,-1.3927912380920453e-19,-5.2614642658782942e-18,0.095130189636890822,0.453125,0.17338919871350433,0.28054770494757142
14.1253627365101,0.15709495544433588,0.10308579776201889,0.10555228408181948,-5.839861502222666e-18,3.512590202784582e-17,0.3245579935859938,-1.9470493913351408e-20,-5.9485932745587436e-18,0.11438925110689796,0.390625,0.165430864627376,0.28047879855311825
14.160413264392259,0.1570949554443358,0.10308519363903823,0.10555725071887459,-5.1184273239796036e-18,3.7833960326441007e-17,0.32477549042126891,-1.4810689547277274e-19,-6.0394110883721657e-18,0.13228581914290083,0.328125,0.15604962547978252,0.28040989370751618
14.195463792274419,0.15709495544433555,0.10308469480730834,0.1055845483668382,-1.2669380820323826e-18,1.6963444329851168e-17,0.32507275830035082,2.2708288857211365e-20,-6.4422811339099923e-18,0.14899816052881762,0.265625,0.14542083578461051,0.28034099041190735
14.230514320156578,0.15709495544433602,0.10308429290110509,0.10559019721478335,-5.5696791053960462e-18,-1.4996765854166521e-17,0.32544648655071856,5.5342431641155086e-20,-6.5210551980046422e-18,0.16421121802222416,0.203125,0.1336614473848754,0.28027208866743497
14.265564848038737,0.15709495544433574,0.10308396729466268,0.10559080311603632,-4.0238811127007202e-18,3.2642953602752613e-17,0.32589197158033201,3.1497498394598121e-19,-6.5060997725296834e-18,0.17795383936473419,0.171875,0.12092281994453948,0.28020318847524323
14.300615375920897,0.15709495544433563,0.10308369861004954,0.10557110062178238,-1.229064525283581e-17,4.8257760636563743e-17,0.32640415254419941,2.6568537212017474e-19,-6.8411145380585601e-18,0.19000353210536053,0.109375,0.10733975294430484,0.28013428983647753
14.335665903803054,0.15709495544433541,0.10308348577984107,0.10554512976113095,-5.5163292448440086e-18,1.7208773653068863e-17,0.32697826406476616,4.0913276566478482e-19,-7.231384968505979e-18,0.20034413546174301,0.078125,0.093082891867194276,0.28006539275228431
14.370716431685214,0.15709495544433588,0.10308332781505314,0.10552364739880389,-1.4140977644947716e-18,5.2087324412725375e-17,0.32760865308507542,4.6467877097833318e-19,-8.970568602345672e-18,0.20905702080907604,0.109375,0.078339939032344846,0.2799964972238112
14.405766959567373,0.15709495544433646,0.1030831522010065,0.10550124690559755,-5.6210491448300901e-18,2.3897367619036488e-17,0.32828956755348393,3.9665949595059604e-19,-8.005877484761829e-18,0.21603234592936538,0.09375,0.063318406754821699,0.27992760325220684
14.440817487449532,0.15709495544433602,0.10308286251648785,0.10552501469353649,-6.3084261874582155e-18,-2.2027742501987526e-17,0.3290155681316827,4.2639478104667341e-19,-7.9008586341920966e-18,0.2214776054289006,0.09375,0.048387714419871913,0.27985871083862113
14.475868015331692,0.15709495544433619,0.10308244187783386,0.10554739830858044,-1.1470114709058776e-18,-6.2713993201662551e-18,0.32978028197995457,4.6135226091377691e-19,-7.7109379655499214e-18,0.22517986139431376,0.09375,0.034468139219726093,0.27978981998420477
14.510918543213851,0.15709495544433644,0.10308190845056577,0.10555850535281293,-1.1766140090053304e-17,-1.3442564152683047e-17,0.3305745060815668,4.0995807219626253e-19,-7.8772211210077813e-18,0.22706787993231362,0.125,0.024357403634940974,0.27972093069010984
14.54596907109601,0.15709495544433602,0.10308133547821811,0.1055673512888721,-2.5754313456159667e-18,2.2419999826472938e-17,0.33138926338880481,3.932405355278899e-19,-8.7770877483470686e-18,0.22718177697533068,0.125,0.023798781140659964,0.27965204295748947
14.581019598978168,0.1570949554443356,0.10308073830327195,0.10556971102840439,-3.3235720470252511e-19,1.8068774247645111e-17,0.33221679524072734,2.8844771529171189e-19,-1.0065451330900461e-17,0.2255174584998233,0.125,0.033012818631258205,0.27958315678749784
14.616070126860327,0.1570949554443361,0.1030800935091223,0.1055673512888721,-1.4355809298177464e-19,2.3444451945403902e-17,0.33304999153563242,3.017861092978803e-19,-1.0515067007214884e-17,0.22210788995954497,0.125,0.046248986270746743,0.27951427218129027
14.651120654742487,0.15709495544433547,0.1030794557239776,0.10555850535281294,-8.4142186895725081e-18,7.3147229254986214e-18,0.33388122918516261,4.9782884828231125e-19,-9.2856119191650683e-18,0.2169694415633398,0.125,0.060687239225914631,0.2794453891400232
14.686171182624646,0.15709495544433572,0.10307883625081596,0.10554739830858044,-1.1456066403891725e-17,1.642291104078362e-17,0.33470312250517659,5.0805672976137629e-19,-9.9938638119676719e-18,0.21018018507550904,0.09375,0.075313856007370006,0.27937650766485422
14.721221710506805,0.15709495544433569,0.1030782188248074,0.10552501469353648,-5.3492239177140983e-18,-2.1113823374835991e-17,0.3355087758322014,7.877594786924805e-19,-1.0215548216131883e-17,0.20172432935915555,0.09375,0.089656827057767272,0.27930762775694201
14.756272238388965,0.15709495544433566,0.10307760694586192,0.10550124690559753,-1.0819174799772613e-17,5.7699569672158509e-18,0.33629106526197644,8.2847424548287818e-19,-9.4530068053661994e-18,0.1917011426828476,0.09375,0.1034399834709186,0.27923874941744631
14.791322766271122,0.15709495544433588,0.10307702056875501,0.10552364739880399,-6.9799435992155465e-18,-2.0011189383670782e-17,0.33704245171540315,8.6315276838192098e-19,-1.0087063905945247e-17,0.18037252644727847,0.109375,0.1165797083350651,0.27916987264752813
14.826373294153282,0.15709495544433594,0.10307645610741926,0.10554512976113099,-5.7484316780392894e-19,1.9140405082579447e-17,0.3377566112532257,8.8832677601640208e-19,-9.9198543082013274e-18,0.16760191154859125,0.078125,0.12889077652995706,0.27910099744834937
14.861423822035441,0.15709495544433563,0.10307585263754183,0.10557110062178236,-3.3879794191406067e-18,-2.119874506364212e-17,0.3384291753990149,1.0300383342767439e-18,-9.4641241127989121e-18,0.15349653565178001,0.109375,0.14027909792109974,0.27903212382107323
14.8964743499176,0.15709495544433574,0.10307519630239237,0.10559080311603634,-5.3601971815702442e-18,1.2463942786441148e-17,0.33905466212594421,9.5445988537706225e-19,-1.087361340680967e-17,0.13802116046911658,0.171875,0.15060337850950656,0.27896325176686387
14.93152487779976,0.15709495544433605,0.10307449196105571,0.10559019721478342,-3.246443271130397e-18,-3.8718224260676105e-17,0.33962805375841298,1.0335127093381426e-18,-9.5779441650862087e-18,0.12127658759910834,0.203125,0.1597635952993513,0.27889438128688687
14.966575405681919,0.15709495544433627,0.10307372348386447,0.10558454836683816,-6.3744447969727849e-18,-1.8114605000334052e-17,0.34014548243133363,1.0688812979696849e-18,-9.8679735401820015e-18,0.10339646120744019,0.265625,0.16766662458684495,0.27882551238230863
15.001625933564076,0.15709495544433591,0.10307291151791585,0.10555725071887474,-5.3833126462192258e-18,-1.8111909073705327e-17,0.3406028160670892,1.1386099255773915e-18,-8.7938960583941461e-18,0.084360336919486703,0.328125,0.17417696988502984,0.27875664505429681
15.036676461446236,0.15709495544433572,0.10307206878502521,0.10555228408181948,-4.3965613762374019e-18,-5.5555634020632545e-17,0.34099668635436098,1.2317062245439622e-18,-9.3862632561005207e-18,0.064513960427088027,0.390625,0.1792457071931868,0.27868777930402017
15.071726989328395,0.1570949554443356,0.10307121955972619,0.10552446011517502,-2.3615685410184174e-19,-2.5067399775920944e-17,0.34132384030955015,1.1867051241415884e-18,-9.3833383454545332e-18,0.0437671753542868,0.453125,0.18275007281358754,0.27861891513264864
15.106777517210555,0.15709495544433588,0.10307040190441948,0.10554895827027984,4.5477544176795439e-18,2.9041869608378772e-18,0.34158191348700473,1.3730263001923677e-18,-8.8811536868511399e-18,0.024842365001726586,0.546875,0.1847076551155139,0.27855005254135329
15.141828045092714,0.15709495544433616,0.10306963974828551,0.10560360938969796,1.5375733102849177e-18,-5.0871461503151945e-17,0.34176919918567433,1.3056730348047065e-18,-8.6699248456295988e-18,0.012099088214662459,0.625,0.18510898512933749,0.27848119153130618
15.176878572974873,0.15709495544433613,0.10306895227743378,0.10561277356285929,-1.24131624809571e-18,-2.8247245234550028e-17,0.34188452819488285,1.1254240526901854e-18,-8.0924336640593778e-18,0.024038466317864281,0.65625,0.18383364519908293,0.27841233210368066
15.211929100857031,0.15709495544433599,0.10306834971528178,0.10556432779705541,-3.4474793623145298e-18,-2.7555740054271644e-17,0.34192742634095041,1.142358504549503e-18,-8.0214946547268302e-18,0.044343013111617889,0.75,0.18084837213750435,0.27834347425965117
15.24697962873919,0.15709495544433591,0.10306783368013163,0.10551741927178075,-5.0691424152974765e-18,-6.2009682369897612e-17,0.3418981589496522,1.1583678582912566e-18,-7.744594290313479e-18,0.066412667745134435,0.8125,0.17624882539626974,0.27827461800039316
15.282030156621349,0.15709495544433594,0.10306738905391752,0.10550035937103143,2.5009669034597089e-18,-3.9469039826787386e-17,0.34179818146297991,1.0508307565130088e-18,-7.3191719925550067e-18,0.087924319698803349,0.9375,0.17000975988563433,0.27820576332708347
15.317080684503509,0.15709495544433577,0.10306701536458354,0.10560524641559058,1.7312377270935221e-18,-2.1115845319807553e-18,0.34162892323472333,1.0314993388024914e-18,-6.8294810699236143e-18,0.10800977136949408,0.96875,0.16224721323743102,0.27813691024089987
15.352131212385668,0.1570949554443361,0.10306671901532993,0.10560357121611336,-7.8399336628284073e-18,-8.3930935770048804e-18,0.34139189648942497,1.1642752817269034e-18,-6.5968911165635038e-18,0.12802813001679222,1,0.15265292381171511,0.27806805874302132
15.387181740267827,0.15709495544433608,0.10306649230309758,0.10558339508716438,-4.5706066082436848e-18,-1.2819805101438196e-17,0.34108980543238143,1.2225261934928943e-18,-6.5040483646105519e-18,0.14701809260680843,1.03125,0.14137775816990686,0.27799920883462792
15.422232268149987,0.15709495544433633,0.10306631121084646,0.10555022161810389,-4.2118377473499649e-18,-6.1892409561546145e-17,0.34072552918681043,1.4463259117409055e-18,-5.2716286612453458e-18,0.16469034065580551,1.125,0.12848899836700736,0.27793036051690106
15.457282796032144,0.15709495544433599,0.10306615292115473,0.10555824795065336,-4.0181943924681609e-18,-1.2380369060949391e-17,0.34030299653150603,1.4281415964383688e-18,-5.6531905342038064e-18,0.18049864160577322,1.140625,0.11412060224771516,0.27786151379102303
15.492333323914304,0.15709495544433599,0.10306602199301822,0.10553285249286366,2.3149269041480858e-18,-4.0335780237935556e-17,0.33982707763103509,1.3949096185602252e-18,-5.1566174688759728e-18,0.19470648276198338,1.171875,0.098333361796923549,0.27779266865817731
15.527383851796463,0.15709495544433563,0.10306590904364146,0.10551481140237472,3.6364785623397665e-18,-7.392028621578471e-17,0.33930266248446284,1.3159510899578017e-18,-4.5917656070655621e-18,0.20674634732054778,1.265625,0.081327480876608182,0.2777238251195488
15.562434379678622,0.15709495544433588,0.10306580376422969,0.1055561688087764,-6.4496885304201882e-18,-9.3589766899259323e-17,0.33873470764284574,1.3523325580182409e-18,-4.4230472318843462e-18,0.21593329975986156,1.296875,0.063325960238388407,0.27765498317632309
15.597484907560782,0.15709495544433538,0.10306569523086125,0.10557813409527976,-3.1518120340753764e-18,-8.256477495092216e-17,0.33812836733907609,1.2774050970294643e-18,-3.7846623223404216e-18,0.22284700993303527,1.296875,0.044533540262427979,0.27758614282968741
15.632535435442941,0.15709495544433622,0.1030655524053492,0.10558090416116409,5.9078809947820202e-18,-8.2909853559403725e-17,0.33748914723447421,1.3074234846901879e-18,-4.1020746844341698e-18,0.22744238086973942,1.296875,0.025455322602526177,0.27751730408082975
15.667585963325099,0.15709495544433616,0.10306535675997142,0.10557720157503349,6.1460913867456183e-18,-4.7342493546097615e-17,0.33682257062713766,1.2289721825931471e-18,-2.0349172464396515e-18,0.22945584348366405,1.296875,0.0092761416968010317,0.27744846693093944
15.702636491207258,0.15709495544433591,0.1030650912099713,0.10557505377127853,6.5863804352693237e-18,-3.6831075620540134e-17,0.33613463113644365,1.168343776032094e-18,-1.3330975100802602e-18,0.22876403085756855,1.296875,0.018424359738522609,0.27737963138120691
15.737687019089417,0.15709495544433583,0.10306474609237785,0.10557720157503349,4.7901666640371945e-18,-3.8348882312535256e-17,0.33543182698529,9.3887659427425882e-19,-8.1059729563256458e-19,0.22533839650258261,1.296875,0.037519662144551505,0.27731079743282383
15.772737546971577,0.1570949554443358,0.10306432553995146,0.10558090416116404,1.9308521382195152e-19,-3.7948537208163556e-17,0.33472094944703806,9.592937931675029e-19,-4.9996119711685078e-19,0.21924470773920887,1.296875,0.056982857591982086,0.2772419650869829
15.807788074853736,0.15709495544433533,0.10306384496605184,0.10557813409527972,6.5203934186449494e-18,-5.4989489428591876e-17,0.3340087782840867,9.2689342907300771e-19,-6.4179951111254354e-19,0.21063782335715414,1.296875,0.075970513154651975,0.27717313434487806
15.842838602735895,0.15709495544433644,0.10306330025024261,0.10555616880877641,1.6111215586259297e-18,-5.7078832565884919e-17,0.33330128537344395,8.8063894647863717e-19,-1.0977017600823698e-18,0.19974939401089362,1.296875,0.09410924570565396,0.27710430520770429
15.877889130618053,0.15709495544433574,0.10306268938058896,0.1055148114023747,1.9969444644778507e-18,-4.1358884393552208e-17,0.33260485050498456,8.3188304709368641e-19,2.2247849755226232e-20,0.18672102748288436,1.265625,0.11112133643664839,0.27703547767665793
15.912939658500212,0.15709495544433569,0.10306205006595243,0.10553285249286365,1.3737167853619523e-17,-8.8423023515229929e-17,0.33192635782324392,7.5245302554210766e-19,-2.1849479572220694e-19,0.17103491799931184,1.171875,0.12686646913586588,0.27696665175293628
15.947990186382372,0.15709495544433649,0.1030613753509996,0.1055582479506534,4.5494920266394726e-18,1.301660774533806e-17,0.33127122665244263,5.3245936885643183e-19,1.0355507175775856e-18,0.15342555679875833,1.140625,0.14110965050047708,0.276897827437738
15.983040714264531,0.15709495544433594,0.10306066615508258,0.10555022161810385,1.446854326130614e-17,-4.0451705082972493e-17,0.33064486303948143,5.217408723388948e-19,2.6761741270703602e-18,0.13444262407081217,1.125,0.15364825313690744,0.27682900473226268
16.018091242146689,0.15709495544433605,0.10305993084809562,0.1055833950871644,9.3693665384100648e-18,-7.8991324204492841e-17,0.33005258826229722,3.5964252053516876e-19,2.636985618370048e-18,0.11377639957615789,1.03125,0.16448627384434419,0.27676018363771127
16.053141770028848,0.15709495544433572,0.1030591701034856,0.1056035712161134,1.2563671009778694e-17,-7.9680133458142649e-17,0.32949929698087593,3.7084647513704638e-19,4.0665919448780951e-18,0.092122434034980341,1,0.17346926115264236,0.27669136415528583
16.088192297911007,0.15709495544433574,0.10305840248966847,0.10560524641559058,4.1720201747587184e-18,-5.1662715968694822e-17,0.32898972889276301,2.4404900270808127e-19,3.2471008032993603e-18,0.069803007374283743,0.96875,0.18052579909950531,0.2766225462861896
16.123242825793167,0.15709495544433585,0.10305763834434772,0.10550035937103143,4.4055021641585778e-18,-3.5880761483900231e-17,0.32852806928848788,2.2093137576992979e-19,4.1085465455467846e-18,0.047768882749992379,0.9375,0.18550671795140086,0.27655373003162687
16.158293353675326,0.15709495544433574,0.10305688685101255,0.10551741927178079,5.2859433586818567e-18,-1.5158521451892491e-17,0.3281179619125178,1.8589495185311576e-19,3.8452119431793032e-18,0.025212282691147166,0.8125,0.18873309522339371,0.27648491539280334
16.193343881557485,0.15709495544433608,0.1030561569938109,0.10556432779705532,1.5743074167945301e-17,-5.5445101028853015e-17,0.32776239654471145,1.1837700320654831e-19,5.128572737387975e-18,0.01069775123703913,0.75,0.19011250449984143,0.27641610237092562
16.228394409439645,0.15709495544433594,0.10305545574319047,0.10561277356285942,1.3352250610619439e-17,-2.9987465873418334e-17,0.32746358629629785,1.3167197023055768e-19,5.4238298939551029e-18,0.0236195534257276,0.65625,0.1896141851124456,0.27634729096720168
16.263444937321804,0.15709495544433608,0.10305478976815728,0.10560360938969791,1.4686555265480767e-17,-2.9127465278842046e-17,0.32722344149521304,1.5126146829219162e-19,5.306979051903412e-18,0.045500812800181638,0.625,0.18723348038374771,0.27627848118284054
16.298495465203963,0.15709495544433619,0.10305417003968419,0.10554895827027985,-7.0628012191965043e-19,-3.8114336695832549e-17,0.3270437452766311,8.6338327066066198e-20,5.765792976629425e-18,0.066573877958409008,0.546875,0.1830307286078002,0.27620967301905247
16.333545993086123,0.15709495544433602,0.10305360322245428,0.10552446011517506,-9.6166651517823525e-19,-5.6306449586743685e-17,0.32692534217851604,3.1811511664759736e-20,6.5034924992389163e-18,0.087191716160784707,0.453125,0.1771631810198277,0.27614086647704894
16.368596520968282,0.15709495544433569,0.10305309407062883,0.10555228408181951,5.9169376233005494e-18,-3.6041169118311824e-17,0.32686857033114014,8.4337487024225529e-20,6.9315617749575583e-18,0.10713805966301881,0.390625,0.16976770033292357,0.27607206155804259
16.403647048850441,0.15709495544433591,0.10305264548382718,0.1055572507188747,2.9472059463007981e-18,-1.4793223393694721e-17,0.32687323999590834,8.2217620215882454e-20,7.2688397066423801e-18,0.12578639973687772,0.328125,0.16090404801677494,0.27600325826324706
16.438697576732597,0.15709495544433585,0.10305225724323747,0.10558454836683817,-4.975016664485337e-18,-1.671137519006154e-17,0.32693866818326672,1.7723895587597155e-20,7.315042706937142e-18,0.14325481671599771,0.265625,0.15072845195928475,0.27593445659387744
16.473748104614756,0.15709495544433566,0.10305192131268114,0.10559019721478335,5.0731757742772398e-18,-1.3716200705502836e-17,0.32706364664202991,-1.7702404078189835e-19,7.6558940588681928e-18,0.15925634941826278,0.203125,0.13934306008354563,0.27586565655114992
16.508798632496916,0.15709495544433605,0.10305164049200256,0.10559080311603643,1.0951306797472288e-17,-1.8207614469026494e-17,0.32724715388648151,-1.0814435897661254e-19,7.8334004008771721e-18,0.17380738541095253,0.171875,0.12689400837277054,0.2757968581362818
16.543849160379075,0.15709495544433566,0.10305141668829089,0.1055711006217824,1.3760925707035523e-17,-3.9165074099394121e-18,0.32748617774327432,-9.5679887749954945e-20,8.2512258718899574e-18,0.18670086904779706,0.109375,0.11350763704762165,0.2757280613504916
16.578899688261235,0.15709495544433613,0.10305124462846038,0.10554512976113095,7.4744881711431402e-18,-1.2125603994531019e-17,0.32777829564740601,-1.2220788664960879e-19,8.3712927921632545e-18,0.19789809603046637,0.078125,0.099325916559983657,0.27565926619499903
16.613950216143394,0.15709495544433597,0.10305111537887497,0.10552364739880389,9.3363414372076895e-18,-8.2839085485398757e-18,0.32812036443199227,-2.0191624478378883e-19,8.8148204191692875e-18,0.20747945462239523,0.109375,0.084495446657235462,0.27559047267102499
16.649000744025553,0.15709495544433608,0.10305101723476323,0.10550124690559755,9.5051106565537737e-18,-1.511673458914659e-17,0.32850893347348303,-2.7401795340250779e-19,8.7264113552996199e-18,0.21533449637300128,0.09375,0.069201533373729265,0.27552168077979156
16.684051271907713,0.15709495544433613,0.10305093535188556,0.10552501469353649,1.756900631787421e-17,-2.8740599807614152e-17,0.32893992847275166,-4.3067180564558407e-19,8.9105880817682268e-18,0.2216405454152276,0.09375,0.053694789350198988,0.27545289052252209
16.719101799789872,0.15709495544433583,0.10305084924782394,0.10554739830858044,1.9105115824247454e-17,-1.6842801613213871e-18,0.3294089309249506,-5.8782237015297563e-19,1.0136535924020818e-17,0.22621649932070056,0.09375,0.03837155156497709,0.27538410190044105
16.754152327672031,0.1570949554443361,0.10305074190983163,0.10555850535281294,1.6066279965458773e-17,-3.9149572521278607e-17,0.3299118713075278,-7.496406179217759e-19,9.4879469144404393e-18,0.22898708878136773,0.125,0.02447341418236882,0.27531531491477401
16.789202855554191,0.1570949554443358,0.10305059537708934,0.10556735128887204,1.8651357673543326e-17,8.833877580808093e-18,0.33044465640287229,-8.328781550641105e-19,9.8146898738437857e-18,0.22997739352383492,0.125,0.017026624556842316,0.275246529566748
16.82425338343635,0.15709495544433574,0.10305040098527063,0.10556971102840439,1.3343036017650042e-17,-7.1152243549699456e-18,0.33100223617600916,-9.3493352446062084e-19,1.0106254496156477e-17,0.22917444308452023,0.125,0.02350297134199799,0.27517774585759092
16.859303911318506,0.15709495544433563,0.10305014589275256,0.10556735128887204,1.7631286435384111e-17,2.1592350351441914e-17,0.331579333273268,-1.2150064431781911e-18,1.115112257615386e-17,0.2265937114901227,0.125,0.037046225434115593,0.27510896378853217
16.894354439200665,0.15709495544433605,0.10304986483956168,0.10555850535281293,2.0769081757182525e-17,1.4821530623296746e-17,0.33216951207827961,-1.3166437373985412e-18,1.0364665719518043e-17,0.22224168367548572,0.125,0.052138340958348225,0.27504018336080216
16.929404967082824,0.15709495544433585,0.10304955003459444,0.10554739830858044,2.0724409410466831e-17,4.020300585146888e-18,0.33276728742928502,-1.4768219445065902e-18,9.6435230440494128e-18,0.21615687054256352,0.09375,0.067417024811188456,0.27497140457563263
16.964455494964984,0.15709495544433535,0.10304920305174904,0.10552501469353648,8.7512727039485926e-18,1.5362063912364343e-17,0.33336710338758352,-1.8114158334312165e-18,1.0564539025290456e-17,0.20833123861100994,0.09375,0.082427887409379702,0.27490262743425636
16.999506022847143,0.1570949554443358,0.10304883073459302,0.10550124690559755,6.1258192822129213e-18,3.0200444077090854e-17,0.33396394710374738,-1.9058551990627605e-18,1.0298504505403601e-17,0.19885191216155479,0.09375,0.096933107737064886,0.27483385193790744
17.034556550729302,0.15709495544433605,0.10304845932023945,0.10552364739880399,1.2994903429783854e-17,9.5793012936618018e-18,0.33455186891568006,-2.0260327547429866e-18,1.0816915138902835e-17,0.18796177663616373,0.109375,0.11086211926869657,0.27476507808782125
17.069607078611462,0.15709495544433585,0.10304810907667629,0.10554512976113102,3.2325002755972535e-18,1.9341251616422504e-17,0.33512548994780944,-2.0510103037508121e-18,9.5768059645633358e-18,0.17551196229993613,0.078125,0.12400157906582752,0.27469630588523414
17.104657606493621,0.15709495544433613,0.10304776551863654,0.10557110062178236,8.7909849669058769e-18,4.9553153381685513e-17,0.33568043636548911,-2.1975046655493752e-18,9.2004454032966086e-18,0.16165931849512249,0.109375,0.13623161215931576,0.27462753533138395
17.13970813437578,0.15709495544433605,0.10304742828033632,0.10559080311603634,9.1088936898323636e-18,2.2820344930844644e-17,0.33621194123067949,-2.2683942993079368e-18,1.0251719169957602e-17,0.14636133937904777,0.171875,0.14740277425547738,0.27455876642750943
17.17475866225794,0.15709495544433591,0.10304710508626283,0.1055901972147834,5.2241897893416862e-18,5.6419004523494692e-18,0.33671518885592538,-2.3402321405424257e-18,1.0828244204572361e-17,0.12964078059355563,0.203125,0.15738476229264278,0.27448999917485079
17.209809190140099,0.15709495544433608,0.1030467807292639,0.10558454836683816,3.5449960833394134e-18,1.9422129415285449e-17,0.33718661763374019,-2.3662316679658862e-18,9.5502038360636304e-18,0.11173761639874048,0.265625,0.1660886568576741,0.27442123357464943
17.244859718022258,0.15709495544433572,0.10304642978583647,0.10555725071887456,2.5462605770156552e-18,4.1180279254396489e-19,0.33762312437577219,-2.4528121941615427e-18,9.3675755917017227e-18,0.092685062297366422,0.328125,0.17339409343779782,0.27435246962814785
17.279910245904418,0.15709495544433605,0.10304605595946145,0.10555228408181939,8.9681684260034718e-20,9.06977116082508e-18,0.33802099479894893,-2.3946423719449762e-18,9.1467514553745665e-18,0.0727380395093183,0.390625,0.17926075239592545,0.27428370733658974
17.314960773786574,0.15709495544433605,0.10304566542812583,0.10552446011517502,1.00242029041519e-17,1.3481655088800183e-17,0.3383769757565247,-2.2571819662711829e-18,9.2092995445733762e-18,0.051811907249972082,0.453125,0.18356609650464104,0.27421494670122015
17.350011301668733,0.15709495544433572,0.10304525348519691,0.10554895827027991,-2.6562564896619758e-18,3.9508130762904544e-17,0.33868869780402083,-2.4056972950961007e-18,8.8826095247292332e-18,0.030605516964451854,0.546875,0.18631690869366904,0.27414618772328525
17.385061829550892,0.15709495544433577,0.10304482349527613,0.10560360938969782,-4.0324006620861547e-18,6.2606156136512089e-18,0.33895390422524763,-2.3679240827303439e-18,8.7923872809568494e-18,0.012143947397162404,0.625,0.1874378082505965,0.27407743040403254
17.420112357433052,0.15709495544433588,0.10304438416430595,0.10561277356285935,3.8455497785932211e-18,6.1989462920181888e-17,0.33917070276553518,-2.3379458068669806e-18,8.9003178072827684e-18,0.015658210227705732,0.65625,0.18679153133634577,0.27400867474471058
17.455162885315211,0.1570949554443363,0.10304394218195066,0.10556432779705544,-2.0861311934583782e-18,1.8818241850441899e-17,0.33933792244195266,-2.2767549077958687e-18,8.2736590101023955e-18,0.036869290968028608,0.75,0.18436325398041778,0.27393992074656925
17.49021341319737,0.15709495544433602,0.1030435253818445,0.10551741927178075,-6.4811761109670943e-19,2.8325427106784251e-17,0.33945391034709405,-2.2473656976197424e-18,8.2139431873209674e-18,0.059418185986640712,0.8125,0.18024045676103215,0.27387116841085973
17.52526394107953,0.15709495544433597,0.10304313863419283,0.10550035937103143,-9.5112502082122595e-19,4.9507322628996554e-17,0.33951790196823806,-2.3464969286209153e-18,7.778568252432257e-18,0.08149183829354259,0.9375,0.17441755389168564,0.27380241773883429
17.560314468961689,0.15709495544433572,0.10304278762580195,0.10560524641559058,-1.584594061837418e-18,1.2955949396190896e-17,0.33953008994617562,-2.3924430925666537e-18,7.4527914399843726e-18,0.1021688265721767,0.96875,0.16699588600120119,0.27373366873174648
17.595364996843848,0.15709495544433594,0.10304247726001273,0.10560357121611336,-1.5811946668539566e-17,4.7874939055278915e-17,0.33949092954306859,-2.4226861179248223e-18,7.1109739410978598e-18,0.12274820625909894,1,0.1576892953226933,0.27366492139085102
17.630415524726008,0.15709495544433585,0.1030422180965225,0.10558339508716438,-3.7472537662772095e-18,3.8053678346685402e-17,0.33940136569668261,-2.3328807667188167e-18,6.6656596039687123e-18,0.14234210244444975,1.03125,0.14665454487822879,0.27359617571740397
17.665466052608167,0.1570949554443358,0.10304200478908687,0.10555022161810389,-6.621574914930794e-18,3.1331385297858075e-17,0.33926238639296002,-2.2808926687838378e-18,6.2427519352724011e-18,0.160749733757589,1.125,0.13396493952719946,0.27352743171266253
17.700516580490326,0.15709495544433599,0.10304183654691547,0.10555824795065336,-5.2604794891960844e-18,6.1905889194690105e-17,0.33907556218947676,-2.1815744852707052e-18,5.8274543282115778e-18,0.17723194726802211,1.140625,0.11974821902812605,0.27345868937788526
17.735567108372482,0.15709495544433599,0.10304171051618903,0.10553285249286368,-2.6021062758919971e-18,3.2229128865237028e-17,0.338842935055088,-2.1330777228308565e-18,5.8221339025116368e-18,0.19214508913889247,1.171875,0.10404886381716102,0.27338994871433181
17.770617636254642,0.15709495544433585,0.10304161932348438,0.10551481140237472,-1.2786348230736697e-17,7.2128842970969792e-17,0.33856700136009549,-2.0780737793124718e-18,4.7212292990974616e-18,0.20491754826742214,1.265625,0.087065255589649587,0.27332120972326313
17.805668164136801,0.15709495544433638,0.10304155498801801,0.1055561688087764,-7.6410774810667416e-18,1.602660982635499e-17,0.33825060276465635,-1.906536214276136e-18,4.5254323393837097e-18,0.21485722824896797,1.296875,0.069012493959365373,0.27325247240594136
17.84071869201896,0.15709495544433646,0.10304151164379786,0.1055781340952797,-1.7684646826899472e-19,2.6205080813259938e-17,0.33789697951709441,-1.6176179495381551e-18,3.9693552095112616e-18,0.22253302624237223,1.296875,0.050058571120660596,0.27318373676362995
17.87576921990112,0.15709495544433602,0.10304147915385722,0.10558090416116409,-1.2876230003301197e-17,4.5420297859787696e-17,0.33750946006705573,-1.4271727385276962e-18,3.9378429368954414e-18,0.22787283214760531,1.296875,0.030537580967141067,0.2731150027975936
17.910819747783279,0.15709495544433666,0.10304144700106017,0.10557720157503349,-9.3601308835138269e-18,3.5808645446580564e-18,0.3370916050630543,-1.2523518868449843e-18,2.7625317830208963e-18,0.23063585447445012,1.296875,0.011517126037157434,0.27304627050909824
17.945870275665438,0.15709495544433572,0.10304139683845459,0.10557505377127853,-9.1779662787311107e-18,9.1887289233193866e-17,0.33664729488286399,-1.1240939042599347e-18,1.526942323548387e-18,0.23068186440132771,1.296875,0.012496188088573924,0.27297753989941087
17.980920803547598,0.15709495544433591,0.10304131266246508,0.10557720157503349,-1.6025651508686219e-17,5.2502497113555288e-17,0.33618042238987456,-1.1944014678235489e-18,5.9961991731723955e-19,0.2279534950309566,1.296875,0.031784022230943988,0.27290881096980002
18.015971331429757,0.15709495544433597,0.10304118979376248,0.1055809041611641,-7.2630474881261239e-18,3.0080475342110752e-17,0.33569529360892458,-1.1662720020215527e-18,2.3196129609457023e-19,0.22251019338095632,1.296875,0.051558148536272816,0.27284008372153534
18.051021859311916,0.15709495544433602,0.10304103027678196,0.10557813409527977,-1.5881903858363349e-17,7.7833423717437978e-17,0.33519657121337781,-9.9870966021399358e-19,6.7507864151677695e-19,0.21453041185662217,1.296875,0.070858590735625754,0.27277135815588766
18.086072387194076,0.15709495544433622,0.10304084221329272,0.10555616880877641,-7.1265346096546679e-18,-2.3572508460270256e-17,0.334689214878438,-9.239447369844093e-19,-7.3879801846296177e-19,0.2042350009628425,1.296875,0.089329704640683447,0.27270263427412916
18.121122915076235,0.15709495544433583,0.10304063424053518,0.10551481140237472,-1.1906875884845635e-17,1.1107891692171981e-17,0.3341780068105844,-7.9593889908334626e-19,-6.9368027913186943e-19,0.19177290149095452,1.265625,0.10670447692184427,0.27263391207753329
18.156173442958394,0.1570949554443361,0.10304039556835483,0.10553285249286366,-1.0818974711468103e-17,7.4479690991253375e-17,0.33366687939424711,-7.8068345907762366e-19,-9.5948980589210956e-19,0.17662066699380871,1.171875,0.12283957851261965,0.27256519156737452
18.19122397084055,0.15709495544433547,0.10304012600438392,0.10555824795065333,-5.4518165630947139e-18,3.4683770060728333e-17,0.33316064720495375,-4.8614439867976835e-19,-1.8356924502674799e-18,0.15945935034699601,1.140625,0.13750705816087083,0.27249647274492894
18.226274498722709,0.15709495544433594,0.10303982211515961,0.10555022161810386,-1.0148668360501056e-17,2.6369532337614735e-17,0.33266357031260479,-3.6653536488078486e-19,-2.4191790369174852e-18,0.14087566324509482,1.125,0.15050680604957589,0.27242775561147353
18.261325026604869,0.15709495544433558,0.10303948103429279,0.1055833950871644,2.7569009068147675e-19,6.3081313204832124e-17,0.33217977095274276,-4.3269420731331367e-19,-2.4535301933955873e-18,0.12050907922029246,1.03125,0.16182455791423947,0.27235904016828688
18.296375554487028,0.15709495544433572,0.10303912690011506,0.1056035712161134,2.7825438026782202e-18,6.7423103040459271e-17,0.33171361716761921,-4.7520348751268259e-19,-2.088009006875755e-18,0.099129271104069799,1,0.17130268298810514,0.27229032641664858
18.331426082369187,0.15709495544433563,0.10303875949030203,0.10560524641559058,-8.0011732433480874e-18,4.1768665241124628e-17,0.33126914045151939,-6.509161949920915e-19,-3.3305600183835106e-18,0.076997007407560561,0.96875,0.17886745601956275,0.27222161435783954
18.366476610251347,0.15709495544433619,0.10303838071129649,0.10550035937103136,2.2158200076507617e-19,3.8211390054468114e-17,0.33085014654844341,-6.8987423049423115e-19,-4.0405853864194279e-18,0.055025329741266865,0.9375,0.18437201394064071,0.27215290399314196
18.401527138133506,0.15709495544433635,0.10303799874535295,0.10551741927178079,-6.0409502482237476e-18,4.849769810652367e-17,0.33046027266059635,-5.4640905256645119e-19,-3.1236060465676435e-18,0.031907011608001405,0.8125,0.1881090263189564,0.27208419532383937
18.436577666015665,0.15709495544433583,0.10303761863667799,0.10556432779705532,-7.57345816511636e-18,2.8864612432537433e-17,0.3301026859136561,-4.2019344353728031e-19,-4.5059571990417613e-18,0.010742208935270491,0.75,0.18999783073257673,0.27201548835121642
18.471628193897825,0.1570949554443356,0.10303724521985978,0.10561277356285942,-5.9472878598009548e-18,4.8333246582169189e-17,0.32978021451541323,-3.0449015302679334e-19,-4.6037762695598321e-18,0.015666984602237997,0.65625,0.19000838553159227,0.27194678307655912
18.506678721779984,0.15709495544433594,0.10303688271441894,0.10560360938969791,-8.8814985972740176e-19,4.5131833710509792e-17,0.32949526209501018,-1.6207209205045174e-19,-5.2740374111891002e-18,0.03790480605695621,0.625,0.18813599197507735,0.27187807950115472
18.541729249662144,0.15709495544433588,0.10303653498273457,0.10554895827027985,-1.0810097109327301e-17,3.6973959731864726e-17,0.32924986530335476,-5.6848818009493648e-20,-5.9392957644736476e-18,0.059430584673840624,0.546875,0.18444999182820304,0.27180937762629181
18.576779777544303,0.15709495544433558,0.10303619919708579,0.10552446011517506,-1.3216917200048108e-17,3.88381929956563e-17,0.32904510487885291,2.1933318527829492e-19,-6.0180168890090942e-18,0.080404025408228538,0.453125,0.17910001107475579,0.27174067745326014
18.611830305426459,0.15709495544433599,0.10303588246990034,0.10555228408181944,-7.4664109222202436e-18,7.5207591181020174e-17,0.32888260563941535,2.4172170743644345e-19,-6.214468975767988e-18,0.10074242352663852,0.390625,0.17220395562989183,0.27167197898335071
18.646880833308618,0.15709495544433591,0.10303558550144996,0.10555725071887459,-5.2843426522460214e-18,5.0645003666335706e-17,0.3287633095444637,5.1427803269657004e-19,-6.9448363694278093e-18,0.11982900644787572,0.328125,0.16381255254659682,0.27160328221785607
18.681931361190777,0.15709495544433624,0.10303530373194976,0.10558454836683817,-7.0781237709342126e-18,3.9451516303700335e-17,0.32868750618749759,4.669565775848856e-19,-6.9960818627366945e-18,0.13783202135807421,0.265625,0.1540707985198837,0.27153458715806972
18.716981889072937,0.1570949554443358,0.10303504335420215,0.10559019721478335,6.2252737005022319e-19,3.9141484741392386e-17,0.32865553913120465,5.2781267530306666e-19,-7.4966055426700813e-18,0.15436913254849838,0.203125,0.14307671014019829,0.27146589380528646
18.752032416955096,0.15709495544433605,0.10303481277954764,0.10559080311603633,-1.0546580812328834e-17,3.1126494874071831e-17,0.32866751494563756,5.4004967509244644e-19,-7.6297882387360192e-18,0.16948495732012919,0.171875,0.13096598721589167,0.27139720216080265
18.787082944837255,0.15709495544433605,0.10303461317008415,0.1055711006217824,-1.1979834399236591e-17,3.900668840995404e-17,0.32872285943149204,5.6297943186514608e-19,-7.8992704474159948e-18,0.18296466165906883,0.109375,0.11786237430047546,0.27132851222591564
18.822133472719415,0.15709495544433574,0.10303444473400697,0.10554512976113098,-5.2506119764962744e-18,1.8671313849174235e-17,0.32882062957994362,7.5510422018469681e-19,-7.7907972906082409e-18,0.19476898405922838,0.078125,0.1038968175278808,0.27125982400192422
18.857184000601574,0.15709495544433569,0.10303430619931207,0.10552364739880399,2.8888538781367754e-19,5.6303753660115044e-17,0.32895953978227355,8.3680060352357148e-19,-7.9494968542102146e-18,0.20497551258339647,0.109375,0.089205349641148415,0.27119113749012835
18.892234528483733,0.15709495544433566,0.10303419415474377,0.10550124690559755,-1.4642725395836577e-17,7.8903032607400953e-18,0.32913800350404515,8.4634436463078969e-19,-8.2597425234768034e-18,0.21346906745893948,0.09375,0.073953396783831837,0.27112245269182944
18.927285056365893,0.15709495544433585,0.10303410384054747,0.10552501469353649,-1.2315961688834045e-17,6.6453917417417933e-17,0.32935401897545319,9.3073875909621946e-19,-9.022436135475197e-18,0.22042428014191437,0.09375,0.05834444505954494,0.27105376960833005
18.962335584248052,0.1570949554443358,0.10303403121752847,0.10554739830858044,6.8670306097091979e-19,5.9182329317979603e-18,0.32960521910346569,1.0551196427526565e-18,-8.9021971616344889e-18,0.22562665035387547,0.09375,0.04263595524966645,0.27098508824093404
18.997386112130211,0.15709495544433605,0.10303397211137269,0.10555850535281294,-4.0213536814862447e-18,4.9894188100224405e-17,0.32988883876575753,1.0078772964805703e-18,-8.9055588236439044e-18,0.22904434216942543,0.125,0.027458220022121827,0.27091640859094651
19.032436640012371,0.15709495544433588,0.10303392950911798,0.10556735128887204,-6.2898495680318829e-18,3.77227533530044e-18,0.33020205706741701,1.0590360456850625e-18,-9.2056202452087403e-18,0.2306765143422809,0.125,0.015541430141863842,0.2708477306596741
19.067487167894527,0.15709495544433613,0.10303388988690307,0.10556971102840439,-8.419547357049643e-18,-1.3826733697282189e-17,0.33054223780006026,1.0308207146580741e-18,-9.0739661789148004e-18,0.23050588251395071,0.125,0.017138137523226363,0.27077905444842437
19.102537695776686,0.15709495544433538,0.1030338472241256,0.10556735128887204,-1.1864857340905142e-17,1.4582941116651043e-17,0.33090614495205128,1.1101811528717961e-18,-9.1633480071848304e-18,0.22854649383242007,0.125,0.030119254341957599,0.27071037995850644
19.137588223658845,0.15709495544433599,0.10303378694585014,0.10555850535281293,-1.3611017443127368e-17,7.5250052025423242e-18,0.33129052079221988,1.2838921285052664e-18,-8.9022567186385927e-18,0.22480358321825247,0.125,0.0454040629656716,0.27064170719123076
19.172638751541005,0.15709495544433583,0.10303369404494032,0.10554739830858044,-2.2947811711761007e-18,-5.6095493328042836e-18,0.33169207552807717,1.3595563004582724e-18,-9.4405858612881032e-18,0.21931214169840624,0.09375,0.060988764195419938,0.27057303614790895
19.207689279423164,0.15709495544433538,0.10303356076922932,0.10552501469353648,-7.1115701106723771e-18,-6.3347535959422817e-18,0.33210735737194286,1.4726275474960554e-18,-9.4814552009931231e-18,0.21205909982756069,0.09375,0.076340402082500522,0.27050436682985385
19.242739807305323,0.15709495544433572,0.1030334062807579,0.10550124690559755,1.6948953724221534e-18,1.0580838036248289e-17,0.33253209263684358,1.5949588746962164e-18,-9.6956685098647556e-18,0.20312201788914522,0.09375,0.091207776416496661,0.27043569923837979
19.277790335187483,0.15709495544433563,0.10303322775282132,0.10552364739880399,-2.6963057434478992e-18,-2.9945005029015335e-18,0.3329625151634823,1.6381275955583748e-18,-8.4457059600685249e-18,0.19273568384728576,0.109375,0.10552856318712782,0.27036703337480233
19.312840863069642,0.15709495544433558,0.10303302941237184,0.10554512976113102,-1.2073096611050492e-17,1.5211766002810631e-18,0.33339459366506952,1.6675441511623293e-18,-8.3897223762109359e-18,0.18074235884109047,0.078125,0.11910223565158819,0.27029836924043826
19.347891390951801,0.15709495544433549,0.10303282877356076,0.10557110062178236,-1.1862393095471026e-17,1.7342222021192759e-17,0.33382382516470654,1.8553358895523402e-18,-9.6019191679604457e-18,0.16729473147381954,0.109375,0.13181759657395356,0.27022970683660574
19.382941918833961,0.15709495544433569,0.10303262942111999,0.10559080311603634,-8.5105454117339031e-18,-2.7067777334465102e-17,0.33424660398375577,1.9266914424844451e-18,-8.2196209550455313e-18,0.15234831881154942,0.171875,0.14353403645812909,0.27016104616462422
19.41799244671612,0.15709495544433552,0.10303243173354228,0.10559019721478331,-2.3149795589650608e-18,4.1200498704112282e-18,0.33465921832601664,2.0175637500518933e-18,-8.9550506940541772e-18,0.13591291460278071,0.203125,0.15410902557149642,0.27009238722581452
19.453042974598279,0.15709495544433622,0.10303223673000651,0.10558454836683816,-2.8047325425485604e-18,4.7802149036302154e-17,0.33505817875477506,1.9339682117253852e-18,-8.064249966228471e-18,0.11816679614924865,0.265625,0.16343857998190453,0.27002373002149871
19.488093502480435,0.15709495544433522,0.10303204006630272,0.1055572507188747,-3.427775929805091e-18,-2.7334674070712989e-17,0.3354403029039274,1.9560012530152891e-18,-7.842929521533783e-18,0.099160581900293684,0.328125,0.17139179982201624,0.26995507455300005
19.523144030362594,0.15709495544433583,0.10303184496696484,0.1055522840818196,-7.8197668679296465e-18,-1.1496105126714246e-17,0.33580230909041181,1.9679866865008762e-18,-7.4132191194798357e-18,0.07925202933816633,0.390625,0.17791946089117511,0.26988642082164349
19.558194558244754,0.15709495544433622,0.10303165014917225,0.10552446011517506,3.3266576192995673e-18,-1.518413275486572e-17,0.33614136525499594,2.013267700298894e-18,-8.13708156480254e-18,0.05830835330876577,0.453125,0.18288987001797061,0.26981776882875491
19.593245086126913,0.15709495544433591,0.10303144987355292,0.10554895827027984,-7.4781002915871621e-18,-1.3991185221636917e-17,0.33645510552249219,2.0370144756410744e-18,-7.4952423490205939e-18,0.036930193330884604,0.546875,0.18629777397062344,0.26974911857566164
19.628295614009073,0.15709495544433588,0.10303123991115301,0.10560360938969782,-4.7132801003004015e-18,-1.105417535409382e-16,0.33674113446780973,2.1223462272992402e-18,-6.616472136023859e-18,0.015306179208264437,0.625,0.18805001814087779,0.26968047006369233
19.663346141891232,0.15709495544433594,0.10303102214103614,0.10561277356285935,3.1317610797739199e-18,-9.7114016984713292e-18,0.33699711895393863,2.1368620741332866e-18,-7.1115562762490972e-18,0.00895795981130015,0.65625,0.18800374200129277,0.2696118232941771
19.698396669773391,0.15709495544433583,0.10303080370089934,0.10556432779705539,-2.3942987752457729e-18,-3.1618501483821622e-17,0.33722099283155388,2.4131811858387801e-18,-6.9248913904979307e-18,0.030695225138403018,0.75,0.18611930264612092,0.26954317826844704
19.733447197655551,0.15709495544433572,0.10303058069248903,0.10551741927178072,-3.8955718547129018e-18,-3.6011513925395399e-17,0.33741140658077812,2.4723822243982133e-18,-6.836012488040333e-18,0.053568703307252823,0.8125,0.18246327017571118,0.26947453498783486
19.76849772553771,0.15709495544433605,0.10303035485071881,0.10550035937103143,-8.9245070517735392e-18,-5.4399081496891929e-17,0.33756703596487381,2.4937035930932889e-18,-6.3164636540182265e-18,0.07603030675616837,0.9375,0.1770549197667832,0.26940589345367455
19.803548253419869,0.15709495544433619,0.10303013123956231,0.10560524641559056,-3.3875160567512754e-18,-7.7985743571963154e-17,0.3376868275448861,2.4182390366241981e-18,-6.0020820816888726e-18,0.097049624043105104,0.96875,0.16998865867408583,0.26933725366730132
19.838598781302029,0.15709495544433633,0.10302991568844989,0.10560357121611336,-9.7585804144747044e-18,-4.7884374798479475e-17,0.33777003161757235,2.4837946543638484e-18,-5.656241176302902e-18,0.1179984251184521,1,0.16098644664695935,0.26926861563005172
19.873649309184188,0.15709495544433597,0.10302971462622643,0.10558339508716438,-6.9672853812164159e-19,-3.9938131060192614e-17,0.33781616031218525,2.5052158921931927e-18,-5.1186399525924382e-18,0.13803908150368535,1.03125,0.15020511756178387,0.26919997934326384
19.908699837066347,0.15709495544433605,0.10302953097273918,0.10555022161810383,-4.7718743806224767e-18,-2.3034671097831519e-17,0.33782512747641147,2.4523783863978727e-18,-4.5353915939588482e-18,0.15690953865660051,1.125,0.13772682072081374,0.26913134480827666
19.943750364948503,0.15709495544433616,0.10302936627036985,0.10555824795065333,-4.4072292421551226e-18,-4.350214606342085e-17,0.33779721101132193,2.4552090049163777e-18,-4.1296958994485405e-18,0.17384156342042226,1.140625,0.12368941078191678,0.26906271202643101
19.978800892830662,0.15709495544433527,0.10302922245606717,0.10553285249286364,3.1665132589728665e-18,-4.6952932148241233e-17,0.33773300331455369,2.3566426154889564e-18,-3.7439187140885096e-18,0.18922175358868643,1.171875,0.10812622912001102,0.26899408099906874
20.013851420712822,0.15709495544433544,0.10302910113237061,0.10551481140237472,1.3499326045374725e-18,1.260413097113699e-17,0.33763340984279755,2.5123604514766178e-18,-3.458726691214927e-18,0.20247859360482912,1.265625,0.091236320028676626,0.26892545172753302
20.048901948594981,0.15709495544433619,0.10302900307807485,0.1055561688087764,-8.6095891224508362e-19,-1.9776643766968128e-17,0.33749961985377713,2.4131628101507192e-18,-2.8297650232092064e-18,0.21291951957065927,1.296875,0.073235207688997425,0.26885682421316859
20.08395247647714,0.15709495544433597,0.10302892750086605,0.1055781340952797,3.1904712006933294e-18,-4.0138977594035662e-17,0.33733311877199362,2.4303554813016469e-18,-2.0857921628341129e-18,0.22113329586508851,1.296875,0.05427874330886176,0.26878819845732127
20.1190030043593,0.15709495544433597,0.10302887312850144,0.10558090416116409,1.67366600331696e-17,-3.8652174058271367e-17,0.33713564133152935,2.3283105227486273e-18,-2.0344672601864226e-18,0.22700339914346357,1.296875,0.034653555360901311,0.26871957446133837
20.154053532241459,0.15709495544433572,0.10302883617580062,0.10557720157503349,-2.2711496893208278e-18,-5.70532212629119e-17,0.3369092250895524,2.2509620785903184e-18,-1.3772888071252932e-18,0.23030795165497922,1.296875,0.014930568668483201,0.2686509522265686
20.189104060123618,0.15709495544433591,0.10302881198825074,0.10557505377127853,1.4345194087076716e-17,-4.3736691680123538e-17,0.33665608814606029,2.2083980526053304e-18,-9.6830424249947462e-19,0.23088242621922339,1.296875,0.0082318396248693779,0.26858233175436175
20.224154588005778,0.15709495544433613,0.10302879290737181,0.10557720157503349,1.6236386617155849e-17,-2.0993854639855858e-17,0.33637857155480205,2.0538868178686167e-18,-5.4795090753472723e-19,0.22868549677216737,1.296875,0.027347341701609715,0.26851371304606925
20.259205115887937,0.15709495544433599,0.10302877175897589,0.1055809041611641,1.1870006982004573e-17,-5.0308012837739961e-17,0.33607927448239155,1.9633657034011598e-18,1.979939514206927e-20,0.22377265435744573,1.296875,0.047243465351949808,0.26844509610304368
20.294255643770096,0.15709495544433591,0.10302873838686773,0.10557813409527977,1.4832546011006483e-18,-7.7342765071002669e-17,0.33576088502507101,1.8443131133540058e-18,4.4729957059927482e-19,0.21632026806357249,1.296875,0.066678369360399239,0.26837648092663913
20.329306171652256,0.15709495544433583,0.10302868919291253,0.10555616880877641,-1.1039608925527775e-19,-2.6085112078279971e-17,0.33542644864842736,1.7439741469597173e-18,1.42590717480871e-18,0.20653757745803575,1.265625,0.085303994857556353,0.26830786751821079
20.364356699534412,0.1570949554443361,0.10302862240969768,0.10551481140237481,1.4555939726509745e-17,-6.5265013774132151e-17,0.33507900109393496,1.5772230980808366e-18,1.9779344284020985e-18,0.19459715007122116,1.234375,0.10285995855712275,0.26823925587911551
20.399407227416571,0.15709495544433605,0.10302853271622398,0.10553285249286365,4.0277565072295627e-18,-8.508277042218899e-17,0.33472167497126348,1.4012834587702526e-18,2.1825325898334146e-18,0.1799226697737987,1.140625,0.11919801522580654,0.26817064601071128
20.43445775529873,0.15709495544433622,0.10302842598836238,0.1055582479506534,1.554239612951654e-17,-1.1922735515716392e-18,0.33435815485349957,1.3196788827858485e-18,1.4034806540411723e-18,0.16321022542571934,1.109375,0.13409589283409823,0.2681020379143576
20.46950828318089,0.15709495544433602,0.10302830696204131,0.10555022161810386,1.8630980259376652e-17,1.6411453352611335e-18,0.33399182777546316,1.113581866853412e-18,1.702992827679273e-18,0.14504113566477081,1.09375,0.1473586505386193,0.26803343159141507
20.504558811063049,0.1570949554443356,0.10302817186412495,0.1055833950871644,7.8491903796514209e-18,-4.4914811616894248e-17,0.33362550990934542,1.0193531737841276e-18,3.058377892184162e-18,0.12504847396557145,1,0.15896137739229038,0.26796482704324598
20.539609338945208,0.15709495544433599,0.10302802011326194,0.10560357121611336,3.8736674508541737e-18,-1.7328068406391684e-18,0.3332625188433111,8.668846098713253e-19,2.6584790794066259e-18,0.10399449010623939,0.96875,0.16874512327799518,0.26789622427121368
20.574659866827368,0.15709495544433594,0.10302785054135187,0.10560524641559058,1.4473777150112768e-17,-3.4689835895642952e-18,0.33290584749014801,7.0225718565646106e-19,3.8323807175173806e-18,0.082152235483707411,0.9375,0.17663631951752715,0.26782762327668308
20.609710394709527,0.15709495544433599,0.10302766540293437,0.10550035937103136,9.0875263651067194e-18,-5.3029550769478959e-17,0.33255878652639498,6.1288454038370015e-19,3.925871979070574e-18,0.060404222350171927,0.90625,0.18249193639908928,0.26775902406102048
20.644760922591686,0.15709495544433566,0.10302746915129693,0.10551741927178072,9.2407518824838544e-18,-3.9134744924820505e-17,0.33222469389722059,4.9665230987675101e-19,4.0921683694182347e-18,0.037395244414453618,0.78125,0.1865838239586379,0.26769042662559328
20.679811450473846,0.15709495544433572,0.10302727032774218,0.10556432779705532,1.6111415674563849e-17,-7.2088404071538369e-17,0.33190631502313767,2.8828668002855401e-19,4.7834001939369472e-18,0.014131427698750693,0.71875,0.18883232959024346,0.2676218309717705
20.714861978356005,0.15709495544433602,0.103027070311988,0.10561277356285936,1.9862744923674354e-17,-1.421359916851008e-17,0.33160621686785352,5.7019075044011789e-20,4.8814508750265329e-18,0.0096797647841744758,0.625,0.18920502192204197,0.26755323710092249
20.749912506238164,0.15709495544433572,0.10302687042104523,0.10560360938969779,3.5561167806830798e-18,-6.2765889789266479e-17,0.33132673747984698,8.4715718590489668e-20,5.4471497697841978e-18,0.031891774067458828,0.59375,0.18769761877682231,0.26748464501442087
20.784963034120324,0.15709495544433577,0.1030266724932168,0.10554895827027985,7.1538940525513025e-19,-3.099035057931922e-17,0.33107011051235818,-5.1067171263394637e-20,5.5582632871072209e-18,0.053535765018897008,0.515625,0.18439000122342258,0.26741605471363872
20.82001356200248,0.15709495544433594,0.10302647998351569,0.10552446011517497,9.6074189659227637e-18,-7.899536809443605e-17,0.33083842383833301,-5.8442058342150277e-20,5.7514926781996082e-18,0.07465000997521444,0.421875,0.17943622161284525,0.26734746619995048
20.855064089884639,0.15709495544433574,0.10302629369332982,0.10555228408181944,4.9438344818768436e-18,-5.2672340491167583e-17,0.3306332725670626,-1.6089375064965008e-19,6.7543995400834011e-18,0.095169142168433682,0.359375,0.17293784727868725,0.26727887947473189
20.890114617766798,0.15709495544433585,0.10302611389870853,0.10555725071887459,1.5152266059636673e-18,-4.6963715854756126e-17,0.33045601162286842,-2.443975559386958e-19,6.6152611436070814e-18,0.11453470798025728,0.296875,0.16493845031707666,0.26721029453936024
20.925165145648958,0.15709495544433574,0.10302593876514506,0.10558454836683817,2.0913440203382257e-18,-4.4097945848378191e-17,0.33030764067845114,-3.6299896096696753e-19,6.8573537478442011e-18,0.13279992621849351,0.234375,0.15557943194727072,0.26714171139521398
20.960215673531117,0.15709495544433572,0.10302576910242667,0.10559019721478335,1.0608850398875308e-17,-5.3401588644248721e-17,0.33018903290835527,-3.1544363023060652e-19,7.0241265942246923e-18,0.14968258974392556,0.171875,0.144952394570735,0.26707313004367306
20.995266201413276,0.15709495544433574,0.10302560976782328,0.10559080311603633,7.2203654934918093e-18,-1.9946487144580423e-17,0.33010111611903886,-2.0738796052529614e-19,7.4597199047951167e-18,0.16515657740213005,0.203125,0.13318608029343362,0.26700455048611882
21.030316729295436,0.15709495544433585,0.10302546342995461,0.10557110062178238,1.1001697457310754e-18,-2.6765833552043312e-17,0.3300443999144595,-3.1908438168622771e-19,7.8080224996840452e-18,0.17902658072390204,0.140625,0.12040019360940296,0.26693597272393399
21.065367257177595,0.1570949554443356,0.10302533129857537,0.10554512976113098,6.0113687720511087e-18,-2.4850377682305305e-17,0.33001899824702402,-4.3534450692063064e-19,7.9469689902582526e-18,0.19124853765272995,0.109375,0.1067197224730031,0.26686739675850263
21.100417785059754,0.15709495544433583,0.10302521414419318,0.10552364739880399,1.712924381752023e-18,-1.1758957973018904e-17,0.33002478583551342,-4.5028778641151678e-19,8.1502238103747825e-18,0.20189653421396772,0.140625,0.092274749692660016,0.26679882259121018
21.135468312941914,0.1570949554443358,0.10302511222733446,0.10550124690559755,1.063816860096313e-18,9.1129059868853466e-18,0.3300613804187662,-3.3015977755751295e-19,8.2267214734236865e-18,0.21085111862579015,0.125,0.077215839465220398,0.2667302502234436
21.170518840824073,0.15709495544433538,0.10302502483532466,0.10552501469353649,2.5897745177580825e-18,-5.2719519207171109e-17,0.33012816639695619,-2.0782442108304004e-19,8.2970582952702956e-18,0.21828185684203219,0.125,0.061721611516765744,0.26666167965659104
21.205569368706232,0.15709495544433585,0.103024950674139,0.10554739830858044,5.5315570179111617e-18,-1.1653142852839848e-18,0.33022433988869365,-1.9170107797546751e-19,8.5666860877380805e-18,0.22396645670499155,0.125,0.045988121222746405,0.26659311089204207
21.240619896588388,0.15709495544433577,0.10302488902164438,0.10555850535281291,2.6518229540732622e-18,-1.4975198441136421e-17,0.33034872825506933,-2.0133986145555276e-19,8.9753993371229817e-18,0.22785071869736079,0.15625,0.030418190769117903,0.26652454393118791
21.275670424470547,0.15709495544433605,0.10302483999459243,0.1055673512888721,2.8507949764322404e-18,-6.755318150029708e-18,0.33049987929825386,-3.557841527237865e-19,8.6940189625120433e-18,0.22996480432694275,0.15625,0.016524787971025974,0.26645597877542088
21.310720952352707,0.15709495544433605,0.10302480278773321,0.10556971102840439,5.2481687929889455e-18,-4.4826520019802038e-18,0.33067619490037831,-5.0354538363574012e-19,8.8091095642202214e-18,0.23027085750693105,0.15625,0.013230427611812623,0.26638741542613487
21.345771480234866,0.15709495544433583,0.10302477455028164,0.10556735128887204,1.1432613948414134e-17,1.2448441208325739e-18,0.33087589895086378,-5.1548779726712592e-19,9.1413119156664177e-18,0.22877950088575702,0.15625,0.025140193853082707,0.26631885388472498
21.380822008117025,0.15709495544433558,0.10302475205897842,0.10555850535281294,-2.3372420155791646e-19,2.9754268220030171e-17,0.33109715306640675,-3.8088374964605478e-19,8.8392321734069525e-18,0.2254932226204065,0.15625,0.040360187894926493,0.26625029415258794
21.415872535999185,0.15709495544433633,0.10302473125274568,0.10554739830858045,1.2950978781469058e-18,-2.5768340699399916e-17,0.33133782167568021,-3.6277010335592883e-19,8.8723193979090736e-18,0.22044454258553739,0.125,0.055990303511003495,0.26618173623112179
21.450923063881344,0.15709495544433619,0.10302470157802188,0.10552501469353648,3.1256952448591921e-18,-2.0671017426061152e-18,0.33159585358595284,-3.4556947705395389e-19,9.3022283233100335e-18,0.21361946331889967,0.125,0.071436260001847482,0.26611318012172602
21.485973591763504,0.15709495544433585,0.10302465555050583,0.10550124690559753,-1.4710386835640542e-18,3.6769069308078537e-17,0.33186907659525766,-2.2517323873045841e-19,9.2633243647404395e-18,0.2050930393600697,0.125,0.086444636319210053,0.2660446258258013
21.521024119645663,0.15709495544433591,0.10302459406220452,0.10552364739880399,-1.6652612414325155e-19,3.0401290610933883e-17,0.33215486131099942,-2.4331219157744966e-19,9.6559836927969116e-18,0.19510742905450185,0.140625,0.1009523714684246,0.26597607334475004
21.556074647527822,0.15709495544433588,0.10302452252728088,0.10554512976113102,4.3495406246849012e-18,-5.0701618125539792e-17,0.33245050036129464,-2.8822698731513094e-19,9.5105851934447906e-18,0.18351713245436685,0.109375,0.11474960501919974,0.26590752267997575
21.591125175409982,0.15709495544433555,0.10302444163646478,0.1055711006217824,3.9774185022080906e-18,-1.127638710646986e-17,0.33275346242962711,-2.401147281508002e-19,9.2614780976132212e-18,0.1704345171523598,0.140625,0.1277129917745031,0.26583897383288363
21.626175703292141,0.15709495544433574,0.10302435067608845,0.10559080311603634,6.2449560710849027e-18,-9.4337212557084704e-18,0.33306079481047973,-2.9723485170768843e-19,8.9610659514686628e-18,0.15581527646145416,0.203125,0.13970924964669593,0.26577042680488006
21.6612262311743,0.15709495544433613,0.10302425298401956,0.10559019721478331,2.0315913340428427e-18,1.373776811853292e-17,0.33336947133148487,-1.5602714014444518e-19,8.7584331711727727e-18,0.13970281171786153,0.171875,0.15060092396983177,0.2657018815973729
21.696276759056456,0.15709495544433577,0.10302415036842855,0.1055845483668382,5.9190227540524824e-18,2.7791633634288686e-17,0.3336766007719133,-4.4692762366696152e-21,9.2998460431458808e-18,0.1222463748276046,0.234375,0.16029255784232802,0.26563333821177154
21.731327286938615,0.15709495544433619,0.10302404390670816,0.1055572507188747,2.3794922407143432e-18,-1.9954574924466665e-17,0.33397969310559777,9.7659301875225931e-20,8.6202013646478112e-18,0.10347125888993347,0.296875,0.16865392574327082,0.26556479664948668
21.766377814820775,0.15709495544433605,0.10302393518480567,0.10555228408181948,4.5829067734874297e-18,3.0298845399040758e-17,0.33427604106073999,1.1476694790647108e-19,8.1101485640578134e-18,0.083744847532304503,0.359375,0.17563235726804227,0.26549625691193052
21.801428342702934,0.15709495544433583,0.10302382460108059,0.10552446011517506,5.8304046970952011e-18,6.0215543198454053e-17,0.33456300377892212,1.6885422020978218e-19,8.0062745314558544e-18,0.062965425467265343,0.421875,0.1810852561820947,0.26542771900051654
21.836478870585093,0.15709495544433572,0.10302371157510251,0.10554895827027984,-1.1534774824295613e-18,5.8953175554534546e-18,0.33483823365638182,2.370589032481791e-19,8.2975810734174291e-18,0.041694672972322745,0.515625,0.18499794769694275,0.26535918291665983
21.871529398467253,0.15709495544433583,0.10302359794528307,0.10560360938969794,7.4443380229472318e-20,1.3972313735235564e-17,0.33509939702865593,2.0984484204094349e-19,8.0603059690678182e-18,0.019995127214605297,0.59375,0.18726064993537875,0.26529064866177665
21.906579926349412,0.1570949554443358,0.10302348502729584,0.10561277356285935,3.094523593214096e-19,-2.0871189978247061e-17,0.33534429089564377,2.075304423858084e-19,7.2627781271135915e-18,0.0041406669839300879,0.625,0.18772263669875641,0.26522211623728492
21.941630454231571,0.15709495544433622,0.10302336866809501,0.10556432779705538,2.2995622285567965e-18,1.2217265499909048e-17,0.33557116264805231,2.6684709882289145e-19,6.9755413137657777e-18,0.025713912061982713,0.71875,0.1863157575132208,0.2651535856446039
21.976680982113731,0.15709495544433602,0.10302325096052303,0.10551741927178067,-2.2801220701321842e-18,-3.5985902622422053e-17,0.33577822905455401,3.6213023391567932e-19,7.1644362784483871e-18,0.048728118595876981,0.78125,0.18308587634142945,0.26508505688515432
22.01173150999589,0.15709495544433591,0.10302313130458839,0.10550035937103143,1.3992491061097725e-19,1.7762786575280165e-17,0.33596398183956033,2.7175562735187233e-19,6.8865234449652711e-18,0.071317096012284753,0.90625,0.17806684983792265,0.26501652996035824
22.046782037878049,0.15709495544433591,0.10302301128761482,0.10560524641559056,-9.895209133543506e-18,-1.2476074456270581e-17,0.33612696103869483,2.5255823228763414e-19,7.0279845646016397e-18,0.092504867864744419,0.9375,0.17135243428826241,0.26494800487163922
22.081832565760209,0.15709495544433585,0.10302289530644759,0.10560357121611336,7.5134211428093524e-19,4.3581675898969523e-17,0.33626592336725375,4.1973594803505313e-19,6.5499535798847948e-18,0.11366577438717713,0.96875,0.16267001405005721,0.26487948162042235
22.116883093642365,0.15709495544433527,0.10302278013615888,0.10558339508716433,-9.6459622919434382e-18,-1.0487828567555901e-17,0.3363800980905009,5.256655244592064e-19,6.2535185181253913e-18,0.13397946344610592,1,0.15217016813637224,0.26481096020813411
22.151933621524524,0.15709495544433583,0.10302266628388561,0.10555022161810379,3.4884026860621254e-18,5.4955790345732125e-17,0.33646875988084102,3.4631250173270245e-19,5.7001413057723163e-18,0.15311925904234577,1.09375,0.13993498574047494,0.26474244063620211
22.186984149406683,0.15709495544433599,0.1030225561548707,0.10555824795065333,-5.5652350388439409e-18,2.2511661331850976e-17,0.33653136381450094,2.9496650597939209e-19,5.4226586062077278e-18,0.17034644772382204,1.109375,0.12611335738511856,0.2646739229060559
22.222034677288843,0.15709495544433622,0.10302245260262877,0.10553285249286364,-4.7942210849437247e-19,1.3324617362674566e-18,0.3365676055907123,2.8951672667998877e-19,5.0380262388154704e-18,0.1860428424482882,1.140625,0.11073352877331617,0.26460540701912605
22.257085205171002,0.15709495544433535,0.10302235790148515,0.10551481140237472,-5.4398955125331445e-18,3.7940449428277366e-17,0.33657737748972893,2.8236828029391952e-19,4.7152008067931751e-18,0.19963441135590676,1.234375,0.09399352807441573,0.26453689297684496
22.292135733053161,0.15709495544433605,0.10302227278402618,0.10555616880877641,-1.1330453072532648e-17,6.4705608998663277e-17,0.33656082923835273,5.4232816670794363e-19,4.381410268570877e-18,0.21043848397460432,1.265625,0.076110822043994095,0.26446838078064616
22.327186260935321,0.15709495544433597,0.10302219738578712,0.10557813409527976,-8.356361576687955e-18,7.3483546101924512e-17,0.33651836468915847,6.0229184640510508e-19,4.0369457917241946e-18,0.2190437116409284,1.265625,0.057238383928493911,0.26439987043196472
22.36223678881748,0.15709495544433585,0.10302213208287232,0.10558090416116409,-8.6081042566123549e-18,5.0453592875693354e-17,0.33645061272923399,7.4297851819297088e-19,3.6727414767395467e-18,0.225311034005901,1.265625,0.037650139897404886,0.26433136193223722
22.397287316699639,0.15709495544433588,0.10302207696800192,0.10557720157503349,-8.6340420194508293e-18,5.2288170946568422e-17,0.33635844058322528,7.6746942004432524e-19,3.2088718241096096e-18,0.22899342898450367,1.265625,0.017787634328758749,0.26426285528290155
22.432337844581799,0.15709495544433563,0.10302203211666466,0.10557505377127853,2.0609621909476445e-18,1.1041504498938639e-16,0.33624289228499354,8.2521774850235629e-19,2.8995128924596777e-18,0.22994943726165459,1.265625,0.0056816725872500711,0.26419435048539736
