t,volume,energy,exact_energy,cx,cy,r2,px,py,relative_l1,shore_area,velocity_l2,max_speed
0,0.15709495544433594,0.10557505377127853,0.10557505377127853,0,0,0.26671172412824934,0,0,0,0,0,0
0.035050527882159059,0.15709495544433605,0.10557213694230837,0.10557720157503349,4.5925268085474973e-18,-2.2289668623513542e-17,0.26710521552527577,-6.4922018090144782e-21,-9.6456704049196004e-20,0.00053774876733001886,0.125,0.0017433730979187051,0.070975323437020649
0.070101055764318118,0.15709495544433627,0.10557059597815398,0.10558090416116409,-2.5457550907727525e-19,-4.8663581841899936e-18,0.26819480682439073,2.9662094475268057e-19,8.1021886050232157e-19,0.0006407611330507655,0.125,0.0031698741380849224,0.082497889565568153
0.10515158364647717,0.15709495544433594,0.10556973711541402,0.10557813409527977,8.6403691538947535e-19,-1.6992336027921512e-17,0.26997543398348905,1.1568194537327398e-19,9.5031492533282451e-19,0.00098335770915542646,0.125,0.0042403865741275507,0.11002880611594765
0.14020211152863624,0.15709495544433605,0.10556948308411858,0.1055561688087764,4.6195469569672741e-18,-1.0693508813596566e-18,0.2724287408581384,3.1438849350463551e-19,-1.5528786233537754e-18,0.0018794138833235778,0.125,0.0048676130928679995,0.14469709625838081
0.1752526394107953,0.15709495544433566,0.10556966427644288,0.10551481140237472,5.8605232524009493e-18,-2.9517869153770262e-18,0.27552750935388537,2.4982757014510308e-19,8.4524127404751048e-19,0.0027853849792967866,0.125,0.0052812719909295057,0.18055793490516001
0.21030316729295434,0.15709495544433594,0.10557005620495651,0.10553285249286364,1.758923629855337e-18,9.9857122329482413e-18,0.27923692618423696,1.3367238698856927e-19,9.3885661269258684e-19,0.0039311341154756735,0.03125,0.005550372770089902,0.21901618178206159
0.24535369517511341,0.15709495544433572,0.1055705087811868,0.10555824795065341,8.7858300603247241e-18,2.9660458398119812e-17,0.28351945236571419,7.3594652009633835e-19,2.0017952803518031e-18,0.0054998367835267167,0.078125,0.0056713046558696436,0.25533804056180381
0.28040422305727247,0.15709495544433594,0.10557161372444977,0.10555022161810389,-6.8356904626497902e-18,-1.6696547593603318e-17,0.28833445201912822,4.0943455087904743e-19,2.8766165331042099e-18,0.0071768598534655316,0.09375,0.005871560729767294,0.28695753282901143
0.31545475093943154,0.15709495544433569,0.10557236811458913,0.10558339508716438,3.3877687998727329e-18,1.0624646843965735e-17,0.29362910501846268,6.4269948361900123e-19,1.764687266485928e-18,0.0093538197174335234,0.03125,0.0068603692550129377,0.31725690441863824
0.3505052788215906,0.15709495544433599,0.10557204103283183,0.10560357121611338,7.4496035046440321e-19,1.8153358945622589e-17,0.29936431082625342,2.4576528615685516e-19,-1.5443693646936542e-18,0.011113730951330157,0.03125,0.0086543127313584885,0.34371304331453734
0.38555580670374967,0.15709495544433574,0.10556926893814066,0.10560524641559058,5.9775433176308088e-18,1.9046721632229863e-18,0.30547339269973084,3.1996669582531195e-19,2.8177609781598369e-18,0.012824177206121282,0,0.010915601909297405,0.36304607372888836
0.42060633458590868,0.15709495544433627,0.10556431318459246,0.10550035937103137,8.0796921064108568e-18,-4.0735451360650003e-17,0.31188110271222341,-1.207021949837378e-20,4.5148973671022344e-18,0.013298944766719063,0,0.013097496588475636,0.39211413997587741
0.45565686246806775,0.15709495544433591,0.1055598114100882,0.10551741927178074,2.9350242543952328e-18,-1.2502612484022494e-17,0.31852429731394682,6.8561071866610837e-20,1.5486144555972763e-19,0.014309261868835601,0.03125,0.015919312510710933,0.40438383487586393
0.49070739035022681,0.15709495544433619,0.10555596291767871,0.10556432779705532,8.7800093994014824e-18,-4.3729101488257509e-18,0.32535913899859026,4.6094499401554245e-19,9.9907065669671335e-19,0.015463943928340548,0.03125,0.017340128050383746,0.4286924488224379
0.52575791823238593,0.15709495544433583,0.10555008677534126,0.10561277356285929,7.3443781184150284e-18,-1.211953815961632e-17,0.33231689292823435,5.6006744914740398e-19,-1.5395882607530977e-18,0.016937154551916998,0.09375,0.021440621402548269,0.45990077719936623
0.56080844611454495,0.15709495544433613,0.1055431622496758,0.10560360938969791,5.2263486368373702e-18,-9.2726396396396949e-18,0.33931152308943785,4.5968081000796854e-19,-1.4972233785005818e-18,0.018036159057018941,0.03125,0.022177867162213313,0.46885597351307035
0.59585897399670396,0.15709495544433569,0.10553528797416116,0.10554895827027984,5.5643925617724627e-18,-2.9412559519834093e-18,0.34626492123351721,-1.5865985893257113e-19,-3.9005867221060531e-19,0.019250791915371556,0.109375,0.025534012268348776,0.47075268890044747
0.63090950187886308,0.15709495544433597,0.10552670103036878,0.10552446011517497,-2.1548878534553023e-18,-3.9764917774294419e-18,0.35309200674199431,2.1169206236457084e-19,-1.5881867761018131e-18,0.020266685940021168,0.125,0.027480563302246661,0.46613796626922288
0.66596002976102209,0.15709495544433602,0.10551817851466003,0.10555228408181948,2.3818511765145159e-18,-1.4487909702986991e-17,0.35976368424234884,4.062581773268438e-19,2.2289672006996913e-18,0.021307495719664716,0.15625,0.030762623653649655,0.45888669424506989
0.70101055764318121,0.15709495544433574,0.10550854393922346,0.10555725071887462,-2.6743592157356013e-18,-2.6344595016298685e-17,0.36621666694281885,1.0107617689805964e-18,6.2865726554030103e-19,0.022452672233092549,0.15625,0.033031710211943094,0.46208786147689274
0.73606108552534022,0.1570949554443358,0.10549735564102396,0.10558454836683819,3.0537378301758333e-18,2.4653485525216527e-18,0.37237219470509508,3.4862819385754465e-20,-7.7489266487717255e-19,0.023630766537348406,0.1875,0.034893935377989835,0.4654895314916232
0.77111161340749934,0.15709495544433569,0.10548472432751994,0.10559019721478337,1.6911884733076008e-18,3.5168362872248925e-18,0.37820701708028359,3.5714350127589523e-19,4.9517546096486398e-18,0.023545088851851716,0.1875,0.037365349657634071,0.46669538701420882
0.80616214128965835,0.15709495544433599,0.10547070566775765,0.10559080311603632,1.1945819387475215e-17,-7.6483438458083551e-18,0.38366760655093352,-2.2680630651713976e-19,-7.6630011946912484e-19,0.024122539092929898,0.15625,0.039166833285990535,0.46744405111242493
0.84121266917181736,0.15709495544433583,0.1054553025999348,0.10557110062178238,1.4201762365655674e-17,-3.7222237724832632e-17,0.38868796069310352,-2.8593979414733061e-19,3.4787841667081128e-18,0.024779737223339787,0.15625,0.040671093199112898,0.45871183087158035
0.87626319705397648,0.15709495544433574,0.10543854231465341,0.10554512976113098,5.4265633128768132e-18,5.8717281974517539e-18,0.39323214846801469,-4.1861956440083625e-19,4.0000072142900266e-18,0.024858887193854633,0.15625,0.042448257832002408,0.4480839631581684
0.91131372493613549,0.1570949554443361,0.10542082949272033,0.10552364739880399,5.5603486718292993e-18,-2.8646916357264549e-17,0.39722662246189139,-2.8296194394213971e-19,2.7841972976248852e-18,0.024738561975921104,0.15625,0.043728530065030462,0.43590924687598048
0.94636425281829462,0.15709495544433633,0.10540270406204241,0.10550124690559755,3.2317420462329034e-19,-3.7814414858382333e-17,0.40067258058799404,-7.4913446739742441e-19,2.6311755017474755e-18,0.024537163524044316,0.171875,0.045819189513065697,0.42169027391926661
0.98141478070045363,0.15709495544433602,0.1053847148267219,0.10552501469353648,9.0475297661377641e-18,5.6371825807491254e-18,0.40352460214269337,-6.7646168750096561e-19,4.4998625322884706e-18,0.02415451600560763,0.234375,0.046912475158098051,0.40837660111140511
1.0164653085826127,0.15709495544433549,0.10536712744620538,0.10554739830858044,5.3945491841602285e-18,-2.5756883011227798e-17,0.40575501328235553,-6.3448061705267435e-19,3.6147131024077267e-18,0.0235796339520528,0.234375,0.047653171196658808,0.39376033480335731
1.0515158364647719,0.15709495544433622,0.10534987940524626,0.10555850535281294,1.3604993732066202e-17,-2.2591865149056727e-18,0.40736201159260566,-6.774145995666267e-19,1.8859188570616997e-18,0.022925820891144935,0.265625,0.048092761308520277,0.3771820906401645
1.0865663643469308,0.15709495544433613,0.10533301813683853,0.1055673512888721,-5.0106323826825379e-19,-8.6284816707789864e-18,0.40833488911041022,-4.7736593150435227e-19,2.4786963363519006e-18,0.022720774985036732,0.234375,0.049089327253460859,0.36121669407689622
1.1216168922290899,0.15709495544433597,0.10531639347292958,0.10556971102840439,-1.5956515734007124e-18,2.3962743839784131e-17,0.40866745744585564,-5.248030852730433e-19,1.3669523581908306e-18,0.022626907535446796,0.234375,0.049262450842503878,0.34682705472596947
1.156667420111249,0.15709495544433613,0.10529981016791501,0.1055673512888721,-6.2491579254789399e-18,6.6689137015777627e-17,0.40836060196952301,-4.5686839592528825e-19,1.8789308352468517e-18,0.022887363215444285,0.234375,0.049293214002203621,0.33168161630336451
1.1917179479934079,0.15709495544433597,0.10528327420556986,0.10555850535281294,-6.6184998736198508e-19,1.9718007362792499e-17,0.40742715645677691,-4.6597400010827197e-19,-1.2419620589116179e-19,0.023270151281797546,0.234375,0.049167565890455511,0.31588097749171262
1.226768475875567,0.15709495544433572,0.10526635322487894,0.10554739830858044,-9.3926083746197944e-18,-7.3383122835003106e-18,0.40587183523887249,-3.0133197098571735e-19,1.1097190400215402e-18,0.023568496478919822,0.203125,0.049099742293192125,0.29966302466047812
1.2618190037577262,0.15709495544433569,0.10524918188851673,0.10552501469353648,1.0375273630804905e-17,4.9739846300727684e-18,0.40372391542204394,-1.6887719385882613e-19,1.9096357795848201e-18,0.023806136847599108,0.203125,0.048973080131400365,0.28636299207908628
1.2968695316398853,0.15709495544433619,0.10523209611911016,0.10550124690559755,9.8387842316804935e-18,1.614860050630666e-17,0.40102114816050888,1.6093625997831706e-20,4.5178619824176244e-19,0.02417214724979282,0.140625,0.04851244421695862,0.28382347384251477
1.3319200595220442,0.15709495544433591,0.10521557422773063,0.10552364739880399,-5.8569006009935358e-18,2.1349042973195771e-17,0.39779720512858813,-1.4526615045411251e-19,6.5517998470120131e-19,0.025523105950565641,0.0625,0.047567593851388153,0.28094851621007638
1.3669705874042033,0.15709495544433577,0.10519902926634969,0.10554512976113098,1.1459036135568722e-17,-1.1765023807933631e-17,0.3940817893609459,-4.0731696851091168e-19,1.5712461171567271e-18,0.027329659877684861,0.03125,0.046065297183720287,0.2777768911018389
1.4020211152863624,0.1570949554443363,0.10518236913515448,0.10557110062178238,1.0814709671293677e-17,-4.5156771031825768e-18,0.38991335340757133,-1.2906664533787401e-19,2.0002683049410303e-18,0.029730277731024941,0,0.043964862006125163,0.2743700094645074
1.4370716431685213,0.15709495544433602,0.1051667662222118,0.10559080311603633,3.1919771284586153e-18,1.2077751296870436e-17,0.38534027234050006,-9.8467580118312414e-20,1.4437676585949549e-18,0.032571356883087627,0.0625,0.041614288163523819,0.27084388790716091
1.4721221710506804,0.15709495544433591,0.1051499760312727,0.10559019721478337,-2.4977760215514435e-18,5.0966492916816016e-17,0.38039865938282519,-2.591920818598159e-19,1.9541050093156709e-18,0.035422024891133712,0.09375,0.039196829654956494,0.26735522427142183
1.5071726989328396,0.15709495544433552,0.10513328232842466,0.10558454836683819,6.2168068059337758e-18,1.4396248197609003e-18,0.37514461631643675,-1.997409568744047e-19,2.0898420391131725e-18,0.038240930177244073,0.15625,0.037033997496517868,0.26408044191194024
1.5422232268149987,0.15709495544433574,0.10511615516693835,0.10555725071887462,5.9269946933414514e-18,2.4756694231955671e-17,0.36963264559833636,-4.3680430298720201e-19,-1.0419564042411962e-18,0.041100033311627447,0.21875,0.034873343029408629,0.26106100758476297
1.5772737546971576,0.15709495544433599,0.10509679392714515,0.10555228408181948,2.9655192916422949e-19,2.0030734851729321e-17,0.36391947652402479,9.0103129764176199e-20,-5.0461987832674943e-19,0.0437306186892302,0.28125,0.033465209605032367,0.25820702621138186
1.6123242825793167,0.1570949554443356,0.10507727609521295,0.10552446011517497,5.2570569260931723e-18,1.74480371413718e-17,0.35806644218941014,-1.0601676126071637e-18,5.584064704773975e-19,0.046188753350788696,0.34375,0.03239386039528,0.25547201185753021
1.6473748104614758,0.15709495544433591,0.10505671619630917,0.10554895827027984,-1.474132680609098e-17,-1.7146093358950007e-18,0.3521251542095758,-5.8228221167812809e-19,2.4881592825595072e-18,0.048179256930919546,0.4375,0.03224380451722119,0.25279192005359202
1.6824253383436347,0.15709495544433608,0.10503488429403474,0.10560360938969791,7.5553343771159346e-18,-2.3246975319846817e-17,0.34615035609468631,-5.1748419121317411e-19,-4.2542229775847235e-19,0.049539515953660754,0.515625,0.032584271282958759,0.2574019728965436
1.7174758662257938,0.15709495544433574,0.10501259338476038,0.10561277356285935,-3.8956139785664755e-18,1.1080258444227139e-17,0.34020639370853256,-7.3596575204558021e-19,-1.3387355731354217e-18,0.050595296358051031,0.546875,0.0330279779421771,0.26444497098071251
1.752526394107953,0.15709495544433566,0.1049896858665602,0.10556432779705532,4.1571188615567531e-18,1.0605775357564376e-17,0.33436692508914179,-1.0676850300140456e-18,4.9487899943332497e-19,0.051028696369367507,0.640625,0.033514064842603913,0.27060112927419877
1.7875769219901121,0.15709495544433588,0.10496677986261339,0.10551741927178074,-1.0379317520748039e-18,3.2410429931021542e-17,0.32867574748778489,-1.0652762800702912e-18,2.7729741110737657e-18,0.050951960969344234,0.703125,0.034269327891289642,0.27626005745768939
1.822627449872271,0.15709495544433555,0.10494357770389157,0.10550035937103136,3.1003156230805899e-20,-5.1486806756167917e-17,0.32319235983245082,-5.167430373843266e-19,-2.1560164881174147e-18,0.050232731203771835,0.828125,0.035147445247776951,0.28153006249487733
1.8576779777544301,0.1570949554443358,0.10491995457207003,0.10560524641559058,-6.8584373435800073e-18,-4.2514762935635505e-18,0.31797312133844918,-5.5181549535657497e-19,6.8715547846005115e-19,0.048946807541049936,0.859375,0.036162124469925602,0.2852760024593346
1.8927285056365892,0.15709495544433671,0.10489616417180635,0.10560357121611338,-1.5002831689081179e-18,3.3143721974045643e-17,0.3130676799704627,-4.708444395549842e-19,-9.8700514178807347e-19,0.049760766224634143,0.890625,0.03702489210227998,0.28773874182180492
1.9277790335187484,0.15709495544433602,0.10487235562211507,0.10558339508716438,-8.1956169514477956e-19,3.8268678495329428e-17,0.30850345046971261,-2.9413219093405579e-19,-1.6155035886507643e-18,0.051249837541298256,0.921875,0.037706348293792817,0.28886507618950857
1.9628295614009073,0.15709495544433599,0.10484818401901416,0.10555022161810389,-1.6755183997778968e-18,5.8199664061794426e-17,0.30432959234339807,-3.6623587056907811e-19,-1.230950630597312e-18,0.052480001911184876,1.015625,0.03809045773904296,0.28864972687586948
1.9978800892830664,0.15709495544433585,0.10482364567453001,0.1055582479506534,2.7835442442006113e-19,-2.0785594307783741e-17,0.30058612441292426,-4.2854573175147258e-19,3.2904053627277365e-18,0.053948138382739062,1.03125,0.038118780612975529,0.2893809396437878
2.0329306171652255,0.15709495544433602,0.1047988214302379,0.10553285249286364,3.0598767236490948e-18,3.5144099532589958e-17,0.29730822646374683,-3.042965863011074e-19,-7.2527196108649467e-19,0.055464863501880686,1.0625,0.037734651384318835,0.29347048362472927
2.0679811450473844,0.15709495544433577,0.10477383559098633,0.1055148114023747,-1.3205996591008912e-17,-3.5181842505392734e-18,0.29451056939992232,-2.0138208320970991e-19,-7.6317668547612461e-19,0.05669682860234334,1.15625,0.036946848914536271,0.29662534673469804
2.1030316729295437,0.15709495544433588,0.10474847117052681,0.1055561688087764,-6.1824337414169981e-18,5.8205055915051999e-18,0.29221664946197368,-4.0951396021785252e-19,9.7917008702597119e-19,0.057995856484202017,1.1875,0.035886493964216261,0.29880135234956734
2.1380822008117026,0.15709495544433613,0.10472242311599698,0.10557813409527977,-3.918529354910975e-18,4.004529414368601e-17,0.29044839171188575,-1.5532466670275732e-19,-2.1991092893089773e-19,0.059315090725579452,1.1875,0.034491562966295082,0.30005814386291785
2.1731327286938615,0.15709495544433624,0.10469567294053946,0.10558090416116409,-9.2200690703787577e-18,4.6316019482195044e-18,0.28921735102360474,-1.2176098616780567e-19,-6.0382861227390935e-19,0.06152007350817041,1.1875,0.032854671101779503,0.30035967633734367
2.2081832565760209,0.15709495544433613,0.10466823569621318,0.10557720157503349,1.3479633143828603e-20,2.7005097040346221e-17,0.28852634240902569,-9.26442286059391e-20,-5.6168872314800791e-19,0.063813884119820613,1.1875,0.031211571232951457,0.29971641736210736
2.2432337844581798,0.15709495544433591,0.10464006249433461,0.10557505377127853,-2.5948293801870096e-18,1.5407220683396114e-17,0.28837587097109724,2.7592098256808834e-19,-8.7667910040820085e-19,0.06590157158422795,1.1875,0.029929565689305816,0.29803772149016117
2.2782843123403387,0.15709495544433635,0.10461127079580973,0.10557720157503349,5.7962422518462909e-20,-1.2509099557472925e-18,0.28876036854256221,3.2277249246309182e-19,-1.0242745914672627e-18,0.067220716104694572,1.1875,0.029465480310851094,0.29482239396636634
2.313334840222498,0.15709495544433597,0.10458214026275575,0.10558090416116409,-9.7033139185850301e-18,1.456878750184997e-17,0.28966665323284041,3.6575941453624757e-19,-7.8652303108482126e-19,0.067707309309039773,1.1875,0.030136857743139074,0.28869643352596192
2.3483853681046569,0.15709495544433566,0.10455312080788483,0.10557813409527977,-8.3101938331703589e-18,2.5950989728498903e-17,0.29108076457455645,3.6904166720685798e-19,-9.8086415292047979e-19,0.067448595401623609,1.1875,0.031981245366514338,0.28250223475556807
2.3834358959868158,0.15709495544433591,0.10452448157901659,0.1055561688087764,-6.4668540007517813e-18,1.4153614801020054e-17,0.29298133428382911,4.802412113135866e-19,-1.3539821661859991e-18,0.066661848278755625,1.1875,0.03456322949705317,0.27279145965670493
2.4184864238689752,0.15709495544433591,0.1044958398144941,0.10551481140237472,-7.2628263378948615e-18,-2.9358640987258739e-18,0.29534416867059765,6.3680995765762367e-19,-3.3532975590613683e-18,0.065517011455138677,1.15625,0.037431469815577482,0.25628705884475572
2.4535369517511341,0.15709495544433627,0.10446804688464049,0.10553285249286366,-1.6475481610044494e-17,5.4498156800498993e-17,0.2981373382724774,1.0157116177661137e-18,-2.1418816258101086e-18,0.06275771401179446,1.0625,0.041869760737313688,0.24187491731501234
2.4885874796332934,0.15709495544433563,0.1044413955888777,0.10555824795065341,-4.4550187540353674e-18,-5.375408105095987e-17,0.30132389665961068,1.0055869270684647e-18,-2.1399758016787864e-18,0.059198266422180124,1.03125,0.04655175673551628,0.23819544537492923
2.5236380075154523,0.15709495544433574,0.10441539104745082,0.10555022161810389,-6.1763679065022811e-18,-4.4275203024219534e-17,0.30488011459415121,1.485325212569619e-18,-4.0409294935542499e-18,0.055315997764075656,1.015625,0.050689429275741722,0.22522285322410368
2.5586885353976112,0.15709495544433591,0.10439058167688793,0.10558339508716438,-1.3495808703601216e-17,1.7809291309626373e-17,0.3087593829887712,1.1703480701992269e-18,-2.0971476982832409e-18,0.050763565926986269,0.921875,0.055268986141640788,0.21112957264279922
2.5937390632797706,0.15709495544433613,0.10436681286541055,0.10560357121611338,-6.0651609330656796e-18,-6.1790638331310313e-18,0.31292130028641618,1.6076155943294586e-18,-3.1432333881423018e-18,0.047204457933777352,0.890625,0.058565989074525558,0.21789226615059581
2.6287895911619295,0.15709495544433569,0.10434319966072975,0.10560524641559058,-1.391232936774554e-17,-2.4840267957447418e-17,0.31731630759182367,1.7668048488540637e-18,-1.1347594515247455e-18,0.043808743640872935,0.859375,0.060788145979343018,0.22192709504766769
2.6638401190440884,0.15709495544433572,0.10432058615819016,0.10550035937103136,-1.8676031720774579e-18,-4.9513388463911355e-17,0.32189971076920815,1.6177402850271077e-18,2.4368079101322153e-19,0.039207870250622646,0.828125,0.061816134901198375,0.23233921181032505
2.6988906469262477,0.15709495544433608,0.1043013052936427,0.10551741927178075,-1.2366889427805556e-17,9.4680943202252142e-18,0.3266243614147058,2.211272153035957e-18,-3.8857107059698994e-18,0.033242386024152006,0.703125,0.064486969520466467,0.24198331501045492
2.7339411748084066,0.15709495544433608,0.10428644219631523,0.10556432779705532,-7.941525866686624e-18,-1.3582078355721704e-17,0.33142092388027011,1.4820164901194069e-18,-3.4701881057824617e-18,0.028383350812471318,0.640625,0.06680531343578136,0.26063714603465199
2.7689917026905655,0.15709495544433599,0.10427440709727877,0.10561277356285932,-5.328498981755451e-18,-5.3918532575314454e-21,0.33624117781054164,1.6334236294411131e-18,-3.1901378375965087e-18,0.024701634423138663,0.546875,0.068057400261173295,0.27316702501270657
2.8040422305727248,0.1570949554443356,0.10426331347038635,0.10560360938969791,-1.2418786015409333e-17,5.0009438963604282e-18,0.34105163438025587,1.8732001279630844e-18,2.6772593880340298e-18,0.021611449854029973,0.515625,0.068449248841555205,0.28212354850467836
2.8390927584548837,0.1570949554443356,0.10425280409653305,0.10554895827027984,-8.7685013600605351e-19,-3.1635351025251451e-17,0.34581164559523114,1.851746371595909e-18,-3.3712970091905221e-18,0.021779847973558718,0.4375,0.067378131289826518,0.28575465292286989
2.8741432863370426,0.15709495544433599,0.10424253249452499,0.10552446011517497,-5.2341415497486512e-18,-1.0807969854721783e-17,0.35044899113439409,2.0693808994810608e-18,-3.1017287737268411e-19,0.025310367967003845,0.34375,0.066117344550517557,0.29726839468701033
2.909193814219202,0.15709495544433594,0.10423304627680552,0.10555228408181948,-5.3446745415280477e-18,-3.6694257344130264e-17,0.35493611377056938,2.0096915464792343e-18,5.2007822961414041e-19,0.029310261925329751,0.28125,0.064466002546109194,0.29966907026238948
2.9442443421013609,0.15709495544433635,0.10422363374414689,0.10555725071887462,-1.000727964597834e-17,-2.3931740683553268e-17,0.35922774621520498,1.7864718950981245e-18,7.1171943393042586e-19,0.034060445498281217,0.21875,0.061911225277171175,0.29623725452764821
2.9792948699835202,0.15709495544433588,0.10421436317762083,0.10558454836683819,-5.4235303954194466e-18,2.8415066667190737e-18,0.36328205641736955,1.8679458767121475e-18,-3.2801350882422781e-19,0.039405933003366318,0.15625,0.059511579454046538,0.29818786146376042
3.0143453978656791,0.15709495544433566,0.10420516535458883,0.10559019721478335,-9.7659942127038524e-19,-2.9056697204837025e-17,0.36705181074316157,2.1079473683607332e-18,-2.077136544904358e-18,0.045061723140694468,0.09375,0.056976937141708928,0.30723442946566881
3.049395925747838,0.15709495544433622,0.10419647183858845,0.10559080311603634,-6.331383687656291e-18,-3.6235949817240027e-17,0.3704881732040281,1.8097653011476178e-18,-3.770302466906501e-18,0.050413922066899278,0.0625,0.054707562227402549,0.30446375475211901
3.0844464536299974,0.15709495544433605,0.1041883347354231,0.10557110062178236,-5.9168849684835679e-18,1.525085693892769e-17,0.3735738718215656,2.0687985643298235e-18,6.7005600083735496e-19,0.055028337276473861,0,0.052133777725626544,0.29643111497957009
3.1194969815121563,0.1570949554443358,0.10418050996836091,0.10554512976113098,-5.7153644529833393e-18,-1.5316907141332474e-17,0.37629219164665839,2.1718586512090303e-18,-1.1248068143945075e-18,0.059872677499528064,0.03125,0.049077224523905012,0.2836509751596436
3.1545475093943152,0.15709495544433585,0.10417257364753479,0.10552364739880399,-8.0412751519509673e-18,1.7806595382997615e-18,0.37862717324637452,2.2629411628184693e-18,1.9368996525745679e-18,0.064576209403341869,0.0625,0.045833121129294239,0.28070437541193916
3.1895980372764745,0.15709495544433597,0.10416442682434614,0.10550124690559755,1.3338096995818415e-18,-3.1818674036007447e-17,0.38056542126819892,2.5128423520380896e-18,-7.1177237348962925e-19,0.068923087701735039,0.140625,0.042867791639977067,0.2692503686816573
3.2246485651586334,0.1570949554443358,0.1041558776711702,0.10552501469353648,-9.6345677895515131e-18,4.735395123426998e-18,0.38207765408171807,2.6179803166160296e-18,1.1201481331846088e-18,0.073054499189830785,0.203125,0.040159583883411759,0.25666738488572982
3.2596990930407923,0.15709495544433547,0.10414714034271932,0.10554739830858044,-9.6446775144094063e-19,2.462189790051743e-17,0.38316152127075337,2.5336343639152225e-18,-4.0763460586613204e-20,0.076705511534298457,0.203125,0.037755937737272795,0.2572624139921309
3.2947496209229516,0.15709495544433597,0.10413863118241495,0.10555850535281294,-1.68630210629296e-18,-9.3076866858136592e-18,0.38380245905414473,2.7586208730847456e-18,-9.0526646237803349e-20,0.079755211941993628,0.234375,0.035969329396115593,0.25160516128358301
3.3298001488051105,0.15709495544433594,0.10413046576201834,0.1055673512888721,-1.2349365904718589e-17,-5.4500852727127869e-17,0.38399575021150284,2.7750321364377977e-18,1.2568116052681698e-18,0.082224998074683087,0.234375,0.035069608052379665,0.24175723253927794
3.3648506766872694,0.1570949554443361,0.10412258744856828,0.10556971102840439,1.0857844497353941e-18,-2.4069232941620357e-17,0.38374778383740793,2.9110735687007188e-18,8.8059662778925199e-19,0.084019911847545675,0.234375,0.035096011303295579,0.22982196208479894
3.3999012045694288,0.15709495544433608,0.10411491500336779,0.1055673512888721,1.1572265053976859e-18,-4.3117302537164566e-17,0.38306840168694378,2.8283224202209139e-18,1.4531379605739556e-18,0.085292781220777547,0.234375,0.035911659486368964,0.21601340504080599
3.4349517324515877,0.15709495544433591,0.10410757696531205,0.10555850535281294,-7.5223092759135624e-18,-1.0464239209554158e-17,0.38195953583313608,2.9119603063173757e-18,4.6205647272722083e-19,0.085939869389687881,0.234375,0.037523889377531004,0.20106993406199911
3.470002260333747,0.1570949554443358,0.10410065069007723,0.10554739830858044,1.7975090797295478e-18,8.6930154144550845e-18,0.38043287153262645,3.0832991896791596e-18,2.3414637640069031e-18,0.086008687975725487,0.203125,0.039833304201855692,0.18604496224434311
3.5050527882159059,0.15709495544433633,0.10409395345762688,0.10552501469353648,3.4416873324480336e-18,-5.7895024352743774e-18,0.37850772103076646,3.1006104255386694e-18,-2.7510041940043573e-19,0.085457999806956869,0.203125,0.042667931424979114,0.17672380769428328
3.5401033160980648,0.15709495544433569,0.10408720697343675,0.10550124690559755,6.9029201329546469e-18,-1.60394154778417e-17,0.37621415193443641,3.1443583537753739e-18,2.1867743720145865e-18,0.084195481999117083,0.140625,0.045838233385488869,0.16951445503372101
3.5751538439802242,0.15709495544433616,0.10408051362882817,0.10552364739880399,6.8776458208099474e-18,5.9579978495722415e-18,0.37358616917199033,3.1939428684142526e-18,9.4028598079107847e-19,0.082464177073312273,0.0625,0.049153203870388185,0.16292492135320588
3.6102043718623831,0.15709495544433585,0.10407346932062189,0.10554512976113101,9.8647325254823842e-18,-3.2767640209333005e-17,0.37064459040622832,3.2868120901468061e-18,1.5554171889549124e-18,0.079983248724480566,0.03125,0.052413224278498496,0.16108976807189779
3.645254899744542,0.15709495544433638,0.10406660391582899,0.10557110062178236,3.709932032010221e-18,-4.5385924795270833e-17,0.36742087379032295,3.038863047172811e-18,2.2960151524307896e-18,0.07689898089993473,0,0.055454122090671118,0.16012755501221437
3.6803054276267013,0.15709495544433622,0.10405970666819679,0.10559080311603632,-9.7862136624195597e-19,-2.8171085307287379e-17,0.36394647177687295,3.2386966482758216e-18,-2.8506364444251444e-18,0.07345496686374732,0.0625,0.05837440564351367,0.15918025429228441
3.7153559555088602,0.15709495544433585,0.10405249997982698,0.10559019721478337,5.5384442679705866e-18,-1.6857629209672081e-17,0.36025479554377965,2.8499945522698032e-18,1.1900548211126903e-18,0.070083567822753406,0.09375,0.061081339074677839,0.17183762721761092
3.7504064833910191,0.15709495544433574,0.10404460413328304,0.10558454836683819,8.2751467869963992e-18,-6.3340796142850763e-17,0.35638290955637625,2.788061885446733e-18,3.0778530325261105e-18,0.06602443078433122,0.15625,0.063697686027215664,0.18128812483698484
3.7854570112731785,0.15709495544433591,0.1040363142323829,0.10555725071887459,5.8114068391331147e-18,3.2878173201112388e-17,0.35237011131619916,2.7143766364805093e-18,1.923267716079694e-18,0.061525471060425524,0.21875,0.066239812040191248,0.19237020436131771
3.8205075391553374,0.15709495544433602,0.10402711521667804,0.10555228408181948,-3.6917345272660607e-18,-3.8873914023487335e-17,0.34825751472877486,2.5247537528588532e-18,1.9376937459626188e-18,0.056978613761406893,0.28125,0.06899184639426921,0.19346267504254266
3.8555580670374967,0.1570949554443358,0.10401728531644963,0.10552446011517497,1.1153385454032404e-17,-1.0337530658002178e-17,0.34408541302444956,2.313663877980221e-18,2.5728625772849373e-18,0.053094899267369024,0.34375,0.071789145768388227,0.19723602652580247
3.8906085949196556,0.15709495544433616,0.1040072104771748,0.10554895827027984,3.0770632559074737e-18,3.4369020626819781e-17,0.33989249717925224,2.5311263522979617e-18,1.8417672646860693e-18,0.048223039846511433,0.4375,0.074762061999135376,0.20916491197711348
3.9256591228018145,0.15709495544433588,0.10399672413451012,0.10560360938969791,1.9875719070575305e-18,1.3958160120434539e-17,0.33572832953103704,2.4505854304148985e-18,6.9611020489930521e-18,0.042707954544373351,0.515625,0.077603171472996932,0.21641922812882897
3.9607096506839738,0.15709495544433597,0.10398588877498872,0.10561277356285932,4.735058132598397e-18,-4.8324484820625592e-17,0.33163868556275738,2.2257974445923881e-18,1.1208363474542529e-18,0.038171249132198132,0.546875,0.080007108690777276,0.21918284632783458
3.9957601785661327,0.15709495544433574,0.10397516102759573,0.10556432779705532,-4.5129811765538273e-18,2.2839890398903242e-17,0.32765384813822263,2.4784514908905849e-18,1.9482816578032976e-18,0.033998194221140893,0.640625,0.081813850059716337,0.22214638626820982
4.0308107064482916,0.1570949554443358,0.10396439765083917,0.10551741927178074,2.2622194323630401e-18,1.3327313289303368e-17,0.32381701622414849,3.0987046014073472e-18,2.3727510434961088e-19,0.030047764163023748,0.703125,0.083082521290795963,0.224921313233509
4.065861234330451,0.15709495544433585,0.10395353993416209,0.10550035937103137,-9.4037290719634447e-18,3.5175102688820797e-17,0.32016387875901781,3.040236166989649e-18,3.5006283523244131e-19,0.02982344811268442,0.828125,0.083683602773797564,0.22716456704253082
4.1009117622126103,0.15709495544433599,0.10394261085489363,0.10560524641559058,2.0371095588610992e-18,1.4907126293760063e-17,0.31672839099271205,3.0147556954005655e-18,2.6253521502351022e-18,0.034593397997699692,0.859375,0.083596791022178651,0.22861982824660207
4.1359622900947688,0.15709495544433605,0.10393170062414939,0.10560357121611338,7.0869171253678917e-19,3.9427926945698684e-18,0.31354116840711266,2.978214164660423e-18,-9.1159273970283904e-19,0.041909157464462554,0.890625,0.082545369081322567,0.23152302959381951
4.1710128179769281,0.15709495544433583,0.10392084957326385,0.10558339508716438,-2.6133638757597755e-18,-3.1922467211214961e-17,0.31062656619731366,2.6962382200084465e-18,-7.8149377296049885e-19,0.050232288026953918,0.921875,0.080526929084352369,0.23456983686334104
4.2060633458590875,0.15709495544433602,0.10390988322312907,0.10555022161810389,6.5615484235871728e-18,1.8583022252082125e-17,0.30801305335213108,2.4987538118450864e-18,3.7602439506578562e-18,0.059351511812752368,1.015625,0.0774654800489262,0.23701191536903771
4.2411138737412459,0.15709495544433583,0.10389890860083839,0.10555824795065341,-8.6832426804258074e-18,-1.6660826565772186e-18,0.30572265560530482,2.2979540637866139e-18,1.3442677570721763e-18,0.068202748365505023,1.03125,0.073345561108304105,0.2388964863464281
4.2761644016234053,0.15709495544433574,0.10388800723998468,0.10553285249286364,5.8670103258514136e-19,3.7689054270144867e-17,0.30377240718883769,2.3108084505056879e-18,3.849764745270795e-19,0.077151035441573007,1.0625,0.068164062606211689,0.24024270259238462
4.3112149295055646,0.1570949554443358,0.10387713710646658,0.10551481140237472,8.5663068629030951e-19,1.5423396243168719e-17,0.30217593022689637,2.0546173799082144e-18,-1.7972980349552185e-20,0.08553028131715068,1.15625,0.061949102268584397,0.24082882513939893
4.3462654573877231,0.15709495544433599,0.10386610810701477,0.1055561688087764,1.8585044197053701e-18,4.5588119292428371e-18,0.3009488722476204,2.2317729973374712e-18,9.6029713416996131e-19,0.092651568739454085,1.1875,0.054778078015307353,0.24051466574839325
4.3813159852698824,0.15709495544433577,0.10385494180779255,0.10557813409527977,6.1288521996702841e-18,1.2115494269673176e-17,0.30010238885296425,1.9918773848072923e-18,2.0270027823387441e-18,0.098971643637219886,1.1875,0.04676015465426437,0.23915019697613804
4.4163665131520418,0.15709495544433555,0.10384394736015211,0.10558090416116409,-9.4374281548230359e-18,5.2427011167949971e-17,0.29963395760010875,1.93396812448368e-18,4.5361261303427953e-19,0.10438213672220344,1.1875,0.038096975205006954,0.23650515783243956
4.4514170410342002,0.15709495544433619,0.10383311173789551,0.10557720157503349,-8.9764247013040594e-18,2.5941553985298134e-18,0.29954466668085733,1.9617547756205613e-18,4.3844542932250721e-19,0.10864530696348194,1.1875,0.029135563226775855,0.23216776355002952
4.4864675689163596,0.15709495544433572,0.10382242224705547,0.10557505377127853,-5.8761090782234991e-18,3.14884230239837e-17,0.29983120390439949,2.0709492339224614e-18,9.655116807514956e-19,0.11158851085193201,1.1875,0.02065886322799998,0.22789640486466065
4.5215180967985189,0.15709495544433633,0.10381188769474807,0.10557720157503349,1.2879789468928214e-18,1.9221956863099562e-17,0.30048626360383113,2.1162555704332158e-18,1.0033634655819221e-18,0.11310050302602488,1.1875,0.014908251577226365,0.2253587539301192
4.5565686246806774,0.15709495544433569,0.10380141888069563,0.10558090416116409,3.5822125079724614e-19,1.0771574845233467e-17,0.30149830451699794,2.1817550400576147e-18,-1.3451412597990323e-18,0.11325403793673523,1.1875,0.01603244658516428,0.22252150801815532
4.5916191525628367,0.15709495544433619,0.10379067499261134,0.10557813409527977,-2.8495944466053655e-18,2.7980348498302212e-17,0.30285478155098688,2.1697906996776477e-18,-3.6401240908253557e-19,0.11205063195336264,1.1875,0.02308266118077772,0.21870416550841795
4.626669680444996,0.15709495544433641,0.10377992698815387,0.1055561688087764,5.6210070209765172e-18,2.4042273675332653e-17,0.30453653775196537,2.0311519202913101e-18,-5.6861057051385165e-19,0.10955118904239468,1.1875,0.032120158443238928,0.21257086993022481
4.6617202083271545,0.1570949554443361,0.10376954901396962,0.10551481140237472,-5.4198234963048865e-18,1.6499070968046211e-18,0.30652237270416782,1.8753276364985707e-18,1.553445190374586e-18,0.10578899961370335,1.15625,0.041583053426307554,0.20041515743589194
4.6967707362093138,0.15709495544433552,0.10375943769227462,0.10553285249286366,-4.4452460200060949e-18,3.8430434093055498e-18,0.30879447364086932,2.1480623193471048e-18,-8.9772257519154987e-19,0.10015890528719999,1.0625,0.05114572155485253,0.1878043895124745
4.7318212640914732,0.15709495544433624,0.10374982022810021,0.10555824795065341,2.1749388077567434e-18,1.0123878472672465e-17,0.31132745129693334,2.1009527291009848e-18,7.8482896519031266e-21,0.093209594075477603,1.03125,0.060122753420027535,0.18165542743819713
4.7668717919736316,0.15709495544433608,0.10374009955630804,0.10555022161810389,6.01730823540509e-18,3.0672905218781996e-18,0.31409718453258167,2.0718095017595165e-18,1.265176055622306e-18,0.0853921892411839,1.015625,0.068261178652231108,0.18107311216167987
4.801922319855791,0.15709495544433588,0.10372978658402456,0.10558339508716438,6.5143697075837783e-18,7.0273371468721759e-17,0.31707308836184739,2.0575489079991023e-18,-2.254762000921545e-18,0.076263758231532836,0.921875,0.075678080560114172,0.18037081326582469
4.8369728477379503,0.15709495544433583,0.10371997829269411,0.10560357121611338,9.701965955270655e-19,1.0789098368320434e-17,0.32022635696630397,2.1649169515084853e-18,-2.0379083315346432e-18,0.066416002934803639,0.890625,0.081925236467831494,0.17956213078467004
4.8720233756201088,0.15709495544433583,0.10371108351831813,0.10560524641559058,2.6389751787330499e-18,5.3687356866897855e-17,0.32351517287621528,2.1610225851845856e-18,-8.5253866141145329e-19,0.056055065747508653,0.859375,0.08702918207672275,0.1786595228853908
4.9070739035022681,0.15709495544433599,0.10370303813519677,0.10550035937103136,-2.3552289010554547e-18,1.7167660771980123e-17,0.32690495269779218,2.0178376211516566e-18,-1.0030855328961043e-18,0.046152828958198326,0.828125,0.090938394915192899,0.17981854155987886
4.9421244313844275,0.15709495544433574,0.10369591412872708,0.10551741927178075,-2.3683715433706914e-18,-1.8080905917474541e-17,0.3303615990629295,2.2827306317931879e-18,-2.2550928731665662e-18,0.03592217162793461,0.703125,0.094456600495519086,0.19592868074079661
4.9771749592665868,0.15709495544433605,0.10368972649785546,0.10556432779705539,3.6297282148044489e-18,1.3294962169758157e-17,0.33384186442110486,2.0315390408179849e-18,3.4082091168450884e-18,0.028072810366378126,0.640625,0.096943590040419039,0.20887925894737855
5.0122254871487453,0.15709495544433627,0.10368401173915112,0.10561277356285932,8.3809619071754256e-19,1.5748255401934942e-17,0.33732764841233753,2.0613225059535692e-18,-3.7502383739684148e-18,0.021634407999109352,0.546875,0.098275224215207721,0.21956207333956945
5.0472760150309046,0.15709495544433585,0.10367817540978953,0.1056036093896979,7.9162515545419568e-18,-2.6916805443254192e-17,0.3407706039621205,1.7316827600450622e-18,1.8027772793327698e-18,0.017582689962025319,0.515625,0.09826400902676441,0.22728845207538284
5.082326542913064,0.15709495544433613,0.10367253988465051,0.10554895827027984,-4.5830752689017246e-19,-2.4836898049161391e-17,0.34412712111024751,1.9045833604033462e-18,4.453540417985501e-19,0.020464439465081898,0.4375,0.097183542259689587,0.23747048101064341
5.1173770707952224,0.15709495544433541,0.10366770803788344,0.10552446011517497,-6.4863994688103533e-18,2.5981992884729749e-18,0.3473626905013083,1.4714285782787282e-18,-2.5705994111289922e-18,0.028721846237836607,0.34375,0.09567291342568067,0.24458463908461753
5.1524275986773818,0.15709495544433613,0.10366352494001566,0.10555228408181948,3.471005534535865e-18,5.4578360617704821e-17,0.35046262520578003,1.5888452118694053e-18,-2.7126494833614985e-18,0.03787975944979402,0.28125,0.093437096121973526,0.24893842147070203
5.1874781265595411,0.15709495544433619,0.10365924280657128,0.10555725071887474,1.1927453387316735e-17,-1.2273205977455939e-18,0.35340406250543221,1.5576935900006583e-18,-4.0211565681917824e-18,0.047645407712451016,0.21875,0.089832417228134828,0.24470842039133872
5.2225286544416996,0.15709495544433605,0.10365487949854253,0.10558454836683816,1.5119093524946765e-17,-1.2002939332922186e-17,0.35614648822534817,1.1979974093544245e-18,-1.5600891050546119e-18,0.057475035532278521,0.15625,0.085772892228070705,0.24831872567679539
5.2575791823238589,0.15709495544433597,0.10365031810795519,0.10559019721478342,4.0600655029211792e-18,1.2389804804150072e-17,0.35866809008448941,1.3802534224406833e-18,-1.2228773478187944e-18,0.066768128755518727,0.09375,0.081219505829147526,0.2465807478208967
5.2926297102060182,0.15709495544433658,0.10364568210800036,0.10559080311603633,1.2196709059364681e-17,-1.3390667565079296e-17,0.36095019172514237,1.3152436437389157e-18,1.3664097277089958e-18,0.075698653172351013,0.0625,0.076235297464933169,0.24708242805423516
5.3276802380881767,0.15709495544433552,0.10364109618087942,0.1055711006217824,1.0122193518529533e-17,6.145364750271484e-18,0.36296385215073618,1.0188482866489148e-18,-2.4166908776349257e-19,0.083899522407917343,0,0.070896881855344845,0.245311181747596
5.362730765970336,0.1570949554443358,0.10363669421099178,0.10554512976113098,9.7619503227606944e-18,-1.1050603251310712e-17,0.36469283658171892,7.1918391177810438e-19,-2.1919624488165191e-19,0.091557426705311903,0.03125,0.065316415538037798,0.24095591326581348
5.3977812938524954,0.1570949554443358,0.10363244201859034,0.10552364739880399,1.1985078819006631e-17,-2.153977978218096e-17,0.36613409683941744,6.5868557613720104e-19,-3.1272456412628769e-18,0.098519980511936583,0.0625,0.059509655300675104,0.23171907696489855
5.4328318217346538,0.15709495544433605,0.10362815483372974,0.10550124690559755,1.8995162035454681e-17,1.0832233194380671e-17,0.3672726116353684,6.1988087924111341e-19,6.9814043699475536e-19,0.10473200790531,0.140625,0.05362536029695579,0.22981469179970468
5.4678823496168132,0.15709495544433588,0.10362376965882017,0.10552501469353648,1.7119639578905246e-17,2.0572616104111245e-17,0.36810171947280756,3.1770683839181708e-19,-2.2652043289744144e-18,0.11040533765379443,0.203125,0.047940116422695654,0.22448589478882247
5.5029328774989725,0.1570949554443366,0.10361918134754415,0.10554739830858044,1.7019216311983645e-17,-2.4276819292035241e-18,0.36861796697669874,1.3392384989478539e-19,-1.405254129274486e-18,0.11527872074511485,0.203125,0.042598189304266863,0.21467739301637689
5.537983405381131,0.15709495544433613,0.10361439645637799,0.10555850535281294,1.2750216495333176e-17,-4.2816706718057171e-17,0.36881971687598453,-1.2945542022577394e-19,-1.6130418991478065e-18,0.11926742032930884,0.234375,0.038090191951665152,0.20220958884958681
5.5730339332632903,0.15709495544433602,0.10360952402165235,0.1055673512888721,1.6453577206185799e-18,-2.0836816913730269e-17,0.36870759259901831,-2.1086488175201781e-20,-1.4907779871675686e-18,0.1224495749424469,0.234375,0.034947690030975663,0.18828763033295154
5.6080844611454497,0.1570949554443358,0.10360466562233055,0.10556971102840439,1.1270826757798012e-17,-1.6676328143887591e-17,0.3682849164085833,-3.2179641934027925e-19,-1.3837739031277089e-18,0.12487088772127412,0.234375,0.033639793967837339,0.1768540282310139
5.6431349890276081,0.15709495544433605,0.1035999350929012,0.1055673512888721,2.1867840353818854e-17,-1.0145445885702603e-17,0.36756085661031007,-4.6059732612667729e-19,-1.5642316255622775e-18,0.1263723941402054,0.234375,0.034403503292468447,0.17063932118897723
5.6781855169097675,0.15709495544433608,0.10359521474608135,0.10555850535281294,1.1843205680167814e-17,1.1298628501157139e-17,0.36653999375437307,-5.8230702709650468e-19,-1.3232110473990265e-18,0.12689943524670641,0.234375,0.037189621543096497,0.16399370852255077
5.7132360447919268,0.15709495544433577,0.10359058727738925,0.10554739830858044,1.2246078215754015e-17,1.1413205382879704e-17,0.36524195654277453,-9.3493743095031059e-19,-1.1578410993374252e-18,0.12649472221215341,0.203125,0.041497937370783201,0.1571797459102163
5.7482865726740853,0.15709495544433572,0.10358613022521582,0.10552501469353649,1.0537871705602336e-17,2.9138248985357173e-17,0.36368227169865264,-1.2421076426994272e-18,-1.0936386489135094e-18,0.12503584799413003,0.203125,0.046800639454592403,0.15034673088565084
5.7833371005562446,0.1570949554443358,0.10358169065924432,0.10550124690559755,5.1316963378555601e-18,-7.750115076044272e-18,0.36187732892339947,-9.1295758771355154e-19,-3.6103852934428493e-18,0.12253722194257015,0.140625,0.05265078929068253,0.1446462149982263
5.818387628438404,0.1570949554443356,0.1035772814785387,0.10552364739880399,2.4374546632328151e-18,-6.7458824068290465e-18,0.35984679076589493,-1.0011548933464056e-18,-1.7186298499789754e-18,0.11925800971136563,0.0625,0.058771014975011977,0.14048518330530313
5.8534381563205633,0.15709495544433591,0.10357300164704247,0.10554512976113101,2.7835442442006103e-18,9.648721404352527e-18,0.35761086196751241,-9.4563122190939613e-19,-4.6176530515160217e-20,0.11491447549460712,0.03125,0.064873873143062338,0.13658516931196693
5.8884886842027218,0.15709495544433624,0.10356879367628925,0.10557110062178238,-2.1215257614243225e-18,-1.1930823295602688e-17,0.35519112546395781,-1.0873355326458553e-18,2.0322173289202784e-19,0.10967767410805127,0,0.070803280615321762,0.13851705228752531
5.9235392120848811,0.15709495544433597,0.1035641275515309,0.10559080311603633,-3.1811934219435536e-18,1.1929475332288326e-17,0.35260904413648458,-1.2424054277199463e-18,-1.5635434112926333e-18,0.10356131956835148,0.0625,0.076561692864987055,0.15027895872881458
5.9585897399670404,0.15709495544433658,0.10355927258450925,0.10559019721478337,-1.146948285125513e-18,-1.5957863697321444e-17,0.34989233668342501,-9.5437617534530674e-19,-1.7784118472094078e-18,0.09628074148343152,0.09375,0.082000316340805054,0.16093549775419241
5.9936402678491989,0.15709495544433577,0.10355359745123571,0.10558454836683817,7.4314902476070226e-18,1.2621654494223941e-17,0.34706648366039439,-1.04111847028068e-18,-3.130554363713089e-18,0.088373353114533149,0.15625,0.087200762220685693,0.16486275559935532
6.0286907957313582,0.15709495544433622,0.10354771184404069,0.10555725071887474,8.0911497945831143e-19,3.3278518305484038e-17,0.34416331531296884,-7.5097825298280511e-19,-3.0096404104925376e-18,0.079345456945027898,0.21875,0.092073774524111335,0.16461860096898109
6.0637413236135176,0.15709495544433594,0.10354179941307161,0.10555228408181948,2.6876703534651288e-18,-5.0098404542353446e-17,0.34121047036994318,-9.4911199792701927e-19,-5.5778840112369788e-18,0.069846997993772572,0.28125,0.096728144560988549,0.17442049836785481
6.098791851495676,0.1570949554443356,0.10353585097216132,0.10552446011517495,6.0842009148813581e-18,1.5095841157773703e-17,0.33823903062344945,-1.1297715524310507e-18,-2.5000309787108683e-18,0.060282038163484167,0.34375,0.10095635932563592,0.18104261209196809
6.1338423793778354,0.15709495544433541,0.10352976383095056,0.10554895827027984,-5.5654035342582599e-19,-5.1029847192592174e-17,0.33528058576222247,-1.1363269587855335e-18,7.9622420530884317e-19,0.051028730459248085,0.4375,0.10489073196995609,0.18408879761896757
6.1688929072599947,0.15709495544433566,0.10352351256672833,0.10560360938969791,7.4122817703770733e-18,1.7590921252696378e-18,0.33236621281767414,-1.2204586717076894e-18,-3.7017457377381061e-18,0.041231516138325791,0.515625,0.10835848153913677,0.18587626487681405
6.2039434351421532,0.15709495544433608,0.10351732223259816,0.10561277356285932,7.9071528021698601e-18,2.0920390639221999e-18,0.32952185254932753,-1.2020481128140966e-18,-2.2812251630783414e-18,0.032307210225288728,0.546875,0.11107046865294273,0.18811406743831258
6.2389939630243125,0.1570949554443361,0.103511204026409,0.10556432779705532,9.2744930891969738e-18,-1.6322487773862057e-17,0.32677310445178143,-1.0365722856340885e-18,-8.665279399309501e-19,0.024367655379615018,0.640625,0.11287312595421682,0.19056682654907273
6.2740444909064719,0.15709495544433633,0.10350514479313509,0.10551741927178074,2.8971101534373587e-18,1.9424151360256992e-18,0.32414962473055853,-1.513480786259699e-18,-4.0336503041637833e-18,0.021666957447164816,0.703125,0.11376555667518924,0.19302350127315182
6.3090950187886303,0.15709495544433624,0.10349912316800253,0.10550035937103136,4.8041412524605103e-18,1.2090556948357056e-17,0.32167229647083484,-2.031477829452656e-18,6.7216034831568986e-19,0.030020513706085272,0.828125,0.1136045677865478,0.19533218175522474
6.3441455466707897,0.15709495544433577,0.10349316166621221,0.10560524641559058,3.4261857543326428e-18,2.8950208103000753e-17,0.31936201681860166,-1.9854228944875411e-18,-1.2655003104224268e-18,0.039925414991665471,0.859375,0.11235139939313371,0.19737571767861598
6.379196074552949,0.15709495544433594,0.10348717433604654,0.10560357121611338,2.9154761535958326e-18,4.5581379475856474e-17,0.3172425805343434,-1.9645936594828433e-18,-2.2994826935586118e-18,0.052094013628398002,0.890625,0.10975513636426806,0.199083048791759
6.4142466024351075,0.15709495544433585,0.10348116789607872,0.10558339508716437,2.5714085175996083e-18,-2.7465426512208016e-17,0.31533436877641102,-2.123668763082916e-18,-3.8458538353346443e-18,0.065551221977217702,0.921875,0.10582248151906884,0.20001342628436103
6.4492971303172668,0.15709495544433619,0.10347525416432543,0.10555022161810389,4.1384158705696771e-18,1.4288411132458313e-18,0.31364884904756857,-2.1414415657242304e-18,-2.6074916664488572e-18,0.07880814294697891,1.015625,0.1005052936536716,0.20004841799810691
6.4843476581994262,0.15709495544433577,0.10346942300923806,0.1055582479506534,3.2401668169478079e-19,3.6457015800798922e-17,0.31219850114344139,-2.0325672263193883e-18,-3.4839722435100454e-18,0.091129496624709608,1.03125,0.093817632136491622,0.19932495375271611
6.5193981860815846,0.15709495544433563,0.10346364187846083,0.10553285249286365,3.9983961812881717e-19,-2.3518589927695029e-18,0.31099466244508556,-2.289018858809816e-18,-1.9572615305331732e-18,0.10293832781003627,1.0625,0.085798551115637695,0.19784154727921502
6.554448713963744,0.15709495544433633,0.1034578936580756,0.10551481140237472,4.8899054183381176e-18,5.4629583223651299e-18,0.31004616774240396,-2.338700980760976e-18,-1.5546694176811645e-18,0.11367869096907382,1.15625,0.076526401610996483,0.19613547325511185
6.5894992418459033,0.15709495544433577,0.10345217930501122,0.1055561688087764,-4.2620915046643159e-18,-3.3026449165694533e-17,0.30935933329162674,-2.432015225663083e-18,-1.6028907386705558e-18,0.12263160888468502,1.1875,0.066109935331462089,0.19606110991384737
6.6245497697280618,0.15709495544433616,0.10344650101305469,0.10557813409527977,7.2271053100637045e-18,-1.6866390971215536e-18,0.30893757350074585,-2.5690534105641306e-18,-1.5832038400917937e-18,0.13054791279163605,1.1875,0.054702697064958443,0.19553162289521647
6.6596002976102211,0.15709495544433635,0.1034408599879855,0.10558090416116409,9.6389486703232236e-18,-7.6062873903995926e-17,0.30878141711621809,-2.787930363729337e-18,-2.2418646008106181e-18,0.13708006495532599,1.1875,0.042537104529984153,0.19461707919359242
6.6946508254923804,0.1570949554443361,0.10343526812647873,0.10557720157503349,2.7936539690584784e-18,1.017611205110481e-17,0.30888893767667064,-2.9511587411850385e-18,-2.6271388603582167e-18,0.14198838217729645,1.1875,0.029982788896765675,0.19334416177342564
6.7297013533745389,0.15709495544433613,0.103429749804543,0.10557505377127853,5.9526059963147111e-18,2.0061738007960107e-17,0.30925548412067516,-3.2798654273625858e-18,-2.8014754462598929e-18,0.14511118884669477,1.1875,0.017956094216057469,0.19171665906857863
6.7647518812566982,0.15709495544433585,0.10342435162919487,0.10557720157503349,3.8181060879894584e-19,5.5377702863133954e-18,0.30987599292719686,-3.3882260876070324e-18,-2.7936271566079897e-18,0.14637664716383908,1.1875,0.010982659911883857,0.18885346335782627
6.7998024091388576,0.15709495544433588,0.10341912275136483,0.10558090416116409,5.8602705092794938e-19,1.6282048874430593e-17,0.31074241762916816,-3.7332447754641254e-18,-1.6183093852885442e-18,0.14577437287353601,1.1875,0.017600841595895558,0.18261564189965193
6.8348529370210169,0.15709495544433594,0.10341408978493941,0.10557813409527972,-3.2221378076179333e-18,3.6106882329887936e-17,0.31184384410837618,-3.7208139052186785e-18,-2.0675081625742408e-18,0.14333520845118924,1.1875,0.029664254514011543,0.17751020473299411
6.8699034649031754,0.15709495544433622,0.10340919155470607,0.1055561688087764,-3.6760644537363559e-18,-2.2313847715465261e-17,0.31316793055981235,-3.6696660192220745e-18,-2.6726404114935337e-18,0.1392058714613135,1.1875,0.042377807055929251,0.16788000173397399
6.9049539927853347,0.15709495544433627,0.1034042733086645,0.1055148114023747,1.0923557708930095e-18,-1.2474052511298978e-17,0.31470035643175226,-3.8335983273790587e-18,-3.3589488570063305e-19,0.13345643084325351,1.15625,0.054818079281078243,0.15353726735552711
6.9400045206674941,0.15709495544433613,0.10339917337347893,0.10553285249286364,3.3048690560381775e-18,-3.6618434407696185e-17,0.31642513521402676,-3.7897751257066118e-18,-2.1678683319340745e-18,0.1255243738555499,1.0625,0.066740734491796377,0.15111575833259927
6.9750550485496525,0.15709495544433605,0.10339412304363847,0.10555824795065341,4.5845917276304077e-18,-1.0224301739594e-18,0.31832226518189194,-4.0887521134883907e-18,-1.404724733682452e-18,0.1160471834085558,1.03125,0.077801842817932385,0.14268798531723748
7.0101055764318119,0.15709495544433644,0.10338924393033927,0.10555022161810389,4.6578872328499645e-18,7.6473328733225467e-18,0.32036734563476343,-3.8624950548979861e-18,-2.3290362024839064e-18,0.10550759252590529,1.015625,0.087813217565160501,0.13028530909657651
7.0451561043139712,0.15709495544433563,0.10338433760549785,0.10558339508716438,6.8442837287789946e-19,-2.8822825569791602e-18,0.32254049889931408,-3.7477473195537113e-18,-2.1510798742216983e-18,0.093496631621472079,0.921875,0.096726472197052396,0.1422777606346966
7.0802066321961297,0.15709495544433605,0.1033794082962642,0.10560357121611336,-1.481580177921062e-18,-1.9480765819461105e-17,0.32482015229221722,-3.7553565540085866e-18,-1.4890971561628608e-18,0.080639764325201674,0.890625,0.1043437491188165,0.15086360530440984
7.115257160078289,0.15709495544433591,0.10337501778863357,0.10560524641559058,-4.5552735255425848e-18,2.0511957754964012e-17,0.32718162745336299,-3.4230454283118395e-18,-4.352677322813235e-18,0.067128693649170068,0.859375,0.11061038790551271,0.1543730955795273
7.1503076879604484,0.15709495544433619,0.10337138074285758,0.1055003593710314,-1.4196075645423087e-17,-2.0316503074378464e-17,0.32959959002693534,-3.2236767027130837e-18,1.8929201137663485e-19,0.053767073531225146,0.828125,0.11544267678003522,0.16685164339284636
7.1853582158426068,0.15709495544433613,0.10336786134721744,0.10551741927178077,-4.2406925870484781e-18,1.9912788061720802e-18,0.3320540540421254,-2.9762719445821485e-18,-1.0240098936712457e-18,0.039167361268930848,0.703125,0.11923146079781702,0.17082843987581844
7.2204087437247662,0.15709495544433583,0.1033644355430002,0.10556432779705539,-1.0065410563911135e-17,-5.0629502088220331e-18,0.33451786964717556,-2.9062535872713723e-18,-3.2030683249319376e-18,0.025918478599970492,0.640625,0.12171028565426631,0.1720984851344606
7.2554592716069255,0.15709495544433558,0.10336109664102749,0.10561277356285935,-1.0044854123366813e-17,1.39477134047481e-17,0.33696159387030145,-2.6248996824400357e-18,-4.3262869525503432e-19,0.016113413080445459,0.546875,0.12294057881080002,0.2007568713119636
7.290509799489084,0.15709495544433591,0.10335812521532679,0.1056036093896979,-1.1396524336864206e-17,1.5570661235265037e-17,0.33935213103992456,-2.873483172943859e-18,-2.9332486265620404e-18,0.013766254619058648,0.515625,0.12273884904388932,0.21400706949886233
7.3255603273712433,0.15709495544433585,0.10335555647182698,0.10554895827027984,-6.7169011955698045e-18,1.1709757312043927e-17,0.3416679668543805,-2.9215605645066661e-18,-3.3157501766963612e-18,0.023799450139793239,0.4375,0.12133647790850113,0.21763699021085955
7.3606108552534026,0.15709495544433555,0.10335333405340542,0.10552446011517497,-1.8840146254300712e-17,-6.2228726408484975e-18,0.34388859810309386,-2.7547054136552258e-18,-4.8213247706612784e-18,0.036056230056144396,0.34375,0.11901716180729106,0.21482098396990629
7.3956613831355611,0.15709495544433563,0.10335127562114921,0.10555228408181948,-1.0750512918446237e-17,-1.0920861782301372e-17,0.3460102227543766,-3.0249858516263151e-18,-6.8923997360368478e-19,0.049656077775886882,0.28125,0.11564346661325517,0.20999183371483521
7.4307119110177204,0.1570949554443358,0.1033491911678162,0.10555725071887462,-7.5028480555621648e-18,-4.5780204064727988e-18,0.34800452489102407,-2.6581051937697519e-18,-1.883754952579261e-18,0.062693045770881736,0.21875,0.11106161335754702,0.20402339242336445
7.4657624388998798,0.15709495544433549,0.10334693488277079,0.10558454836683816,-9.6204984224576621e-18,-2.7556077045100329e-17,0.34985448257274387,-2.3490184045413499e-18,-2.2825155648339241e-18,0.075312307983733243,0.15625,0.1055940300865099,0.19925372922652357
7.5008129667820382,0.1570949554443358,0.10334452163586932,0.10559019721478335,-1.7021491000076752e-17,-4.7684202246293777e-19,0.35154719936636486,-2.3181819384859856e-18,-1.7526435167671559e-18,0.087205302064334023,0.09375,0.099314021158740037,0.21633660243978567
7.5358634946641976,0.1570949554443366,0.10334195730716156,0.10559080311603634,-1.9949267318916229e-17,-2.3526340716752584e-17,0.35306064150132194,-2.065951408661416e-18,6.5922986098026094e-20,0.098364112621749211,0.0625,0.092312666057924819,0.22035246593405899
7.5709140225463569,0.15709495544433646,0.1033393815702489,0.10557110062178238,-1.5785829879323346e-17,9.8236196443936682e-18,0.35437954780954284,-2.1391548249208275e-18,-2.2077450549040309e-18,0.10852532339292632,0,0.084807111378355227,0.21723965301921352
7.6059645504285154,0.15709495544433555,0.10333691898662827,0.10554512976113102,-1.6452734729114359e-17,-6.3743837173851314e-17,0.35549811242998458,-1.791306765778497e-18,6.9584418361430815e-19,0.11778316972934162,0.03125,0.076875140964248148,0.20996904795455618
7.6410150783106747,0.15709495544433599,0.10333459316622003,0.10552364739880399,-1.9906553731391798e-17,-3.3802876034779013e-17,0.3564098118075526,-1.7635813260069446e-18,-4.3755472123891011e-18,0.12607290108793973,0.0625,0.068623673165598573,0.20380107459895105
7.6760656061928341,0.15709495544433599,0.10333235503937874,0.10550124690559756,-1.774913844672203e-17,-2.4565957422970458e-17,0.35710503186164627,-1.4012414761229912e-18,-2.0970815238342366e-18,0.13333553646241214,0.140625,0.060194500224066423,0.19521647168312514
7.7111161340749934,0.15709495544433591,0.10333016216263485,0.10552501469353648,-1.7650905620186387e-17,2.2425391679730486e-17,0.35757952477753924,-1.0908907549186082e-18,-2.2812450154130427e-18,0.13975908272415527,0.203125,0.05183559077953459,0.18500455658553089
7.7461666619571519,0.15709495544433585,0.10332795505472044,0.10554739830858044,-5.8050040133897975e-18,-1.4076106910443043e-17,0.35783266434386041,-1.0040061849178758e-18,-1.8412246342042345e-18,0.14512518151105283,0.203125,0.043837717891145836,0.17346418248325418
7.7812171898393112,0.15709495544433616,0.10332572487445497,0.10555850535281294,-1.1881117148384826e-17,3.0986643680204588e-17,0.35786389511354472,-8.833031627535255e-19,-1.9309836568335887e-18,0.1493710270135549,0.234375,0.036756405929901877,0.16075986896999336
7.8162677177214706,0.1570949554443358,0.10332347807771548,0.1055673512888721,-1.037190372251894e-17,-7.5819566525750089e-18,0.3576741115909462,-7.6386407256515617e-19,-1.7524317585303423e-18,0.15252442533585492,0.234375,0.031510779101596414,0.15408085340468367
7.851318245603629,0.1570949554443361,0.10332121207852712,0.10556971102840439,-1.6972543082223191e-17,-2.7701994073882166e-17,0.35726783625064384,-5.8750999314946322e-19,-1.7715230870680662e-18,0.15457952678667303,0.234375,0.029312515422241503,0.14707125409535507
7.8863687734857884,0.15709495544433605,0.10331885823510105,0.1055673512888721,-1.6090216845252466e-17,-2.1198408072813466e-17,0.35665082620719657,-2.1510955906533368e-19,-1.9715088894037866e-18,0.15552574180355094,0.234375,0.03091989829840773,0.13928971279327756
7.9214193013679477,0.15709495544433613,0.103316508584285,0.10555850535281294,-1.6550293573992758e-17,1.504259660685553e-17,0.35583331164372162,9.9387404959471381e-20,-1.9940346718448306e-18,0.15540624902638278,0.234375,0.035807291832927954,0.13109405989983858
7.9564698292501062,0.15709495544433619,0.1033142013477311,0.10554739830858044,-1.8486558627396581e-17,-1.1912625790858524e-18,0.35482559112745876,4.17262574605943e-19,-1.2827652241676336e-18,0.15413280070521496,0.203125,0.042756821941943288,0.12663558578367523
7.9915203571322655,0.15709495544433566,0.10331196618395985,0.10552501469353648,-6.3580902108225241e-18,1.7810302282112191e-17,0.35363921475404259,7.3051421821854948e-19,7.5567250295904354e-19,0.15168443401561987,0.203125,0.050767763514972683,0.12269676348228588
8.026570885014424,0.15709495544433574,0.10330972785418895,0.10550124690559755,-1.7108350386147306e-17,-4.9722659768469287e-17,0.35228583825309662,1.0175709129879798e-18,-9.9964446154788373e-19,0.14803087259169395,0.140625,0.059239490075638584,0.11853472812320842
8.0616214128965833,0.15709495544433572,0.10330742235444483,0.10552364739880399,-2.3064747529283735e-17,-1.6755520988607592e-17,0.35077926952912508,1.1947699573993957e-18,6.4056866636106463e-21,0.1433537670443662,0.0625,0.067854247148587274,0.11421345417035809
8.0966719407787426,0.15709495544433577,0.10330522823066783,0.10554512976113101,-1.5863169274486132e-17,5.9220072290782332e-17,0.34913723320503975,1.3198936395523825e-18,-2.0271748359061551e-18,0.13745525439229214,0.03125,0.076307112764942855,0.10987780887437591
8.131722468660902,0.15709495544433555,0.10330292403232212,0.10557110062178238,-1.2248942637797096e-17,-3.1454723941124158e-17,0.34737651433107142,1.7259665284220145e-18,-2.1681264122851911e-18,0.1305347842577263,0,0.084483438300717625,0.11758005143223199
8.1667729965430613,0.1570949554443361,0.10330055534007497,0.10559080311603634,-1.4554381143927489e-17,-1.1472515768712526e-17,0.34551439630114944,1.6717597285201895e-18,1.0597308612437357e-18,0.12243130942448943,0.0625,0.092301923901356261,0.13122840575255185
8.2018235244252207,0.1570949554443353,0.10329792827925419,0.10559019721478335,-7.1404144194074947e-18,-4.8324484820625799e-19,0.34356807248013999,1.9890194757909216e-18,-1.0033800091941732e-18,0.11297407629267225,0.09375,0.099607600402382646,0.13681821416322537
8.2368740523073782,0.1570949554443358,0.1032949880194718,0.10558454836683817,-4.8449171427206053e-18,-1.6196453203967292e-17,0.34155666063630508,1.9142266319844894e-18,2.0987458112266933e-18,0.10248633949790281,0.15625,0.10637809626294717,0.13489509464051341
8.2719245801895376,0.15709495544433588,0.10329192034523496,0.10555725071887474,-1.44804959047579e-17,-1.9444707800801385e-17,0.33950003785102723,1.9493160471592951e-18,9.9795701309827556e-19,0.090865679966792345,0.21875,0.11251584775369067,0.13453557947213976
8.3069751080716969,0.15709495544433638,0.10328867911407903,0.10555228408181951,-1.0705777385950106e-17,-2.3407719945086926e-17,0.33741845622027494,2.0063497368045201e-18,2.520320064775569e-19,0.078357332400103577,0.28125,0.11808047068805588,0.1377017541772716
8.3420256359538563,0.15709495544433572,0.1032853176855652,0.10552446011517497,-5.73364620543466e-18,9.0704451424822897e-18,0.3353346014162914,2.258522363986211e-18,1.6659913845185509e-18,0.065223871927832855,0.34375,0.12291920695086379,0.14079520670724785
8.3770761638360156,0.15709495544433594,0.10328182087096272,0.10554895827027984,-4.1523167422492573e-18,-2.1228063265729904e-17,0.33327380714533511,2.4286382608123353e-18,3.6390652996412878e-19,0.052816143194578946,0.4375,0.12717965262460135,0.14368704617509376
8.412126691718175,0.15709495544433599,0.1032783410935191,0.10560360938969791,-3.8604826846853661e-18,-1.4688756236830041e-17,0.33125519510852075,2.4935872417390802e-18,2.6044608766844629e-19,0.039052686128620798,0.515625,0.13070957596792462,0.14547652900848623
8.4471772196003325,0.15709495544433597,0.1032749323075129,0.10561277356285936,-7.0959316300328304e-18,-3.0399605656790893e-17,0.32929621662593755,2.4115435394781613e-18,2.4869284378080283e-18,0.027668317868241199,0.546875,0.13325897826832717,0.14730578195733932
8.4822277474824919,0.15709495544433622,0.10327153955043528,0.10556432779705532,-1.2150794058968542e-17,-2.6252933510920573e-17,0.32741670604577405,2.5300781076667039e-18,1.3432321269452599e-18,0.018304071572643514,0.640625,0.13466761165355925,0.14858616217681556
8.5172782753646512,0.15709495544433569,0.10326816990505704,0.10551741927178074,-4.5545995438853998e-18,-3.8533890277434341e-17,0.32563756022516821,2.3368828377745844e-18,5.4226784585424291e-18,0.022350448804305582,0.703125,0.13492586420156794,0.14984822741736473
8.5523288032468106,0.15709495544433574,0.10326488262066134,0.10550035937103136,-7.1215429330061147e-18,-3.1204002764648906e-17,0.32397213664633695,2.1846592711882884e-18,2.0694338390402642e-18,0.034464632973114293,0.828125,0.13389971415229132,0.1520373025763381
8.5873793311289699,0.15709495544433588,0.10326165146570937,0.10560524641559058,-7.3543193478585987e-18,-1.4639555575855077e-17,0.32243600951340951,2.2320931162345292e-18,4.0332168615228055e-18,0.048599215902076498,0.859375,0.13154852022660693,0.15397489722650906
8.6224298590111292,0.1570949554443361,0.10325848827311711,0.10560357121611338,-3.6116992054745764e-18,-3.333412179220235e-17,0.32104045440913853,2.4354085273309287e-18,1.9005070143446849e-18,0.06452133180166543,0.890625,0.12763153792924836,0.15557365779849797
8.6574803868932868,0.15709495544433527,0.10325537285289714,0.10558339508716437,5.0295881167910743e-19,-3.9419165184155391e-17,0.31979749598170892,2.2614547192577115e-18,3.9929066959118714e-18,0.080364228548319941,0.921875,0.12218184989121438,0.15682029293747099
8.6925309147754461,0.15709495544433577,0.10325228113363846,0.10555022161810389,-6.7760430859883561e-18,-6.5588524969584173e-18,0.31871679386162538,2.2492153413240706e-18,4.7215899498445347e-18,0.095756182943988105,1.015625,0.11516432594896657,0.15770964937992468
8.7275814426576055,0.15709495544433591,0.10324918579482306,0.10555824795065338,-2.4694687919494036e-18,-7.3211257512419194e-18,0.31780569950673382,2.2556574239346336e-18,4.8178075986967029e-18,0.11000648619257539,1.03125,0.10661986736369806,0.15827260331972784
8.7626319705397648,0.1570949554443363,0.10324608199806377,0.10553285249286366,4.0165936860323233e-18,-4.4545806659581741e-17,0.31707257484794465,2.1873707692362372e-18,4.541393616483533e-18,0.12345500156092232,1.0625,0.096599597448092447,0.15822976200738553
8.7976824984219242,0.15709495544433602,0.1032430262911653,0.10551481140237472,-2.4035870849589392e-18,-1.7302794094247003e-17,0.31652075136431379,2.1269377808637256e-18,4.0358472958707241e-18,0.13570042031231908,1.15625,0.085220505124430093,0.15773898042172271
8.8327330263040835,0.15709495544433549,0.10324002616522979,0.1055561688087764,3.7213054724753473e-18,1.4043418800069291e-17,0.31615323222319891,2.0996524011780514e-18,4.5175013316705513e-18,0.14589407067008756,1.1875,0.072618525615117294,0.15682563722294651
8.8677835541862411,0.15709495544433585,0.10323709038233529,0.1055781340952797,3.0602137144776939e-18,-4.7482681730793528e-17,0.3159718657420178,2.1728045322394847e-18,4.2868767594458668e-18,0.15453849140238851,1.1875,0.05896222380242401,0.1553473659217845
8.9028340820684004,0.15709495544433558,0.10323422489710213,0.10558090416116409,-2.4120118556738391e-19,9.7713860659613882e-18,0.31597642525888098,1.9966919895626572e-18,4.5563556594033921e-18,0.16148729581777535,1.1875,0.04450303382071779,0.15309239240804351
8.9378846099505598,0.15709495544433591,0.10323142165880879,0.10557720157503349,1.2668664714813031e-17,-5.1471979159709594e-18,0.31616462977697474,2.0408729468500333e-18,4.3335694506632601e-18,0.16650504631964325,1.1875,0.029623297473893796,0.14969145945022905
8.9729351378327191,0.15709495544433583,0.10322865963564498,0.10557505377127853,-2.7237283721248724e-19,-1.3520746024917306e-17,0.31653229226713708,2.1386638932272773e-18,5.4889157732732253e-18,0.16942225133313288,1.1875,0.015376993273738895,0.14448727531596281
9.0079856657148785,0.15709495544433591,0.10322591604300739,0.10557720157503349,-7.7831401772466457e-18,-2.2688581516863739e-17,0.31707322973263713,2.001371763878176e-18,4.5787027708321247e-18,0.17019192700257543,1.1875,0.0098968540724882863,0.13731625297315947
9.0430361935970378,0.15709495544433616,0.10322315558953241,0.10558090416116409,-4.7851855183520038e-18,9.1653080607319583e-18,0.31778062468779239,1.8307889235962655e-18,4.2061935624974445e-18,0.16877692775746958,1.1875,0.021711303832807456,0.13167843296601858
9.0780867214791972,0.15709495544433608,0.10322044787511268,0.10557813409527972,6.1403098878425261e-18,-1.93631560202812e-17,0.31864542657303435,1.4018051997104461e-18,7.1192788344478922e-18,0.16527085767589222,1.1875,0.036521043844851615,0.12742419808822852
9.1131372493613547,0.15709495544433569,0.10321778273197091,0.1055561688087764,-2.6731797478355171e-18,-8.604555321948714e-18,0.31965733588176337,1.357903829470113e-18,4.2630109444124868e-18,0.15985059847192309,1.1875,0.051299283937800574,0.12408751886884187
9.1481877772435141,0.15709495544433599,0.10321516396315253,0.10551481140237474,4.6940294992168684e-18,1.9954069438223797e-17,0.32080451736572263,1.2087437262824071e-18,3.9809291206421035e-18,0.15264343900126856,1.15625,0.065494997664117399,0.11800345033622239
9.1832383051256734,0.1570949554443356,0.1032125634613222,0.10553285249286364,3.6092560219672691e-18,-5.8804899589952473e-18,0.32207456952269631,1.0875681771931358e-18,8.1321846555762261e-18,0.14307416034621054,1.0625,0.078918291150695777,0.11292422381156779
9.2182888330078327,0.15709495544433646,0.10320987358695333,0.10555824795065341,-3.5687328748286146e-18,-2.0600249352056017e-17,0.32345509243190423,1.1480519337757429e-18,5.7334005838418484e-18,0.1318299318188329,1.03125,0.091309220802713767,0.11132110786772949
9.2533393608899921,0.15709495544433594,0.10320710106508271,0.10555022161810389,-6.2048436315186111e-18,-6.6951652871253773e-18,0.32493304425241143,1.0853573302109347e-18,3.1490104175403721e-18,0.11941524438109274,1.015625,0.1024787900839786,0.11569573520003285
9.2883898887721514,0.1570949554443358,0.10320458023413369,0.10558339508716433,1.2884001854285703e-18,1.2784421064435669e-17,0.32649218120979723,9.4832121326141858e-19,4.3095779041767721e-18,0.10538921401424961,0.921875,0.1123502275995989,0.11978908376282028
9.323440416654309,0.15709495544433572,0.10320233340492346,0.10560357121611336,-6.2423338611998935e-18,-5.8939695921390724e-19,0.32811994747011214,1.0397300476225097e-18,5.4706549340705047e-18,0.090390744221017325,0.890625,0.12076475196646405,0.12001062347722574
9.3584909445364683,0.15709495544433566,0.10320021495176569,0.10560524641559058,3.7773301977293817e-18,-3.1643775795966335e-17,0.32979539505010169,8.2769801402617959e-19,5.6061338835168898e-18,0.07469183649845082,0.859375,0.12768933022489443,0.11778047252339305
9.3935414724186277,0.15709495544433591,0.10319806187019694,0.10550035937103137,-4.906923455182214e-18,4.086333938010217e-17,0.33150320714883907,6.7950467817939506e-19,9.1522737131439705e-18,0.059103537063533482,0.828125,0.13302886482816004,0.1238419805186292
9.428592000300787,0.15709495544433602,0.10319590292464997,0.10551741927178072,2.7046041426020621e-18,2.4198131933558231e-17,0.33322172124364374,6.5575652958815077e-19,4.7684116812374863e-18,0.042219912419159997,0.703125,0.13708092234758482,0.12780512374169486
9.4636425281829464,0.15709495544433563,0.10319402244175972,0.10556432779705539,-1.2990996442364857e-18,-6.6144559836767165e-18,0.33493303332507662,3.7050081380740152e-19,5.2285557123884845e-18,0.024944064970442083,0.640625,0.13967071949284349,0.14920804743272079
9.4986930560651057,0.15709495544433555,0.10319232426010641,0.10561277356285935,2.2042570098445805e-18,-3.1327846894157871e-17,0.33661633959574244,1.3611070863922246e-19,5.3847141771486953e-18,0.012055973445579212,0.546875,0.14082612145290879,0.16163399279293247
9.5337435839472633,0.15709495544433577,0.10319083781087517,0.10560360938969794,-4.6634475815218136e-18,-8.3573725491737526e-18,0.33825602834063073,1.2990830161114672e-19,7.0592519917561441e-18,0.013617052786645189,0.515625,0.14045839006215288,0.16760819196584428
9.5687941118294226,0.15709495544433574,0.10318954080315799,0.10554895827027985,-3.7946852254020591e-18,3.3227295699537587e-18,0.3398370429752931,2.763548387993724e-20,2.4591020820017445e-18,0.027119995533882366,0.4375,0.13873002979217466,0.16893149370508068
9.603844639711582,0.15709495544433569,0.10318841742489951,0.10552446011517497,9.7552947538959358e-18,-3.1520605648114593e-17,0.34134400430045714,1.3640808006943527e-19,4.3187728438659115e-18,0.042708597808771745,0.34375,0.13585196294915766,0.17160950195047178
9.6388951675937413,0.15709495544433591,0.10318742242084113,0.10555228408181948,-2.9899511267154862e-19,-2.0817608436500328e-18,0.34276480351287797,2.2832314896540888e-19,5.3596638394781394e-18,0.058495403070541199,0.28125,0.13183761520108725,0.17028691375829355
9.6739456954759007,0.15709495544433577,0.10318646433469475,0.10555725071887462,6.0959113461750523e-18,2.5542219853412282e-17,0.3440952951480985,2.8482702942829365e-19,5.2851216313973108e-18,0.073536199118220499,0.21875,0.12653928527190769,0.16582001448626277
9.70899622335806,0.15709495544433622,0.1031854001582334,0.1055845483668382,9.7004494965419505e-18,1.6590058491767043e-17,0.34531984441426988,6.5522940874280136e-20,4.2723944812812884e-18,0.087953626692444623,0.15625,0.12012575225980326,0.15922995620795158
9.7440467512402176,0.15709495544433608,0.10318418354272615,0.10559019721478335,1.313960939777553e-17,2.6032541509018999e-19,0.34642783858967052,2.1100033257732337e-19,4.639715612814036e-18,0.10146353339312462,0.09375,0.11278595686330188,0.15985645963511816
9.7790972791223769,0.15709495544433583,0.103182842270183,0.10559080311603634,4.2345425044266145e-18,3.4162782239719278e-17,0.34740625438795114,2.32138933131116e-19,3.5664322244142316e-18,0.11412859733197359,0.0625,0.10464530317097832,0.16932323200737054
9.8141478070045363,0.15709495544433613,0.10318143446816176,0.1055711006217824,3.1871750091511241e-18,3.4168511083805335e-17,0.34825171140182998,5.5919477360116053e-20,3.8904024744043002e-18,0.12569298245922025,0,0.095781598057138859,0.17363082029637097
9.8491983348866956,0.15709495544433594,0.10317999550110846,0.10554512976113095,8.2387517775080525e-18,4.7641235915647784e-17,0.3489516929017662,1.9250870998370044e-20,3.5031727598886262e-18,0.136167541147035,0.03125,0.086276222430095389,0.17275072549548798
9.8842488627688549,0.15709495544433555,0.10317858387425713,0.10552364739880399,-3.7108587567888789e-18,-2.0141436338923069e-17,0.34950056156977483,-7.2821258816412068e-20,3.3835458997012074e-18,0.14549845621789173,0.0625,0.076302319735806201,0.1688054595048111
9.9192993906510143,0.15709495544433535,0.10317725293973073,0.10550124690559756,3.786428950101473e-18,-2.1858910096861166e-17,0.34989590975505963,-1.2863299590174309e-19,2.8156632481264024e-18,0.15362062817240113,0.140625,0.065998600485613249,0.16291913936237751
9.9543499185331736,0.15709495544433591,0.10317601151180561,0.10552501469353649,1.9757772280566801e-18,3.1785985925633673e-17,0.35013566030742566,-6.7287006928126036e-21,3.1402555379371109e-18,0.16070554167535334,0.203125,0.055562007403746533,0.15610467188363006
9.9894004464153312,0.15709495544433569,0.10317483652747471,0.10554739830858044,2.7663577119422326e-18,7.277620235270223e-17,0.3502197064264112,-2.0007886015463261e-19,2.7671507595613924e-18,0.16651355809433285,0.203125,0.045243355737018341,0.15027179338924018
10.024450974297491,0.15709495544433572,0.10317369519938802,0.10555850535281294,5.4021314778036242e-18,-2.2529858836595185e-17,0.35014874760218095,-2.2343389115976107e-19,2.4917690987526887e-18,0.1709896118599141,0.234375,0.035585600995282581,0.14337432236110803
10.05950150217965,0.1570949554443356,0.10317256145278021,0.1055673512888721,2.0573290085768474e-19,-2.8210681729647485e-17,0.34992609954463055,-1.9504887824727422e-19,2.5779249226337618e-18,0.17418425062686199,0.234375,0.02774421574858979,0.13584489504653324
10.094552030061809,0.1570949554443356,0.10317143495263566,0.10556971102840439,1.1853652395854316e-19,2.4825271865574923e-17,0.34955422920855933,-1.1623790121778911e-19,1.6191994316276512e-18,0.17606352543450779,0.234375,0.023936413245893969,0.1275555055206414
10.129602557943969,0.15709495544433597,0.10317030974464096,0.1055673512888721,3.6420283800481946e-18,6.0587581073223677e-18,0.34903833619260854,-3.5645280546441345e-19,2.656718839063113e-18,0.17663536160866741,0.234375,0.026146736400582349,0.11834186146507134
10.164653085826128,0.15709495544433616,0.10316917362736658,0.10555850535281294,8.0783441430964806e-18,9.0972359133556248e-18,0.34838541280478563,-5.9906539611409931e-19,2.9854139447120845e-18,0.17591529428476838,0.234375,0.033167520608040187,0.10888796084895126
10.199703613708285,0.15709495544433594,0.10316802986449233,0.10554739830858044,-3.026093393082376e-18,3.4455121783526038e-17,0.3476034131380612,-5.8214810502131793e-19,1.1639324573682657e-18,0.17388724393117991,0.203125,0.042542988886580396,0.10084295801046744
10.234754141590445,0.15709495544433622,0.10316687105387465,0.10552501469353649,6.6300418094992431e-18,3.5469969663841967e-18,0.34670130539611077,-6.2277197887956281e-19,8.7800920683318612e-19,0.17050410582950926,0.203125,0.052840294927973465,0.098029542901353114
10.269804669472604,0.15709495544433563,0.10316559967831708,0.10550124690559755,1.2041861773625023e-17,1.9599386591126849e-18,0.34568969036539293,-6.0883134891984178e-19,-3.8308388528555818e-19,0.16580263952778015,0.140625,0.063410957457371603,0.095066263289955225
10.304855197354764,0.15709495544433577,0.10316439833500324,0.10552364739880399,1.1498969548757313e-18,2.6312749382996385e-17,0.34457947933913496,-7.6686270568323747e-19,2.5213490774575849e-18,0.15995503819520493,0.0625,0.073919602152390129,0.091946296943790792
10.339905725236923,0.15709495544433597,0.10316321135693922,0.10554512976113098,9.9207151268828412e-18,5.8509358633273896e-17,0.34338162569250108,-1.0324000900219476e-18,1.4232999015179428e-18,0.15284365422224899,0.03125,0.084127737866389815,0.091440983546298857
10.374956253119082,0.15709495544433613,0.10316180568986714,0.1055711006217824,-7.800242461797868e-18,3.9259431531400806e-18,0.34210637215709794,-1.0413296081320341e-18,2.5059734442314493e-18,0.14454399609941504,0,0.093922968407136875,0.091318820694565997
10.41000678100124,0.15709495544433544,0.10316040882966099,0.10559080311603633,-1.2682649834199792e-18,-1.7741724648492986e-17,0.34076854397932477,-1.0303465107537082e-18,1.0543475698172406e-18,0.13494272979031804,0.0625,0.10318125863567223,0.091197573854363334
10.445057308883399,0.15709495544433583,0.10315896644982291,0.10559019721478342,7.8081196224163071e-18,2.1266143229361234e-17,0.33938041187760598,-1.13510800475536e-18,-1.0061824971095029e-19,0.12392134327399226,0.09375,0.11176696033981759,0.096074384279428035
10.480107836765558,0.15709495544433624,0.10315746755424518,0.10558454836683817,5.0806422273232946e-18,2.4461490266105747e-17,0.33795508027062754,-1.1796378254660803e-18,1.5682848105637873e-18,0.11165572365345316,0.15625,0.11963229442115697,0.099875756156241793
10.515158364647718,0.1570949554443363,0.10315590084712246,0.10555725071887459,2.7372080052686927e-19,-7.799450533350659e-17,0.3365061429627309,-1.3396360626297622e-18,-1.5834916989449622e-18,0.098235233275022232,0.21875,0.12668217519316699,0.10265060222748057
10.550208892529877,0.15709495544433622,0.10315425265435847,0.10555228408181948,-5.6559698194433295e-18,1.5684901126158953e-17,0.33504766430483246,-1.0587418634238519e-18,-5.3722402935113957e-19,0.083895441454289718,0.28125,0.13293953491150787,0.10453008053059359
10.585259420412036,0.15709495544433594,0.10315256111876814,0.10552446011517497,4.614836654496877e-18,1.1837645331495996e-17,0.33359892196360191,-7.755305245270275e-19,-1.4518905722102257e-18,0.068431997614398596,0.34375,0.13825692956786051,0.10549096986114291
10.620309948294194,0.15709495544433594,0.10315089336505634,0.10554895827027985,-1.6730752162705785e-18,-3.8468851047515303e-17,0.33217517197750457,-8.547883341836561e-19,8.969367536096245e-19,0.053116651100387019,0.4375,0.14272767058225697,0.10670212966703137
10.655360476176353,0.15709495544433577,0.10314925046495448,0.10560360938969783,-4.2222844630364471e-18,1.2519209282330843e-17,0.33078936615602467,-1.0470345694192358e-18,-1.8474053277412307e-18,0.037186638291082021,0.515625,0.14624699705706118,0.10832001723997108
10.690411004058513,0.15709495544433605,0.10314764461442409,0.10561277356285932,-6.9273940918813949e-18,-1.189476527694296e-17,0.3294556402893779,-1.0398836964212915e-18,4.0467826235686752e-19,0.022036883186370461,0.546875,0.14858880813029612,0.11012829747615102
10.725461531940672,0.15709495544433583,0.10314607311539373,0.10556432779705532,-5.8547944083148156e-18,2.8690725164982046e-17,0.3281852765392626,-9.6568306223465893e-19,-4.187155173518924e-19,0.013080156896828243,0.640625,0.14958913227424683,0.11197130560482937
10.760512059822831,0.15709495544433577,0.10314452008225698,0.10551741927178075,-5.729728687052233e-18,2.9475576804781477e-17,0.32698988166284226,-6.9022597289384799e-19,-6.2809974580744029e-19,0.023554023017552137,0.703125,0.14924495219276937,0.11372417518576483
10.795562587704991,0.15709495544433613,0.10314295876453196,0.1055003593710314,-1.2944407460311458e-17,4.9014810533003864e-17,0.32588327210414114,-6.1363773356786943e-19,-2.4914283003403168e-18,0.039559048076697509,0.828125,0.14745253545079581,0.11530827494688299
10.83061311558715,0.15709495544433641,0.10314140194172408,0.10560524641559058,-2.1080377035097769e-17,3.1777561154918685e-17,0.32487263774350228,-3.5987112934578884e-19,-2.2241662444244336e-18,0.056545574095913834,0.859375,0.14419862155712068,0.11662234512882463
10.865663643469308,0.15709495544433566,0.10313986023886629,0.10560357121611338,-1.3460214047330814e-17,-2.367158376387748e-17,0.32396568995496694,-1.853390186268205e-19,4.2997840857241442e-19,0.074305320449671891,0.890625,0.13923641689689439,0.11755610310595006
10.900714171351467,0.15709495544433574,0.10313831950414983,0.10558339508716436,-1.4631762662943815e-17,-2.8986266121660501e-17,0.32317065969984199,-1.109145803857041e-20,-2.8698204171914742e-19,0.091722693996949337,0.921875,0.13262075191583503,0.11805451399062149
10.935764699233626,0.15709495544433605,0.10313678596123238,0.10555022161810389,-1.9754360248427252e-17,7.2405849432075378e-18,0.32249387566769278,5.8035146873085275e-20,-9.6639510964570223e-19,0.10845018962587225,1.015625,0.12434353896452519,0.11816900503818581
10.970815227115786,0.15709495544433605,0.10313526379708596,0.1055582479506534,-1.1812497390912032e-17,2.7596010458288821e-17,0.3219395651698414,1.3148154743743429e-19,-1.477369389438084e-18,0.12389843634970774,1.03125,0.11447758449200041,0.11793764247328953
11.005865754997945,0.15709495544433544,0.10313375951069238,0.10553285249286366,-1.3592525071408226e-17,-2.2595235057342795e-19,0.32151169021880782,1.8955246987201249e-19,-7.1487926387037843e-19,0.1384007165527934,1.0625,0.1030772626147419,0.11728855225670538
11.040916282880104,0.15709495544433566,0.10313227752524094,0.10551481140237472,-1.7504988591404473e-17,4.3045523490673789e-18,0.32121295274642975,3.3913565009364511e-19,-8.4508080100867519e-19,0.15139069519749979,1.15625,0.090279252764795509,0.11723929485702658
11.075966810762262,0.15709495544433591,0.10313082372693855,0.10555616880877641,-8.1857599697113769e-18,-2.1813247839586369e-17,0.32104478177526774,6.431028375651974e-19,-1.258202923058484e-18,0.16212959613779893,1.1875,0.076243667439094484,0.11763200126597093
11.111017338644421,0.15709495544433588,0.10312940002419051,0.10557813409527977,-1.0403833603528378e-17,-4.6002618011601133e-18,0.32100718574009757,5.4196025874346506e-19,-1.1099159090073279e-18,0.17112713504311922,1.1875,0.061136258892999749,0.11771695671868256
11.146067866526581,0.1570949554443363,0.10312800161214383,0.10558090416116409,-1.1908581900915366e-17,-1.0113600252400291e-17,0.32109884106612113,7.188619834234564e-19,-1.0841111826181236e-18,0.17823804908152555,1.1875,0.045214181365776915,0.11744689478149922
11.18111839440874,0.15709495544433547,0.10312662610478772,0.10557720157503349,-1.7184004827167074e-18,2.1641214021588317e-17,0.32131700781003236,8.2648120549571995e-19,-1.3706912145595703e-18,0.18322598223074593,1.1875,0.028860737323121357,0.11673390227572451
11.216168922290899,0.15709495544433563,0.10312527474272391,0.10557505377127853,-1.8929196080757119e-18,-1.3947544909333796e-17,0.32165788006936125,8.8880406892336798e-19,-1.0018414532548246e-18,0.18593115636622029,1.1875,0.013237998685910227,0.11529175309800015
11.251219450173059,0.15709495544433569,0.10312393451603451,0.10557720157503349,-1.8813355483427334e-18,2.6159587051399646e-17,0.3221168504609449,1.1230906731174013e-18,-1.8437144478480191e-18,0.18629043169058887,1.1875,0.010492794501816644,0.11261277006870096
11.286269978055216,0.15709495544433622,0.10312259425462633,0.10558090416116404,-1.1118254160151273e-17,8.2655425483813968e-18,0.32268793047171973,1.1891389770782292e-18,-7.4371147130152676e-19,0.18429938804582455,1.1875,0.0253125370614454,0.10800976651378999
11.321320505937376,0.15709495544433533,0.10312125784434503,0.10557813409527976,-5.9201285052088291e-18,8.8123101677779944e-18,0.32336423232274469,1.2687397823457318e-18,-1.6119599469065872e-18,0.18005715596708141,1.1875,0.041650713451457606,0.099963718949269129
11.356371033819535,0.15709495544433627,0.10311994168866419,0.1055561688087764,-4.854689876749867e-18,2.2303737990607382e-18,0.32413790632701756,1.1528755082708752e-18,-3.4786253480305026e-19,0.17378919335956738,1.1875,0.057675323135738851,0.091682415425707167
11.391421561701694,0.15709495544433572,0.10311863400267871,0.1055148114023747,-8.8189236127891631e-18,-5.3106384678398879e-18,0.32500369391094003,1.3031281878007929e-18,-3.0007134773218653e-19,0.16561757017242698,1.15625,0.072965570573846769,0.090126294924873646
11.426472089583854,0.15709495544433633,0.10311739344687006,0.10553285249286366,-4.6375835354270756e-18,-1.4020503423724707e-17,0.32595015493030927,1.4014896303067571e-18,-1.579043121610652e-18,0.15496801362164667,1.0625,0.087341715370281597,0.088040962259998565
11.461522617466013,0.15709495544433616,0.10311615729763099,0.10555824795065341,6.918000472534284e-18,4.7733065916440049e-17,0.32696763402140266,1.5692537751032107e-18,-3.0838947597201978e-19,0.14249731731539042,1.03125,0.10056987957458988,0.087943299049532214
11.496573145348171,0.15709495544433574,0.10311487968657548,0.10555022161810386,6.3067833571688233e-19,-1.026912151979725e-17,0.3280490404965557,1.5715510624594236e-18,-1.8822395576970638e-18,0.12871312715257011,1.015625,0.11246689050532602,0.08784630848326766
11.53162367323033,0.15709495544433597,0.10311363835605128,0.10558339508716438,7.1599598874660166e-18,-1.2700004861872429e-17,0.32918023002744073,1.4176131899030056e-18,8.6341112338285029e-20,0.1132390522562199,0.921875,0.12297000053983778,0.087749984173323484
11.566674201112489,0.15709495544433627,0.1031123856377838,0.10560357121611336,-3.7214739678896273e-18,-2.5047685812447987e-17,0.33035153588889704,1.378505460559388e-18,-7.5759487070261677e-19,0.096764888920340908,0.890625,0.13193428578261418,0.087654319808577671
11.601724728994649,0.15709495544433563,0.10311106423057059,0.10560524641559058,4.2933474040165727e-18,-5.8820064177239275e-18,0.3315491315901955,1.5082662396781647e-18,-9.1151333036403395e-19,0.079527849423992575,0.859375,0.13930720150750675,0.087559309154038131
11.636775256876808,0.15709495544433588,0.10310979671574787,0.10550035937103143,-1.1598381843193041e-18,-5.500701295167866e-18,0.33275831547764323,1.4646375546966385e-18,-6.2819735311972155e-19,0.06238582299610719,0.828125,0.14498111894221136,0.087464946050012538
11.671825784758967,0.15709495544433605,0.10310862649845944,0.10551741927178072,3.7137231788319308e-18,-5.114846796425766e-18,0.33396667927775842,1.1232112993151663e-18,1.9336173999039575e-20,0.043956116511392508,0.703125,0.14921633394213635,0.098066734528418631
11.706876312641127,0.15709495544433608,0.10310754844971927,0.10556432779705532,6.6300418094992493e-18,-4.5118017086537327e-18,0.33516036204027511,1.0287785640532198e-18,2.6120577034301499e-18,0.025150779604201746,0.640625,0.15188004140865688,0.11077554060897082
11.741926840523284,0.15709495544433622,0.10310658952455773,0.10561277356285931,-3.6525593434418049e-18,8.6207308817212798e-18,0.33632713959127886,8.0286925736221135e-19,7.3966159502246713e-19,0.009478233025441412,0.546875,0.15298648842436235,0.12043205099034583
11.776977368405444,0.15709495544433594,0.10310574542921952,0.10560360938969791,6.5935204284501946e-18,-9.3125730528282986e-18,0.33745661283528633,7.745743037389162e-19,-1.0360801131696195e-18,0.014439405583662615,0.515625,0.15248324290739096,0.1298038453054382
11.812027896287603,0.1570949554443361,0.10310502617080082,0.10554895827027985,1.0716224101636592e-17,7.8653659394239914e-18,0.33853762328450798,5.8041125837950385e-19,6.5065696111176136e-19,0.030587060151628792,0.4375,0.15049232146355546,0.1351385932361798
11.847078424169762,0.15709495544433627,0.10310441331580965,0.10552446011517497,5.3886939685133514e-18,2.263499997511697e-17,0.33956021106069412,6.1495618191609653e-19,-3.6364514089056203e-20,0.04781820602803058,0.34375,0.14719240818127435,0.13724505027492054
11.882128952051922,0.15709495544433569,0.10310388250545395,0.10555228408181952,6.5716581484450579e-18,1.1193318867221005e-17,0.34051507678804133,8.4664671853172343e-19,1.1657770701342589e-18,0.064958167266780956,0.28125,0.14265958111883628,0.13672008699164245
11.917179479934081,0.15709495544433541,0.10310340096501894,0.10555725071887462,-4.6374150400128055e-18,-3.7249281238827537e-17,0.34139442491592575,7.5005237938341685e-19,1.5327524401709594e-18,0.081275000670207861,0.21875,0.13689831574615516,0.13408186392586155
11.952230007816238,0.15709495544433619,0.10310290827738473,0.10558454836683819,8.3547608702521136e-18,-3.0492109639240374e-17,0.34219467261514891,5.0480240089878808e-19,2.0245576364480374e-18,0.096880588320192029,0.15625,0.12999442511632003,0.12986580282359478
11.987280535698398,0.15709495544433633,0.10310237530463637,0.10559019721478335,6.1519360714290682e-18,-1.9204433340012587e-17,0.34291198647437598,4.3398166546913844e-19,5.4260732077763467e-19,0.11146147455543191,0.09375,0.12198548818089204,0.12868915904105546
12.022331063580557,0.15709495544433599,0.10310173464127791,0.10559080311603634,8.1722382127139691e-18,2.5068073757578074e-17,0.34353550343636735,5.7123171200457613e-19,1.3256975523203609e-18,0.12504536243951803,0.0625,0.11301342151067191,0.12841446440477153
12.057381591462716,0.15709495544433577,0.10310098399378863,0.1055711006217824,5.4193601339155783e-18,-7.0282807211922492e-18,0.34406138251852275,5.8971329210857478e-19,2.2982766642255095e-18,0.13743636968769427,0,0.10323070854911971,0.12736601173118531
12.092432119344876,0.15709495544433613,0.10310017671364846,0.10554512976113095,1.0568243004029496e-17,6.7325712690994932e-18,0.34448423168942038,5.4879934927396228e-19,2.139750808552172e-19,0.14863860071801585,0.03125,0.092758437293871815,0.12540974066327223
12.127482647227035,0.15709495544433577,0.10309937148514026,0.10552364739880399,1.4483023335972377e-18,7.1492604286581108e-18,0.34479941668418501,4.956542744624403e-19,9.1217176613162616e-19,0.15860391457684514,0.0625,0.081725052671443948,0.12590040067661012
12.162533175109193,0.15709495544433549,0.10309858765662719,0.10550124690559755,5.6982200445785433e-18,3.9796594912182535e-17,0.34500527553140992,3.2444467684545898e-19,1.028943198844512e-18,0.16726015944917347,0.140625,0.070239371282679722,0.12570568906870117
12.197583702991352,0.15709495544433585,0.10309783113742813,0.10552501469353649,-4.6634897053753857e-18,2.5751659653384505e-17,0.34510203536147555,2.2693471984489009e-19,1.2100725919364735e-18,0.1747749713783685,0.203125,0.058471701477547447,0.12352059866768138
12.232634230873511,0.1570949554443358,0.10309711578534689,0.10554739830858044,-4.5597386540214812e-18,-1.0974948810290974e-17,0.34508959940250611,1.692460841002821e-19,1.5549572765343329e-18,0.18088983813100662,0.203125,0.046632400560446652,0.11999941673384164
12.267684758755671,0.15709495544433613,0.10309640952226681,0.10555850535281293,-2.2351337945146546e-18,3.9219329622797915e-17,0.3449678461983256,1.1296888989932808e-19,1.2328581090898592e-18,0.18554357969728799,0.234375,0.035152857483644176,0.11579717218168153
12.30273528663783,0.15709495544433594,0.10309569041493019,0.1055673512888721,1.0626289674255121e-17,2.8361148134615414e-18,0.34474068415775677,4.842105279558018e-21,1.6615709313250675e-18,0.18876496691130501,0.234375,0.025136707799520926,0.11110678031852676
12.337785814519989,0.15709495544433624,0.10309499044164039,0.10556971102840439,-8.2246824104141645e-18,-1.0636273027552249e-17,0.34441133484156022,1.5315134657850228e-19,1.5520456007781463e-18,0.19053245754919418,0.234375,0.019558508435398862,0.10569374168552401
12.372836342402147,0.15709495544433547,0.10309431295768182,0.1055673512888721,2.2281412348213028e-18,-5.6304427641772309e-17,0.34398397741729414,6.3634235504228686e-20,1.8079719735796028e-18,0.19085288838164935,0.234375,0.022279646341072989,0.099783046936347999
12.407886870284306,0.15709495544433622,0.10309365200717897,0.10555850535281294,1.4840654852819538e-18,-3.1937126312258795e-17,0.34346364467742491,-1.455028921303646e-19,1.8937042809870488e-18,0.18971651936188147,0.234375,0.031165160727783185,0.093642171902463878
12.442937398166466,0.15709495544433594,0.10309299718648537,0.10554739830858044,9.5419374355412582e-18,3.1923983669943617e-18,0.34285640655234428,-4.3333917393097062e-19,1.9394854191694087e-18,0.18714499925022132,0.203125,0.042363696928424725,0.087312664985105884
12.477987926048625,0.15709495544433591,0.10309231461241947,0.10552501469353648,3.8225290926147755e-18,-9.0625258580102792e-18,0.3421696645430613,-5.3766769381191349e-19,1.251994105380661e-18,0.18311473087213204,0.203125,0.054270399088312597,0.085379693276776719
12.513038453930784,0.15709495544433599,0.10309162418179812,0.10550124690559753,-2.0757371325888834e-18,-2.2137348768988286e-17,0.34141061356194352,-7.4974897494694929e-19,1.5809489457419741e-18,0.17766128803706804,0.140625,0.066243904268719123,0.085299715209708873
12.548088981812944,0.15709495544433541,0.10309090325610376,0.10552364739880399,1.1491471502821085e-17,-1.0990366140699255e-17,0.34058664692045865,-8.3788749370589139e-19,2.8790682964398171e-18,0.17100843766785706,0.0625,0.078018640145984211,0.085220247583596462
12.583139509695103,0.15709495544433563,0.10309014607110996,0.10554512976113102,2.8974471442659674e-18,-1.1235611216209772e-17,0.33970614241095426,-8.4106796246855684e-19,2.9021449811688214e-18,0.16297235498177659,0.03125,0.089389372771399245,0.085141285902335884
12.618190037577261,0.15709495544433627,0.10308937429184935,0.10557110062178236,-2.895046084612211e-18,4.4346139593638785e-17,0.33877797979113555,-9.5061517250813566e-19,2.0841047143845047e-18,0.15360862808922843,0,0.10021917413552794,0.085062825720234533
12.65324056545942,0.15709495544433605,0.10308859459213544,0.10559080311603634,1.6325099452783679e-18,-5.3075213026753662e-18,0.33781150434947088,-8.2344271261187125e-19,1.8870272790825208e-18,0.14286823828396619,0.0625,0.11042512069521906,0.084984862641331926
12.688291093341579,0.15709495544433574,0.10308779338100517,0.10559019721478342,1.8581674288767776e-18,3.0346866592115704e-18,0.33681582658171022,-7.3907675894234654e-19,1.2307157113033469e-18,0.13067089060419812,0.09375,0.11986944622340678,0.084907392318728944
12.723341621223739,0.15709495544433635,0.10308696081234356,0.10558454836683816,-2.3782285251071066e-18,6.5635787933294473e-17,0.33580028693460601,-8.9537718372842533e-19,1.1445069478630704e-18,0.11719716395872254,0.15625,0.12849248124931595,0.084830410453924893
12.758392149105898,0.15709495544433622,0.10308610451280632,0.10555725071887474,-3.4200356717107615e-18,5.8690659699058294e-17,0.33477583691519058,-7.9037669430646962e-19,1.7017073890073655e-18,0.10245369883126679,0.21875,0.13618486499497828,0.084753912796163455
12.793442676988057,0.15709495544433605,0.10308523514008085,0.10555228408181948,-1.1135440692409665e-18,1.0045106866488229e-17,0.33375345621211439,-6.7291297927553655e-19,7.3219049972988819e-19,0.086751039017609929,0.28125,0.14293799867171697,0.084677895141786155
12.828493204870215,0.15709495544433619,0.10308436088983063,0.10552446011517502,8.2186586993530196e-18,-2.3743110067246842e-17,0.33274578494376461,-8.6691918989833914e-19,1.251120602653805e-18,0.069958801323445147,0.34375,0.14860337144430152,0.084602353333596059
12.863543732752374,0.15709495544433572,0.10308351600730016,0.10554895827027984,-3.9864751307265966e-18,-1.4885643128437115e-17,0.33176206236533007,-8.6745889293628731e-19,8.3440520802306582e-19,0.052720454077616372,0.4375,0.15322828822890489,0.084527283260229666
12.898594260634534,0.15709495544433583,0.10308269905482918,0.10560360938969783,4.7216627471617214e-19,-1.2827892881324514e-17,0.33081100068676023,-7.5409060081689257e-19,2.8121262238271256e-18,0.035210847586559818,0.515625,0.15672419409023666,0.084452680855538878
12.933644788516693,0.15709495544433594,0.10308188699557778,0.10561277356285929,5.4497314323427617e-18,8.3252741727500014e-18,0.32990244760575455,-7.950572990337752e-19,2.4130645178294932e-18,0.017543987673612163,0.546875,0.15888734673200855,0.084652593575607463
12.968695316398852,0.15709495544433638,0.10308109086445666,0.10556432779705539,-5.7311608980737428e-18,-2.5547611706669713e-17,0.32904520155292616,-8.5655906291884218e-19,1.6520930958664349e-18,0.01043016951249345,0.640625,0.15956667375718825,0.085948371179112901
13.003745844281012,0.15709495544433602,0.10308031267760968,0.10551741927178075,2.7232650097355498e-18,2.0024163530571701e-17,0.32824571286660348,-4.7712277917835289e-19,4.676465593068542e-19,0.025523412709750254,0.703125,0.15876304783697204,0.087067428959985052
13.038796372163169,0.15709495544433569,0.10307954463699522,0.10550035937103139,7.9750143302783429e-18,2.1321156982129504e-17,0.3275110259878295,-3.0362242117717961e-19,1.3075905687115751e-18,0.044562551176199991,0.828125,0.15638325349509066,0.087919721765761016
13.073846900045329,0.15709495544433633,0.10307878081794364,0.10560524641559058,3.5253874295004944e-18,-2.7985403360731123e-18,0.32684754055895454,-5.8303772484542164e-19,1.0467408169042029e-18,0.063076811687967749,0.859375,0.15244095366605509,0.088468535918600641
13.108897427927488,0.1570949554443358,0.10307800966370451,0.10560357121611337,-1.5640586832198659e-19,-1.4459181234849228e-17,0.32626229954677316,-6.5388023838963615e-19,1.8881588621604933e-18,0.081976823025703624,0.890625,0.14668935875236871,0.088773074358078102
13.143947955809647,0.15709495544433585,0.10307725439043916,0.10558339508716436,-1.8671398096881371e-18,-5.0211633460761631e-19,0.32575843980094793,-6.5784614291182457e-19,1.0355937309694383e-18,0.10035269757946495,0.921875,0.1392033516126816,0.088742331647795478
13.178998483691807,0.15709495544433558,0.10307651065406896,0.10555022161810389,-4.652032017203139e-18,1.1546401007882175e-17,0.32533974945177602,-8.2971177230274287e-19,1.4387516353604334e-18,0.11796761567661128,1.015625,0.12999995994012595,0.088148597685985805
13.214049011573966,0.15709495544433563,0.10307578036723747,0.1055582479506533,-7.4064265547302231e-18,3.9456992404665165e-17,0.32500946607488562,-8.7554958528175969e-19,4.5003919278805045e-19,0.13409661830109645,1.03125,0.11917705973920255,0.087030679900742661
13.249099539456124,0.15709495544433563,0.10307506243338305,0.10553285249286366,-6.6963447550254751e-18,2.4517683486774178e-17,0.32476962050193425,-7.9549321029189357e-19,8.5872266367089973e-19,0.14914815172174972,1.0625,0.10678943247223067,0.087144412831652515
13.284150067338283,0.15709495544433574,0.10307435623900293,0.10551481140237472,-2.0019782649799991e-18,2.8080182031273773e-17,0.3246214442686266,-5.9700602658157198e-19,1.1022512534514115e-19,0.16254072459027488,1.15625,0.092991245716568763,0.08687795302326605
13.319200595220442,0.15709495544433569,0.10307366258298724,0.1055561688087764,-6.4853884963245549e-18,3.4527237820845571e-17,0.32456526031970334,-6.8216813512833045e-19,2.1473277829631577e-19,0.17355291249025237,1.1875,0.077959854714100316,0.086578961478807739
13.354251123102602,0.15709495544433594,0.10307298098321192,0.10557813409527976,-1.3588312686050738e-18,4.2367750686660582e-17,0.32460050578533811,-5.4750433340152516e-19,-2.7529232530254803e-19,0.18272572602980999,1.1875,0.061855935798780431,0.086618155867175986
13.389301650984761,0.15709495544433574,0.10307231151617946,0.10558090416116409,-4.5485337089706751e-18,-2.8433853905884976e-17,0.32472561432592911,-4.3997290879646588e-19,-3.7363913705142771e-19,0.18988044915987853,1.1875,0.044935681537911505,0.086376979559062747
13.42435217886692,0.15709495544433588,0.10307165411142546,0.10557720157503349,-3.5046203696882934e-18,1.5427355885404711e-17,0.32493830135690627,-3.6640925538028747e-19,-9.1257873899300225e-19,0.19477791576835901,1.1875,0.027568421333416485,0.085791691332994552
13.459402706749078,0.1570949554443358,0.10307100938403078,0.10557505377127853,-4.4249844464367696e-18,3.9395323083032107e-17,0.32523570868530388,-4.1789366171453268e-19,-1.2512033207150603e-18,0.19726079563815696,1.1875,0.010964454112278881,0.084735759511165853
13.494453234631237,0.15709495544433555,0.10307037435744816,0.10557720157503349,1.7531105380620651e-18,5.8979208096043634e-17,0.32561361093931579,-4.6835891691062721e-19,-1.0183536326426081e-18,0.19726199155638649,1.1875,0.011638452526815874,0.083252260488381427
13.529503762513396,0.15709495544433605,0.10306975239990755,0.10558090416116404,-4.6449973336561898e-19,4.3235923308830268e-17,0.32606761735625811,-5.4969827487995722e-19,-3.4937296660157209e-19,0.19481340605113698,1.1875,0.028345722005759345,0.083185428934847289
13.564554290395556,0.15709495544433585,0.10306913647216596,0.10557813409527972,-5.4383158680240848e-18,5.2833590602650598e-17,0.32659296481253031,-4.2081098556333943e-19,-7.3663411398052305e-19,0.1900477830306074,1.1875,0.045653747928852344,0.083118995637152485
13.599604818277715,0.15709495544433605,0.10306851517603786,0.1055561688087764,6.1302844106918048e-19,-4.5524091034995173e-17,0.32718513476269578,-3.2708360271935335e-19,-1.9182053707308695e-18,0.18314588049048414,1.1875,0.062469585959190138,0.083052957318805173
13.634655346159875,0.15709495544433638,0.10306794100145963,0.1055148114023747,-7.0138322394161803e-18,-2.4396788027015348e-17,0.32783593099073799,-3.9463869371412899e-19,-4.9465896939038587e-19,0.17426525736556037,1.15625,0.078458082564707363,0.082987310737587486
13.669705874042034,0.1570949554443363,0.10306736538985835,0.10553285249286366,-7.8610693063593852e-18,4.4446562860560302e-18,0.32853906918546111,-1.6610581568934671e-19,-2.3448965635489982e-18,0.16280465674829031,1.0625,0.093450216793703592,0.082922052685120345
13.704756401924191,0.15709495544433555,0.1030667365644016,0.1055582479506534,-6.9779427161707747e-18,2.5413657852303053e-17,0.32928778833360545,-5.4084196225408166e-20,-2.0957067496561735e-18,0.14942154887769565,1.03125,0.10722249392355022,0.082857179986578142
13.739806929806351,0.15709495544433583,0.10306604590177133,0.10555022161810386,-5.4546177993574033e-18,-1.9916157970006797e-18,0.33007473609348698,4.0346626181371834e-20,-2.8379044804367282e-18,0.13469577022180623,1.015625,0.11959523333586361,0.082792689500328989
13.77485745768851,0.15709495544433572,0.10306533266904253,0.10558339508716438,-1.1279672767048655e-17,3.1038877258637011e-17,0.33089326882837694,3.1966761833508575e-19,-2.5818457587372632e-18,0.11824530680608906,0.921875,0.13051099214479769,0.082728578117279128
13.809907985570669,0.15709495544433597,0.10306460840447597,0.10560357121611336,-4.0434687046128404e-18,4.5633613054288801e-18,0.33173262396472802,4.3448795170280918e-19,-2.8551462331247835e-18,0.10072291037973777,0.890625,0.13982454590685731,0.082664842760444834
13.844958513452829,0.1570949554443358,0.10306389861506154,0.10560524641559058,-1.7606085839983169e-18,5.4934475675823456e-17,0.33258308181508695,7.8303985107354289e-19,-1.3842569766054399e-18,0.082416015988293831,0.859375,0.14747445445006183,0.082601480384776216
13.880009041334988,0.1570949554443361,0.10306324129870371,0.10550035937103143,-1.0575951669233625e-17,7.4027617794692228e-18,0.33343640551246395,1.0439170807868883e-18,-2.7266751578279477e-18,0.064206431034278255,0.828125,0.15334404485826167,0.082538487976836258
13.915059569217146,0.15709495544433549,0.10306259328022442,0.10551741927178078,-6.2860162973566217e-18,3.8523949047990809e-18,0.3342828200957218,1.1184867926230843e-18,-3.022251606111521e-18,0.044691627949962842,0.703125,0.15768528388441003,0.082475862554039769
13.950110097099305,0.15709495544433577,0.10306200531192475,0.10556432779705532,-3.6751798528113025e-18,-4.2664218368117709e-17,0.33511307073699459,1.1575581260197496e-18,-2.0267149234855757e-18,0.024799993040305664,0.640625,0.16037481292743613,0.087224914137748868
13.985160624981464,0.1570949554443358,0.10306146853753741,0.10561277356285931,2.8305965886432892e-18,1.6465708876015268e-17,0.33592032960583351,1.2323956375792597e-18,-3.1292912589177205e-18,0.0075290010489199345,0.546875,0.16143363510620781,0.096806867691659845
14.020211152863624,0.15709495544433594,0.10306099511424294,0.10560360938969791,-5.014971139600714e-18,2.2233222659723775e-17,0.33669701103373101,1.4976940959679127e-18,-3.9420400513235355e-18,0.015707948200903529,0.515625,0.16082230941385045,0.1032041955809628
14.055261680745783,0.15709495544433552,0.10306058464165706,0.10554895827027985,8.4222011598248673e-18,7.044540528672004e-18,0.33743560528078714,1.522460542667301e-18,-3.1310953398336986e-18,0.033909284606952361,0.4375,0.15863774924441049,0.10714929689657814
14.090312208627942,0.15709495544433597,0.10306022334524242,0.10552446011517497,-1.2236558224846171e-18,-3.7686526838930341e-18,0.33812944362167868,1.6076518610294403e-18,-3.1494273165690988e-18,0.052211751181638295,0.34375,0.15504968811462053,0.10913384701087303
14.1253627365101,0.15709495544433602,0.1030599047230077,0.10555228408181948,9.2089694349618985e-18,3.5578480710649833e-17,0.33877202047449317,1.7084337891040995e-18,-1.9884545114325479e-18,0.070244615563711532,0.28125,0.1501529088003738,0.1094061882495526
14.160413264392259,0.15709495544433591,0.10305962072426322,0.10555725071887459,7.1436368942059148e-18,2.0289965046626584e-17,0.33935766958386471,1.7289018563738413e-18,-3.0839071674293861e-18,0.087375867951616629,0.21875,0.14395750603376692,0.10818638306419842
14.195463792274419,0.15709495544433591,0.10305933962896006,0.1055845483668382,9.6890971180036508e-18,-4.0476810899702885e-18,0.33988306648668398,1.5127271600981778e-18,-3.8025277692103418e-18,0.10370896157793702,0.15625,0.13659453166405625,0.10574664739402714
14.230514320156578,0.15709495544433622,0.10305905245668504,0.10559019721478335,9.1507332073951907e-18,3.1198105425148391e-17,0.34034349288621124,1.4592204651873024e-18,-1.9445576906855838e-18,0.11893991901118248,0.09375,0.12812394516522974,0.10238524259272261
14.265564848038737,0.15709495544433585,0.10305874587361961,0.10559080311603632,9.9070038125443599e-18,3.7617864957603993e-17,0.34073566508968667,1.3757760747306927e-18,-2.5024364199321725e-18,0.13308603631103974,0.0625,0.11864139491207711,0.10035280187568767
14.300615375920897,0.15709495544433597,0.10305840777423995,0.10557110062178238,1.1716855181371217e-17,2.2653028984446884e-17,0.34105826013847568,1.2738825710091271e-18,-2.8283935577535935e-18,0.14595474649453427,0,0.10825106758681607,0.10039432966340099
14.335665903803054,0.15709495544433594,0.10305802025295263,0.10554512976113095,1.3081499541769569e-17,2.8180773793609555e-17,0.34130837987932561,1.1581768183438481e-18,-2.5030733490038383e-18,0.15754856067954146,0.03125,0.09706754527204936,0.099418882822785493
14.370716431685214,0.15709495544433569,0.10305758497918451,0.10552364739880389,1.6438012442290069e-17,-1.5326342884533163e-17,0.34148260939658553,1.0563200078372674e-18,-3.1462343994046442e-18,0.16786273867177395,0.0625,0.085234999115455692,0.097530184255886054
14.405766959567373,0.1570949554443356,0.10305713019835271,0.10550124690559755,1.1805778636266937e-17,-1.402699049717524e-17,0.34157986212831526,8.9064356350932106e-19,-3.079336167364418e-18,0.17680310606595467,0.140625,0.072874218573691141,0.094825409819181875
14.440817487449532,0.15709495544433597,0.10305668353744749,0.10552501469353649,2.2732516696141898e-17,2.4232504998075001e-17,0.34160010682875031,9.0291754085702138e-19,-3.1215744909832133e-18,0.18451873819042944,0.203125,0.060150313654676088,0.091372292914566181
14.475868015331692,0.15709495544433541,0.10305625142823023,0.10554739830858044,1.642476449034093e-17,3.8772479784080176e-17,0.34154380809260593,7.8844795791841458e-19,-3.4077194259224571e-18,0.1907654543987661,0.203125,0.047236666411847088,0.087274437390104306
14.510918543213851,0.1570949554443361,0.10305583555532723,0.10555850535281293,9.7509981208313141e-18,-1.5941098403598856e-17,0.34141222066943144,4.8921720663434092e-19,-3.3571538750770905e-18,0.19547428360643032,0.234375,0.034496717694634998,0.082672461427040059
14.54596907109601,0.15709495544433585,0.10305543298584555,0.1055673512888721,5.5232586187569926e-18,-1.0121940775408065e-17,0.3412077577960419,3.1293604835952335e-19,-3.8179232547711788e-18,0.19866502746193079,0.234375,0.02290155414547846,0.081408135211849406
14.581019598978168,0.15709495544433608,0.10305505251301576,0.10556971102840439,5.4855156459542642e-18,1.6645409235363904e-17,0.34093353168166218,6.4388643609922654e-20,-3.1121462863613339e-18,0.20030750911441009,0.234375,0.015933040679329016,0.081351954404069768
14.616070126860327,0.15709495544433594,0.10305469946604769,0.1055673512888721,1.0037945811380577e-17,-1.5599473951109968e-17,0.34059283106315402,-1.69974862531684e-19,-3.0466716321553115e-18,0.20040302323797998,0.234375,0.019671681943304695,0.08129608689037511
14.651120654742487,0.15709495544433577,0.10305434934689403,0.10555850535281294,1.4254353996843396e-17,6.3991188442040481e-18,0.34018898781677748,-2.1455793299433738e-19,-3.8299322629042236e-18,0.19896416855732679,0.234375,0.030346976101387077,0.081240530258602658
14.686171182624646,0.15709495544433563,0.1030540012835285,0.10554739830858044,4.3628938862680135e-18,-2.0309257771563726e-17,0.3397265431700327,-3.6623702086711744e-19,-3.6539479332223419e-18,0.19599440274670554,0.203125,0.042911853000559649,0.081185282120278882
14.721221710506805,0.15709495544433627,0.10305364968933028,0.10552501469353648,1.3250395132676355e-17,2.0906237024420951e-17,0.33921058843408214,-3.515159589241497e-19,-3.5667837761745666e-18,0.19145921767559859,0.203125,0.055879649302921448,0.081130340110341037
14.756272238388965,0.15709495544433594,0.10305328319095573,0.10550124690559753,4.2139439400286983e-18,-2.095855485056048e-17,0.33864647444459206,-6.1169851201931543e-19,-3.3299834734965612e-18,0.18543887530706629,0.140625,0.068759819818433612,0.081075701886862847
14.791322766271122,0.15709495544433605,0.10305288859252877,0.10552364739880399,1.4004559545146797e-17,-4.1948281352766036e-17,0.33803982017259349,-8.2301232019940226e-19,-1.8270633021173267e-18,0.17816347244892972,0.0625,0.081338945951004507,0.081021365130783382
14.826373294153282,0.15709495544433585,0.10305246791597727,0.10554512976113099,3.5108125761637399e-18,-2.4096529198736647e-18,0.33739678818917834,-9.9018651719804363e-19,-2.7520183174353473e-18,0.16942424505260628,0.03125,0.093438534774515525,0.080967327545638068
14.861423822035441,0.15709495544433583,0.10305203117922644,0.10557110062178236,4.916885746552577e-18,-1.2741538981496863e-17,0.33672392340936247,-1.2871752212811864e-18,-2.4260016226098225e-18,0.15925225887272365,0,0.10493307191562173,0.080913586857291789
14.8964743499176,0.15709495544433597,0.10305158639531348,0.10559080311603634,1.4541301687392632e-17,-2.6833315965469585e-17,0.33602821694457102,-1.4406873672407782e-18,-2.9665343744111742e-18,0.14765002063963495,0.0625,0.11573815513578033,0.080860140813674236
14.93152487779976,0.15709495544433572,0.10305114660696782,0.10559019721478342,9.4535194668884713e-18,8.073710519203311e-18,0.33531723720946688,-1.6062280376259922e-18,-1.6337090067524439e-18,0.13460878685550717,0.09375,0.12571562288387997,0.080806987184518342
14.966575405681919,0.15709495544433605,0.10305070804452579,0.10558454836683816,5.0206789217600505e-18,-3.927181594435172e-17,0.3345976762298728,-1.9076173425679171e-18,-1.4667318467606521e-18,0.12025032867536442,0.15625,0.13479589522219296,0.080754123761102706
15.001625933564076,0.15709495544433605,0.1030502662639986,0.10555725071887474,-3.376226863993322e-20,-8.3934305678334791e-18,0.33387677211741518,-1.818675884576495e-18,-2.1955673019260252e-18,0.10458894128645395,0.21875,0.14286257913565167,0.080701548355996744
15.036676461446236,0.15709495544433588,0.10304981987278725,0.10555228408181948,9.2425210843339675e-18,-1.3315350114888212e-18,0.33316166048701434,-2.0275848331466459e-18,-6.306284369400149e-19,0.087947331451699612,0.28125,0.14989455359334222,0.080649258802811027
15.071726989328395,0.15709495544433591,0.10304936718000293,0.10552446011517502,9.7782943779475796e-18,9.0857782251833851e-18,0.33246092103881125,-2.2700645837598345e-18,-1.0423575868382844e-18,0.070193453378296494,0.34375,0.15574591846944322,0.080597252955951548
15.106777517210555,0.15709495544433563,0.1030489279605159,0.10554895827027984,1.2692548939789775e-17,3.6773534436557481e-17,0.33178175306015173,-2.6336090412602124e-18,-1.1538193471991923e-18,0.051915989579531065,0.4375,0.16044229257023676,0.080545528690377857
15.141828045092714,0.15709495544433558,0.10304850644299909,0.10560360938969796,9.271586543300366e-18,-1.5634689492698256e-18,0.33112942717389315,-2.4460735996131222e-18,-6.6882763762771372e-19,0.033205229145379669,0.515625,0.16388123724961531,0.080494083901363811
15.176878572974873,0.15709495544433616,0.10304809456586253,0.10561277356285929,5.4940246643763032e-18,3.7346334597462923e-17,0.33051026064790812,-2.456047278150192e-18,-1.0225457839870269e-18,0.014121996656878215,0.546875,0.16587194870552541,0.080442916504261899
15.211929100857031,0.15709495544433608,0.10304769028632119,0.10556432779705541,8.860457732413565e-18,-1.9377730873617963e-17,0.32993009524902195,-2.3420355913794216e-18,-5.5799701607418375e-19,0.010387845467806295,0.640625,0.16628145372871275,0.080392024434269765
15.24697962873919,0.15709495544433599,0.10304729546216929,0.10551741927178075,4.7153441691255473e-18,-7.3811943664391026e-18,0.32939417452563396,-2.4577694164867391e-18,-1.3025927434505297e-18,0.028638237533708099,0.703125,0.16510695647473883,0.080341405646199973
15.282030156621349,0.15709495544433622,0.1030469065682067,0.10550035937103143,5.9110929386170732e-18,3.358113606956299e-19,0.328907761337147,-2.5252701203562394e-18,-1.4278444318033091e-18,0.048996795917540401,0.828125,0.16226169452630279,0.080291058114252842
15.317080684503509,0.15709495544433624,0.10304652868537342,0.10560524641559058,4.4008474783385887e-18,-4.1075475106703084e-17,0.32847401996922526,-2.6628428707281494e-18,-3.4301442923287696e-19,0.068339700971903103,0.859375,0.15778647959119713,0.080240979831793208
15.352131212385668,0.15709495544433613,0.10304615886699259,0.10560357121611336,5.4424229437475853e-18,-2.9655866898080119e-17,0.32809654534545019,-2.6362766987356959e-18,-6.1553652666398491e-19,0.087940291172392882,0.890625,0.15143931108919792,0.080191168811130864
15.387181740267827,0.15709495544433608,0.10304579534867626,0.10558339508716438,-2.4941533701440367e-19,-4.7533230355082819e-17,0.327778380771302,-2.6900414739976879e-18,-1.9514183266860986e-19,0.10696096014546017,0.921875,0.14330898896299507,0.080141623083305469
15.422232268149987,0.15709495544433605,0.10304543647682818,0.10555022161810389,-7.5563664115285094e-18,-2.8469069447473174e-17,0.32752187779745945,-2.6649896629116659e-18,1.1356643871148785e-18,0.12507837302094926,1.015625,0.13342981169024429,0.080092340697874131
15.457282796032144,0.15709495544433599,0.10304508243512309,0.10555824795065336,-1.1241340060295872e-17,-1.1310844418693739e-17,0.32732861886522951,-2.6215427508697482e-18,5.6095584112528593e-19,0.14167784796086286,1.03125,0.1219131176405958,0.080043319722701622
15.492333323914304,0.15709495544433585,0.10304473487102778,0.10553285249286366,-5.4888223684598679e-18,-9.3934255773791311e-17,0.32719967460777916,-2.578033231595218e-18,8.4452658999826467e-19,0.15707819208214027,1.0625,0.10881408504047016,0.079994558243753955
15.527383851796463,0.15709495544433597,0.10304439526456981,0.10551481140237472,-1.4005739013046891e-17,-4.0699814580526083e-17,0.32713559266229514,-2.6754160677377437e-18,1.0089750588574819e-18,0.17068593195655746,1.15625,0.094299751468957901,0.079946054364893077
15.562434379678622,0.15709495544433605,0.10304406375209861,0.1055561688087764,-1.6965382027115539e-19,-5.9198336382337809e-18,0.32713612287402366,-2.4842924587650662e-18,1.1527340862355228e-18,0.18184660894218377,1.1875,0.078560038157807446,0.080234775001640946
15.597484907560782,0.15709495544433627,0.10304373606401403,0.10557813409527976,-1.0361541254539591e-17,-2.6470461090779096e-17,0.3272000098364572,-2.5818091430704606e-18,1.4182483095170815e-18,0.19104143122068493,1.1875,0.06175354136247168,0.080799263839443247
15.632535435442941,0.15709495544433666,0.10304341305986398,0.10558090416116409,-8.6936051484050791e-18,-1.2860412496283932e-18,0.32732593732862508,-2.6654622673847692e-18,1.6660575589675552e-18,0.19812661371579987,1.1875,0.04413550858768079,0.081166244221342762
15.667585963325099,0.15709495544433594,0.10304309870155481,0.10557720157503349,-1.1643770295419522e-17,-6.7124360670909074e-18,0.32751228009883904,-2.642277868230374e-18,2.0292692572171394e-18,0.20287182664011913,1.1875,0.026059944781252415,0.081297966777775177
15.702636491207258,0.15709495544433613,0.10304279365112211,0.10557505377127853,-1.3778354451451916e-17,6.3288562564418263e-18,0.32775670148289809,-2.5689966452945941e-18,2.085060935172616e-18,0.20512486786133738,1.1875,0.0087863990710157665,0.081105122439082758
15.737687019089417,0.15709495544433577,0.10304249601050994,0.10557720157503349,-1.2618453081352282e-17,-2.4527877459339177e-18,0.32805616975975144,-2.4868817538022074e-18,2.6923967932437502e-18,0.20482702267428854,1.1875,0.013208847450914418,0.080372868526543947
15.772737546971577,0.15709495544433591,0.103042202725401,0.10558090416116404,-1.3245803632636769e-17,-3.0654370723209265e-18,0.328406961991701,-2.4898736143790234e-18,2.9407974768321993e-18,0.20199469373123269,1.1875,0.031043862818593785,0.07961358440439037
15.807788074853736,0.15709495544433585,0.10304191019462855,0.10557813409527972,-9.2911741352124762e-18,-2.2881003279991902e-17,0.32880484253083392,-2.2891909899254095e-18,2.2797883503543368e-18,0.1967709837425542,1.1875,0.048977443199323963,0.079567075146437891
15.842838602735895,0.15709495544433594,0.10304161025585171,0.10555616880877641,-1.0005952744590772e-17,-2.4349272320183421e-17,0.32924558038678764,-1.9003360206024337e-18,2.9132887583811358e-18,0.18940456664357677,1.1875,0.066312858981053172,0.07952080719583593
15.877889130618053,0.15709495544433644,0.10304129511029181,0.1055148114023747,-1.6144472368656337e-17,4.3509728357064178e-18,0.32972449169367474,-1.6918711000001619e-18,3.2123071051935423e-18,0.17995901069442743,1.15625,0.082758309049910384,0.079474778824633746
15.912939658500212,0.15709495544433569,0.10304096884780374,0.10553285249286365,-1.9127072882923159e-17,-1.5195758938452324e-18,0.33023706683219128,-1.5670294605866615e-18,3.8457967598723782e-18,0.16787639214814115,1.0625,0.098153167080604731,0.079428988320644961
15.947990186382372,0.15709495544433594,0.10304063365027784,0.1055582479506534,-1.9609959678374002e-17,-3.0121251232370838e-17,0.33077887914733217,-1.2497595803534256e-18,2.7005685105151616e-18,0.15384058017550659,1.03125,0.11227699224624238,0.07938343398733419
15.983040714264531,0.1570949554443358,0.10304028720029854,0.10555022161810385,-2.5142359173356673e-17,1.6115743900518618e-18,0.3313432723703077,-1.1172261435201594e-18,4.6373763460417361e-18,0.13846339558731777,1.015625,0.12494701777606647,0.079338114143678015
16.018091242146689,0.1570949554443361,0.1030399197541928,0.1055833950871644,-1.6580264695810993e-17,-2.380081974664387e-17,0.33192471444532101,-1.044259843753215e-18,4.2680145599378201e-18,0.12128947148901745,0.921875,0.13610396334581709,0.079293027123883489
16.053141770028848,0.1570949554443358,0.10303953313420046,0.1056035712161134,-1.5657478497482018e-17,-6.0088834646902076e-18,0.33251761220113552,-8.3449945491410858e-19,3.8357961462666121e-18,0.10301740131788394,0.890625,0.14560995302574586,0.079248171277215104
16.088192297911007,0.15709495544433644,0.10303915237866219,0.10560524641559058,-2.8546935390805501e-17,4.4700990936150029e-18,0.33311643406268154,-6.5912341317518302e-19,4.3727877378656242e-18,0.083948827905641482,0.859375,0.15340197848236417,0.07920354496793057
16.123242825793167,0.15709495544433574,0.10303876932220699,0.10550035937103143,-2.4920387526946041e-17,-2.4382971403043022e-18,0.33371319892182627,-4.2598653833381008e-19,4.2328577295430913e-18,0.0649575351709335,0.828125,0.15936420929911399,0.079159146575145806
16.158293353675326,0.15709495544433602,0.10303841145165846,0.10551741927178079,-2.640007213145621e-17,9.6208354132862254e-18,0.33430203835396533,-1.3500440626872107e-19,3.3350466460259983e-18,0.044637102028030375,0.703125,0.16373652644785844,0.079114974492514936
16.193343881557485,0.15709495544433616,0.10303809180086387,0.10556432779705532,-2.8048146840630318e-17,-2.7148655133327991e-17,0.33487690038407208,3.9081182015833484e-20,4.0950701190070707e-18,0.023926747408281431,0.640625,0.16640466740410975,0.079071027128090193
16.228394409439645,0.1570949554443358,0.10303780787309549,0.10561277356285942,-2.38688076463131e-17,1.172332119289491e-17,0.33543265892757812,3.1481545441003212e-19,3.9020326338167958e-18,0.0056051265945607411,0.546875,0.16739064615034546,0.079027302904292565
16.263444937321804,0.15709495544433597,0.10303755309118393,0.10560360938969791,-2.5729923744940064e-17,-1.5559709033335671e-17,0.33596421025848955,5.5767482922559435e-19,3.6689893854810062e-18,0.017627180681241118,0.515625,0.16666733009151793,0.078983800257749398
16.298495465203963,0.15709495544433583,0.10303732573070977,0.10554895827027985,-1.2758262151365924e-17,1.7395298076696548e-17,0.33646676760284561,1.0209368918462171e-18,3.0236065279548829e-18,0.036868782064700539,0.4375,0.16431925499590178,0.081239107121774956
16.333545993086123,0.15709495544433588,0.10303712099079876,0.10552446011517506,-1.5163134013858882e-17,1.1421798649008886e-17,0.33693601531335066,1.2113022993146102e-18,3.0879744145013093e-18,0.055911608331895214,0.34375,0.16050995623503742,0.083528842715121801
16.368596520968282,0.15709495544433605,0.10303693567260729,0.10555228408181951,-1.9618658254137116e-17,-2.9711638880212722e-18,0.33736758954872975,1.3352943983896245e-18,3.7044406921738038e-18,0.074568972365363376,0.28125,0.15533386548564965,0.084592952068483426
16.403647048850441,0.15709495544433574,0.10303676892618478,0.1055572507188747,-2.329533350375035e-17,1.7107170918247218e-17,0.33775772823034322,1.3199841124318805e-18,3.2143907731565634e-18,0.092234658650820464,0.21875,0.14880709023953137,0.084453087194683141
16.438697576732597,0.1570949554443361,0.10303660855332859,0.10558454836683817,-1.8304646765735266e-17,2.583767656238352e-17,0.33810391346484697,1.5306788017728656e-18,3.8141645460677378e-18,0.10903989334444615,0.15625,0.14106350794480985,0.083415404143026284
16.473748104614756,0.15709495544433597,0.1030364448949576,0.10559019721478335,-8.2709765254925163e-18,1.2021642323909254e-17,0.33840347325018288,1.4980339379527013e-18,3.4321733663713622e-18,0.12471220184725244,0.09375,0.1321723017687878,0.08154460896862363
16.508798632496916,0.1570949554443358,0.10303627694823911,0.10559080311603643,-9.7685427058450982e-18,3.2660140135010983e-17,0.33865381346200096,1.6671502645567377e-18,3.5036971923969849e-18,0.13921444854270498,0.0625,0.12224552677497796,0.079086852977110628
16.543849160379075,0.1570949554443361,0.1030360983573171,0.1055711006217824,-7.9269088894962835e-18,-2.6431033163833425e-18,0.3388534276744451,1.7037601669443866e-18,3.2155570978202632e-18,0.15236603570097867,0,0.11138661535384285,0.078643572799897699
16.578899688261235,0.15709495544433552,0.10303590611955174,0.10554512976113095,-1.0077879224569196e-17,2.0245735000373449e-17,0.33900109321996047,1.8410155384550176e-18,3.6523523018207271e-18,0.16420374094551102,0.03125,0.099703877517524506,0.078601996252703768
16.613950216143394,0.15709495544433605,0.10303570216690083,0.10552364739880389,-1.9237963927457893e-17,1.6097967634310168e-17,0.33909589738603957,1.9753575539988427e-18,3.3015193614379989e-18,0.17468982760650692,0.0625,0.087334658383324881,0.078560626393377131
16.649000744025553,0.1570949554443358,0.103035489552754,0.10550124690559755,-6.4126827250550242e-18,2.3888521609785949e-17,0.33913738603795002,2.0318856811934329e-18,3.3707907746556397e-18,0.18373698303860875,0.140625,0.07439130200464289,0.078519461804336915
16.684051271907713,0.15709495544433577,0.10303527242448862,0.10552501469353649,-1.2158481662245917e-17,5.9211647520067442e-17,0.33912558546148458,2.2481714393910287e-18,3.1320424616350719e-18,0.19150441939663154,0.203125,0.061026137276465567,0.07847850108040412
16.719101799789872,0.15709495544433613,0.10303505252327912,0.10554739830858044,-9.4999820773810793e-18,2.0261573569317367e-18,0.33906106948395864,2.1823458538101307e-18,2.8848999197583159e-18,0.19775332166829857,0.203125,0.047392269895981096,0.078437742828703499
16.754152327672031,0.15709495544433577,0.1030348310086536,0.10555850535281294,-6.1383300667245385e-18,4.3556907073067763e-18,0.3389449644045982,2.2892693394390548e-18,3.0158773523111874e-18,0.20241816832405374,0.234375,0.033795507434796153,0.078397185668519873
16.789202855554191,0.15709495544433588,0.10303461131832899,0.10556735128887204,-3.1790872292648319e-18,1.4587111378154869e-17,0.33877881740053484,2.1865220819277578e-18,2.3446508909070699e-18,0.20551765378346931,0.234375,0.021081885640170585,0.078356828231167699
16.82425338343635,0.15709495544433583,0.10303439611784446,0.10556971102840439,-1.1172299064287337e-17,5.7542026459789949e-18,0.33856465832500815,2.258871899493803e-18,2.9123209570644488e-18,0.20702016014261898,0.234375,0.013152771141572466,0.078316669159863406
16.859303911318506,0.15709495544433591,0.1030341876286463,0.10556735128887204,-1.0924716114903416e-17,3.8303725541503408e-17,0.33830498047715279,2.1965342760620997e-18,2.5238885219381227e-18,0.20692304206512854,0.234375,0.018326972157819456,0.078276707109599664
16.894354439200665,0.15709495544433597,0.10303398759528826,0.10555850535281293,1.6849541429785771e-19,4.9989640752424167e-18,0.33800270828179102,2.2030470826150359e-18,1.9413383037415275e-18,0.20521359530380398,0.234375,0.030477790733921116,0.078236940747021311
16.929404967082824,0.15709495544433605,0.10303379171916215,0.10554739830858044,-5.0462902247333249e-18,4.9375137976479858e-17,0.33766105913622169,2.2404308641645165e-18,2.5064085412336521e-18,0.20191048010709345,0.203125,0.043994597114568483,0.07819736875030299
16.964455494964984,0.15709495544433616,0.10303359657790087,0.10552501469353648,-8.9761719581826142e-19,2.6973630521726093e-17,0.33728361724469186,2.0762140834249965e-18,1.6882971369166559e-18,0.19699722218788379,0.203125,0.057681496022775454,0.078157989809028272
16.999506022847143,0.15709495544433574,0.10303339790451789,0.10550124690559755,-2.7035089224091306e-18,2.8373743166834215e-17,0.33687426255453551,2.2297772173145339e-18,2.7002632808691295e-18,0.19051750498195436,0.140625,0.071164130696720312,0.078118802624070047
17.034556550729302,0.15709495544433633,0.10303318327883115,0.10552364739880399,-9.4686208683948787e-18,4.0811569164059043e-17,0.33643684186866596,2.0601345194975782e-18,2.0521705796562825e-18,0.1827479879745218,0.0625,0.084272020180498217,0.078079805907472224
17.069607078611462,0.15709495544433588,0.10303295342717539,0.10554512976113102,-9.2558322220634984e-18,-2.3921125472452574e-17,0.33597581761338491,1.9207506054756951e-18,2.060086698118415e-18,0.17345875764327057,0.03125,0.096843551279507722,0.078040998382332666
17.104657606493621,0.15709495544433591,0.10303271346011383,0.10557110062178236,-9.485133418996094e-18,3.441076536571213e-17,0.33549602379450871,1.9749099458898749e-18,2.0717731058125642e-18,0.16270353324243,0,0.10875952611712794,0.078002378782687967
17.13970813437578,0.15709495544433594,0.10303246967728211,0.10559080311603634,-6.2574352627063302e-18,3.3474225729191055e-17,0.33500286929191908,2.0123812534879212e-18,8.9556032507033626e-19,0.15048837715454233,0.0625,0.11993400363915192,0.077963945853399483
17.17475866225794,0.15709495544433613,0.10303222952269159,0.1055901972147834,-2.6492323370784266e-18,1.4159090901984712e-18,0.33450159864462592,1.9178657096918399e-18,-2.1324550755494543e-19,0.13679488619478608,0.09375,0.13022859442040538,0.077925698350041234
17.209809190140099,0.1570949554443361,0.10303199213372018,0.10558454836683816,-5.2488427746461352e-18,1.9947371745505442e-17,0.33399716710511496,1.7041165525414262e-18,1.0442526576216434e-18,0.12179723444507545,0.15625,0.13956871402725687,0.077887635038788552
17.244859718022258,0.15709495544433646,0.1030317538711,0.10555725071887456,-6.3503815456183641e-19,-1.1365015694390465e-19,0.33349421013814445,1.6399474995347423e-18,3.6378079851102072e-19,0.10547045499315622,0.21875,0.1478352192644892,0.077849754696308476
17.279910245904418,0.15709495544433619,0.1030315166103821,0.10555228408181939,-7.3140489438413963e-18,2.9046503232271903e-18,0.33299815987200548,1.6791115805575901e-18,6.6464706681187071e-19,0.088151632393271687,0.28125,0.15499875776134284,0.077812056109651931
17.314960773786574,0.15709495544433591,0.10303127891426712,0.10552446011517502,-6.0918674562318989e-18,-1.2095022076835975e-18,0.33251447386922761,1.7760984815300384e-18,-8.7222059690654003e-20,0.069712729217015074,0.34375,0.16091480543032474,0.077774538076146787
17.350011301668733,0.15709495544433624,0.10303104198632998,0.10554895827027991,-2.5524527834910929e-18,1.4794992595544818e-17,0.33204894823947279,1.6754352797226747e-18,1.435158362779503e-21,0.050761435008535596,0.4375,0.16559850902438944,0.077737199403291671
17.385061829550892,0.15709495544433585,0.10303081736974483,0.10560360938969782,-1.3360843876748636e-18,1.1179712862516441e-17,0.33160422389367727,1.512916855877091e-18,4.8336050940352406e-19,0.031274038612504107,0.515625,0.16892920101092235,0.077700038908651028
17.420112357433052,0.15709495544433616,0.10303060212398721,0.10561277356285935,-2.2774682673569908e-18,1.4155552498284454e-17,0.33118498215647985,1.3490185913721922e-18,2.3891126760124077e-19,0.011336224298237814,0.546875,0.17072519079667389,0.077663055419751131
17.455162885315211,0.15709495544433588,0.10303039375820525,0.10556432779705544,-4.4259111712154052e-18,-1.7688985583817706e-17,0.33079508613439318,1.4571788671132479e-18,4.5722408358868605e-19,0.011410795169389131,0.640625,0.1708745695606313,0.077626247773977655
17.49021341319737,0.15709495544433624,0.10303019290210541,0.10551741927178075,-2.8795234445700214e-18,-2.4163927364455729e-18,0.33043780894727098,1.5485993595510972e-18,2.7145089853785177e-19,0.031880967054232275,0.703125,0.16937410074278245,0.077589614818474692
17.52526394107953,0.15709495544433583,0.10302999931148082,0.10550035937103143,-2.7141873192902561e-18,-4.2149043638901993e-17,0.33011615158868463,1.5245922000305472e-18,-6.4567567946296702e-19,0.052886073067473269,0.828125,0.1661471712630499,0.077553155410044899
17.560314468961689,0.15709495544433605,0.10302981184977565,0.10560524641559058,4.9642961437506302e-20,9.8516193698646416e-17,0.32983278523526732,1.3717173579588364e-18,-6.8974786249979234e-19,0.072735998207238514,0.859375,0.16125115510691537,0.077516868415051302
17.595364996843848,0.15709495544433588,0.10302963052058223,0.10560357121611336,2.6272647474393476e-18,6.1589075691956603e-17,0.32959008119051725,1.267317471131841e-18,-8.3685200827499767e-19,0.09282379098496088,0.890625,0.15444555679991295,0.077480752709320075
17.630415524726008,0.15709495544433572,0.10302945514223243,0.10558339508716438,-1.9880984552272134e-18,5.7379049270310386e-17,0.32938982055007177,1.3209450378097257e-18,-1.0697414010168524e-18,0.11222668828750185,0.921875,0.14583183111215822,0.077444807178044708
17.665466052608167,0.15709495544433624,0.10302928472300597,0.10555022161810389,-4.3859566961000159e-18,2.8339033111488763e-17,0.32923312478069749,1.2378181942354569e-18,-1.0047192146058966e-18,0.13067596452961763,1.015625,0.13545410519302389,0.07740903071569144
17.700516580490326,0.1570949554443361,0.10302911780241078,0.10555824795065336,2.6095727289380688e-18,5.3599739251462874e-17,0.32912073301277889,1.213488563522982e-18,-1.3044373562165229e-18,0.14752995857698012,1.03125,0.12343109545493525,0.077373422225905597
17.735567108372482,0.15709495544433613,0.10302895098643454,0.10553285249286368,9.0989629913521788e-18,2.2412375408975945e-17,0.32905273880698699,1.3376832959986777e-18,-1.3029517398363777e-18,0.16310009846210424,1.0625,0.10981707662034784,0.077337980621418875
17.770617636254642,0.15709495544433608,0.10302878584248801,0.10551481140237472,-2.6210093551835363e-18,5.7611109579651978e-18,0.32902935465898819,1.0080985059021171e-18,-1.4343890848098287e-18,0.17680041113931294,1.15625,0.094788705034572762,0.077302704823958027
17.805668164136801,0.1570949554443363,0.10302862427124289,0.1055561688087764,3.3944875545178469e-18,1.6574093551262312e-17,0.3290504415035625,9.5204039824121599e-19,-1.5852461490241871e-18,0.18793414972189457,1.1875,0.078544933432951561,0.077267593764154902
17.84071869201896,0.15709495544433574,0.10302846613352046,0.1055781340952797,5.9469824618625343e-18,7.5030586748300401e-18,0.3291152399533378,1.0299346782062333e-18,-1.7319185065196398e-18,0.19703684028048563,1.1875,0.061242409220665192,0.077232646381456674
17.87576921990112,0.15709495544433549,0.10302831106385152,0.10558090416116409,1.029976662327269e-17,2.0528512429418831e-17,0.32922265200508927,1.0651157553326676e-18,-1.7471684082926674e-18,0.2040011822664976,1.1875,0.043134748243896633,0.077197861624036676
17.910819747783279,0.15709495544433635,0.10302815740802121,0.10557720157503349,1.0811424010714863e-17,5.5290759229356081e-17,0.32937123743090918,1.0262639091416644e-18,-1.9873766950943913e-18,0.20856702200309149,1.1875,0.024560780017558178,0.077163238448706095
17.945870275665438,0.15709495544433599,0.1030280043670181,0.10557505377127853,8.5922972805585289e-18,1.0727892409076727e-17,0.32955883545896419,9.2420763178518485e-19,-2.757511623883312e-18,0.21059398469368451,1.1875,0.0068486075072139371,0.077128775820828735
17.980920803547598,0.15709495544433566,0.10302785222032956,0.10557720157503349,4.9013209826568175e-18,-6.856878760997758e-18,0.32978302575213886,9.0717575032817073e-19,-2.5085054440864741e-18,0.21000666907708543,1.1875,0.014862411472417264,0.077094472714241011
18.015971331429757,0.15709495544433583,0.10302770104824015,0.1055809041611641,7.038601065317991e-18,3.6217710188642378e-17,0.33004105806251882,8.8004345075460715e-19,-3.0966209334443261e-18,0.20684582006186189,1.1875,0.03337567467525291,0.077060328111158843
18.051021859311916,0.15709495544433624,0.1030275473597322,0.10557813409527977,1.6184026667162778e-17,-8.8204821953713885e-18,0.3303302512404831,7.9749036033272043e-19,-2.7458707111228532e-18,0.20129187039148033,1.1875,0.051719472044246581,0.07702634100209832
18.086072387194076,0.15709495544433583,0.10302738891734484,0.10555616880877641,1.1956287165088483e-17,1.1070822701026452e-17,0.33064785794631757,7.2597723595627269e-19,-3.1806169887460233e-18,0.19351425768606803,1.1875,0.069393648562387028,0.076992510385806637
18.121122915076235,0.15709495544433585,0.10302722328249082,0.10551481140237472,1.2427463529245653e-17,6.0347053869313527e-18,0.33099061176559763,8.6868600245031266e-19,-3.5939657582836717e-18,0.18362694384265871,1.15625,0.086129066104682545,0.076958835269160919
18.156173442958394,0.15709495544433588,0.10302704554838933,0.10553285249286366,1.6339990235022269e-17,1.7902595645293816e-17,0.33135495163692097,7.1542814990559564e-19,-3.3273745458445689e-18,0.17107387893529113,1.0625,0.10177129782244332,0.076925314667080094
18.19122397084055,0.15709495544433563,0.10302685395594746,0.10555824795065333,1.2453559256535052e-17,2.5623350395396723e-17,0.33173710015297919,3.9119930257652765e-19,-3.5552148281274e-18,0.15655990088224511,1.03125,0.11610595440335614,0.076891947602467606
18.226274498722709,0.15709495544433585,0.10302665055490205,0.10555022161810386,1.3146517709761762e-17,-8.3385010627723881e-18,0.33213334813710149,1.4822575098703896e-19,-3.3427692042247933e-18,0.1406683639476341,1.015625,0.12894672033695656,0.076858733106151836
18.261325026604869,0.15709495544433574,0.10302644027071424,0.1055833950871644,1.3596842766399583e-17,1.2164442187526706e-17,0.33253976155093995,-1.4775534371243771e-19,-3.4803256177796053e-18,0.12296664371916446,0.921875,0.14023785558767793,0.076825670216760109
18.296375554487028,0.15709495544433619,0.10302624088766829,0.1056035712161134,4.9928982403276866e-18,6.9341591827654472e-17,0.33295307065300117,-2.2815554149379032e-19,-4.7606039234355983e-18,0.10415640690504857,0.890625,0.14984661920418937,0.076792757980637907
18.331426082369187,0.15709495544433608,0.10302604832264822,0.10560524641559058,6.9360926676445205e-18,7.6190509180326687e-17,0.3333679552299626,-2.3009677929508742e-19,-3.781104618525831e-18,0.084548809028340693,0.859375,0.15770867555864049,0.076759995451818969
18.366476610251347,0.15709495544433552,0.10302586502710531,0.10550035937103136,5.4119042118329067e-18,3.8779261724505636e-17,0.33377959835796095,-3.1472265508506132e-19,-4.4932446737977401e-18,0.065011047514630646,0.828125,0.16370336619919348,0.076727381691963775
18.401527138133506,0.15709495544433558,0.10302569342881096,0.10551741927178079,1.2720645550123948e-17,5.3807620468853035e-17,0.33418410811143212,-5.412357002256569e-19,-4.4713206652523283e-18,0.044143339489989192,0.703125,0.16807081821177824,0.07669491577021427
18.436577666015665,0.1570949554443358,0.10302553868315707,0.10556432779705532,1.0683346433921743e-17,2.0980964740662116e-17,0.33457741502235561,-7.6411439809803003e-19,-3.9579115793268967e-18,0.022879194884272914,0.640625,0.17070351450353,0.076662596763131668
18.471628193897825,0.15709495544433588,0.10302539649515453,0.10561277356285942,6.4541536588990814e-18,1.8959230388355682e-17,0.33495638053423032,-6.8861953644548172e-19,-4.7878314004783937e-18,0.0036936496818598375,0.546875,0.1716261673731532,0.076630423754680002
18.506678721779984,0.15709495544433588,0.10302526590159922,0.10560360938969791,8.9485808340913554e-18,4.5011991347090457e-17,0.33531729141148292,-7.6112755230367762e-19,-4.6292451606203398e-18,0.019350503148779043,0.515625,0.17081023002571288,0.076598395836149649
18.541729249662144,0.15709495544433585,0.10302514601912326,0.10554895827027985,1.1246352798871244e-17,2.7367783419622409e-17,0.3356569459615234,-8.1477988270115068e-19,-5.0045076396239028e-18,0.039255117972390743,0.4375,0.16833844641331885,0.076566512106025858
18.576779777544303,0.1570949554443358,0.10302503500861185,0.10552446011517506,8.7914588602586075e-18,-1.0888889777438342e-17,0.33597245045550528,-7.7281900062968454e-19,-5.1870428261668983e-18,0.058767787721891264,0.34375,0.16437060922924915,0.076534771669939883
18.611830305426459,0.15709495544433585,0.10302493250314872,0.10555228408181944,1.0416702440795379e-17,1.1204397440711078e-17,0.33626087545064126,-9.5747836113632202e-19,-6.142627512387145e-18,0.077848017146750423,0.28125,0.15899231169542449,0.076503173640640104
18.646880833308618,0.15709495544433597,0.10302483800994253,0.10555725071887459,1.08343393870594e-17,-7.2530536038655829e-18,0.33651977527289656,-1.3383622561852188e-18,-5.9838427491820784e-18,0.095908421515836992,0.21875,0.15222462775331599,0.076471717137908693
18.681931361190777,0.15709495544433616,0.10302474838658586,0.10558454836683817,1.3807335662711146e-17,1.8158287436490783e-17,0.33674716773019353,-1.2371840827477526e-18,-6.2541690956771643e-18,0.11309188146279768,0.15625,0.14420345166720072,0.076440401288463397
18.716981889072937,0.15709495544433624,0.10302465904852366,0.10559019721478335,1.4451746374693295e-17,2.2069739984001236e-17,0.33694146669198388,-1.5688821383636271e-18,-6.1805860035165909e-18,0.12907073986432857,0.09375,0.13500329180765605,0.076409225225906485
18.752032416955096,0.15709495544433591,0.10302456810490516,0.10559080311603633,2.1263910665121777e-18,3.6111895068463303e-17,0.33710116664353929,-1.6063325855006006e-18,-5.9891247109835357e-18,0.14380821515031142,0.0625,0.12473959123154325,0.076378188090676036
18.787082944837255,0.15709495544433622,0.10302447662887503,0.1055711006217824,4.1129098772303381e-18,-1.1793204665974914e-17,0.33722507841939448,-1.6239817246403383e-18,-5.8993412865261113e-18,0.15716984437301376,0,0.11351763094175985,0.076347289029968873
18.822133472719415,0.15709495544433613,0.10302438024034584,0.10554512976113098,2.1014347894619833e-17,-1.9295757854562048e-17,0.33731276728939436,-1.7708128491146128e-18,-5.9770379478729109e-18,0.16916236332731091,0.03125,0.10144840726702628,0.076316527197667558
18.857184000601574,0.15709495544433619,0.1030242785904649,0.10552364739880399,8.6838745382294041e-18,-6.2828570083385095e-18,0.33736377773068532,-1.7978564335674801e-18,-6.0081130555349968e-18,0.179752509000246,0.0625,0.088671118253723438,0.076285901754281085
18.892234528483733,0.15709495544433622,0.10302417285117448,0.10550124690559755,2.1553280477251518e-17,2.1767543458458033e-17,0.33737795114597408,-1.8968654033967085e-18,-6.0714006442014289e-18,0.18886290546267559,0.140625,0.075297332307855694,0.076255411866887529
18.927285056365893,0.15709495544433577,0.10302406495194151,0.10552501469353649,1.4492922441562376e-18,1.3401493395448001e-17,0.33735547111965164,-2.0916685702279632e-18,-6.0413855684943297e-18,0.19664956857851737,0.203125,0.061472223028947025,0.07622505670906965
18.962335584248052,0.15709495544433649,0.10302395732070878,0.10554739830858044,8.6075882394060324e-19,4.0155827135465311e-18,0.3372968323002371,-2.0921757224163377e-18,-5.9409484713375286e-18,0.20287354792428927,0.203125,0.047333256096597026,0.076194835460851706
18.997386112130211,0.15709495544433583,0.1030238493891958,0.10555850535281294,1.2348081127184577e-17,8.9635769259638674e-18,0.33720293997560241,-2.1240232875235774e-18,-5.4213185736153919e-18,0.20746996071935192,0.234375,0.03314660016781109,0.076164747308638189
19.032436640012371,0.15709495544433594,0.10302374109386878,0.10556735128887204,1.2235368225982695e-17,-1.1189106481863542e-17,0.33707502062124023,-2.2162500225647245e-18,-5.393296176003933e-18,0.21045810810478491,0.234375,0.01965983889295744,0.076134791445153727
19.067487167894527,0.15709495544433563,0.10302363352463696,0.10556971102840439,8.8035484062344887e-18,1.0637199752330929e-17,0.33691464534304166,-2.4057994422082282e-18,-5.5287800885339934e-18,0.21180728127351764,0.234375,0.011141680433761335,0.076104967069383439
19.102537695776686,0.15709495544433572,0.10302352802077309,0.10556735128887204,1.406047896076693e-17,-2.9883504202796603e-18,0.33672367063170749,-2.5572743586413755e-18,-5.3510297282443109e-18,0.21151608881063799,0.234375,0.017863785686915216,0.076075273386513445
19.137588223658845,0.1570949554443356,0.10302342565681896,0.10555850535281293,9.1803041526045011e-18,-5.5951471872671821e-17,0.33650419472590426,-2.5083014923666915e-18,-5.2341259466334166e-18,0.20957914517550491,0.234375,0.031080838983795697,0.076045709607872186
19.172638751541005,0.15709495544433572,0.10302332610623087,0.10554739830858044,3.0876468741180667e-18,-1.3301491367062228e-17,0.3362584719704132,-2.6169267082354873e-18,-4.9914708595797609e-18,0.20601805252427327,0.203125,0.045239825350598832,0.076016274950872403
19.207689279423164,0.15709495544433524,0.10302322715983495,0.10552501469353648,1.4167136558017515e-17,-4.1647053675855256e-17,0.33598911596867381,-2.7054440164431257e-18,-4.3363661483143019e-18,0.20079641257764519,0.203125,0.059412529339674405,0.075986968638954072
19.242739807305323,0.15709495544433599,0.10302312545455961,0.10550124690559755,4.5222484243402018e-18,-4.1308251521555642e-17,0.33569878011777782,-2.8156555708563421e-18,-4.9620273656759358e-18,0.19397053570687253,0.140625,0.073302170315253171,0.075957789901528003
19.277790335187483,0.1570949554443358,0.10302301611855981,0.10552364739880399,-2.8458875474908197e-18,6.9396942571251491e-18,0.33539024633305353,-2.9929643071718008e-18,-3.4798504025176936e-18,0.18579511821033023,0.0625,0.08676300940093061,0.075928737973920496
19.312840863069642,0.15709495544433585,0.10302290016381475,0.10554512976113102,5.5305671073521621e-18,-2.2196869774089023e-17,0.33506679103971038,-2.869323307492724e-18,-4.3435200198419667e-18,0.17609926657965513,0.03125,0.099643998178173362,0.075899812097318164
19.347891390951801,0.15709495544433577,0.10302278079869026,0.10557110062178236,1.3611607177077431e-17,-1.8588456229193259e-17,0.33473194959496627,-2.9627374344537968e-18,-3.7804478371194639e-18,0.16491192097875998,0,0.11182801874961477,0.075871011518713213
19.382941918833961,0.1570949554443356,0.10302265785008764,0.10559080311603634,6.3015389373988075e-18,1.4695959415791311e-17,0.33438918344576102,-3.1952606705276261e-18,-3.4381844878827851e-18,0.15224240476546314,0.0625,0.12322818534180487,0.075842335490849566
19.41799244671612,0.15709495544433555,0.10302253458847217,0.10559019721478331,4.801213644637106e-18,9.6855376523766309e-19,0.33404208909336142,-3.2864306306374484e-18,-3.437270453305914e-18,0.13807195413257173,0.09375,0.13370751912265727,0.07581378327216988
19.453042974598279,0.15709495544433577,0.1030224115944222,0.10558454836683816,4.6986525921466724e-18,-1.6800256521103669e-18,0.33369423330458148,-3.170060768262563e-18,-2.0802413673335758e-18,0.12256855160746083,0.15625,0.14318825220835424,0.075785354126762128
19.488093502480435,0.15709495544433594,0.10302228898106047,0.1055572507188747,1.02808951368713e-17,-7.7529752857019705e-17,0.33334925139643773,-3.2649465787803384e-18,-2.0057913898910468e-18,0.10574210689921451,0.21875,0.15154781081020297,0.075757047324307158
19.523144030362594,0.15709495544433594,0.10302216653990312,0.1055522840818196,8.2289474505885957e-18,-2.1199503293006417e-17,0.33301043909070938,-3.1320881892133096e-18,-1.3733894777177182e-18,0.08791546232110603,0.28125,0.15875332119778765,0.075728862140027331
19.558194558244754,0.15709495544433555,0.10302204422311588,0.10552446011517506,-3.0433852349747013e-18,-3.0216198398327751e-17,0.33268136635991219,-3.1765977439990223e-18,-2.0457690288957346e-18,0.068996558091457244,0.34375,0.16466260719937331,0.075700797854635321
19.593245086126913,0.1570949554443356,0.1030219214900609,0.10554895827027984,1.0297755209264502e-17,-5.1753956235537159e-17,0.33236568811593242,-3.1877643203769702e-18,-1.4779839846332109e-18,0.049549190677190144,0.4375,0.16928391882211294,0.075672853754283134
19.628295614009073,0.15709495544433572,0.10302180195829697,0.10560360938969782,9.0647900151399186e-18,-2.8504579856036505e-17,0.33206664474908548,-3.1645348269544937e-18,-1.4022626305891879e-18,0.029566441304131583,0.515625,0.17248928239176922,0.075645029130511923
19.663346141891232,0.15709495544433569,0.10302168938872409,0.10561277356285935,-2.6194718345280751e-18,3.8871892078515839e-18,0.33178625213658475,-3.0047495241750588e-18,-1.2747064170498357e-18,0.0090096203412000156,0.546875,0.17410325075218874,0.075617323280202375
19.698396669773391,0.15709495544433577,0.10302158164274774,0.10556432779705539,-4.1356146343069861e-18,-1.731837992006958e-17,0.33152715614744704,-2.931058614191518e-18,-7.7652738056273047e-19,0.013114971122946713,0.640625,0.17402510943951593,0.075589735505525626
19.733447197655551,0.15709495544433583,0.10302147791048688,0.10551741927178072,8.1982496922962103e-19,-2.043428136897271e-17,0.33129155206881233,-2.890228345845744e-18,-9.0494634348097547e-19,0.034686827467120117,0.703125,0.17225319123466909,0.075562265113894744
19.76849772553771,0.15709495544433613,0.10302137741357631,0.10550035937103143,3.1872066020413049e-18,-4.1110395781316345e-17,0.331081247938319,-3.1383177768793259e-18,-3.3625636362831873e-19,0.056045598174960361,0.828125,0.16872367457595089,0.075534911417916725
19.803548253419869,0.15709495544433633,0.10302128113483393,0.10560524641559056,4.0626771818427867e-18,-1.8020584559155841e-17,0.3308979838116714,-2.9136187000479679e-18,-6.1121533514400789e-19,0.076243090065917382,0.859375,0.16350751315588849,0.075507673735345185
19.838598781302029,0.15709495544433605,0.10302118849675958,0.10560357121611336,-3.1934304014069338e-18,1.923973312930802e-17,0.33074323623276702,-3.0432425161518817e-18,-5.1637576919235306e-19,0.096588649712962452,0.890625,0.15636209563766154,0.075480551389033146
19.873649309184188,0.15709495544433569,0.10302109934006863,0.10558339508716438,-4.634203096177744e-18,-2.0537442686376593e-17,0.33061807282644817,-3.110977764499132e-18,-3.1833384129613228e-19,0.11620296003754524,0.921875,0.14739727677918962,0.075453543706886755
19.908699837066347,0.15709495544433616,0.10302101189110553,0.10555022161810383,1.0621213749899384e-18,1.5603349345638795e-17,0.33052287547277226,-3.059152016915238e-18,-2.0543444103060719e-19,0.13484224904470743,1.015625,0.13666260923608262,0.075426650021819835
19.943750364948503,0.15709495544433599,0.10302092529965654,0.10555824795065333,-3.5110231954316091e-20,-1.2869679744070369e-18,0.33045798625640876,-3.1219418108739751e-18,2.4444427871860797e-19,0.15177336411527334,1.03125,0.12428427810571401,0.07539986967170835
19.978800892830662,0.15709495544433624,0.10302084014633221,0.10553285249286364,-5.850434589469843e-18,-4.0080172694445643e-17,0.33042379314546266,-3.1429794695436421e-18,1.8470777642186597e-19,0.16741114754681569,1.0625,0.11031618957586146,0.07537320199934526
20.013851420712822,0.1570949554443356,0.10302075635315755,0.10551481140237472,-1.3404621091575921e-17,-2.5341120576447815e-17,0.33042021852798309,-2.9023068500749404e-18,3.0640506968250506e-19,0.18113360739343173,1.15625,0.09493922902631026,0.075346646352395699
20.048901948594981,0.15709495544433569,0.10302067397826759,0.1055561688087764,-3.245716634656245e-18,-4.6209109141823215e-17,0.33044689789502374,-2.7051207697693764e-18,7.6189455552666741e-19,0.19224339386295156,1.1875,0.078356298218990011,0.075320202083354729
20.08395247647714,0.15709495544433608,0.10302059232522782,0.1055781340952797,-1.1144686878269258e-17,-1.5769570071843642e-17,0.33050328352572128,-2.4991970772558383e-18,9.7205674734832143e-19,0.20127925945218839,1.1875,0.060721298215926027,0.075293868549500473
20.1190030043593,0.15709495544433663,0.10302051082964467,0.10558090416116409,-1.4054444718742306e-17,1.7911905016933687e-18,0.33058843101668134,-2.3844657304274497e-18,1.0091040990330402e-18,0.20811068990627443,1.1875,0.042285026017743643,0.075267645112854428
20.154053532241459,0.15709495544433594,0.10302042984422836,0.10557720157503349,-1.5964624575820214e-17,-1.7684267712217361e-17,0.33070100137626107,-2.3349713009271568e-18,1.1546233667545939e-18,0.21252876802929377,1.1875,0.023373919159688568,0.075241531140137527
20.189104060123618,0.1570949554443358,0.10302034994918045,0.10557505377127853,-1.9962030846549394e-17,-2.1286868165319876e-18,0.33083946957942817,-2.0870490379254931e-18,9.6017140271685325e-19,0.21437884550795816,1.1875,0.0054143851141501562,0.075215526002729974
20.224154588005778,0.15709495544433591,0.10302027151548859,0.10557720157503349,-2.5183082408799769e-17,-2.964407221907931e-17,0.33100210339809211,-1.6985030981094883e-18,1.2550157961583172e-18,0.21359013952247563,1.1875,0.01625348193393452,0.075189629076627199
20.259205115887937,0.15709495544433627,0.10302019389439553,0.1055809041611641,-1.5832587356791019e-17,3.8771637307008469e-18,0.33118716902113082,-1.5107685127299259e-18,1.4558254703841404e-18,0.21020248271118039,1.1875,0.035167260018469489,0.075163839742397334
20.294255643770096,0.15709495544433594,0.10302011474971091,0.10557813409527977,-2.2980868405853551e-17,-1.3824374761482035e-17,0.33139294750758003,-1.5167880223697479e-18,1.8879897037252262e-18,0.20436809663697844,1.1875,0.053777807763174035,0.075138157385142873
20.329306171652256,0.15709495544433574,0.1030200296249864,0.10555616880877641,-1.2039650271312354e-17,-1.6259428365061121e-17,0.33161743516687148,-1.4250698095348649e-18,2.6921995106676563e-18,0.19629216525263735,1.1875,0.071676646987990589,0.07511258139446475
20.364356699534412,0.15709495544433644,0.10301993525324354,0.10551481140237481,-1.1236938117597309e-17,6.4018147708327867e-18,0.33185833590117664,-1.2307375540413971e-18,2.6891542452425423e-18,0.18608457815149154,1.15625,0.088605843008730922,0.075087111164414633
20.399407227416571,0.15709495544433594,0.10301983225930636,0.10553285249286365,-1.8226464893501079e-17,-6.5418807963532589e-17,0.33211316187987799,-1.0096417922805938e-18,3.1526913712662331e-18,0.17319153406583601,1.0625,0.1044131343358712,0.075061746093452342
20.43445775529873,0.15709495544433572,0.10301972414461577,0.1055582479506534,-2.0511736604732773e-17,-9.3381001080944386e-18,0.33237921711419099,-7.8099836932176201e-19,3.0318700622742877e-18,0.15833527162298791,1.03125,0.1188856695337005,0.075036485584415447
20.46950828318089,0.15709495544433624,0.10301961684348362,0.10555022161810386,-2.6024548507803216e-17,-2.4558627872448461e-18,0.33265417272767717,-3.8450875558946905e-19,3.1091775351428811e-18,0.14207288712391858,1.015625,0.13183754167718129,0.075011329044488553
20.504558811063049,0.15709495544433608,0.10301951610355137,0.1055833950871644,-3.0020722655815348e-17,-2.8272772289816161e-17,0.33293507560793795,-1.2012363384404524e-19,3.401673562825307e-18,0.123991658465639,0.921875,0.14321559418059582,0.074986275885144879
20.539609338945208,0.15709495544433574,0.1030194195045054,0.10560357121611336,-2.0850064865679473e-17,-2.0224504578171889e-18,0.33321868624288731,1.3407084247457548e-19,3.9588194100491737e-18,0.10480032729763575,0.890625,0.15288558721785467,0.074961325522106617
20.574659866827368,0.15709495544433577,0.10301932497843963,0.10560524641559058,-1.9854214843325557e-17,1.6194515506702869e-18,0.33350219120761487,1.7538992286357997e-19,3.8018970439932702e-18,0.08482120728343924,0.859375,0.16078419167998662,0.074936477375326507
20.609710394709527,0.15709495544433547,0.10301923297178693,0.10550035937103136,-2.1732864996002958e-17,2.4283348489339456e-17,0.33378257264431599,5.4317331911177408e-19,3.6128267170207995e-18,0.064909435325457177,0.828125,0.16678917698084475,0.074911730868956486
20.644760922591686,0.15709495544433594,0.10301914792061391,0.10551741927178072,-2.3557175377569193e-17,-6.0078977665165601e-17,0.33405702579883373,7.6956299801882561e-19,3.8590825212808986e-18,0.043670657757551766,0.703125,0.1711440476387,0.074887085431281059
20.679811450473846,0.15709495544433599,0.10301907020923225,0.10556432779705532,-1.9853467144924582e-17,-1.2413352038298196e-17,0.33432296473125567,1.0024528172756837e-18,4.1774953583255297e-18,0.022036332955249514,0.640625,0.17374517827157543,0.074862540494685326
20.714861978356005,0.15709495544433616,0.1030189975380799,0.10561277356285936,-2.6825396680997551e-17,3.7255684064570675e-17,0.33457793034118494,1.1712648706612713e-18,4.0207595214977569e-18,0.0022850252539351047,0.546875,0.17461203225060534,0.074838095495642784
20.749912506238164,0.15709495544433594,0.10301893012882161,0.10560360938969779,-1.5656277967655132e-17,-1.6451597385067807e-17,0.33481964837188599,1.3535035388040606e-18,3.9794025588216369e-18,0.020737706267077737,0.515625,0.17371986649894183,0.074813749874677898
20.784963034120324,0.15709495544433605,0.10301886743906867,0.10554895827027985,-2.0391473002777632e-17,3.9024970162405354e-17,0.33504596887114352,1.6071580729778373e-18,4.4069275496972191e-18,0.041005412149917972,0.4375,0.1711517211454093,0.07478950307630447
20.82001356200248,0.15709495544433513,0.10301880838307406,0.10552446011517497,-2.3633577516989998e-17,1.7740882171421534e-18,0.33525496172444502,1.8696453968288201e-18,4.4857297379326958e-18,0.060840987620072381,0.34375,0.16706417415603347,0.074765354549000088
20.855064089884639,0.15709495544433588,0.10301875310774104,0.10555228408181944,-1.5995227555442066e-17,1.7196136496996473e-17,0.33544471845027218,2.0118709088993701e-18,4.8497988088871913e-18,0.080217918166330615,0.28125,0.16153744611595891,0.074741303745188684
20.890114617766798,0.15709495544433566,0.10301870149723681,0.10555725071887459,-2.1750588607394389e-17,-6.7316571814769475e-17,0.33561367164245315,2.3274686435243301e-18,4.8388833335239415e-18,0.098564923434570934,0.21875,0.15459570368324407,0.074717350121199774
20.925165145648958,0.15709495544433627,0.10301865250996915,0.10558454836683817,-1.3902914686471594e-17,-9.6289653170260804e-18,0.33576045391543879,2.4978698659629969e-18,4.483801993515141e-18,0.11600366551160747,0.15625,0.14637666809136066,0.074693493137221567
20.960215673531117,0.15709495544433583,0.10301860445588649,0.10559019721478335,-2.6548074290990122e-17,-7.9128816462560008e-18,0.33588409407278763,2.6473033394184545e-18,4.7840081716871736e-18,0.13220364845791316,0.09375,0.13695801738143654,0.074669732257275301
20.995266201413276,0.15709495544433572,0.1030185559049023,0.10559080311603633,-2.4643107260792133e-17,-1.7007758623811487e-17,0.33598373473179327,2.8482947478097951e-18,4.4946918262794016e-18,0.14712881924778803,0.0625,0.12645673772093327,0.07464606694918835
21.030316729295436,0.1570949554443358,0.10301850844680598,0.10557110062178238,-1.7876141865249062e-17,-3.038351434472548e-18,0.33605855994666062,2.9406512985083247e-18,4.5192595040625328e-18,0.16061629128741914,0,0.11498020648352984,0.074622496684556089
21.065367257177595,0.15709495544433563,0.10301846021071159,0.10554512976113098,-1.7867632846827038e-17,4.7920095826310834e-19,0.33610838505008972,3.0402674964553494e-18,4.3836692988237593e-18,0.17272956706857315,0.03125,0.10264023261603754,0.074599020938705116
21.100417785059754,0.15709495544433616,0.10301840993169653,0.10552364739880399,-1.7252266531884418e-17,-2.2213508696250896e-17,0.33613311392822343,3.1807151130461874e-18,4.3221469135845153e-18,0.18340812744625007,0.0625,0.089576160168969021,0.074575639190667314
21.135468312941914,0.15709495544433624,0.1030183579427404,0.10550124690559755,-2.4662715914630963e-17,2.4234189952217939e-17,0.3361327550984603,3.3784197709723368e-18,4.0648800946004166e-18,0.19256531093111398,0.140625,0.075899265080882419,0.074552350923147534
21.170518840824073,0.15709495544433635,0.10301830519882529,0.10552501469353649,-1.6915886499165511e-17,2.040180387786673e-17,0.33610755025002115,3.6282952271200884e-18,3.6218210654113949e-18,0.20035979153174546,0.203125,0.061751360284547932,0.074529155622490767
21.205569368706232,0.15709495544433605,0.10301825273884312,0.10554739830858044,-1.5427155797100215e-17,2.5542219853412236e-18,0.33605794304393311,3.6922516171611638e-18,3.4061994815468909e-18,0.20655723336203188,0.203125,0.047260867752502912,0.074506052778651216
21.240619896588388,0.15709495544433622,0.10301820028450813,0.10555850535281291,-1.7085877310265277e-17,3.6917387396514138e-17,0.33598464979872078,3.7520143436682632e-18,3.4411544798721567e-18,0.21109357331269188,0.234375,0.032665584594340942,0.074483041885160903
21.275670424470547,0.15709495544433566,0.10301814771797269,0.1055673512888721,-2.3597803834341805e-17,1.3589028791561527e-17,0.33588860635891976,3.8725299448003849e-18,2.9171976003657552e-18,0.21398918688615384,0.234375,0.018629846002924031,0.074460122439098941
21.310720952352707,0.15709495544433594,0.10301809500452019,0.10556971102840439,-1.1394491860929236e-17,2.9437707460418002e-17,0.33577096470939399,4.1686721070747621e-18,2.986528984177806e-18,0.21521476686659807,0.234375,0.0096960571780081873,0.074437293941061411
21.345771480234866,0.1570949554443356,0.1030180426841166,0.10556735128887204,-1.3909865122311442e-17,5.9647797899977511e-18,0.33563307889137062,4.2627873988519444e-18,2.4767139980139173e-18,0.21477060229406725,0.234375,0.017747697044813375,0.074414555895131351
21.380822008117025,0.15709495544433572,0.10301799105748181,0.10555850535281294,-3.5371189227209965e-18,2.6762590015318102e-17,0.33547645539288745,4.5159002977455608e-18,2.2907472526997456e-18,0.21264727796411406,0.234375,0.031680060806200894,0.074391907808849092
21.415872535999185,0.15709495544433591,0.10301793990233712,0.10554739830858045,-1.4450493190049486e-17,5.9946287526406055e-17,0.33530270540320212,4.6213099394559362e-18,1.8206956657618935e-18,0.20886498277332066,0.203125,0.046264096970469321,0.074369349193182888
21.450923063881344,0.15709495544433574,0.10301788917097283,0.10552501469353648,-1.1009237627100592e-17,8.3102949304189327e-17,0.33511361687397323,4.7215435760314435e-18,1.8032115491543601e-18,0.20339612488755396,0.203125,0.060764282661396649,0.074346879562499787
21.485973591763504,0.15709495544433563,0.10301783655893258,0.10550124690559753,-1.012500528575562e-17,-5.9642743037548562e-18,0.33491102823092761,4.8405520928615848e-18,1.4518959488842073e-18,0.19629727788061449,0.140625,0.0749307498014362,0.074324498434537159
21.521024119645663,0.1570949554443361,0.10301778062898638,0.10552364739880399,-8.2727983821596047e-18,3.4612075261944455e-17,0.33469690765419341,4.9436611643426913e-18,1.1248159133812455e-18,0.18782765575087898,0.0625,0.088631864175677921,0.074302205330373683
21.556074647527822,0.15709495544433641,0.10301772242162294,0.10554512976113102,-6.611117668280907e-18,1.5608193588799834e-17,0.3344735988337052,4.8732479704610888e-18,1.0868454281329176e-18,0.17780009974669767,0.03125,0.10172190504604996,0.074279999774401681
21.591125175409982,0.15709495544433638,0.10301766295987161,0.1055711006217824,-1.1413995205134181e-17,4.5872202560934449e-17,0.33424342079918018,4.7179111416183876e-18,5.5199251200766132e-19,0.16629215490808794,0,0.11408566179050794,0.074257881294299541
21.626175703292141,0.15709495544433558,0.10301760232564799,0.10559080311603634,1.5944721055006315e-18,1.2392584978486018e-17,0.33400872700750961,5.0561290606717992e-18,-2.1082765862445293e-19,0.15329012387598542,0.0625,0.12563467864496822,0.074235849421004446
21.6612262311743,0.15709495544433616,0.1030175416853515,0.10559019721478331,-4.3509201808894571e-18,4.7728685035668306e-17,0.33377193955833506,5.1439991646736002e-18,-1.6570909211274803e-20,0.13878213306183435,0.09375,0.13623145801309453,0.074213903688684787
21.696276759056456,0.15709495544433597,0.10301748159823702,0.1055845483668382,-1.0864436880438355e-17,3.5087695692653761e-17,0.33353562706218887,5.0591529744973517e-18,-9.0907562909884018e-20,0.12292616422009321,0.15625,0.14579522263264225,0.074192043634712795
21.731327286938615,0.15709495544433594,0.10301742192473393,0.1055572507188747,-5.9911809152255337e-18,4.5218271858044589e-18,0.33330226072571267,4.994804655942291e-18,-1.4041225461965134e-19,0.10574582223302344,0.21875,0.15420233555590379,0.074170268799637465
21.766377814820775,0.1570949554443358,0.10301736279196462,0.10555228408181948,-5.3295836709850004e-18,-5.5568102681290555e-18,0.33307397769173047,4.9224554329123111e-18,-8.78919932687607e-19,0.087567258881614804,0.28125,0.16141747203103649,0.074148578727158007
21.801428342702934,0.15709495544433566,0.10301730427644359,0.10552446011517506,-9.3493893008523971e-19,8.1596810919634388e-17,0.33285326041549157,4.7676026985984094e-18,-9.0700188730316974e-19,0.06830969297472507,0.34375,0.16730040597528417,0.074126972964097607
21.836478870585093,0.15709495544433591,0.10301724654966277,0.10554895827027984,1.8253108230886932e-18,5.4922428253701123e-17,0.33264217662010354,4.7539464378236477e-18,-1.2019902101712179e-18,0.048520104619044942,0.4375,0.17185575775600256,0.074105451060377109
21.871529398467253,0.15709495544433583,0.10301718979441701,0.10560360938969794,1.7053736809988003e-18,2.3980267362871129e-18,0.33244259755806405,4.8707134502901351e-18,-1.1497024692905159e-18,0.028215217616983944,0.515625,0.17495263710180053,0.07408401256898936
21.906579926349412,0.15709495544433585,0.10301713270932915,0.10561277356285935,1.453783700043614e-17,2.041166085960322e-17,0.33225695372531633,4.8662242118588391e-18,-1.5619411624461181e-18,0.0072084672798007291,0.546875,0.17641892854565303,0.074062657045973659
21.941630454231571,0.15709495544433583,0.10301707814634378,0.10556432779705538,-3.5989567397683075e-18,-1.5489741312548498e-17,0.3320866881835261,4.8890745075939454e-18,-1.793701453651838e-18,0.014893026411562579,0.640625,0.17616003313613765,0.074041384050390263
21.976680982113731,0.15709495544433605,0.10301702627893256,0.10551741927178067,4.9853054157208938e-18,1.9126588458607009e-17,0.3319328811570384,4.8292620985513046e-18,-2.3514871250795144e-18,0.036793704873613144,0.703125,0.17417723989078496,0.074020193144295324
22.01173150999589,0.15709495544433641,0.10301697651966882,0.10550035937103143,3.6118361079986868e-18,7.6986397269762458e-18,0.3317967838671233,4.8827506084134009e-18,-2.5129196934253633e-18,0.058398395760112853,0.828125,0.17042088619778711,0.07399908389271638
22.046782037878049,0.15709495544433558,0.10301692832942951,0.10560524641559056,-3.5843502935413679e-18,8.2932726811894999e-17,0.33167956608823462,4.7680058845235437e-18,-2.9967992586632644e-18,0.078780733641936287,0.859375,0.16497068891841518,0.07397805586362767
22.081832565760209,0.15709495544433583,0.10301688101631765,0.10560357121611336,4.7772662338800148e-18,7.3817040650673614e-17,0.33158205374640592,4.7815124126827363e-18,-3.4834862749001705e-18,0.099286866331064774,0.890625,0.1575807397889549,0.073957108627925941
22.116883093642365,0.15709495544433622,0.1030168348075992,0.10558339508716433,8.8259582963360701e-18,4.9627712602512293e-17,0.33150470846486779,4.5665204425113559e-18,-3.7216572158531763e-18,0.11903088005301792,0.921875,0.14836753219636736,0.07393624175940601
22.151933621524524,0.15709495544433588,0.10301678964264535,0.10555022161810379,6.6555583338019892e-18,5.9026765926729076e-17,0.33144785487915007,4.712701454722952e-18,-4.0576732835135483e-18,0.13777689278716598,1.015625,0.13738460071966171,0.073915454834736966
22.186984149406683,0.15709495544433633,0.10301674547202982,0.10555824795065333,7.674987183194188e-18,3.605540698081985e-17,0.3314118251790088,4.7092404793412419e-18,-4.3071840434840436e-18,0.154769596741095,1.03125,0.12476384457413787,0.073894747433438907
22.222034677288843,0.15709495544433608,0.10301670216187291,0.10553285249286364,9.2609608012361789e-18,5.6397605605878802e-17,0.33139668333633288,4.4489426637975957e-18,-4.5005834201923105e-18,0.17041929578061324,1.0625,0.11055601793852944,0.073874119137858629
22.257085205171002,0.15709495544433585,0.10301665953093478,0.10551481140237472,4.4725106842321575e-18,2.328311758621374e-18,0.33140231127145453,4.2249692957820852e-18,-4.8443017801264701e-18,0.18414514342448551,1.15625,0.094944386481028931,0.073853569533147631
22.292135733053161,0.1570949554443363,0.10301661734439879,0.10555616880877641,3.98070416278688e-20,2.0827718161358148e-17,0.33142840568139587,4.2789717045244272e-18,-5.3107675391089049e-18,0.19522735065090233,1.1875,0.07813406259799173,0.073833098207238865
22.327186260935321,0.15709495544433591,0.1030165755374015,0.10557813409527976,8.8303286461444382e-18,3.6720079266371419e-17,0.33147440506333969,4.2240023216460107e-18,-5.6352043189644534e-18,0.20420744731638074,1.1875,0.06027626067560693,0.073812704750824285
22.36223678881748,0.15709495544433588,0.10301653416817419,0.10558090416116409,9.8863315314026887e-18,-2.1939113914066873e-17,0.33153956570827736,4.0048810529320685e-18,-6.0571359145379519e-18,0.2109561435117687,1.1875,0.041619909246858211,0.073792388757331615
22.397287316699639,0.1570949554443356,0.10301649344217427,0.10557720157503349,6.5861908779282518e-18,4.5508505209172745e-18,0.33162292158233048,3.9790058998685236e-18,-6.1726355570590375e-18,0.21527941887438506,1.1875,0.022483430921748527,0.073772149822902505
22.432337844581799,0.15709495544433577,0.1030164535102412,0.10557505377127853,7.5365471384217374e-18,1.1033711586027354e-17,0.33172341447272086,3.8456786281411479e-18,-6.4394877449814007e-18,0.21699488516411872,1.1875,0.0044195845770378063,0.073751987546371536
