t,volume,energy,exact_energy,cx,cy,r2,px,py,relative_l1,shore_area,velocity_l2,max_speed
0,0.15707683563232366,0.1055274135713139,0.1055274135713139,-9.3990843469756833e-18,1.3971903352274236e-17,0.26665135872449475,0,0,0,0,0,0
0.035050527882159059,0.15707683563232447,0.10552632572626876,0.10552405086382642,1.8549764308758834e-18,-1.7691915760736104e-17,0.26702516959141231,1.2899469859798877e-19,1.426568625261894e-19,0.00034986418125878058,0.09375,0.0013428999474346937,0.084266265348816566
0.070101055764318118,0.157076835632324,0.10552573992250198,0.10551640388015925,8.3831427848213612e-19,-2.5296252760740348e-17,0.26810864691496222,-1.3950954015890484e-19,-3.785340405263149e-19,0.00043583177266503999,0.0625,0.0023939112698726159,0.10161389418456825
0.10515158364647717,0.15707683563232397,0.1055254617136762,0.10551820907260487,-1.0333214828708749e-17,3.957436471264449e-17,0.26989242283355669,6.3247754750058891e-20,-5.1662661171310976e-19,0.00068794163185697795,0.046875,0.0031983307606554836,0.13154584776699843
0.14020211152863624,0.15707683563232469,0.10552553230794928,0.10552355865174602,1.4330608277655689e-17,2.6057957003476068e-17,0.27235786700220488,4.737914772823575e-20,3.0619579298752915e-19,0.0012556922561111547,0.0390625,0.0037947778255122246,0.16840839843299554
0.1752526394107953,0.1570768356323243,0.10552601430924823,0.10552337020134417,1.1933463453335732e-17,-3.6742978180840678e-17,0.27547925242551408,-8.4163559375739183e-20,-3.8103247736642667e-19,0.0019581433766417068,0.0234375,0.0043823440238385022,0.20810931996432466
0.21030316729295434,0.15707683563232425,0.10552691386158493,0.10551570777809645,1.3008556608194269e-17,2.615936081525527e-17,0.27922419839964158,1.3154239691124523e-19,-9.2316003338878058e-19,0.0027582708859400758,0.0234375,0.0049609919989303886,0.24262745469648989
0.24535369517511341,0.15707683563232402,0.10552777793911641,0.10551048821918128,-2.121517720637014e-18,5.8642831228105928e-17,0.2835604708295808,4.9912739905939732e-19,2.8137905112195823e-18,0.0034788974573462918,0.0390625,0.0056111785058401671,0.27800419915813668
0.28040422305727247,0.15707683563232408,0.10552827181387793,0.10552451179509927,-1.8371489090420364e-17,9.8385710792065912e-18,0.28844995321816974,3.4946064774650271e-19,-1.5215888106239438e-18,0.0042953699326318713,0.0234375,0.0063053618165088664,0.31946447296265812
0.31545475093943154,0.15707683563232455,0.10552792355047094,0.10554983968140499,3.1905759373828005e-18,-3.0005754425245275e-17,0.29384475392223169,4.1868573884984049e-19,-3.865315740786792e-18,0.0051819972791327749,0.015625,0.0070797421667874736,0.36020944742134914
0.3505052788215906,0.15707683563232452,0.10552636376207963,0.10555339377176204,9.5183928617070339e-18,-7.3879607054354357e-17,0.29968618839101013,-8.4438596929413065e-21,-2.7829267482040038e-18,0.005858677021274003,0.0078125,0.0082522420250553431,0.38591057417273067
0.38555580670374967,0.15707683563232394,0.10552357822639943,0.10552696062838425,4.7743022074472421e-18,-5.7951246278306974e-17,0.30591335145058735,1.6324874677828562e-20,1.7391356573641649e-18,0.0059444822552067594,0.015625,0.0093885344606772884,0.41203527642354804
0.42060633458590868,0.15707683563232383,0.10552121189466872,0.10552189705272143,7.8535082594223504e-18,-4.1271983324797295e-17,0.31246238571669044,5.9199165770827553e-19,-1.5227534809264184e-18,0.0063047851576894746,0.0078125,0.01030002173092491,0.43601806584403108
0.45565686246806775,0.15707683563232447,0.10551801903601678,0.10549638820848647,2.2434677056627823e-17,6.6511463695433643e-17,0.31927480719755696,4.8775035691434298e-19,4.7005034616693329e-19,0.0068156316642658853,0.0234375,0.010959021324054498,0.44240468082488249
0.49070739035022681,0.15707683563232433,0.10551490252294454,0.10553245541776468,3.4707318776948929e-18,3.4188293034897061e-18,0.32628234108780435,1.7628873214730126e-19,1.2275624988082948e-18,0.0076269754732271816,0.0546875,0.013039937050359735,0.46103090042906913
0.52575791823238593,0.15707683563232444,0.10551135165351626,0.10554886665941533,-6.1878653403066797e-19,9.6465989605879027e-17,0.3334230672239949,3.5690527325947996e-19,2.2620014856426091e-18,0.0082167579669713657,0.0390625,0.013548777789330798,0.46828209499175394
0.56080844611454495,0.15707683563232439,0.10550714248054671,0.10555001243602283,-1.2650746917960327e-17,-3.9591553227478569e-17,0.3406228402025947,4.3224157472835951e-19,1.6615676226026173e-18,0.0087562189229004554,0.03125,0.014534476199705893,0.47570714000781666
0.59585897399670396,0.15707683563232455,0.10550302680658356,0.10552221342000764,7.8022376159095601e-18,-7.5314005468752222e-17,0.34780913515518375,5.4421866861088797e-19,-2.2091678055576221e-18,0.0087460254945137001,0.0859375,0.016463328259056952,0.47886246598409704
0.63090950187886308,0.15707683563232452,0.10549886682833852,0.10551215827454785,-2.1699025473209818e-18,-4.3335616194007232e-17,0.35490021927073528,1.6836020597598049e-19,-2.4984030872653639e-18,0.0092275855463947835,0.05078125,0.017231625999422219,0.47950450737131539
0.66596002976102209,0.1570768356323245,0.10549430462869025,0.10551226419284239,-5.912680588108398e-18,-3.4517234024664958e-17,0.36184594019909766,1.6133330667234252e-20,-1.3224301889007764e-19,0.0098139002032127127,0.078125,0.01833275089242491,0.46214353865185842
0.70101055764318121,0.15707683563232452,0.10548927924658637,0.10553097323739796,6.6163986072020975e-18,-1.325605226388574e-17,0.36858763846999515,-4.8498591930719076e-19,1.462190625197736e-19,0.01057873448076754,0.1015625,0.020219959648600402,0.47099990239624268
0.73606108552534022,0.15707683563232414,0.105484033563121,0.10553729757493412,9.0640768225603578e-18,2.7072584923247037e-17,0.37505161039524537,3.7627784320547187e-19,-3.3294879923096419e-18,0.011024621734308187,0.0859375,0.020784096348849507,0.45899866722510063
0.77111161340749934,0.1570768356323238,0.10547839042324315,0.10555057777035744,-3.0676443533481277e-18,-7.2269953194588635e-17,0.38118618380856167,3.8116482626443515e-21,-2.3314581873174617e-18,0.011350389379014149,0.1171875,0.022487278401244995,0.44737887409815358
0.80616214128965835,0.15707683563232486,0.10547267547292072,0.10553654685100547,5.8219142763185516e-18,1.5630258004070369e-17,0.38690668612588119,2.3059562090324518e-19,3.108918627611152e-18,0.010993827906937174,0.1015625,0.023533436439419107,0.45665246517730129
0.84121266917181736,0.157076835632324,0.10546647221545317,0.10552688631094589,7.4739706855469122e-18,-6.6663127061617841e-17,0.39218062261122533,-2.6469779601696886e-20,3.0704944337968387e-18,0.010955481605609328,0.109375,0.024339303992134877,0.45141624326852731
0.87626319705397648,0.15707683563232447,0.10545970203678408,0.10551920333368421,9.160467317512828e-18,-7.9139966653020318e-17,0.39695056244541949,-2.5066881282806951e-19,-1.5600229306056076e-18,0.011143538795070716,0.13671875,0.025011134406132347,0.43396083593343254
0.91131372493613549,0.15707683563232461,0.10545252150166586,0.10551286103245976,-5.2901288003686451e-18,5.2405633165076409e-17,0.40116464644357375,-5.4322294994852726e-20,-4.4765889785736786e-18,0.011312860240181464,0.12890625,0.025797735094082661,0.41613253261907129
0.94636425281829462,0.15707683563232414,0.10544495061403618,0.10550739104988838,1.194280549540555e-17,7.0874818740547109e-18,0.40479849577756893,7.2836975248050575e-20,-7.7332784595337536e-19,0.0113195918258217,0.125,0.026835266949326166,0.40930560802134325
0.98141478070045363,0.15707683563232389,0.10543699734804313,0.10551689846304613,-4.369758609463319e-18,3.1065375810317533e-17,0.40781781244610038,1.8333631096625305e-19,-1.5013658990082474e-19,0.011320800695467372,0.140625,0.02764560105759473,0.40697903438478855
1.0164653085826127,0.15707683563232433,0.1054288480970412,0.10552278302506997,-4.2014965304247385e-19,1.1117430285840219e-17,0.41019821387126199,1.0920438446925071e-19,2.437271131275245e-18,0.011149745132231156,0.1171875,0.028412096263472453,0.39335901616021962
1.0515158364647719,0.15707683563232416,0.10542091095940287,0.10552407810695669,-2.2269237601348832e-18,-9.1112609809287075e-18,0.41191439548830205,2.3319214084604914e-19,-1.645837956074309e-18,0.011037038479950793,0.109375,0.028963576437339909,0.37283891452965751
1.0865663643469308,0.15707683563232452,0.105413252383095,0.10552559673345091,5.7925294991204163e-18,-7.4661515964458459e-17,0.41295919242758411,2.0045564092365051e-19,-6.5380355616191307e-19,0.010989941617010881,0.109375,0.029366550669634266,0.35065826466615474
1.1216168922290899,0.15707683563232414,0.10540559677588851,0.10552631355915361,3.2974986105425201e-18,-2.1863790869083644e-17,0.41332095846228861,1.3144892550202673e-19,-4.1356383649691214e-19,0.010675752248723542,0.109375,0.029410387826648638,0.33690244644492645
1.156667420111249,0.15707683563232416,0.10539806687924935,0.10552559673345091,7.9030094969962729e-18,4.0362677187098543e-18,0.41299579265806363,7.4777127374793702e-20,-1.1223186551119479e-20,0.01042698814786904,0.1015625,0.029438944500909212,0.32618722194076549
1.1917179479934079,0.157076835632324,0.10539076735178333,0.10552407810695669,5.3183287075185014e-19,2.0356594038917456e-17,0.41199379954187676,-1.8338263308055602e-19,4.1038746294470851e-19,0.010523465825853878,0.0703125,0.029262911834886694,0.31788314102091586
1.226768475875567,0.15707683563232397,0.10538356578194409,0.10552278302506998,-5.6688395982548294e-19,1.6554898993238834e-17,0.41032254945160462,-1.385163566556798e-19,-2.3763509335219396e-18,0.010796916316235168,0.0546875,0.028886923784327168,0.31491301895447205
1.2618190037577262,0.15707683563232383,0.10537582179973654,0.10551689846304613,-1.4196365134226522e-17,1.3577713412076905e-16,0.40799807426320583,-2.5789506265933276e-19,-2.2804244522453901e-18,0.011040925094784063,0.0546875,0.028455206266658165,0.31195271907179895
1.2968695316398853,0.15707683563232491,0.10536814852224835,0.10550739104988838,-5.4100007866341239e-18,1.5778382558376723e-17,0.40505542410063244,-2.9429100961166597e-19,-8.1802206881084055e-19,0.011715561381463579,0.0078125,0.027652595727509739,0.30900252366789899
1.3319200595220442,0.15707683563232425,0.10536075507963849,0.10551286103245976,-6.6563366269638929e-18,-4.1419602334549596e-17,0.40152869354871634,-5.889790659173574e-19,-1.4793430423796355e-18,0.013050694185866045,0.0390625,0.02643019224597213,0.30606272493974995
1.3669705874042033,0.1570768356323245,0.10535372084043704,0.10551920333368421,-4.9610772227295366e-19,-4.8559239555086389e-17,0.3974546546004431,-4.2544876753807404e-19,4.5657193439374924e-18,0.01459604679957106,0.0703125,0.024993061896731273,0.30313362536929556
1.4020211152863624,0.15707683563232422,0.10534636951271702,0.10552688631094589,-2.1065030473847965e-17,3.3940239173760606e-17,0.39287217269624741,-8.5764732887458079e-19,4.67456307765967e-18,0.016174635356550261,0.12890625,0.023437506849825103,0.30021553812068513
1.4370716431685213,0.15707683563232425,0.10533891355722717,0.10553654685100544,-2.0295928692443828e-18,-1.7064487903617002e-17,0.38782858905971346,2.7952087259391911e-20,-4.5475081355715249e-19,0.01773364095876611,0.18359375,0.021793558894321968,0.29730878745207889
1.4721221710506804,0.15707683563232364,0.10533111642583551,0.10555057777035744,-1.7534981368490065e-17,-3.6714667685819823e-17,0.38237602356925882,-8.6900286432370875e-20,6.042521287475365e-19,0.019247917055871169,0.22265625,0.020458002936837603,0.2944137091423073
1.5071726989328396,0.15707683563232411,0.10532254362465154,0.10553729757493412,4.5970851438879782e-19,-2.3532761956512772e-17,0.37656749734796746,-5.2203699330466598e-19,-8.3009228830921433e-19,0.021021040532590712,0.27734375,0.019017882446335743,0.29153065093264136
1.5422232268149987,0.15707683563232419,0.10531383840892257,0.10553097323739796,-5.4807770241866762e-18,-4.136298134450759e-17,0.3704623564122021,-6.9006715421623781e-20,-4.9550368623192502e-18,0.022791296693743315,0.35546875,0.017973855481102013,0.28865997298389134
1.5772737546971576,0.15707683563232389,0.1053049665517288,0.10551226419284239,-5.5555976181707877e-18,-5.2350149650281007e-17,0.36412441064677575,2.6152142246476523e-19,-1.4258740875842078e-18,0.024556068498671767,0.41796875,0.017103271396533122,0.28580204834900141
1.6123242825793167,0.15707683563232419,0.10529499811636853,0.10551215827454782,1.9696015821760507e-18,-1.7563291863511012e-17,0.35761463025082324,-2.3576632691231416e-19,-9.2030129719179732e-19,0.025986328863405777,0.50390625,0.016566887051897863,0.29028085878020449
1.6473748104614758,0.15707683563232394,0.1052833894036402,0.10552221342000764,9.3492039509862665e-19,5.4720142519182771e-17,0.35099365972982244,7.6047676795675152e-20,-4.3897482491454115e-19,0.02719697097231261,0.546875,0.016307933124501087,0.30450388399878697
1.6824253383436347,0.15707683563232369,0.1052704287219297,0.10555001243602283,-1.0289516821327006e-18,8.752526565448209e-17,0.34432584005529687,2.4974237054201012e-19,1.8719428134320037e-18,0.027982477535111287,0.6328125,0.016441278044096643,0.29802552598016457
1.7174758662257938,0.157076835632324,0.10525700818722535,0.10554886665941532,2.5101972251963116e-18,4.8747976188559948e-18,0.33767754103267583,1.6157153468875779e-19,1.3623466165401353e-18,0.02873364411579081,0.68359375,0.016662452590749027,0.30564513522026526
1.752526394107953,0.15707683563232408,0.10524284272794356,0.10553245541776468,-2.3126978194544953e-18,2.1893449482915185e-18,0.3311159078117889,-6.7204123430748223e-19,5.082727079117836e-19,0.029442528389653565,0.73828125,0.016984873342832232,0.30695297409851507
1.7875769219901121,0.15707683563232422,0.10522818644418366,0.10549638820848647,-2.1344091067626502e-18,-1.2658835630823486e-17,0.32470198150577684,-5.0369343604069004e-19,-1.8412908086532388e-18,0.029833019111916943,0.82421875,0.01739052945535733,0.31411647306259877
1.822627449872271,0.1570768356323243,0.10521294677400589,0.10552189705272143,-1.8199603942078486e-20,-7.5540489428920432e-17,0.318505375279517,-2.7989144950834287e-19,3.9329327927793267e-18,0.029839863350010081,0.90234375,0.017895856066689458,0.31986761400288438
1.8576779777544301,0.1570768356323245,0.10519733391068731,0.10552696062838425,2.6588273240566111e-18,7.2863125471219018e-17,0.31258191583340333,-4.8677924687520573e-20,-8.8260833103898095e-19,0.029663390906401795,0.96484375,0.018479148786483612,0.33170526978462722
1.8927285056365892,0.15707683563232394,0.10518141015293206,0.10555339377176204,7.3492696955734143e-18,-1.1886363552393066e-16,0.30697987039972968,9.3358912655184915e-20,-2.6359665318553827e-18,0.029104635392103624,1.01171875,0.019137831635094856,0.34056774251151334
1.9277790335187484,0.15707683563232466,0.10516508718975993,0.10554983968140499,-1.2872512462291557e-17,4.1220080750591887e-17,0.30175137121017398,-4.632211430296955e-20,-4.4444877533617207e-18,0.028757840177517358,1.0703125,0.019848580438096994,0.34331691330310488
1.9628295614009073,0.15707683563232461,0.10514852938297162,0.10552451179509924,6.31762177581964e-18,3.2807819372920083e-17,0.29694398629400287,1.3412237324179812e-19,-3.2538241273181914e-18,0.029160123445408311,1.109375,0.020561244178881416,0.34224865503584323
1.9978800892830664,0.15707683563232416,0.10513178668582673,0.10551048821918128,-3.2927801947056843e-19,-6.7791502506026627e-17,0.29260341456775818,5.0832564747098699e-19,-3.2185663808887311e-18,0.029845057484174407,1.171875,0.021242407232451126,0.33893377366458727
2.0329306171652255,0.15707683563232458,0.10511484997572643,0.10551570777809645,2.962828115829846e-18,1.914867958468758e-17,0.28877110062464401,3.824618454649183e-19,-3.0491333216582693e-18,0.030382025742453505,1.21875,0.021838006752000285,0.34269113133245543
2.0679811450473844,0.15707683563232394,0.10509758940697066,0.10552337020134414,8.0502914770460687e-18,5.4644647865793409e-17,0.28548317582131527,6.1959136602671985e-19,-2.0681632896193828e-18,0.030905637768551097,1.23828125,0.022280772679215365,0.34704205842491642
2.1030316729295437,0.15707683563232458,0.10508019451995619,0.10552355865174602,1.2910259788986245e-17,3.6048696993420579e-18,0.28277192963108405,2.9347044644401337e-19,-1.9013242687898873e-18,0.031503018764799606,1.26953125,0.02261265467390719,0.35209601822743447
2.1380822008117026,0.15707683563232458,0.10506293827011622,0.10551820907260487,-4.1013144513176422e-18,-2.5058832450026242e-17,0.28065595141958966,2.5661127834865046e-19,-6.8818779986451733e-19,0.032166535590040082,1.28515625,0.022876922531274779,0.35502706797194578
2.1731327286938615,0.15707683563232433,0.10504575915962394,0.10551640388015925,1.7653278794113495e-17,-7.5629465270415028e-18,0.27915017452470975,4.9994796222704993e-19,-7.6402371842337891e-19,0.033005096444547119,1.30859375,0.023185272538699193,0.35506471453333505
2.2081832565760209,0.15707683563232397,0.10502855447767338,0.10552405086382642,-5.0116316781242158e-18,3.2871180957014861e-17,0.27826584475273486,3.3002521207395677e-19,-7.4125970796591958e-19,0.033897471888235553,1.34765625,0.023667720707028581,0.3529419279226178
2.2432337844581798,0.15707683563232369,0.10501115871987324,0.1055274135713139,7.8130225663937976e-18,3.7798555209481373e-17,0.27800879644293286,5.889790659173574e-19,-3.9720551270306347e-19,0.034917307622118934,1.35546875,0.024238287010841804,0.34922922171649012
2.2782843123403387,0.15707683563232427,0.10499331522101311,0.10552405086382642,-4.86030534164285e-18,-3.7681268872965619e-17,0.27837804808144806,6.2971605672436891e-19,-3.1499037726019294e-20,0.035871661995237447,1.34765625,0.02485627413284925,0.34438127884707109
2.313334840222498,0.15707683563232389,0.10497501384715813,0.10551640388015925,-1.1988146522587657e-18,9.3005368619263403e-17,0.27936456624179745,8.3948906006781673e-19,-1.2656260418755349e-18,0.036516794503988884,1.30859375,0.025583120683126695,0.33876123574450356
2.3483853681046569,0.15707683563232466,0.10495657005275479,0.10551820907260487,1.0653845929871142e-17,-3.8828517980721731e-17,0.28095303510614311,1.6312928121831765e-18,-1.9889127694919023e-18,0.0367060468648071,1.28515625,0.026847831782560665,0.33265131919989493
2.3834358959868158,0.15707683563232422,0.10493842055369525,0.10552355865174604,-4.6729168269799691e-18,1.6003518399734356e-17,0.28312269172240329,1.9784307367696303e-18,1.0776773718136862e-18,0.03673467066623072,1.26953125,0.028634572171921144,0.32552113493072027
2.4184864238689752,0.15707683563232441,0.10492060812170459,0.10552337020134417,1.0532178207221338e-19,7.6805024873192205e-17,0.28584953794736134,1.5770429988894987e-18,7.8306872484679982e-19,0.037005252792126186,1.23828125,0.030256062278450849,0.30061397890140967
2.4535369517511341,0.15707683563232477,0.1049029679733763,0.10551570777809648,-1.1682460582301197e-17,-3.0571290266260189e-17,0.28910536172919638,2.3402064494758225e-18,-1.9334056416671439e-18,0.036994019929207179,1.21875,0.031216596076110912,0.27340322044385418
2.4885874796332934,0.15707683563232444,0.10488550455060378,0.10551048821918128,-2.8313865318037261e-18,4.7153151635709527e-17,0.29285729262857918,2.315973366250469e-18,4.5386936989641599e-18,0.036493467495815737,1.171875,0.031616989905249311,0.26745590052415608
2.5236380075154523,0.15707683563232414,0.1048687192217765,0.10552451179509927,-2.6311908884408682e-18,-7.6523268041792751e-17,0.29706643644378861,2.4123630686700482e-18,-1.1730347528287992e-18,0.035515385863063506,1.109375,0.033058911637320006,0.2615857287688087
2.5586885353976112,0.15707683563232375,0.10485357621833691,0.10554983968140499,-1.2202834443163668e-17,3.5603817785947741e-18,0.30168423360437618,2.3643336535827692e-18,3.2841320249621343e-18,0.033934917296791434,1.0703125,0.034475581340848882,0.25595478008653727
2.5937390632797706,0.15707683563232425,0.10483881565988099,0.10555339377176204,-7.9235683088567662e-18,1.6993037606659213e-17,0.30666892280202168,2.5932972471374473e-18,-5.425828362315031e-18,0.032043241196607453,1.01171875,0.034559791686296464,0.27852081144044999
2.6287895911619295,0.1570768356323243,0.10482303020957894,0.10552696062838428,-1.3556851273484001e-17,2.4407691064543037e-17,0.31197613819984077,2.5717376116518652e-18,-4.4485111598611786e-19,0.029682099548549987,0.96484375,0.034472953801634482,0.28641388313215232
2.6638401190440884,0.1570768356323243,0.10480862638736239,0.10552189705272143,-1.1826372265324705e-18,-4.0634997186824421e-17,0.31753725550153017,2.1635206706344958e-18,-6.3052338500222066e-19,0.026383258851239277,0.90234375,0.036161971131441685,0.31343175650891714
2.6988906469262477,0.15707683563232391,0.10479754031676455,0.10549638820848649,-1.0702378207050069e-17,-2.7942458585737902e-17,0.32329080826343948,2.22410999614278e-18,2.3484385509319502e-18,0.023591968258959935,0.82421875,0.035718050059601922,0.31440721278759953
2.7339411748084066,0.15707683563232416,0.10478713517372296,0.10553245541776471,-1.9889807900773385e-18,-1.539956117261946e-17,0.32918811410491661,2.0166133938450781e-18,-2.4319374706855031e-18,0.021405075474606614,0.73828125,0.037629732081838903,0.32089783612200035
2.7689917026905655,0.15707683563232411,0.10477748110992931,0.10554886665941533,-7.7004546457149951e-18,-6.9224552801614028e-17,0.33517018913764429,2.4343197508496558e-18,3.2106452993429233e-18,0.019601284778461701,0.68359375,0.03842851510818595,0.3335321991521743
2.8040422305727248,0.1570768356323243,0.10476869658164489,0.10555001243602281,-7.6910178140413156e-18,-8.0272386453860835e-17,0.34118647692095366,3.1413672686803821e-18,1.0570110913896613e-18,0.017987522383040307,0.6328125,0.037086041845046845,0.34566523270803062
2.8390927584548837,0.15707683563232411,0.1047597634531016,0.10552221342000764,-1.4080426916521406e-17,7.999737021651398e-18,0.34717901278120722,3.1021456727555678e-18,2.2703791708865461e-19,0.016861514496869758,0.546875,0.035924876371110283,0.33931253111729942
2.8741432863370426,0.15707683563232408,0.10475276676731418,0.10551215827454788,-5.9991287068332874e-20,3.6079703726062752e-17,0.35306226629833687,2.9197755087447767e-18,3.5838361045023473e-18,0.017267524778561121,0.50390625,0.037386542003225061,0.35265562636439751
2.909193814219202,0.15707683563232439,0.10474643079708262,0.10551226419284239,-8.3114894965851357e-18,-3.8913449465784832e-17,0.35879629126535334,2.7918139767052735e-18,2.6260999215088501e-18,0.018700971180773511,0.41796875,0.036173059341448772,0.35289666722224711
2.9442443421013609,0.15707683563232408,0.1047403953817807,0.10553097323739796,1.0795061375273606e-18,5.3789940539920937e-19,0.36432854360497169,3.2446258789066017e-18,1.0836264547791675e-18,0.021355054621271848,0.35546875,0.034796921446615468,0.34435729740420506
2.9792948699835202,0.15707683563232441,0.10473456604924816,0.10553729757493412,-1.6484628300240209e-17,-1.1528438008198819e-17,0.36959842243874719,3.3331011172252735e-18,2.3106727928852292e-18,0.023968666672739544,0.27734375,0.034351015449421415,0.33529890409513963
3.0143453978656791,0.15707683563232414,0.10472869342416057,0.10555057777035745,1.1444686127095015e-17,1.0789197058447822e-16,0.3745727979446562,3.7015472143910933e-18,-1.3378686878534661e-18,0.026198132068883002,0.22265625,0.032804399397097804,0.33723437478611756
3.049395925747838,0.15707683563232441,0.1047227729336854,0.10553654685100547,1.5309574242016938e-18,-2.7516453041612126e-17,0.37919818221244606,3.6740848180543328e-18,1.1251840087538316e-18,0.028049642584992235,0.18359375,0.031016007986732611,0.33209050600296347
3.0844464536299974,0.15707683563232447,0.10471755420922975,0.10552688631094591,-5.4435352420459321e-18,-4.9122079158480305e-17,0.38342348699901835,3.7779787029909931e-18,-3.4482843631620575e-19,0.029839790918170184,0.12890625,0.030236974755032772,0.32560401327859312
3.1194969815121563,0.15707683563232455,0.10471243334122986,0.10551920333368421,-1.5737601964358398e-18,7.3841859727659657e-17,0.38720367664244626,4.4050345468653915e-18,3.7426647082798792e-18,0.031621902177559745,0.0703125,0.029646177326787156,0.32857796825964486
3.1545475093943152,0.15707683563232411,0.10470721936186812,0.10551286103245976,-2.4392608985350324e-17,-2.8889512050131214e-17,0.39050458375684749,4.276490679674651e-18,-2.0493895984368792e-19,0.033323453730446727,0.0390625,0.028407295364599114,0.32576690594200564
3.1895980372764745,0.157076835632324,0.10470212190333032,0.10550739104988838,-1.8972076020508963e-17,-2.5401928687304779e-17,0.393309828083794,4.4592711252692684e-18,1.4939378171075212e-18,0.035068728963374075,0.0078125,0.027176777684227976,0.31351172746764161
3.2246485651586334,0.15707683563232455,0.10469647302352073,0.10551689846304613,1.5360128697411587e-19,-1.7458138596290074e-17,0.39558261337863643,4.937672686900537e-18,1.5194315235864055e-19,0.036772805147713618,0.0546875,0.026398177974526257,0.30174925991434587
3.2596990930407923,0.15707683563232427,0.10469038632403652,0.10552278302506997,-2.390341037198128e-17,4.7873721139934833e-17,0.39730556637758102,5.1943766094777934e-18,1.147746187141828e-18,0.038342570845422926,0.0546875,0.026002476494371918,0.28671961172293403
3.2947496209229516,0.15707683563232425,0.10468432556001071,0.10552407810695669,-2.8052920070775182e-17,-5.7633427268725752e-17,0.3984674788971434,4.3985163636384736e-18,1.0738723409959422e-18,0.039766902193298891,0.0703125,0.025967380272232093,0.26745490557910573
3.3298001488051105,0.15707683563232397,0.10467839176956845,0.10552559673345091,-8.8218367237942754e-18,-1.3971903352274209e-17,0.39906096491162957,4.4324903257572516e-18,6.4366563057446317e-19,0.040954030426488583,0.09375,0.026251848527730534,0.24632151645608999
3.3648506766872694,0.15707683563232397,0.10467262741871824,0.10552631355915361,-7.9663710810909272e-18,4.405382649031422e-17,0.39908366835243964,4.4894202042356011e-18,1.1272718126199155e-18,0.041923499421060301,0.09375,0.02658550591610126,0.23367605447474482
3.3999012045694288,0.15707683563232405,0.10466721365832864,0.10552559673345091,-9.7178301882390061e-18,-1.9185752851977066e-17,0.39854160295400121,5.3678066054281114e-18,1.2439208226021434e-18,0.042710089685212657,0.09375,0.026981833479026829,0.23280991577586133
3.4349517324515877,0.15707683563232427,0.10466203572743689,0.10552407810695669,6.3070895976124319e-18,2.4206147302369651e-17,0.39743409886305769,4.9421460796532238e-18,7.2535798787020018e-19,0.043313217462644771,0.0703125,0.027612812445631997,0.2319450465916747
3.470002260333747,0.15707683563232444,0.10465692666668275,0.10552278302506997,-9.2600595946403141e-18,-4.1108186889318427e-17,0.3957746239239624,4.9698069993369971e-18,1.1172893969876255e-19,0.043657295644398804,0.0546875,0.028417254356581441,0.23108146117643322
3.5050527882159059,0.15707683563232366,0.10465160021287698,0.10551689846304613,-2.2308838591408056e-18,1.0362989296500584e-17,0.39358233330218134,5.5537766594647333e-18,2.6821033577011403e-18,0.043736188677790312,0.0546875,0.029347744223985516,0.23021917397694619
3.5401033160980648,0.15707683563232394,0.10464637234012894,0.10550739104988838,3.9093760356692567e-18,-6.3906898153500858e-17,0.39088599090697007,5.5197398316194013e-18,1.3827746689477449e-18,0.04361487548433933,0.0078125,0.030180613181407721,0.22935819963539603
3.5751538439802242,0.15707683563232441,0.10464145013717099,0.10551286103245976,3.3312015808056226e-18,4.2201511244653667e-17,0.38771617287542143,5.1512639559515296e-18,6.5074795097914219e-19,0.043383600809424099,0.0390625,0.030833822121709199,0.22849855299218791
3.6102043718623831,0.15707683563232419,0.10463651879026946,0.10551920333368421,-5.4116016777216465e-18,-5.0298312820662873e-18,0.38410275250724574,6.1116206471255948e-18,-1.176791807171015e-18,0.04275912022308901,0.0703125,0.031290235914309697,0.22764024908883751
3.645254899744542,0.15707683563232433,0.10463175153772382,0.10552688631094591,2.0896684137383725e-18,9.5594430794875114e-17,0.38008456815154779,5.9206378785769015e-18,-1.6762070650835808e-18,0.042269595203859305,0.12890625,0.03148674709211443,0.22678330317089712
3.6803054276267013,0.15707683563232402,0.10462665416208469,0.10553654685100547,2.5190863836032059e-17,-1.2771403551502284e-17,0.37570132022474939,6.0063701859843475e-18,3.1668940623837686e-18,0.042236320277041571,0.18359375,0.031579246549942437,0.22592773069091987
3.7153559555088602,0.1570768356323245,0.10462085397513192,0.10555057777035744,1.1105887018525092e-17,6.9288588445113761e-17,0.37099338985233926,5.7993037176051732e-18,7.2931852864310408e-19,0.041907245922721589,0.22265625,0.032000159670514193,0.22507354731146298
3.7504064833910191,0.15707683563232391,0.10461480851266992,0.10553729757493412,1.7330320081567306e-17,1.6976186121527695e-18,0.36601062790151861,5.5761270796159161e-18,2.9274980669435717e-18,0.041290831620580379,0.27734375,0.032560955758323414,0.22717418599487821
3.7854570112731785,0.1570768356323243,0.10460778964740694,0.10553097323739793,2.6577488290081949e-17,4.387452668851439e-18,0.36080620824859894,5.7834086149543542e-18,-1.9685244217536953e-19,0.040403987824414546,0.35546875,0.033630783693529544,0.23474670819033508
3.8205075391553374,0.15707683563232402,0.10459994676078271,0.10551226419284244,8.393387714324508e-18,6.0227207860174647e-19,0.35542637430224611,6.149935653099051e-18,7.3808349984983847e-18,0.03960249728824735,0.41796875,0.034991211686524366,0.23942600653937549
3.8555580670374967,0.15707683563232419,0.10459084023836455,0.10551215827454785,1.3349493748940236e-17,1.7968738595776206e-17,0.34992409611369801,5.2288137927396011e-18,-1.0701897329088561e-18,0.038167620227682886,0.50390625,0.036651549337568458,0.24326330543975541
3.8906085949196556,0.15707683563232402,0.10458131800362414,0.10552221342000764,1.9641669782211267e-17,2.2792307699832294e-17,0.34435367595911348,5.0495538278320094e-18,-2.2551557388931202e-18,0.035776352447648624,0.546875,0.038472978841653419,0.25456778663619306
3.9256591228018145,0.15707683563232414,0.10457133231923968,0.10555001243602283,1.5479689984420004e-17,3.752623520975535e-17,0.33877443810995195,4.9880049728131637e-18,1.7366011759673025e-18,0.032754132766686692,0.6328125,0.040452398497752319,0.26384000259787516
3.9607096506839738,0.1570768356323245,0.10456099692504349,0.10554886665941533,1.2613336620968267e-17,6.4016095777153103e-17,0.33324120330847906,4.9789655430791842e-18,9.5264075042017049e-19,0.029251095651324235,0.68359375,0.042307385869905949,0.26641299291747245
3.9957601785661327,0.15707683563232402,0.10455027173170492,0.10553245541776468,1.0265671969865834e-17,2.3496699778331259e-17,0.32780306597747044,4.5460390628036308e-18,1.4665018905503623e-18,0.026005745184043132,0.73828125,0.043934956289918961,0.26864300281103898
4.0308107064482916,0.15707683563232436,0.10453921308572961,0.10549638820848647,1.9774206712770899e-17,2.2563464531745739e-17,0.32251546533277614,4.9964819197306071e-18,8.7554089988532788e-19,0.023505750064700986,0.82421875,0.045256151589094823,0.27617085361616717
4.065861234330451,0.157076835632324,0.10452790025226771,0.10552189705272143,2.164122487920866e-17,-4.1925483918198923e-17,0.31743553108163086,4.2246727773818791e-18,3.4581518006892026e-18,0.023019665172131599,0.90234375,0.046246973295360393,0.28311488112993982
4.1009117622126103,0.15707683563232416,0.10451644994485809,0.10552696062838424,2.0165245425248637e-17,1.4514184143807606e-17,0.31260248266019969,4.1392250201051513e-18,-1.5272632696260575e-18,0.02424729365032546,0.96484375,0.046798084027633968,0.29539194073492514
4.1359622900947688,0.15707683563232405,0.10450483801732267,0.10555339377176204,3.8435836248443836e-17,1.894780988191952e-17,0.308058101135601,3.781082284649292e-18,-3.2995969936944257e-18,0.026708169304276171,1.01171875,0.046825843877972256,0.30295285330537575
4.1710128179769281,0.15707683563232419,0.10449308091763536,0.10554983968140499,3.0406777642663509e-17,9.6801671189699738e-18,0.30384513061190027,3.378516641576885e-18,-1.3310998689009447e-18,0.030504315949608618,1.0703125,0.046271980763217244,0.30553080745988337
4.2060633458590875,0.15707683563232469,0.10448102649422651,0.10552451179509927,2.4409881757610076e-17,4.3907892629074763e-17,0.30000194930552893,3.4076962648653056e-18,-4.3491502246813089e-19,0.0350517294826816,1.109375,0.045083673916374328,0.30494280080787056
4.2411138737412459,0.15707683563232447,0.10446880729706512,0.10551048821918128,1.6297534686567121e-17,-6.3294178154117325e-17,0.29656731137058229,2.9213008297943244e-18,-8.1529071842819046e-19,0.040193323814598378,1.171875,0.043234162713148991,0.30217191853293829
4.2761644016234053,0.15707683563232416,0.10445663449540862,0.10551570777809645,2.8039565268808439e-17,2.5584935815833431e-17,0.29357164138801811,2.7257123195949359e-18,3.9656527490894742e-19,0.045500976889338615,1.21875,0.040719930799072386,0.29783221920632225
4.3112149295055646,0.15707683563232411,0.10444448732142923,0.10552337020134417,2.333555745176076e-17,4.3797009856909297e-17,0.29103763169839408,2.4207738411384874e-18,3.3790824331158712e-18,0.050525527944432193,1.23828125,0.037566608712884281,0.29841921320204967
4.3462654573877231,0.15707683563232358,0.10443213777570007,0.10552355865174602,2.2945782600667989e-17,6.5954353596984844e-17,0.28898896512278888,2.2357732427797777e-18,-3.3564557346400957e-18,0.055111387493621204,1.26953125,0.033813969391831573,0.29854879195133038
4.3813159852698824,0.15707683563232397,0.10441974821102094,0.10551820907260485,2.8299710070526841e-17,9.5851247428280231e-18,0.28744244041332961,1.8698682444557208e-18,1.4762990177254404e-18,0.05917263407590817,1.28515625,0.029592240962903131,0.29696684361686926
4.4163665131520418,0.15707683563232419,0.10440748430766013,0.10551640388015925,2.0760271365243812e-17,2.0758333444453681e-17,0.28640888121294333,1.6419138112483574e-18,-9.5777423330167458e-19,0.062470145750122844,1.30859375,0.025114790069246724,0.29406719752858757
4.4514170410342002,0.15707683563232419,0.10439544590817176,0.10552405086382639,3.4271328727882825e-17,1.4217260975789617e-17,0.28589502809183115,8.0070752422888058e-19,-1.1131534939248604e-19,0.064870537758550575,1.34765625,0.020802783960012644,0.29017861283086999
4.4864675689163596,0.15707683563232441,0.10438368629799531,0.1055274135713139,2.8133933585545096e-17,2.1966584928386086e-17,0.28590290519785527,9.2693197698202239e-19,-3.475200820294533e-19,0.066455536935131398,1.35546875,0.017281801011172111,0.28557554613421871
4.5215180967985189,0.15707683563232477,0.10437227253238496,0.10552405086382639,2.5212728637990129e-17,-1.5435623350800926e-17,0.28642973319083559,8.1062541977339138e-19,-2.8458156358151854e-19,0.06713314184488102,1.34765625,0.015531455780927168,0.28048436717386943
4.5565686246806774,0.15707683563232422,0.10436129544193623,0.10551640388015925,2.6034112152014997e-17,1.9867226910697096e-17,0.28746719568988638,7.0609791448751548e-19,8.8597991921574709e-19,0.066925097431772884,1.30859375,0.01637948537085156,0.27541090692467107
4.5916191525628367,0.15707683563232402,0.10435070319520766,0.10551820907260487,2.8469741555504216e-17,4.6223623715853123e-17,0.28900154973348918,1.8803800556800446e-19,4.3890203302063648e-19,0.065741092726864972,1.28515625,0.019583224696925746,0.27041780040885177
4.626669680444996,0.1570768356323245,0.10434067294535516,0.10552355865174602,3.6690864963071297e-17,-2.4994122747121088e-18,0.29101409699852809,-4.510103028271877e-19,3.095753220981758e-18,0.063781511884318826,1.26953125,0.023979946539414546,0.26524815961871651
4.6617202083271545,0.15707683563232419,0.10433124969106002,0.10552337020134417,4.1968707977561304e-17,4.1307371443573461e-17,0.29348251339943293,-1.2423160922137906e-18,-1.4787416820743095e-18,0.061170123200030541,1.23828125,0.028837234182853052,0.25881835183152746
4.6967707362093138,0.15707683563232452,0.1043221557785311,0.10551570777809648,2.81422750706852e-17,-3.8889183327195355e-17,0.29638334574633407,-8.8971877558448678e-19,6.1470479655806284e-19,0.058024920198586419,1.21875,0.033614930341699829,0.23985826312354228
4.7318212640914732,0.15707683563232416,0.10431331005806053,0.10551048821918128,2.4261293787462681e-17,1.9938003148249628e-17,0.2996884677916104,-6.2604337480463347e-19,2.9672622933502209e-20,0.054303094771912731,1.171875,0.038230329009981565,0.23461067240205935
4.7668717919736316,0.1570768356323243,0.10430501168656736,0.10552451179509927,3.1944896948046092e-17,1.9418640376495113e-17,0.3033587011792499,-1.3268870380412121e-18,-7.9788460495242086e-18,0.049969472734197405,1.109375,0.042707850654378425,0.21067253390064297
4.801922319855791,0.15707683563232444,0.10429664799643727,0.10554983968140499,4.0651511642253311e-17,2.310271205595546e-17,0.30736246999443539,-1.8020195818916712e-18,3.8263307185171678e-18,0.045406264574666136,1.0703125,0.046635432560956237,0.20184379834098581
4.8369728477379503,0.15707683563232444,0.10428846219347454,0.10555339377176204,2.3021066610493082e-17,-4.5961751636908649e-17,0.31165227632423242,-7.5032891620195098e-19,-9.8826617863191056e-19,0.04092269084988414,1.01171875,0.04993914103611935,0.21720030640439419
4.8720233756201088,0.15707683563232433,0.1042814098143411,0.10552696062838425,1.5397623251829316e-17,8.299609199567392e-17,0.3161885098873693,-1.575534221452202e-18,-6.3000987127794774e-18,0.036791283513205507,0.96484375,0.052565526304372001,0.24251836996061896
4.9070739035022681,0.15707683563232436,0.10427556342776433,0.10552189705272143,1.4332946421217723e-17,-4.4665366885738211e-17,0.320921862565264,-2.3538847080849994e-18,-1.0913903720085902e-19,0.032791250671499142,0.90234375,0.054756183074153135,0.25603486177154455
4.9421244313844275,0.15707683563232364,0.10426895916192994,0.10549638820848649,1.5024489242303945e-17,1.7111503547134107e-17,0.32581666617260541,-2.634646351597748e-18,-1.930673050513575e-18,0.028604025095765765,0.82421875,0.056162996415903103,0.2621708306825733
4.9771749592665868,0.15707683563232402,0.10426226206709266,0.10553245541776471,2.5677661112769832e-17,-7.2884863887038944e-17,0.33081656787698155,-2.5985117937189816e-18,-6.8625550595359346e-19,0.024988247453180491,0.73828125,0.058204692631619717,0.27873456348373826
5.0122254871487453,0.15707683563232452,0.1042565195414049,0.10554886665941533,1.8035133447194491e-17,6.4745933598200701e-17,0.33587541152002531,-1.9872319384871945e-18,-2.4740723967277292e-18,0.022119887539132979,0.68359375,0.058872780326604549,0.28710097236561261
5.0472760150309046,0.15707683563232389,0.10425042116925999,0.10555001243602283,1.8410963694341052e-17,5.6926844497159816e-17,0.34094235966890218,-2.6884362524708463e-18,-8.8029714704847717e-18,0.020519996981288875,0.6328125,0.058167530619376961,0.30137661040958658
5.082326542913064,0.15707683563232422,0.10424417859309529,0.10552221342000769,1.4842745975160078e-17,7.0543012998306765e-17,0.34596568065185734,-4.0703638884713369e-18,-7.3226858557971319e-18,0.019975600127614391,0.546875,0.057727006516094595,0.30522038954908537
5.1173770707952224,0.15707683563232383,0.10423870149993283,0.10551215827454788,1.7798707110798866e-17,2.5117812647986803e-17,0.35088792673992181,-3.7329635340558573e-18,1.067371528561888e-18,0.022189145903414653,0.50390625,0.05734017372731029,0.32203121192022904
5.1524275986773818,0.15707683563232408,0.10423441920870678,0.10551226419284239,2.0193134633141371e-17,2.7444834229803079e-17,0.35566023754563686,-4.2032918129086084e-18,-2.4804363107704059e-18,0.026182013280996775,0.41796875,0.056346885596993704,0.32114154788338273
5.1874781265595411,0.15707683563232439,0.10423055097821363,0.10553097323739793,2.0830120771114078e-17,7.7397186060715031e-17,0.36023824099278795,-3.9343720870451689e-18,-3.481068425969678e-18,0.030747397021049842,0.35546875,0.054688079463217,0.32661382157864832
5.2225286544416996,0.15707683563232369,0.10422640015450868,0.10553729757493407,2.4416664480375683e-17,-2.8640615614738234e-17,0.3645836127349486,-4.5534142051451536e-18,-4.4138948919967532e-18,0.035227741783088434,0.27734375,0.052592443852092809,0.33514162798431535
5.2575791823238589,0.15707683563232414,0.10422195608208183,0.10555057777035742,2.0881265028488377e-17,4.8826672624124266e-17,0.36865037879244478,-4.3037975660562515e-18,9.7889649703836928e-19,0.039835451422348268,0.22265625,0.050377557722895684,0.32473914681568034
5.2926297102060182,0.15707683563232455,0.10421776230571698,0.10553654685100544,2.0372539756723118e-17,7.4826323489045043e-17,0.37240338511275761,-4.7388350112550402e-18,-9.7328593773857523e-19,0.044155950775453104,0.18359375,0.04777633132104437,0.30938407899152653
5.3276802380881767,0.15707683563232455,0.10421375352572693,0.10552688631094591,1.2114637982856333e-17,1.1237918404530816e-17,0.37581219499608071,-4.873576115595028e-18,-2.4085394262885218e-18,0.048385307807670148,0.12890625,0.044814885287978438,0.32009230258024002
5.362730765970336,0.15707683563232408,0.10420987048014312,0.10551920333368421,2.0467561068508729e-17,6.0409877959000679e-17,0.37884758403873714,-5.1361000809622075e-18,-4.251269736002756e-18,0.05257315615955313,0.0703125,0.042039739199423262,0.31281654571742734
5.3977812938524954,0.15707683563232386,0.10420568313780636,0.10551286103245974,2.0381660623050661e-17,-4.90560213367648e-17,0.38147421072761767,-5.1899726998965611e-18,-5.1584885514215678e-18,0.056453686662472864,0.0390625,0.039464323295013877,0.30268162182900304
5.4328318217346538,0.15707683563232411,0.10420135270618198,0.10550739104988838,4.9237933118759851e-18,-6.748278329841658e-17,0.38366566289782444,-5.3684137559977254e-18,-3.7222763605416722e-18,0.059921971476220311,0.0078125,0.03709556328544926,0.29901682885400616
5.4678823496168132,0.15707683563232447,0.10419711216008531,0.10551689846304613,2.9484053509928793e-17,4.2770080352992286e-17,0.38540127968710836,-5.5934168087794995e-18,-2.3028356701715955e-18,0.063151100284480469,0.0546875,0.034744633702323502,0.28942491967796996
5.5029328774989725,0.15707683563232414,0.10419266258824374,0.10552278302506998,1.7285179165771133e-17,-5.7196131229561961e-17,0.38667033826693742,-5.6536355573733599e-18,-3.4151698416997222e-18,0.06597883234303388,0.0546875,0.032336091734647,0.2743318520316903
5.537983405381131,0.15707683563232397,0.10418793564162374,0.10552407810695669,2.2760226685013108e-17,2.4946096014496243e-17,0.38746078729251021,-5.8192553139799522e-18,-3.7414392402023819e-18,0.068353771490388932,0.0703125,0.030589101163647964,0.26198811736057181
5.5730339332632903,0.15707683563232397,0.10418301589261832,0.10552559673345091,1.7478128670527444e-17,5.5212037370172826e-17,0.38777004158313011,-5.9118350224981122e-18,-2.5285742933130825e-18,0.070253194972690558,0.09375,0.029504598783054885,0.24689830827648696
5.6080844611454497,0.15707683563232433,0.10417798099035201,0.10552631355915361,1.6956680527487876e-17,2.6204059379566703e-19,0.38759751145022708,-5.8916667048028443e-18,-2.1401147680216953e-18,0.071666827062913593,0.09375,0.029013317705564069,0.23653463068559069
5.6431349890276081,0.15707683563232425,0.10417306692335782,0.10552559673345091,6.7965409832584233e-18,8.0686258928691842e-17,0.38695142039213998,-6.182210586239645e-18,-2.2353054721433789e-18,0.072682534959137221,0.09375,0.029141832236518186,0.22329061662634478
5.6781855169097675,0.1570768356323245,0.10416840405489526,0.10552407810695669,-3.0641687345397311e-18,2.6546818587142487e-17,0.38584011576590821,-6.4056866636106463e-18,-8.3547165062779981e-19,0.073314030308345976,0.0703125,0.029905504281702383,0.21209525146878885
5.7132360447919268,0.15707683563232416,0.10416406189787381,0.10552278302506997,5.5439911577864203e-18,-6.1693287066619812e-18,0.38427788540009133,-6.3528182419399321e-18,-1.5221343362379225e-18,0.073507293705272592,0.0546875,0.031197890644700538,0.20689449131385818
5.7482865726740853,0.15707683563232464,0.10415996108603044,0.10551689846304611,-7.4452810321104106e-18,1.9718259782134104e-17,0.38228110426045597,-6.1758197888270603e-18,-3.7735777919394813e-18,0.073180566117794651,0.0546875,0.032929172765143372,0.20214082293650021
5.7833371005562446,0.15707683563232466,0.10415582894565514,0.10550739104988838,-8.2945116253150796e-19,1.1315435236135957e-17,0.37986941682700914,-6.2387384549402938e-18,-4.1284571964812423e-18,0.072322612771066053,0.0078125,0.034903670777759251,0.1978968750766239
5.818387628438404,0.15707683563232394,0.10415184092516508,0.10551286103245976,-5.544412444914717e-18,-1.4028861372018865e-17,0.37706933247804963,-6.2396549710590026e-18,-4.2877665989898207e-18,0.071069296900900525,0.0390625,0.037083999154285646,0.19410363523640331
5.8534381563205633,0.15707683563232475,0.10414785023427023,0.10551920333368421,-6.6144817507683742e-18,5.0837560344872423e-17,0.37390997634558698,-6.7627160139620092e-18,-2.3295904134943169e-18,0.069252683519048772,0.0703125,0.039362958908521345,0.19069434467706251
5.8884886842027218,0.15707683563232458,0.1041440362010643,0.10552688631094589,1.3987153946318213e-17,-9.0930445255014731e-17,0.37042381059496038,-6.6013612005937403e-18,-1.3958267518332191e-18,0.066913614656390674,0.12890625,0.041563755743076344,0.18761424120771766
5.9235392120848811,0.15707683563232383,0.10413949960916737,0.10553654685100544,9.4716721191798422e-18,5.1956498957607918e-18,0.36664150896753706,-5.4584490569516722e-18,-2.5725521777600768e-18,0.06413498537287271,0.18359375,0.043671102114498574,0.18481796750682894
5.9585897399670404,0.15707683563232441,0.10413492689887091,0.10555057777035744,-1.206359904726415e-17,-3.3628823728529444e-18,0.36260665192372715,-6.3885747782787618e-18,1.2285878925751308e-18,0.061193938883456957,0.22265625,0.045840740441734952,0.19439168838716345
5.9936402678491989,0.15707683563232411,0.10412976223910676,0.10553729757493407,-8.7056878625250297e-19,-3.8930300950916455e-18,0.35836038166647277,-6.3646452703382153e-18,-5.3225020266761587e-18,0.058578515463373108,0.27734375,0.048097598697911408,0.20527383161935439
6.0286907957313582,0.15707683563232433,0.10412362703244861,0.10553097323739793,-1.4935702980017001e-17,2.440398373781409e-17,0.35393992809893304,-5.3911943100674357e-18,-4.2478929779471614e-19,0.05522943469322205,0.35546875,0.05081206474704366,0.21201409536159121
6.0637413236135176,0.15707683563232419,0.10411652981229001,0.10551226419284243,-2.2940874605623334e-17,2.8176862743917771e-17,0.3493913789197875,-5.6157349688867928e-18,-1.4745197522278388e-18,0.051864358732507061,0.41796875,0.053697518944029195,0.22123294730984439
6.098791851495676,0.15707683563232414,0.1041085600964366,0.10551215827454778,-1.3158566422399732e-17,-1.7903186318614466e-17,0.34476088571876456,-5.3428704186820879e-18,-3.5068570223369374e-18,0.047965822800593479,0.50390625,0.05673220799577898,0.23162328085699299
6.1338423793778354,0.1570768356323243,0.10410046786595611,0.10552221342000763,-4.5542402429409968e-18,-2.2936724927409674e-17,0.34009496018171348,-6.1019724124607762e-18,-3.5095886829123172e-18,0.042880945346941209,0.546875,0.059738206297394875,0.23821368315685637
6.1688929072599947,0.15707683563232461,0.10409226628286276,0.10555001243602283,-2.0249123692490891e-17,8.2734893976134685e-18,0.33543829849305995,-5.539155414957246e-18,-3.3998955380986242e-18,0.03707068645414998,0.6328125,0.0626352516779803,0.24320681672318828
6.2039434351421532,0.15707683563232389,0.10408376165171972,0.10554886665941533,3.7965553427135027e-18,-1.5995092657168613e-17,0.33083939466156598,-5.2720397700097847e-18,-7.3775971033881224e-18,0.03061438962674105,0.68359375,0.065184783465414134,0.24678067967089223
6.2389939630243125,0.15707683563232497,0.10407504618366192,0.10553245541776468,4.0521502434463235e-19,3.6805665705529902e-17,0.32633797022362621,-5.1746069928377761e-18,-2.7227772759864447e-18,0.024473174922569028,0.73828125,0.067264364192012469,0.24836057391599287
6.2740444909064719,0.15707683563232377,0.10406614692057893,0.10549638820848647,-2.0611072528760369e-17,3.6241983527879694e-17,0.32198252285728829,-5.4449494693548068e-18,-4.0714441346525429e-18,0.018423854649982543,0.82421875,0.06877280825399204,0.24933543710689171
6.3090950187886303,0.15707683563232402,0.10405716729010654,0.10552189705272143,-1.6377052632031688e-17,8.067025001781697e-17,0.3178173136062058,-5.2498754654964263e-18,-7.3912775333464072e-19,0.018692093096354851,0.90234375,0.069661109187636183,0.25334226029875012
6.3441455466707897,0.15707683563232464,0.10404811362064381,0.10552696062838428,-1.1604838428913986e-17,-2.4182723738036734e-18,0.31387470885745344,-4.3020770303821412e-18,-6.2108856293544083e-19,0.022252214306185528,0.96484375,0.069820461854091326,0.25659356591677324
6.379196074552949,0.15707683563232455,0.104038943947489,0.10555339377176204,-1.3249269541120288e-17,-2.47341043315412e-17,0.31019040434352674,-4.6890031696130082e-18,-1.0712251562406194e-18,0.028290863140724702,1.01171875,0.06915912965087255,0.25808811408922849
6.4142466024351075,0.1570768356323245,0.10402965049968227,0.10554983968140501,-1.8268358001415204e-17,5.8946494990176356e-19,0.30679848675213428,-4.8372248363957727e-18,-1.8639257272363515e-18,0.036231867457554544,1.0703125,0.067608965650754194,0.25837743520134165
6.4492971303172668,0.15707683563232425,0.10402022304391582,0.10552451179509925,-2.2227108888519934e-18,-2.9246595020068822e-18,0.3037299504884276,-4.7751598206746939e-18,1.0639766759303938e-18,0.045040043292679945,1.109375,0.06511402374332452,0.25954284570670083
6.4843476581994262,0.15707683563232461,0.10401073296468417,0.1055104882191813,-2.104980094416027e-17,-9.9797022671833228e-18,0.30101187832157267,-4.6228833145291945e-18,-3.7159155484262926e-18,0.05362665247607077,1.171875,0.061627726084320288,0.2608155977079078
6.5193981860815846,0.15707683563232425,0.10400123110519019,0.10551570777809646,-1.5560429662556551e-17,-1.7961323942318316e-17,0.29866772371028555,-3.8567461496407426e-18,-3.004520834585082e-18,0.061658447980918199,1.21875,0.05714795826976616,0.26148328099929019
6.554448713963744,0.15707683563232375,0.10399174741589763,0.10552337020134417,-1.8292266045945685e-17,7.780861507020224e-17,0.29671820267027849,-3.4233390774292959e-18,1.904137303258027e-18,0.06907188878724238,1.23828125,0.051711498472661016,0.26083203892939621
6.5894992418459033,0.1570768356323243,0.10398227696619791,0.10552355865174602,-3.7496450209785294e-18,3.0833920662035556e-17,0.29518053582520282,-3.3894577595391239e-18,-3.6554575378402512e-18,0.075793075352198119,1.26953125,0.04538461816069294,0.2610862268545332
6.6245497697280618,0.15707683563232447,0.10397295479564241,0.10551820907260487,-2.2657601140561871e-17,4.9361454504774028e-17,0.29406368726386944,-3.6094026028751363e-18,-1.7329754882461177e-18,0.081663249258134105,1.28515625,0.038278413788107583,0.26071938550638762
6.6596002976102211,0.1570768356323245,0.10396379393691856,0.10551640388015925,-2.6123435555390397e-17,2.3460384827872691e-17,0.29337531491755248,-3.1832747200541562e-18,-2.0155429187348579e-18,0.086476938009840756,1.30859375,0.030542724466043447,0.25897043831265676
6.6946508254923804,0.15707683563232441,0.1039548617118289,0.10552405086382639,-1.9136757158957028e-17,3.0346070167477039e-17,0.29311871020882979,-2.9393863067071838e-18,-1.158342680981362e-18,0.090061140255351779,1.34765625,0.022420672825037895,0.25580065940028573
6.7297013533745389,0.15707683563232414,0.10394620076661304,0.1055274135713139,-2.223772532415283e-17,-9.2437473570329881e-17,0.29329393465593634,-2.5690145330753406e-18,-2.6048238021782206e-19,0.092439358863066978,1.35546875,0.014405483972351694,0.25089249336149388
6.7647518812566982,0.15707683563232455,0.10393780553635067,0.10552405086382642,-2.8456302496111703e-17,-2.2969248293713537e-17,0.29389705432249202,-2.0970864869179119e-18,-1.5118665432943018e-18,0.093590698314722262,1.34765625,0.0083781566838838518,0.24128655372977295
6.7998024091388576,0.15707683563232436,0.10392969600322141,0.10551640388015925,-2.581467421906752e-17,7.2564685669539256e-17,0.29491997964529637,-1.8585218079933309e-18,-1.9484812668248643e-18,0.093488962477452128,1.30859375,0.01012224437772913,0.23697036046119238
6.8348529370210169,0.1570768356323243,0.1039218347858504,0.10551820907260487,-4.2438664301345702e-17,2.0873092058199553e-18,0.29635263044099203,-1.6220995268552622e-18,-1.1694244196477349e-18,0.092030483252673531,1.28515625,0.017443035561730651,0.23258312948790513
6.8699034649031754,0.15707683563232414,0.10391438930563243,0.10552355865174604,-3.122188397847679e-17,6.7518255674618492e-17,0.29817836957065069,-1.3824868100945764e-18,1.6161594394789423e-19,0.08934067207363254,1.26953125,0.025688139538346699,0.22551786634335652
6.9049539927853347,0.15707683563232416,0.10390730192212264,0.10552337020134415,-1.7934877642839993e-17,-2.5151178588547228e-17,0.30037684512431945,-1.3415297892446258e-18,1.3776539298175529e-18,0.085572924048324089,1.23046875,0.033840968215280924,0.20343260284151105
6.9400045206674941,0.15707683563232461,0.10390053410562179,0.10551570777809646,-1.8153704709451378e-17,1.1290326523289945e-17,0.30292660062166471,-6.5114830639561786e-19,-1.2953948762540347e-18,0.080805517689588005,1.2109375,0.041557487767436826,0.19452706827153948
6.9750550485496525,0.15707683563232427,0.10389415933229831,0.10551048821918128,-2.0188626860868656e-17,-2.9127286505337413e-17,0.30579929562552655,-7.1845930156150793e-19,-1.3699897654001253e-18,0.075036368161926784,1.1640625,0.048750569845327218,0.19069869983499088
7.0101055764318119,0.1570768356323248,0.10388836107257837,0.10552451179509924,-1.7933371541356287e-17,5.0435146879930897e-17,0.30896351171479086,-2.0955628202295893e-19,-2.4255016436283225e-19,0.068242716561378494,1.1015625,0.05527994893757017,0.18609639178258211
7.0451561043139712,0.15707683563232391,0.10388295937714227,0.10554983968140499,-2.9982573101011302e-17,2.144208245366653e-17,0.31239198976937516,-6.3047706288791769e-21,4.0079808735035198e-18,0.060638502154930725,1.0625,0.061060161754087433,0.16604798179596289
7.0802066321961297,0.15707683563232455,0.10387812671009204,0.10555339377176204,-2.3429525545725523e-17,-6.2947880134663859e-18,0.31604955598964757,4.1796774607814446e-19,3.5284860892951857e-18,0.052618684437075521,1.00390625,0.065933395922849358,0.17622361445799153
7.115257160078289,0.15707683563232402,0.10387325322653908,0.10552696062838425,-3.3411386909441439e-17,-2.1057700077815765e-17,0.31989797224582056,6.7855445445072477e-19,2.9158219990070795e-19,0.044446339633771939,0.95703125,0.06988456090708664,0.20933032070903465
7.1503076879604484,0.15707683563232466,0.10386837039351504,0.10552189705272146,-1.7178045849047218e-17,5.3775616777558914e-18,0.3239023668974827,7.5983735734324803e-19,4.2724394075283077e-18,0.036235215671154938,0.89453125,0.073043296765398447,0.22561303384754627
7.1853582158426068,0.15707683563232452,0.10386368592849607,0.10549638820848647,-2.8919613015447378e-17,-7.403699992548306e-18,0.32801975808794465,1.6234635476853621e-18,4.131159233650935e-18,0.02884867176172666,0.80859375,0.075332258912902614,0.22731448693098438
7.2204087437247662,0.15707683563232486,0.10385955468000867,0.10553245541776471,-3.7560327870611953e-17,1.7453083150750575e-18,0.33221299202476068,1.886212506179156e-18,3.0635555775296494e-18,0.022740154245121852,0.72265625,0.077297808821030461,0.23140072127957739
7.2554592716069255,0.15707683563232436,0.103855351036131,0.10554886665941535,-2.6528271421319594e-17,1.542643929140427e-17,0.33643750740139705,2.3649953980728116e-18,-1.8344174547508059e-18,0.01783024482722748,0.66796875,0.077893165145840285,0.24610151764363994
7.290509799489084,0.15707683563232433,0.10385144365149053,0.10555001243602286,-1.8882394523074435e-17,2.2943549778887947e-17,0.3406481904845704,1.8582099609023984e-18,3.4422355790833694e-18,0.015255566251947475,0.6171875,0.077722933961596505,0.25653568866970478
7.3255603273712433,0.15707683563232405,0.10384753548203814,0.10552221342000769,-2.804141893217293e-17,-3.9565770455227376e-17,0.34480316660260574,2.2151201972455537e-18,2.369815172707005e-18,0.017143431764498798,0.53125,0.076995480928373439,0.27413138324122849
7.3606108552534026,0.1570768356323243,0.10384385867135097,0.10551215827454782,-1.1433922240967223e-17,-8.0805398928571895e-17,0.34886567195082524,2.8378986901724403e-18,2.9976213727945655e-18,0.023652231178133674,0.48828125,0.075609395678582339,0.25923067167570896
7.3956613831355611,0.15707683563232394,0.10384089539813045,0.10551226419284239,-3.2324729422911393e-17,-4.3921205302328901e-17,0.35278971433963641,2.6371626350211343e-18,1.2463207837518895e-20,0.031015334136365483,0.40234375,0.073984178689328606,0.25832513956863029
7.4307119110177204,0.15707683563232427,0.10383859207631294,0.10553097323739796,-3.1994061155917403e-17,-5.9403928554072475e-17,0.35653447798079363,2.1627166510790942e-18,2.1777365190936497e-18,0.038616307691622366,0.33984375,0.071991824094136625,0.27631390294505509
7.4657624388998798,0.15707683563232419,0.10383616590399553,0.10553729757493407,-9.2854210797633182e-18,-3.5327116400087518e-17,0.36007372834317386,2.8812094534554106e-18,3.9122993927846508e-18,0.045986827906988263,0.26171875,0.06857112196223801,0.27518149318111734
7.5008129667820382,0.1570768356323245,0.1038333353138006,0.10555057777035745,-8.8280928376493353e-18,-5.7145745289018474e-17,0.36337126786581642,3.6435568903674508e-18,1.2417928487775625e-18,0.053180045361201321,0.20703125,0.064905506078642441,0.26322760752938318
7.5358634946641976,0.15707683563232452,0.10383040629426395,0.10553654685100548,-5.3966038559545524e-18,-5.6444133705566208e-17,0.36639787617315167,3.5767939023573771e-18,3.962285684556683e-18,0.059989920084039451,0.16796875,0.061048665672412544,0.26284595181378079
7.5709140225463569,0.15707683563232419,0.10382770633642745,0.10552688631094591,-4.3179402926837813e-18,-5.2808510045859183e-17,0.3691206152944087,3.3394695807613193e-18,2.9146594225055303e-18,0.066378395860155176,0.12890625,0.056890859694187938,0.26455676516055937
7.6059645504285154,0.15707683563232427,0.10382517124270731,0.10551920333368424,-8.102552145310284e-18,1.874795126825926e-17,0.37151891707955642,3.8842408060213927e-18,5.4171475412259874e-19,0.072309607084868111,0.0859375,0.052021551029356732,0.25839682313249851
7.6410150783106747,0.15707683563232436,0.10382259165766557,0.10551286103245974,-1.5163334947609673e-17,2.1407031364592839e-17,0.37357882974644813,3.8379732856388516e-18,3.2814798254243479e-18,0.07766953371138885,0.0546875,0.04740549208046687,0.2437811776995677
7.6760656061928341,0.15707683563232405,0.10381993080752631,0.10550739104988842,3.2015504670747353e-18,-1.1316833909401919e-16,0.37527252029120745,4.1445011916423208e-18,3.4523616139495138e-18,0.082427420553244327,0.0234375,0.043272193974905983,0.25212929099846809
7.7111161340749934,0.1570768356323245,0.1038172344435055,0.10551689846304613,-1.1276645223798773e-17,4.9243662623704459e-17,0.37658639679909955,3.8848181780889547e-18,2.2117729204239783e-18,0.086677108952075907,0.0703125,0.039067767315084261,0.24878649199670866
7.7461666619571519,0.15707683563232441,0.10381447617678775,0.10552278302506998,-4.4543951935365353e-18,-4.2540900155203164e-17,0.37750240464110174,4.2414124314381147e-18,3.7695491380130125e-18,0.090280368310353076,0.0703125,0.035440961006773158,0.24482148770317858
7.7812171898393112,0.15707683563232455,0.10381176072131799,0.10552407810695669,-1.1503508342382316e-17,3.0384660068428272e-17,0.37801568678469061,4.1465182715660314e-18,3.4541248851344899e-18,0.093195847672444099,0.0859375,0.032308296930373182,0.23151803288797845
7.8162677177214706,0.15707683563232436,0.10380914520591324,0.10552559673345091,8.8275872930953969e-18,-1.5806608795972131e-17,0.37813122165654656,3.8853678396059962e-18,3.2470274168693904e-18,0.095432170254407117,0.109375,0.029872703000004708,0.21720505423129163
7.851318245603629,0.15707683563232397,0.10380652336493153,0.10552631355915361,9.0482574908931199e-18,3.4012363530123712e-17,0.3778469837209113,3.8847668928909764e-18,3.0252269876995714e-18,0.097037524394076369,0.109375,0.028486532611884212,0.20304929280591244
7.8863687734857884,0.15707683563232436,0.10380383775569853,0.10552559673345091,-2.105182312237609e-18,2.9369610861529144e-17,0.37716672435679849,3.7626725529363119e-18,4.0313859360110106e-18,0.09804444023943347,0.109375,0.028497318168687585,0.18759084669880385
7.9214193013679477,0.15707683563232414,0.10380106412709543,0.10552407810695669,3.1814024101643192e-18,8.124067278952003e-17,0.3760982668599907,3.7545603926690043e-18,3.1402983445338105e-18,0.098469179192455791,0.0859375,0.029910219690160354,0.1861497461666419
7.9564698292501062,0.15707683563232414,0.1037981178984375,0.10552278302506998,-2.3512771882275461e-18,4.0605928374972532e-17,0.37465196401076634,3.5453151305563653e-18,4.1422858856396302e-18,0.098302649214610099,0.0703125,0.032544616581355344,0.19033103303584709
7.9915203571322655,0.1570768356323243,0.10379512508179893,0.10551689846304613,-9.0557774661330583e-19,-7.5172790023349916e-18,0.37284658731652859,3.2986403593160081e-18,7.8412210381396915e-19,0.097481612454382457,0.0703125,0.03597184294696943,0.18921324486538044
8.026570885014424,0.15707683563232422,0.10379217517530596,0.10550739104988838,2.7296562225001794e-18,1.4452928995354399e-17,0.37070379367429251,3.2697684472154572e-18,2.2134129740094266e-18,0.095994985838835437,0.0234375,0.039779360794036031,0.18533314191736872
8.0616214128965833,0.15707683563232414,0.1037892993208325,0.10551286103245976,5.2752310342945466e-18,3.4654068083933258e-17,0.36824527093717219,3.1821228710511761e-18,1.1353928424605881e-18,0.093909519181569909,0.0546875,0.043875033155938638,0.18120549049568235
8.0966719407787426,0.15707683563232441,0.10378660592578318,0.10551920333368421,-3.530702100406809e-18,3.3582903431545958e-17,0.36549790081814792,3.1734631172183584e-18,5.0498888941412301e-18,0.091088728477461176,0.0859375,0.048018719534110632,0.17767593802340895
8.131722468660902,0.15707683563232427,0.10378396930806889,0.10552688631094589,-7.5425562300323254e-18,3.2136203433002064e-18,0.36248883442627022,2.8339220193775916e-18,1.0517605559891324e-18,0.0875894378642329,0.12890625,0.052058839978087995,0.17464484453773732
8.1667729965430613,0.15707683563232386,0.10378123548118701,0.10553654685100552,2.055579965752886e-17,5.2805898065663899e-17,0.35924787392423319,2.8230673417893645e-18,2.6926069342778428e-18,0.083432092416201128,0.16796875,0.055976491582186864,0.17203209947526002
8.2018235244252207,0.15707683563232455,0.10377806594613938,0.10555057777035746,1.1254780421840577e-17,-1.340489300631019e-17,0.35580717626645919,2.7960855373884973e-18,6.8473074906707283e-18,0.078518489881521894,0.20703125,0.059828607678292345,0.17456140824352862
8.2368740523073782,0.15707683563232419,0.10377452234345724,0.10553729757493407,1.2220486373838936e-19,-1.9027053990750637e-17,0.35219756639178385,2.796918094675032e-18,7.4024525269333227e-18,0.072809508053911218,0.26171875,0.063485374693841426,0.18312859086464398
8.2719245801895376,0.15707683563232458,0.10376986388917188,0.10553097323739793,1.582851572664313e-17,-1.3356444986556969e-17,0.34845496968211437,2.6419549058999603e-18,5.2142136219506883e-18,0.06679834886957399,0.33984375,0.067207416012000545,0.18898531904376406
8.3069751080716969,0.15707683563232439,0.10376465179979427,0.10551226419284239,3.0516459746513471e-18,-3.4216224371502598e-17,0.34462119349421072,2.9193739125573822e-18,3.401718196651055e-18,0.060914954765852042,0.40234375,0.070993818706737016,0.19499499800891518
8.3420256359538563,0.15707683563232411,0.10375944782067496,0.10551215827454788,1.1506625867131686e-17,5.898466360399947e-17,0.34073374951839702,2.3469645150803807e-18,5.7788608413778166e-18,0.054837967571836281,0.48828125,0.074798008974678601,0.19994022351467053
8.3770761638360156,0.15707683563232391,0.10375416278619029,0.10552221342000763,1.5476014254225704e-17,-6.5901102903968991e-18,0.33682900911846791,2.7254385228121809e-18,7.4111227243252706e-18,0.047649468256598597,0.53125,0.07840206617805609,0.20396221126423961
8.412126691718175,0.15707683563232458,0.10374878551893471,0.10555001243602283,8.5348559320038745e-18,-2.9242508534924359e-17,0.33294566569912426,2.4783530563976911e-18,7.1708486980713783e-18,0.039745461353935072,0.6171875,0.081734207642142689,0.20890679880752214
8.4471772196003325,0.15707683563232461,0.10374306000808924,0.10554886665941531,1.0734385496621767e-17,4.0781352335191892e-17,0.32912474587804241,2.4362404642320039e-18,1.7638861057119598e-18,0.031136704937314401,0.66796875,0.084558012714025715,0.21147616816993356
8.4822277474824919,0.15707683563232411,0.10373709640867436,0.10553245541776468,1.3802124639573788e-17,2.3518353936725294e-18,0.32539827606900257,2.5482820782023115e-18,4.4822400535676164e-18,0.02293417481423007,0.72265625,0.086772256254736502,0.2133212618233718
8.5172782753646512,0.15707683563232427,0.10373095571733844,0.10549638820848647,1.16240701863204e-17,-1.0919509592970119e-17,0.32180754480763973,2.2836818894976239e-18,4.9067505010230226e-18,0.015704079760371109,0.80859375,0.088237310720272064,0.21998712139428631
8.5523288032468106,0.15707683563232391,0.10372473049394323,0.10552189705272143,2.2700419711063407e-17,7.0243435721380702e-17,0.31838746386475758,2.4097036830006902e-18,2.3693351349174986e-18,0.016593688910364886,0.88671875,0.088870951440808518,0.22497798082099418
8.5873793311289699,0.1570768356323245,0.1037184607791314,0.10552696062838424,9.2705391119564966e-18,-8.2122468877741235e-17,0.31516952731281794,2.3212871745055097e-18,2.6601485140596911e-18,0.024077858272555191,0.94921875,0.08854478793808325,0.22770652989596665
8.6224298590111292,0.15707683563232408,0.10371210782902965,0.10555339377176208,1.4664004378805336e-17,9.4781430894703443e-17,0.31218171299121217,2.5286944412970558e-18,4.003516952938199e-18,0.035088556013855951,0.99609375,0.087176621691487946,0.22892907564068038
8.6574803868932868,0.15707683563232414,0.10370565862002597,0.10554983968140501,1.878889511103985e-17,2.2567719531741491e-17,0.3094511822763959,2.2040024762225347e-18,4.8545246694412914e-18,0.046276852850411769,1.0546875,0.084695112733517958,0.22907258630244937
8.6925309147754461,0.15707683563232469,0.10369908933828366,0.10552451179509925,2.0523639651372999e-17,5.0456885295750638e-17,0.30700156127849204,2.228700434952143e-18,1.4481379639638023e-18,0.057329289608976305,1.09375,0.081061962359702255,0.22836324152882276
8.7275814426576055,0.15707683563232411,0.10369245387038115,0.10551048821918128,9.2161193471598069e-18,-7.3575690520006968e-18,0.30485362130032556,1.8158500417335578e-18,5.2284738667442815e-18,0.067821831347562186,1.15625,0.076238446791830089,0.22695007903504563
8.7626319705397648,0.15707683563232422,0.10368580993447776,0.10551570777809648,3.4171752249022641e-17,1.1339785632151084e-18,0.30302738975822452,1.6459669962498672e-18,1.3198245764335829e-18,0.077490642064552182,1.203125,0.070226854156495974,0.22494479964340408
8.7976824984219242,0.157076835632324,0.10367918254716917,0.10552337020134417,1.6910175694613927e-17,-1.8958131416562604e-17,0.30153778787111424,1.6014187707705176e-18,1.3715143045055003e-18,0.086286435123913902,1.22265625,0.063086927650930297,0.22244120101060577
8.8327330263040835,0.15707683563232414,0.10367257978850544,0.10552355865174602,2.5546519695822595e-17,1.9348032653793921e-17,0.30039579080283846,1.5863305828072441e-18,4.6500351045459413e-19,0.09413739586162026,1.25390625,0.054909893065150081,0.22239196839396616
8.8677835541862411,0.15707683563232461,0.10366603256934946,0.10551820907260485,1.3739784676765202e-17,1.3150772610526349e-17,0.29961068132484431,1.4240108632544321e-18,-5.4280941780338757e-19,0.10092966428217941,1.26953125,0.045820818585436233,0.22188870320664231
8.9028340820684004,0.15707683563232439,0.10365960618183792,0.10551640388015925,-4.0019380838434105e-18,-1.9763000475158412e-17,0.29918713550860654,1.4065275738275113e-18,1.3359063634088974e-18,0.10643931306136266,1.29296875,0.035985245493732936,0.22070101752441798
8.9378846099505598,0.15707683563232477,0.10365334987254492,0.10552405086382639,3.3615795424087035e-17,9.4338489608020128e-17,0.29912698163538748,1.3900100177657462e-18,4.1013929260507127e-19,0.11052573788409754,1.33203125,0.025610542601588297,0.21894592079718433
8.9729351378327191,0.15707683563232441,0.10364727738837153,0.1055274135713139,1.9201967140327039e-17,-1.3005133650276909e-18,0.29942851948784499,1.2290307443955764e-18,1.209198442974764e-18,0.11325507024640358,1.33984375,0.015050939800033917,0.21671786396576825
9.0079856657148785,0.157076835632324,0.10364141413858285,0.10552405086382639,2.4525098521108082e-17,-6.6202955131387921e-17,0.3000861834914646,1.1281709579457606e-18,-1.2562051203204551e-18,0.11458393470898447,1.33203125,0.0059962594235601066,0.21312534705956132
9.0430361935970378,0.15707683563232436,0.10363584992172753,0.10551640388015925,2.9465085056977604e-17,-1.0435063098408196e-16,0.30109135161383987,7.3483954564158926e-19,2.7074812847436614e-18,0.11446622782494015,1.29296875,0.009848747000078489,0.20485868893687362
9.0780867214791972,0.15707683563232377,0.10363059349806304,0.10551820907260487,2.2282976827820209e-17,7.5933213289911557e-18,0.30243391938827702,5.7759209760495242e-19,3.4858214316188018e-19,0.11279037656868758,1.26953125,0.020130980514182339,0.19341024359873576
9.1131372493613547,0.15707683563232397,0.10362560846352759,0.10552355865174604,2.2623471617081439e-17,5.7528779546058897e-17,0.3040987658268437,3.5983928289220555e-19,-3.7360173491680839e-18,0.10962440282047882,1.25390625,0.030637333471180108,0.18948933126794301
9.1481877772435141,0.15707683563232439,0.10362088800247625,0.10552337020134415,1.92892683654867e-17,3.3301694273413158e-17,0.30606749336212496,9.7476617744473887e-20,1.2428856189902304e-18,0.10507919286506755,1.22265625,0.040769129334644764,0.18557724505336476
9.1832383051256734,0.15707683563232436,0.10361650602189898,0.10551570777809645,3.543673531086824e-17,5.6045511824779359e-18,0.30832102902736286,-2.3464880590475502e-19,2.7868173405163586e-18,0.099227100965072659,1.203125,0.050281899122924051,0.17570220702197956
9.2182888330078327,0.1570768356323238,0.10361261826445627,0.10551048821918128,2.8875751759303534e-17,1.2248295537177314e-16,0.31083504619381719,-6.0797361432341258e-20,-3.7154865324940616e-18,0.092102035458666492,1.15625,0.059066692585897466,0.1676134958430994
9.2533393608899921,0.15707683563232391,0.1036089693535041,0.10552451179509927,2.089955942203435e-17,6.2745325283382836e-17,0.31358349656989282,-2.7740411740639591e-19,1.8333000759149146e-18,0.083742483196095674,1.09375,0.067039252966969401,0.16073479312250422
9.2883898887721514,0.15707683563232425,0.10360531750277199,0.10554983968140502,3.0984962629705324e-17,2.8125760615256322e-17,0.31653953670612439,-5.920396341838036e-19,-3.5869985840051994e-18,0.074383087002566989,1.0546875,0.074113216131264564,0.16073233220551922
9.323440416654309,0.157076835632324,0.10360164151225516,0.10555339377176204,1.039485440166651e-17,6.0230030483934193e-17,0.31967739953088975,-6.1797588229040379e-19,-1.3968458060361418e-18,0.064449801969342371,0.99609375,0.080132598407734013,0.16271095518046724
9.3584909445364683,0.15707683563232414,0.10359820915980977,0.10552696062838424,2.9816528045485316e-17,-1.0991507563194694e-17,0.32296088322256261,-9.1560167054157729e-19,7.8371701472719118e-19,0.054137403924466504,0.94921875,0.085039451858640563,0.19331145887616458
9.3935414724186277,0.15707683563232416,0.10359517217006504,0.10552189705272144,2.0316355852076745e-17,4.018573659321722e-18,0.32635753304487508,-1.2651578576488299e-18,-1.7459152813634378e-18,0.043271814963755539,0.88671875,0.08890149935655299,0.20328751869849088
9.428592000300787,0.15707683563232405,0.10359236302126706,0.10549638820848647,3.0326791015268789e-17,7.4030469974994816e-17,0.3298348178085686,-1.1683756580285943e-18,-3.6782465188124519e-19,0.032642146344583609,0.80859375,0.091676363515296955,0.20762013106187294
9.4636425281829464,0.15707683563232425,0.10358926233930467,0.10553245541776471,2.0156071898030137e-17,-1.9274602307333161e-17,0.33335831126266802,-1.6753600321363265e-18,-2.3520827985181292e-18,0.023268176650890475,0.72265625,0.093712452467951596,0.21802148212343975
9.4986930560651057,0.15707683563232416,0.10358642193222796,0.10554886665941535,3.2058502288278314e-17,-2.6894928141247624e-17,0.33688930179865489,-2.0886583436566091e-18,-1.7352944503193189e-18,0.015356498171255022,0.66796875,0.094516198882386729,0.24007603849362891
9.5337435839472633,0.15707683563232464,0.10358350320293612,0.10555001243602284,2.5278091335944167e-17,5.9726255335926144e-17,0.34039662503139839,-2.3654627551189041e-18,-4.0794117774195494e-18,0.011166128429213391,0.6171875,0.094363559965480834,0.23815932482527336
9.5687941118294226,0.15707683563232458,0.10358067865696044,0.10552221342000757,1.6257228040568074e-17,8.2879816748266065e-18,0.34384559480874444,-2.7000205033593452e-18,-6.9473624626962726e-19,0.016913966588197778,0.53125,0.09337269406823083,0.24929948166195906
9.603844639711582,0.1570768356323238,0.10357822661998148,0.10551215827454785,2.0422088389099089e-17,1.2486950482481667e-18,0.34720115716279631,-3.0063813188790787e-18,-2.8009405964456949e-18,0.026273212449551969,0.48828125,0.091716729895504626,0.24817803889836063
9.6388951675937413,0.15707683563232447,0.1035762065914605,0.10551226419284239,2.2127964228966225e-17,-2.5476580766437487e-17,0.35042620834606131,-3.2254344615147589e-18,-2.4596650301073751e-18,0.036361335913126812,0.40234375,0.089467083227412744,0.25082439032071557
9.6739456954759007,0.15707683563232425,0.10357437997386959,0.10553097323739796,1.8421969820567555e-17,1.4344843569720609e-16,0.3534889923461112,-3.2628199232748587e-18,-2.1211277417893356e-19,0.046353641034275604,0.33984375,0.086547974571192274,0.24890233540673021
9.70899622335806,0.1570768356323245,0.10357244422777769,0.10553729757493413,-7.3325551287585283e-19,-2.8700227743390958e-17,0.35636988655243507,-3.60413718468593e-18,-1.4480486866187834e-18,0.055905619547902782,0.26171875,0.082379986052504045,0.24266905059587121
9.7440467512402176,0.15707683563232436,0.10357037564259969,0.10555057777035745,2.7119126618744711e-17,2.5616574479167891e-17,0.35903744185847997,-3.7524831353557305e-18,-7.6784728325672285e-19,0.065130649726344025,0.20703125,0.077832988721613247,0.23117069445301108
9.7790972791223769,0.15707683563232455,0.10356835325225498,0.10553654685100548,1.9465150475458171e-17,1.9809426316695823e-17,0.36146646107270575,-3.7911213621535419e-18,-5.3784847058049526e-18,0.073706583645410176,0.16796875,0.072830703855113282,0.24844997502938954
9.8141478070045363,0.15707683563232411,0.10356637413072659,0.10552688631094591,1.4229620486915799e-17,-3.8272039812965116e-17,0.36363427382987734,-3.9608617189815671e-18,-1.5672428861093973e-18,0.081680004719670907,0.12890625,0.067397494364771951,0.25171552795469115
9.8491983348866956,0.15707683563232464,0.10356444440382233,0.10551920333368422,1.3305148012598692e-17,-2.4498015024848114e-17,0.36552890351721329,-4.1879565047373347e-18,-4.9274558172633766e-18,0.088991966381566964,0.0859375,0.061627799461936771,0.24367702434077729
9.8842488627688549,0.15707683563232405,0.1035625120845597,0.10551286103245974,4.9748533118245958e-18,5.9407551623375839e-17,0.36712813211637696,-4.3271788600458285e-18,-3.4791216176239432e-18,0.09560461910284139,0.0546875,0.055599923108147653,0.23169417163148326
9.9192993906510143,0.15707683563232436,0.10356051481631486,0.10550739104988842,1.3980734583700928e-17,-5.9559889048964979e-17,0.36842123767247814,-4.3813349951351347e-18,-6.6447285805122307e-18,0.1014612435438164,0.0234375,0.049514195759972603,0.22809418607021667
9.9543499185331736,0.15707683563232452,0.1035584512457192,0.10551689846304611,3.4513947985064302e-18,-3.2201545066599616e-17,0.369397529678123,-4.5800241918606782e-18,-3.9598359891726072e-18,0.10661385789190453,0.0703125,0.043555651772075162,0.22326477238816422
9.9894004464153312,0.15707683563232455,0.10355631480784695,0.10552278302506997,2.4020838892902652e-17,-2.5552243934678153e-17,0.37004098975434424,-4.6230855601889637e-18,-3.5725674747163257e-18,0.110903297603362,0.0703125,0.038108049210309816,0.21991792827115642
10.024450974297491,0.1570768356323243,0.10355421608427007,0.10552407810695669,1.1983675612938659e-17,4.0052357088400938e-17,0.37034710161234125,-4.7613291540376541e-18,-4.4204166036659715e-18,0.11431226978060613,0.0859375,0.033259056586476141,0.21436708601764271
10.05950150217965,0.1570768356323245,0.10355212448037923,0.10552559673345091,6.2978739416811039e-18,1.6217405874766579e-17,0.370318246874075,-4.7639626903128698e-18,-4.0864547098099042e-18,0.11689301985121246,0.109375,0.029373945255916377,0.203858954028587
10.094552030061809,0.15707683563232475,0.10355011775166739,0.10552631355915361,-3.7631999343312122e-19,2.3180902946965827e-17,0.36995727451242932,-4.6731308144290344e-18,-4.2074175054606874e-18,0.11865280364107623,0.109375,0.027036329711503215,0.18985942183236126
10.129602557943969,0.1570768356323243,0.10354819981408039,0.10552559673345091,1.2066758700726325e-17,6.4247424539296582e-17,0.36927011951794442,-4.3673479913623224e-18,-3.8632457083791809e-18,0.11965028801147584,0.109375,0.026780267157614432,0.17304784791638572
10.164653085826128,0.15707683563232433,0.10354630719878559,0.10552407810695669,2.6634825468242057e-19,5.3411203411589171e-18,0.36826159466810326,-4.7861369209935789e-18,-4.7032291122605747e-18,0.11984124971376314,0.0859375,0.028777278528896083,0.16068774854789147
10.199703613708285,0.15707683563232427,0.10354448994391939,0.10552278302506998,-1.4561584211829195e-17,-4.6745472081664452e-17,0.36694410321683557,-4.8535550360487945e-18,-5.071968173534906e-18,0.11925311619629707,0.0703125,0.032562357324886937,0.16068649757921918
10.234754141590445,0.1570768356323243,0.10354273133961502,0.10551689846304611,1.4580810703146475e-17,-7.8546036059558772e-17,0.36533338418812161,-4.9021494154944473e-18,-3.6198240058434475e-18,0.11785149221435033,0.0703125,0.037508527905708258,0.16068527848572603
10.269804669472604,0.15707683563232427,0.10354096978599107,0.10550739104988838,1.0642555434833027e-17,-8.2449071723947295e-17,0.36344620940754768,-5.1034678057969906e-18,-4.7041006375087788e-18,0.11563555908480723,0.0234375,0.043087509577150414,0.16068409045104562
10.304855197354764,0.15707683563232411,0.10353922271130613,0.10551286103245976,3.6683102747732669e-18,-6.1591230259791858e-17,0.36130207786066154,-4.827058786667496e-18,-3.9822439759245449e-18,0.11264325667194255,0.0546875,0.048965700558422795,0.16068293268146217
10.339905725236923,0.15707683563232419,0.10353742790304923,0.10551920333368421,-1.0600079160123309e-17,-3.3113589570632221e-17,0.35892310622980744,-4.66613907030143e-18,-5.4008065494509111e-18,0.10874696820554461,0.0859375,0.0549426758651574,0.16068180440522356
10.374956253119082,0.15707683563232439,0.10353558406001269,0.10552688631094591,-2.2811070775308407e-17,1.6826376418708129e-17,0.35633419339477762,-4.8527437786630332e-18,-4.069024230695216e-18,0.10401610556624703,0.12890625,0.060796851796756979,0.16068070487187741
10.41000678100124,0.15707683563232416,0.10353356540929817,0.10553654685100544,9.5334380782760718e-18,7.9158882445080643e-17,0.35356089186741113,-4.7618389040901399e-18,-3.6040923489117902e-18,0.098431578224260644,0.16796875,0.066399138350013001,0.16067963335162289
10.445057308883399,0.15707683563232408,0.10353082655155481,0.10555057777035742,-6.6394746096541388e-18,-2.0598370721842419e-17,0.35062771473021165,-4.4475946437424698e-18,-3.420246236194263e-18,0.092049331311726726,0.20703125,0.071781696039329282,0.16067858913468841
10.480107836765558,0.15707683563232394,0.10352768092075287,0.10553729757493407,-4.6947395002253401e-18,3.8972640307309524e-17,0.34756694544620403,-4.4006918486494881e-18,-4.9061617584532123e-18,0.084689618351555376,0.26171875,0.076836725096163891,0.1606775715307224
10.515158364647718,0.15707683563232433,0.10352452998994049,0.10553097323739793,-1.0844341437105178e-17,-2.0303722504317161e-17,0.34441051172774295,-4.1598972975886172e-18,-7.142691606537186e-18,0.07650045194647892,0.33984375,0.081627566767375481,0.16513447373837514
10.550208892529877,0.15707683563232447,0.10352125220354901,0.10551226419284243,-1.6090450998656736e-17,-4.7458563739362523e-17,0.34118750032912099,-4.111586434297917e-18,-3.5777838889165867e-18,0.068070982955717591,0.40234375,0.086126594096442424,0.16587680657867154
10.585259420412036,0.15707683563232419,0.10351786014947079,0.10551215827454788,-2.5345844838351294e-18,-1.1882150681110156e-17,0.33792843780525067,-3.8709031390294345e-18,-1.0835023776872846e-18,0.059548793448169345,0.48828125,0.090479145686658768,0.16732519237652288
10.620309948294194,0.15707683563232461,0.1035142896939958,0.10552221342000769,-1.344738507928722e-17,4.5296707776191819e-17,0.33466759333000468,-3.8074528025774826e-18,-2.62133904471921e-19,0.050533957989290459,0.53125,0.094509356082362508,0.17314493934312258
10.655360476176353,0.1570768356323243,0.10351049312313462,0.10555001243602284,-1.4964619075284931e-17,9.4021850202398508e-17,0.33143596539756209,-3.4062338095423118e-18,-3.7151169313942668e-19,0.040499496658783961,0.6171875,0.098109533962732143,0.17280176719419899
10.690411004058513,0.15707683563232444,0.10350657298235531,0.10554886665941533,-1.0361135633136063e-18,-4.3916360500353434e-17,0.32826396084195747,-3.5194237569979962e-18,-4.244714277949485e-18,0.030157911702255617,0.66796875,0.10102840063697253,0.1750637603068082
10.725461531940672,0.15707683563232425,0.1035025000615242,0.10553245541776468,-3.2613900907768802e-17,1.6498530775473757e-17,0.32518217286838297,-3.129719738475023e-18,-5.6751093728703897e-19,0.020479886351155985,0.72265625,0.10316395687340867,0.17567337932223206
10.760512059822831,0.15707683563232419,0.10349832136949684,0.10549638820848649,-1.9356853353042464e-17,-7.6512061804180243e-19,0.32222266533106581,-3.3473383431333831e-18,-7.8668614528550303e-18,0.012856226161631446,0.80859375,0.1043708345659891,0.17922225153791324
10.795562587704991,0.15707683563232414,0.10349409515615578,0.10552189705272147,-8.712670696676417e-18,2.2355390819083907e-18,0.31941652897935319,-2.6782565542624625e-18,-5.0137866480051415e-18,0.019032439647809301,0.88671875,0.1045826596032554,0.18414657323834246
10.83061311558715,0.15707683563232441,0.10348987167392042,0.10552696062838424,-2.6175754150634783e-17,1.6175824835204478e-17,0.31678713721323465,-2.7635477676082646e-18,-4.6178570161605014e-18,0.030475584218362294,0.94921875,0.10365959289499638,0.18826278933794752
10.865663643469308,0.15707683563232391,0.10348561357343548,0.10555339377176204,-1.4101122646698613e-17,-5.2341597521576738e-17,0.31436055924237483,-2.296316452968912e-18,-5.4942684848664501e-18,0.043210297323429583,0.99609375,0.10152885978857039,0.1913274607450641
10.900714171351467,0.157076835632324,0.10348132788663017,0.10554983968140501,-4.1004666109719764e-18,-2.2707565793976996e-17,0.31215786720055544,-2.1023748593691166e-18,-4.0567934735345216e-18,0.056055492394722517,1.0546875,0.098122345650335896,0.19346072447126225
10.935764699233626,0.15707683563232397,0.10347704211266855,0.10552451179509927,-2.0893708797040232e-17,9.709530831811722e-18,0.3101971685667918,-1.8901329286923511e-18,-2.5298645399723004e-18,0.068679188773365457,1.09375,0.093412679955910988,0.19532810101339698
10.970815227115786,0.15707683563232444,0.10347273950396821,0.1055104882191813,-1.6936837903745461e-17,-5.5520082518377474e-17,0.30849591587509639,-1.9057180454086158e-18,-1.093809636193412e-18,0.080554354336888262,1.15625,0.087387081882966136,0.19613260527747325
11.005865754997945,0.1570768356323243,0.10346841469083734,0.10551570777809648,-5.1457616006377208e-18,-4.9449987994783985e-17,0.30706854755108437,-1.8285077662619974e-18,-5.2010051437683047e-18,0.091498685365961563,1.1875,0.080067674676260539,0.19622103981518493
11.040916282880104,0.15707683563232361,0.10346407976976763,0.10552337020134417,-2.1248474687772324e-17,5.7207779818659332e-17,0.30592645024591908,-1.0890784021965045e-18,-1.5696873793029019e-18,0.10144962125481551,1.20703125,0.071527911368184566,0.19578031558843242
11.075966810762262,0.1570768356323238,0.10345977011680232,0.10552355865174605,-1.3658747464594359e-17,2.1663847997997798e-18,0.30507887501598802,-9.9154636335098959e-19,-1.0013440075139505e-18,0.11027559624542711,1.23828125,0.06188033598310845,0.19487688011574753
11.111017338644421,0.15707683563232408,0.10345545764894465,0.10551820907260487,-2.2357233950270178e-18,-3.46275691235639e-17,0.30453330999732492,-1.0545324446841462e-18,-2.1365917864057864e-18,0.11785074316631396,1.25390625,0.051267534932433009,0.19356498751018955
11.146067866526581,0.1570768356323245,0.10345119015716144,0.10551640388015925,-7.8308956728114124e-18,-3.0239990068573891e-19,0.3042921197691445,-1.2565514569655219e-18,-1.6007862490205531e-18,0.12400863202901827,1.27734375,0.039874055328006447,0.19189337871041304
11.18111839440874,0.1570768356323243,0.10344700312529514,0.10552405086382639,-1.0951769654818836e-17,-1.8024896169977097e-17,0.30435509589358134,-9.4147215778947951e-19,-1.0851541668976735e-18,0.12855991505571598,1.31640625,0.027939183821651482,0.1899085910395113
11.216168922290899,0.15707683563232452,0.10344296031447366,0.1055274135713139,-4.2747214994104393e-18,-2.1102356513414315e-17,0.30471987401589162,-8.6353458008927383e-19,3.661908667738764e-19,0.13153117567234285,1.32421875,0.015912708379501241,0.18765625243949499
11.251219450173059,0.15707683563232469,0.10343912478984446,0.10552405086382639,-2.6907111238388736e-17,1.6178731716389641e-17,0.30538075275742488,-9.4022766455789348e-19,4.327664208270244e-19,0.13287081313967555,1.31640625,0.0064659334929073366,0.18518111095398826
11.286269978055216,0.15707683563232422,0.10343552640096693,0.10551640388015927,-5.0154232622788077e-19,-2.3653502847480343e-17,0.30632964676939417,-8.9194389143225442e-19,-5.3172630911912511e-19,0.13251488934162514,1.27734375,0.012623024241620664,0.18252630804641617
11.321320505937376,0.15707683563232397,0.10343212080237513,0.10551820907260485,-6.3696481031187875e-18,4.0502333870126351e-18,0.30755701238029604,-5.7258227822502501e-19,-7.3070876722121283e-19,0.1303311514825134,1.25390625,0.024438527264144808,0.1784871575144901
11.356371033819535,0.15707683563232408,0.10342894049571527,0.10552355865174602,-7.3779593490098789e-18,-1.4071874787817144e-17,0.30905048281355357,-8.8384413887413518e-19,-4.7709709780527254e-19,0.12640981422358905,1.23828125,0.036405870517320547,0.17049851322369258
11.391421561701694,0.15707683563232469,0.10342593864541046,0.10552337020134415,-2.9696213707735014e-18,6.3653283302270663e-17,0.31079203687681034,-3.2801123407754329e-19,-3.7809187161455082e-18,0.12088572584412809,1.20703125,0.047920672657593817,0.16755214782710848
11.426472089583854,0.15707683563232427,0.10342319357300461,0.10551570777809649,-3.8391922331408775e-18,-2.102151151349572e-17,0.3127617468368204,-1.1399826835027116e-18,2.3857086726953871e-18,0.11390734848066764,1.1875,0.058738610025262872,0.16066456980766103
11.461522617466013,0.15707683563232408,0.10342057919814478,0.10551048821918128,8.7883917918972373e-19,-2.5002590618399762e-17,0.31494151124701192,-3.5204289882374012e-19,1.0593065951376784e-18,0.10552362031347576,1.140625,0.068727145279039295,0.16066550863373188
11.496573145348171,0.1570768356323243,0.10341791436523248,0.10552451179509925,9.2992287653929793e-19,-1.2273261012399673e-16,0.31731383744765368,-5.1189555219961272e-19,1.0897706295845892e-18,0.095782519206895594,1.078125,0.077775533123496249,0.16066638512466894
11.53162367323033,0.15707683563232447,0.10341518614013,0.10554983968140499,4.4729634237158644e-19,-1.2679531361000656e-16,0.31985195974726305,-3.9680350292536269e-19,2.9932243650015692e-18,0.084941907264757935,1.0390625,0.085778089180136657,0.16066720753146624
11.566674201112489,0.15707683563232436,0.10341258603415314,0.10555339377176202,5.2181940232133318e-18,7.4531801657658398e-18,0.32252718342436454,-9.5459144909972367e-19,8.1351609935918597e-19,0.073425009124190643,0.98046875,0.09259660754278573,0.16066798285252493
11.601724728994649,0.157076835632324,0.10341027746433358,0.10552696062838424,-3.2986782145017317e-20,-5.6695347220165046e-18,0.32531446443990791,-7.7581124894741269e-19,1.8217861353784827e-18,0.06146747956550714,0.93359375,0.09817046615981867,0.16530396674778711
11.636775256876808,0.157076835632324,0.10340811121589348,0.10552189705272143,-1.9037509810665878e-17,-6.3868729539677867e-17,0.32818605598528783,-2.3304572987762725e-19,-7.6328125920012721e-19,0.048871342233166325,0.87109375,0.10252450397119141,0.16949213626365128
11.671825784758967,0.15707683563232422,0.10340585231960311,0.10549638820848647,-8.225631179839875e-21,-1.3848192387052165e-17,0.33111449824042832,-7.805032241769666e-19,1.1505072126289535e-18,0.03617293562344405,0.79296875,0.10564986466404448,0.18908620888253183
11.706876312641127,0.15707683563232439,0.10340354016036256,0.10553245541776471,-2.4439187543471719e-17,1.0741894939683531e-17,0.3340694608935213,-7.6863152802560555e-19,4.2789756142452912e-18,0.024356704010871737,0.70703125,0.10776739023626401,0.19957509075595042
11.741926840523284,0.15707683563232416,0.10340128295907287,0.10554886665941535,-4.530413822791714e-18,-7.0799303022801321e-17,0.33702139488304483,-4.8345398081274255e-19,2.2267195183308375e-18,0.014972080877291851,0.65234375,0.10862203246653863,0.20260777891872578
11.776977368405444,0.15707683563232441,0.10339917839409755,0.10555001243602283,-9.2975436168798165e-19,1.5142744539214551e-18,0.33994077928840494,-3.6583282681561165e-19,-2.3376721877988102e-19,0.011493528912660289,0.6015625,0.10840642687432632,0.20667565549413069
11.812027896287603,0.15707683563232458,0.10339726207392606,0.10552221342000757,3.4039104730591717e-18,7.1237546958003608e-19,0.3428018983595818,1.4660535586583586e-20,-8.4773509434738715e-19,0.020033397800441562,0.515625,0.10721852986651466,0.21852987437911262
11.847078424169762,0.15707683563232411,0.10339552188913259,0.10551215827454785,5.9996553157436465e-19,1.0714205843176766e-16,0.34557388518923099,2.6225430448748721e-19,8.9064163126710893e-19,0.03109085394387991,0.47265625,0.10525365077540515,0.21593785569143317
11.882128952051922,0.1570768356323238,0.10339406329345295,0.10551226419284239,-1.0135370494130658e-17,2.2877864796280871e-16,0.34822513460082916,3.0420518284342029e-19,1.032152446363716e-18,0.042709396015224783,0.38671875,0.10244225565326692,0.21676549263604317
11.917179479934081,0.15707683563232455,0.10339280165569825,0.10553097323739796,-8.3355818542341449e-18,-4.9826408043909999e-17,0.35073508350786625,1.8888297056372738e-19,4.3407037283501651e-18,0.054242052072363003,0.32421875,0.098682199335150475,0.21593155164957267
11.952230007816238,0.15707683563232414,0.10339140994348489,0.10553729757493412,-5.0038931601864547e-18,-7.1756909729758313e-17,0.35308501715517165,3.230388446203339e-19,3.5047463546817347e-19,0.065331677315320982,0.26171875,0.093984851291827376,0.21226350701137781
11.987280535698398,0.15707683563232411,0.103389820354492,0.10555057777035745,-2.1394908827476361e-18,8.5857221398734965e-17,0.35525041001879593,3.4094895924333205e-19,4.6661527575556283e-18,0.075919112726090768,0.20703125,0.088579792667655213,0.2218658145075828
12.022331063580557,0.15707683563232411,0.10338817561972703,0.10553654685100548,-1.746004228750108e-17,2.5917984355102195e-17,0.35720889805830719,6.2187562528828504e-19,4.2940789499535321e-18,0.085695421560913768,0.16796875,0.082742461068077686,0.230729458264261
12.057381591462716,0.15707683563232425,0.10338649510060319,0.10552688631094591,-7.9939574888601769e-18,-5.7826713803184671e-18,0.35894446145273851,5.8178797126212766e-19,-1.8434250509558992e-19,0.094734216218955072,0.12890625,0.076384186723274849,0.22628833848050767
12.092432119344876,0.15707683563232422,0.10338489895335592,0.10551920333368422,-2.6265264500173437e-17,3.8845495851991881e-17,0.36044427634394011,6.9775807275660272e-19,3.7339912478058176e-18,0.10299334684033516,0.1015625,0.06961767488985629,0.21669820864578634
12.127482647227035,0.15707683563232405,0.10338336484175273,0.10551286103245981,-1.4162435722131939e-18,-1.524431686584503e-17,0.36169336081322523,7.4155501144460102e-19,1.5507055164870221e-18,0.1104277292670412,0.0703125,0.062564059076635981,0.20441652186492013
12.162533175109193,0.15707683563232377,0.10338191739656209,0.10550739104988838,-3.8497033469916963e-18,1.0903256335560771e-16,0.36268180369721881,3.5644763558558499e-19,3.2281180939158223e-18,0.11701472898676805,0.0390625,0.05522589909119107,0.20034161532168596
12.197583702991352,0.15707683563232408,0.10338043655429391,0.1055168984630461,-4.4855678079853682e-18,-1.0740799593150001e-17,0.36340129161424384,6.9805565098196867e-19,3.3917012607684752e-18,0.12280154755964452,0.0859375,0.047792518425348512,0.19844350607536876
12.232634230873511,0.15707683563232466,0.10337883962748882,0.10552278302506997,-1.0695055710151447e-17,-2.8279130194309805e-17,0.36384621694906072,4.1244011163475885e-19,2.6235368377573692e-18,0.12763479135094369,0.0859375,0.040503616643114797,0.19247842738537782
12.267684758755671,0.15707683563232461,0.10337717101383709,0.10552407810695671,-3.6781394300851443e-18,-9.3423896316861532e-17,0.36401392771889535,8.5249937033235702e-19,2.820015530005184e-18,0.13149137116017243,0.1015625,0.033898203673014396,0.18512893971758598
12.30273528663783,0.15707683563232411,0.10337542042596488,0.10552559673345091,-8.6674955513010939e-18,-3.9394580430647185e-17,0.36390065826470297,7.4323501526869621e-19,3.7718671113468877e-18,0.13439130592026388,0.125,0.028664987134632641,0.17740199495760334
12.337785814519989,0.15707683563232394,0.10337368795652212,0.10552631355915361,-2.7750946723306887e-18,-1.7982493620514866e-17,0.36350868190866414,8.1133865625656523e-19,4.2096603863045793e-18,0.13633848455485745,0.125,0.025485345566781094,0.16951170540086696
12.372836342402147,0.15707683563232466,0.10337203927067218,0.10552559673345091,-1.0191059386401286e-17,-9.5489993715772115e-17,0.36284371134295312,7.6506989510310535e-19,3.5713578717044832e-18,0.13731294745606729,0.125,0.025281519882612645,0.16149826746506385
12.407886870284306,0.15707683563232411,0.10337049252218923,0.10552407810695669,-1.8128603895739076e-17,5.3125676060391472e-17,0.3619141081727576,1.009283390430811e-18,2.1915434947609581e-18,0.13730177369018681,0.1015625,0.028155951652809156,0.16068023720509067
12.442937398166466,0.15707683563232447,0.10336906073826486,0.10552278302506998,2.8018885336898506e-18,1.9238013520241247e-17,0.36073043924786108,1.0155046158178223e-18,4.5512575126436805e-18,0.13634671120369246,0.0859375,0.033319695371721275,0.16068061250998555
12.477987926048625,0.1570768356323245,0.1033677228169456,0.10551689846304613,3.7270850952586563e-18,-8.7959065010480667e-18,0.35930595800733489,8.8748063164207142e-19,4.2929869422979914e-18,0.13444792636694025,0.0859375,0.039857184795542046,0.16068098089642041
12.513038453930784,0.15707683563232408,0.10336646919061189,0.10550739104988843,-3.9933490925154292e-18,-6.9811447900033231e-17,0.35765659269764671,1.0009193536669811e-18,3.4281035343600247e-18,0.1315550850539475,0.0390625,0.047013985697838497,0.16068134253826272
12.548088981812944,0.15707683563232405,0.10336530206542163,0.10551286103245976,-1.8655526138401816e-17,-1.0334632459895436e-16,0.35579890268868919,1.341123229973556e-18,8.5817286644453899e-19,0.12777262870340708,0.0703125,0.054385488401206904,0.16068169759652529
12.583139509695103,0.15707683563232408,0.10336418713360285,0.10551920333368424,5.078521541918275e-18,2.5148629801421092e-17,0.35375200573186705,1.6707854131561786e-18,4.7221112933502933e-18,0.122954630523188,0.1015625,0.06172093921154749,0.16068204622112975
12.618190037577261,0.15707683563232455,0.10336273229283018,0.10552688631094591,-1.0866121981637695e-17,-1.9869965277030931e-17,0.3515345144480832,1.0845041968066629e-18,3.9443586450428702e-18,0.11713216985810439,0.12890625,0.06887334547779668,0.16068238855240172
12.65324056545942,0.15707683563232402,0.10336090805094647,0.1055365468510055,-1.1817011791943058e-17,3.5190029568542363e-17,0.34916878609684676,1.5041121386419234e-18,4.1268636330311589e-18,0.11034528912506264,0.16796875,0.075702041548574919,0.16068272472233427
12.688291093341579,0.15707683563232447,0.10335890929847166,0.10555057777035742,-1.0513878547586288e-18,4.9027710841743599e-17,0.3466806537144827,1.0733441861748271e-18,3.7467696373061134e-18,0.10258763089797697,0.20703125,0.082183816558720729,0.16068305485566078
12.723341621223739,0.15707683563232436,0.10335686611570803,0.10553729757493409,7.7276171333114068e-18,9.8256354579324634e-17,0.34409503829873761,1.5980847159140461e-18,7.0215072492668608e-19,0.093773182355960785,0.26171875,0.088197182725366058,0.16068337907076125
12.758392149105898,0.15707683563232427,0.10335465066652118,0.10553097323739793,-7.4209727648081609e-18,1.3117427734322313e-17,0.34143615850632086,1.4874992500145615e-18,4.3684727178884987e-18,0.084062629187123358,0.32421875,0.093785760325043932,0.16068369748043237
12.793442676988057,0.15707683563232427,0.10335237983070623,0.10551226419284244,1.4685516352793568e-18,2.4769050098832804e-17,0.33872909893721487,1.6937595274892264e-18,4.2402786511616401e-18,0.073471366941925326,0.38671875,0.098879442162576797,0.16068401019254291
12.828493204870215,0.15707683563232414,0.10334993653639618,0.10551215827454778,6.0732225805210871e-19,9.0881744462984803e-18,0.33600296829683629,1.7553361964561691e-18,1.4502226206661493e-18,0.062785945898447548,0.47265625,0.103643304261771,0.16068431731058899
12.863543732752374,0.1570768356323243,0.10334739589829973,0.10552221342000763,2.6571632398998735e-19,2.8953042149077138e-17,0.33328293307955753,1.3682246653705137e-18,7.3569511535125905e-19,0.051962812212892409,0.515625,0.10799390197051049,0.16068461893416874
12.898594260634534,0.15707683563232411,0.10334468527535777,0.10555001243602284,-6.3547424379110113e-18,3.622148790908836e-17,0.33059565512725797,1.5780234147105272e-18,4.473986707140678e-19,0.040144897496377986,0.59375,0.11175586630664884,0.16068491515938602
12.933644788516693,0.15707683563232447,0.10334191453860704,0.10554886665941533,2.03143073434154e-18,1.442386650280937e-16,0.32796521504102005,1.636267579784647e-18,1.0987777798876336e-18,0.028135138125069941,0.64453125,0.11468363799848713,0.1606852060791944
12.968695316398852,0.15707683563232419,0.1033390311909123,0.10553245541776472,9.0044330973728603e-19,4.9112515940668233e-17,0.3254177615741633,1.4851554337488925e-18,1.8480678218637033e-18,0.016893172627989856,0.69921875,0.11666717961020084,0.16068549178369229
13.003745844281012,0.15707683563232466,0.10333607575134182,0.10549638820848649,4.5612362423151324e-18,4.0577744266089873e-17,0.32297988607593725,1.4992003401645835e-18,1.5379957054293858e-18,0.01175491030849392,0.78515625,0.11756477593440604,0.1606857723603744
13.038796372163169,0.15707683563232408,0.10333313046997071,0.10552189705272146,-1.4821621058720956e-17,-2.354590611491539e-17,0.32067650020043426,1.7617678359114986e-18,2.9103212479336018e-18,0.022438206324051926,0.86328125,0.11731113359199637,0.16068604789434632
13.073846900045329,0.15707683563232436,0.10333014805637421,0.10552696062838424,1.281589147224956e-17,8.0977284076913722e-18,0.31852751136801716,1.6738976802109093e-18,-1.5231712265228033e-18,0.036618723040731292,0.92578125,0.11576003616348603,0.16068631846851003
13.108897427927488,0.1570768356323243,0.10332715403647835,0.10555339377176207,4.1047242440122379e-18,1.0237867019398753e-17,0.31655299623381483,1.5726509800295719e-18,5.0266198446833675e-18,0.050927234847213142,0.97265625,0.11285191584046536,0.16119895921681823
13.143947955809647,0.1570768356323245,0.10332417924041747,0.10554983968140501,-7.0765705374320134e-19,5.6649542777141666e-17,0.31477155684051727,1.8267100959957665e-18,1.1206197166066435e-18,0.065184582666521537,1.03125,0.1085297548488791,0.16313740940510976
13.178998483691807,0.1570768356323245,0.10332119170997202,0.10552451179509927,1.2885330123169758e-17,-5.8842542391271076e-17,0.31319915691223377,1.5423564206730064e-18,2.4115193509075927e-18,0.079072024708561284,1.0703125,0.10277897051169808,0.16455350438089869
13.214049011573966,0.15707683563232422,0.10331823266045483,0.10551048821918126,7.4216415581243219e-18,-8.8607762930620009e-17,0.31184784995178949,1.7647470302851849e-18,-8.5182006117899492e-20,0.092117503510321996,1.1328125,0.095615430727225448,0.16546798088924877
13.249099539456124,0.15707683563232436,0.10331530148457685,0.10551570777809648,1.0356406685121025e-17,3.0405787617911993e-17,0.31072884759222413,1.5622542503079694e-18,8.3997405286306276e-19,0.10408276064763562,1.1796875,0.087085694695796398,0.1659718644657395
13.284150067338283,0.15707683563232439,0.10331239731836564,0.10552337020134409,-4.3795403699732618e-18,2.4298135346831505e-17,0.30985196310780572,1.5644782287823948e-18,1.3453745764305606e-18,0.11491751065167317,1.19921875,0.077269693758823504,0.16612923166320034
13.319200595220442,0.15707683563232422,0.10330950429838291,0.10552355865174602,-4.7982234172003849e-18,3.6788814220398522e-17,0.30922342926479468,1.5940507628617781e-18,1.9911573757828532e-19,0.1245037702684645,1.23046875,0.066294051873956872,0.1659529454720971
13.354251123102602,0.15707683563232402,0.10330663091371131,0.10551820907260485,1.7818183741348547e-17,-3.1489053743059397e-17,0.30884763765734435,1.1970002431259918e-18,1.4603018422795021e-18,0.13265611505480213,1.24609375,0.054316875376215414,0.16541914770111021
13.389301650984761,0.15707683563232477,0.10330382102868399,0.10551640388015925,1.3948932671604187e-17,6.3984077955403027e-17,0.30872637774802514,1.136137017437376e-18,1.1148460864039029e-18,0.13917556540832773,1.26953125,0.04153439818240879,0.16455758645368743
13.42435217886692,0.15707683563232383,0.10330111664441508,0.10552405086382642,5.8109608109830791e-18,1.248958352703347e-18,0.30885934999149384,1.1249902416953411e-18,5.8418825552930047e-19,0.14390193449045299,1.30859375,0.028184648227904955,0.16337680586419606
13.459402706749078,0.15707683563232427,0.10329853754867635,0.1055274135713139,-8.4326148120572895e-18,-5.370681005733127e-17,0.30924365087423716,9.217117435337768e-19,1.3697792867083218e-18,0.14682258250734442,1.31640625,0.014676258483976133,0.16174296088764167
13.494453234631237,0.15707683563232461,0.10329605159781872,0.10552405086382639,7.4250302864624773e-18,-1.5059203301674854e-17,0.30987432457196662,1.047618869124428e-18,1.9852226133817267e-19,0.14791507283223346,1.30859375,0.004825432029332743,0.16068920621950564
13.529503762513396,0.15707683563232358,0.10329372411831107,0.10551640388015927,1.0845863336856173e-17,6.6481004636058742e-18,0.31074332033475321,1.0514069427396145e-18,1.0042770090203045e-19,0.14712126542206444,1.26953125,0.01511377031116376,0.16068941907576501
13.564554290395556,0.15707683563232425,0.10329152816439786,0.10551820907260487,6.1048164820981951e-18,-1.1598413800207611e-17,0.31184049042000128,6.1280310832980343e-19,2.0379091070164675e-19,0.14432826621220676,1.24609375,0.028574216906874259,0.1606896279627722
13.599604818277715,0.15707683563232394,0.1032894297411813,0.10552355865174604,1.5402441723359157e-18,-7.9717709288577709e-17,0.31315409743390649,5.7301933978118272e-19,-6.9373098271847952e-19,0.13965001203849775,1.23046875,0.041827467699094595,0.16068983294174835
13.634655346159875,0.15707683563232416,0.1032874543228728,0.10552337020134414,1.1871471052408037e-17,2.8787402582412195e-17,0.31467018159098126,6.4818493185114663e-19,1.5699983152026909e-18,0.13325087755076034,1.19921875,0.054498390384839418,0.16069003407285901
13.669705874042034,0.15707683563232441,0.10328555120185531,0.10551570777809649,8.1653476248262819e-18,1.9337848037467503e-17,0.31637440770329295,3.3150462459950786e-19,-2.0214179044120304e-18,0.12528405679146645,1.1796875,0.066369174441432754,0.16069023141524136
13.704756401924191,0.15707683563232436,0.1032837391694833,0.10551048821918128,1.2668330389477286e-17,3.0580663904864698e-17,0.31825000229310957,1.4478659249398489e-19,2.95103283524852e-18,0.11581492202345678,1.1328125,0.077291881755709058,0.16069042502702954
13.739806929806351,0.15707683563232411,0.10328203292004243,0.10552451179509925,1.5608614377854603e-17,5.2134313722280348e-17,0.32027620406712959,-1.4184865375334967e-19,-4.3514832617496206e-19,0.10489617682182835,1.0703125,0.087148007596320118,0.16069061496537845
13.77485745768851,0.15707683563232447,0.10328045702309901,0.10554983968140499,1.9069232731425973e-17,1.1083801040824552e-17,0.32243330168813999,-2.4961033183673134e-19,-1.7792133270618349e-18,0.092794380916608299,1.03125,0.095840064149111309,0.16069080128648466
13.809907985570669,0.15707683563232483,0.10327904898120999,0.10555339377176202,1.7512239762695988e-17,3.2751904038817901e-17,0.32470057868284319,1.318774050593292e-20,9.8062203457024611e-19,0.079951072211315061,0.97265625,0.10324547859890211,0.16069098404560789
13.844958513452829,0.15707683563232397,0.10327745669654211,0.10552696062838424,7.335546267369403e-18,3.833762368666152e-17,0.32705783700847796,-3.0009471558449115e-19,-3.5803732162654706e-19,0.066606103355015267,0.92578125,0.10931027163371081,0.16069116329709168
13.880009041334988,0.15707683563232414,0.10327577863048772,0.10552189705272143,8.0343510253294287e-18,1.7386582977550258e-17,0.32947837532470042,-4.7808681940819223e-19,1.5798302744363757e-18,0.052569697033611452,0.86328125,0.11403852816119317,0.16069133909438371
13.915059569217146,0.15707683563232414,0.1032740774348932,0.1054963882084865,4.2871758001404896e-19,9.9963841842457712e-17,0.33194059815055721,-6.0690872268232712e-19,-2.1056766929557898e-18,0.038350735937609778,0.78515625,0.11743221962285957,0.16193521830186933
13.950110097099305,0.157076835632324,0.103272405821969,0.10553245541776471,9.8873640277961004e-18,1.3210174095615129e-17,0.33441768971900826,-3.7668150734439774e-19,2.4801108927475487e-18,0.024510656937761634,0.69921875,0.11959986128861953,0.1687727411743799
13.985160624981464,0.15707683563232436,0.10327078735070577,0.10554886665941535,1.436034851586836e-17,-2.688961992343115e-17,0.33688340061827071,-4.3298996638756686e-19,2.1262874165694543e-18,0.013211052050939347,0.64453125,0.12047560296293165,0.19510554549592199
14.020211152863624,0.15707683563232408,0.1032692796587507,0.10555001243602283,-1.2857477777900795e-17,4.6479513517575755e-17,0.33931536469764834,-5.8463657449660714e-19,1.5236037579726376e-18,0.010404952434081568,0.59375,0.12017332055845084,0.20293442343709098
14.055261680745783,0.1570768356323243,0.10326797388256614,0.10552221342000769,2.2413362560980981e-17,-1.8889588000789971e-17,0.34169168144450918,-5.0870056708362665e-19,1.6743100168215699e-18,0.02208527712927378,0.5078125,0.11877330787917721,0.1973941460170664
14.090312208627942,0.15707683563232358,0.10326680672300516,0.10551215827454785,1.1443093135141214e-17,-4.3592095797709745e-17,0.34398681515958618,-6.4318886434890292e-19,5.1449119326301584e-19,0.035458591583037033,0.46484375,0.11639670034734034,0.19180274781607584
14.1253627365101,0.15707683563232425,0.1032658233208473,0.1055122641928424,-7.5594814404113311e-18,3.2041108395969071e-17,0.34617732091180337,-9.146919786629221e-19,-1.8148135391895891e-18,0.048702980766413766,0.37890625,0.11308165115022938,0.1897231342286147
14.160413264392259,0.15707683563232441,0.1032648886528137,0.10553097323739793,-4.8586517896643119e-19,4.8518953973443792e-17,0.34824499811774701,-9.9191818103633218e-19,-5.0898624812533862e-19,0.061669536780357512,0.31640625,0.10871515682467343,0.19421151770864459
14.195463792274419,0.15707683563232394,0.10326398716191658,0.10553729757493413,2.2230364648108285e-17,6.0397765954062419e-17,0.3501686966867395,-9.0901483132381753e-19,2.1499667152994006e-18,0.073949118612752385,0.25390625,0.10349744282557097,0.20067576571523996
14.230514320156578,0.15707683563232419,0.10326301804044859,0.10555057777035746,1.3667564214276045e-17,-7.0602140646762124e-18,0.35193635999817463,-7.5796792915887819e-19,-4.7604238436313061e-19,0.085546439723471215,0.21484375,0.097491438952628837,0.20227321491317235
14.265564848038737,0.15707683563232466,0.10326182513803664,0.10553654685100544,9.0820552507600531e-18,6.7314879313436826e-17,0.35353107794065702,-1.4071379297219989e-18,2.4017785947987904e-18,0.096209802576595546,0.17578125,0.090721052693839968,0.19974897835118877
14.300615375920897,0.15707683563232464,0.10326049529966844,0.10552688631094591,1.305326965425072e-17,-4.3316268582640534e-17,0.3549342664148657,-1.4522759349780988e-18,-1.5624382462954742e-18,0.10604763154880575,0.13671875,0.08350009053484965,0.19732541105427831
14.335665903803054,0.15707683563232394,0.10325924628025317,0.10551920333368422,8.3604562261150818e-18,2.6644346557341451e-17,0.35613627656182778,-1.6426448321147011e-18,6.5092313232324444e-19,0.11503151419359685,0.109375,0.075832413405495125,0.19658829901381494
14.370716431685214,0.15707683563232391,0.10325807782490933,0.10551286103245974,1.8701899319048229e-17,-5.2396533363105604e-17,0.35712718926666281,-1.5993912476915736e-18,7.4271849913729367e-19,0.12312135375118904,0.078125,0.067637859090065464,0.18963932877263526
14.405766959567373,0.1570768356323238,0.10325689435190745,0.10550739104988838,7.7934037514382904e-18,2.9099713262790997e-17,0.35789553854432937,-1.9968824478986976e-18,-2.6301289244021399e-18,0.13024554208960418,0.046875,0.059210207818071528,0.17834949759902224
14.440817487449532,0.15707683563232458,0.10325572293341778,0.10551689846304611,2.4544401370717277e-17,9.3945660425247293e-18,0.35843667546955826,-1.9435210265829018e-18,-1.3876163638681709e-18,0.1364309284706611,0.09375,0.050650275869447425,0.1651664291351147
14.475868015331692,0.15707683563232386,0.10325455301188709,0.10552278302506997,1.2022526185300581e-17,-2.7850870764047918e-18,0.35874593824437495,-2.0381520396226167e-18,-6.1063968206115634e-19,0.14154872321144227,0.09375,0.042200027723812226,0.16924469460593081
14.510918543213851,0.15707683563232414,0.1032533585223971,0.10552407810695671,1.6157506744257598e-17,4.4836072430120923e-17,0.35882090894378482,-2.089622836250846e-18,-6.7035649358191046e-19,0.1455692056505247,0.109375,0.034295015579448258,0.17019163055591449
14.54596907109601,0.15707683563232441,0.10325213444136111,0.10552559673345091,-1.4864339573529415e-18,5.7823975436850737e-18,0.35866228741190176,-2.1601187869677949e-18,-5.3625737187014332e-19,0.14852231328320256,0.1328125,0.027642378549093963,0.16866813339397307
14.581019598978168,0.1570768356323238,0.10325091126810779,0.10552631355915361,1.1676403263309841e-17,1.3817496353667254e-16,0.35827254894820781,-2.328529967949024e-18,-5.7410635204130543e-19,0.15044027006173191,0.1328125,0.023544909949761317,0.16433364347665289
14.616070126860327,0.15707683563232419,0.10324968579528361,0.10552559673345091,1.4115277894209093e-18,2.1636706574757737e-17,0.35765641573829171,-2.546622547098377e-18,-1.0684132656081705e-18,0.15129542426864437,0.1328125,0.023493922195793764,0.16069431890782832
14.651120654742487,0.15707683563232436,0.10324846929742824,0.10552407810695669,8.1927576186105781e-19,-2.6671435319690354e-17,0.35682092411909966,-2.4658661446657437e-18,1.2569496087211469e-18,0.151096348663455,0.109375,0.027527245550651905,0.16069443062090913
14.686171182624646,0.15707683563232425,0.10324730663528398,0.10552278302506998,2.4849120983653208e-18,2.7456577608504101e-17,0.35577655872289149,-2.4408457922923929e-18,-1.6617865992827451e-18,0.14984945838629826,0.09375,0.034178126422965902,0.16069453989694377
14.721221710506805,0.15707683563232383,0.10324623969569897,0.10551689846304613,5.2748360776117859e-18,9.3934285672783953e-17,0.35453505340193275,-2.3450702714776343e-18,-1.4264175258596096e-18,0.14751554751257284,0.09375,0.042072191765891866,0.16069464677223599
14.756272238388965,0.1570768356323243,0.1032452429912912,0.1055073910498884,-1.2895273815919668e-17,-3.5948283206392996e-17,0.3531082602118773,-2.1918001146213056e-18,-3.0212128223585193e-19,0.14406034768705725,0.046875,0.050470359128619732,0.16069475128252328
14.791322766271122,0.15707683563232416,0.10324424387326098,0.10551286103245976,1.4599876578746109e-18,5.3759881703317496e-17,0.35151040373535047,-2.2725794713159372e-18,-2.2032560361925851e-18,0.13958467958314255,0.078125,0.059042299065557406,0.16069485346298595
14.826373294153282,0.15707683563232411,0.10324312943058511,0.10551920333368421,3.3877580612561319e-18,8.4971191374874264e-18,0.34975742413518135,-2.267759179693861e-18,1.8737394755718631e-19,0.13399592108457578,0.109375,0.067535299172754956,0.16069495334825737
14.861423822035441,0.15707683563232458,0.10324193743465615,0.10552688631094591,6.8381101741200356e-18,5.8047826352466953e-17,0.34786696600543093,-2.6235922200843191e-18,4.4903082730960563e-19,0.12733473846018911,0.13671875,0.075749211412617798,0.16069505097242687
14.8964743499176,0.15707683563232416,0.10324072788453141,0.1055365468510055,9.4976286723715191e-18,-8.2267075684526557e-17,0.34585903059150852,-2.1875345509975227e-18,1.3450862522882976e-18,0.11958823529430433,0.17578125,0.083556584642370729,0.1606951463690578
14.93152487779976,0.15707683563232427,0.10323933371484569,0.10555057777035742,7.6600861231689843e-18,7.4972025642363882e-17,0.34375297662511062,-2.1460983857777508e-18,-3.7088032556491056e-18,0.11077289381253999,0.21484375,0.090939907276653978,0.16069523957119564
14.966575405681919,0.15707683563232355,0.10323782447125354,0.10553729757493409,-6.1308888892501984e-18,4.5843454211285401e-17,0.34156963544491126,-2.4393047548112066e-18,-2.807734605632808e-18,0.10078924643988721,0.25390625,0.097762082987353519,0.1606953306113745
15.001625933564076,0.15707683563232436,0.10323627184077479,0.10553097323739793,2.9872601362260518e-18,4.9730702140541039e-17,0.33933104100810257,-2.6177832408350889e-18,-1.5852485917919336e-18,0.089863070583989402,0.31640625,0.10403889944684756,0.16069541952162458
15.036676461446236,0.15707683563232397,0.10323465358611086,0.10551226419284244,-1.2420402914479325e-17,8.8767620331449343e-18,0.33705832929334739,-2.8954233115112155e-18,-3.2555243195191117e-18,0.077908326061743499,0.37890625,0.10969891945297675,0.16069550633348076
15.071726989328395,0.15707683563232425,0.10323290601938433,0.10551215827454778,-1.4572018967388001e-18,-3.4011700002896598e-17,0.33477509750901119,-2.8439154985505745e-18,-4.4946565289317003e-19,0.065283503295916756,0.46484375,0.11480170961757538,0.1606955910779897
15.106777517210555,0.15707683563232455,0.10323108586770018,0.10552221342000764,-2.5798802226509204e-17,5.6124303049947517e-17,0.3325029802718798,-2.1707365807081021e-18,-1.9402133898072436e-18,0.052743048833387325,0.5078125,0.11930829148713712,0.1606956737857192
15.141828045092714,0.15707683563232441,0.10322912293211596,0.10555001243602284,-6.7152417831545985e-18,-1.3143694986771112e-17,0.33026376637619964,-2.5101957876682262e-18,-5.6673886435162302e-18,0.039382805863381998,0.59375,0.12311792751038345,0.16069575448677278
15.176878572974873,0.15707683563232458,0.10322713515891391,0.10554886665941533,-2.7267954195946364e-18,-1.1128625991274478e-17,0.32807759942334058,-2.5723218079594807e-18,-3.2087450328313417e-18,0.025789574892532245,0.64453125,0.12597166064044049,0.16069583321079264
15.211929100857031,0.15707683563232394,0.10322507830626947,0.10553245541776472,-3.1101956698275755e-18,-6.6111325180985119e-18,0.325966335285861,-2.7292306289328537e-18,-9.0634995265820431e-19,0.012907965084692798,0.69921875,0.12774682808608609,0.16069590998696545
15.24697962873919,0.15707683563232455,0.10322295772953331,0.10549638820848649,5.0512668977625229e-18,3.1858259250113434e-17,0.32395059557731187,-2.3842555748530729e-18,-4.7377132961832815e-18,0.011847869947969481,0.78515625,0.1283124331849097,0.1606959848440295
15.282030156621349,0.15707683563232455,0.10322079867217841,0.10552189705272147,6.7237452005346485e-18,4.9624358737182666e-18,0.32205066999716458,-2.38399015327402e-18,-1.3429101275047781e-18,0.026469702438929685,0.86328125,0.12760811529048019,0.16069605781028209
15.317080684503509,0.15707683563232402,0.103218663911922,0.10552696062838424,1.2590152663689659e-18,-2.2653872749476575e-17,0.32028625902538899,-2.4546161781422929e-18,-2.0740832467800143e-18,0.042380011607112127,0.92578125,0.12548281324071731,0.1606961289135907
15.352131212385668,0.15707683563232422,0.10321651439678232,0.10555339377176204,-2.5285995735688753e-18,-8.3045382589683772e-18,0.31867180806437095,-2.0046056264829521e-18,-2.6077472006346508e-18,0.058041914456472596,0.97265625,0.12188211198782264,0.16069619818139899
15.387181740267827,0.15707683563232405,0.10321435747809785,0.10554983968140506,-8.9806422233250302e-18,-8.7967395963442828e-17,0.31722145994003115,-2.0907552465094311e-18,-1.766122660724429e-18,0.073462537829151006,1.03125,0.1167512963129814,0.16069626564073364
15.422232268149987,0.15707683563232425,0.10321221425212607,0.10552451179509927,-1.5340892990438402e-17,2.6008266186694471e-18,0.31594836288825412,-2.1387715301044858e-18,-2.0374143689996298e-18,0.088395250498258082,1.0703125,0.11008785587495863,0.16069633131821115
15.457282796032144,0.15707683563232461,0.10321007043824369,0.10551048821918128,-1.2816013908821199e-17,3.7252767202604735e-17,0.3148646492645169,-2.0975894127303442e-18,-6.5443084987191237e-19,0.10244350301200306,1.1328125,0.1019296289542118,0.16069639524004398
15.492333323914304,0.15707683563232472,0.10320796353979028,0.10551570777809648,-2.1264642897842537e-17,1.5679253697090376e-18,0.31397800260823333,-2.0327817762907693e-18,-2.8508841591692099e-18,0.1152851011158155,1.1796875,0.092349309508515415,0.1606964574320478
15.527383851796463,0.15707683563232425,0.1032058992533991,0.10552337020134409,7.5109702275888692e-19,-1.4336400975669701e-19,0.31329538896662218,-1.8090864960574414e-18,-2.3909421798075248e-18,0.12681398526529966,1.19921875,0.081438383481502785,0.1606965179196482
15.562434379678622,0.15707683563232405,0.10320389180232944,0.10552355865174602,-1.2273933228673768e-17,-1.8146311120349975e-17,0.31282190362167467,-1.6772871561684219e-18,-2.1439011323456943e-18,0.13690975019102319,1.23046875,0.069337716553373854,0.16069657672788656
15.597484907560782,0.15707683563232422,0.10320195543142731,0.10551820907260485,-1.1668985976807375e-17,-4.142409957464409e-17,0.31256030622482778,-1.5956773101387871e-18,-1.3844517679461733e-18,0.14538910900201774,1.24609375,0.056217240250948416,0.16069663388142594
15.632535435442941,0.15707683563232472,0.10320008345648972,0.10551640388015925,-2.3480580279585002e-17,-1.082110745198002e-17,0.31251121740994425,-1.5030622396494405e-18,-1.4668812530276202e-18,0.15204972009761722,1.26953125,0.042279127062236903,0.16069668940455781
15.667585963325099,0.15707683563232477,0.10319829728375422,0.10552405086382639,-2.5903220874300111e-18,1.4622644514985515e-17,0.31267389508471266,-1.4745850994962305e-18,-1.848675344018358e-18,0.15670746899454671,1.30859375,0.027758814090246588,0.16069674332120903
15.702636491207258,0.15707683563232427,0.10319658232966689,0.1055274135713139,-1.6052258687432819e-17,1.6848989005319044e-17,0.31304543631398052,-1.5008667989061482e-18,-7.7565057880694707e-19,0.15940367925787963,1.31640625,0.013031040831226642,0.16069679565494752
15.737687019089417,0.15707683563232464,0.10319493767787774,0.10552405086382639,5.1299435854927393e-18,-1.0997352922099668e-17,0.31362101763203276,-1.5800061666388168e-18,-2.9025773510599423e-19,0.16012713035420539,1.30859375,0.0044872912589223471,0.1606968464289871
15.772737546971577,0.15707683563232419,0.10319337593160044,0.10551640388015927,-1.068379022903658e-17,-3.4136580039899632e-18,0.31439459046553031,-1.4481122179672366e-18,-3.4371782032805687e-18,0.15884903450528731,1.26953125,0.018115664428968732,0.16069689566619469
15.807788074853736,0.15707683563232439,0.10319189398447733,0.10551820907260487,-4.8970270974845997e-18,-1.0404823108339619e-17,0.31535777178536412,-1.3801895227383635e-18,-3.9981107670264295e-19,0.155480127298843,1.24609375,0.032751207079163958,0.16069694338909529
15.842838602735895,0.15707683563232439,0.10319047419049496,0.10552355865174605,5.9655442235749981e-19,-5.6605876366294565e-17,0.31649989966595599,-1.3970038298448821e-18,-2.5964811040892551e-19,0.15014183717546969,1.23046875,0.046969618085908597,0.16069698961987774
15.877889130618053,0.15707683563232408,0.10318910138652806,0.10552337020134414,1.7502084109859757e-18,-7.9573376318425881e-17,0.31780866677562281,-1.2120967028953908e-18,9.973445601716882e-19,0.14300759895970641,1.19921875,0.060498218539061704,0.16069703438039964
15.912939658500212,0.1570768356323243,0.10318779785183146,0.10551570777809646,4.8595575569901359e-18,2.6768805307216124e-17,0.31927120758889066,-9.3038969534007061e-19,-1.6399656910458699e-18,0.13422160072358746,1.1796875,0.073138793354094817,0.16069707769219296
15.947990186382372,0.15707683563232414,0.10318662894263973,0.10551048821918128,-1.0996329984291326e-17,7.5929632349320921e-18,0.320871111531634,-6.5705204952377367e-19,-1.540472542677311e-18,0.12384612656410561,1.1328125,0.084738360103031693,0.16069711957646923
15.983040714264531,0.15707683563232408,0.10318556872560856,0.10552451179509924,-1.72573399857249e-17,5.0793778080065219e-17,0.32259439769351567,-4.4261979628375607e-19,-1.6325392635063688e-19,0.11193805097608145,1.0703125,0.095176872242569308,0.16069716005412596
16.018091242146689,0.15707683563232411,0.10318453116784561,0.10554983968140498,-9.3580022693561135e-18,5.513239303856977e-17,0.3244247298015886,-1.6938715070646507e-19,-2.1579516900851796e-20,0.098758100464834964,1.03125,0.10436328407600412,0.16069719914575009
16.053141770028848,0.15707683563232425,0.1031833687255902,0.10555339377176208,-5.4948519638383498e-18,-3.6258582240734163e-17,0.32634361150224839,7.3752870981299915e-20,-1.454313849513488e-18,0.084785304126557187,0.97265625,0.11219687379016147,0.16069723687162357
16.088192297911007,0.15707683563232427,0.10318216506906484,0.10552696062838424,-1.4107601252818298e-17,1.1560582216087268e-17,0.32833038586930557,2.2200907255463848e-19,-1.7604173310833608e-18,0.070273404897689074,0.92578125,0.11862289887216185,0.16069727325172867
16.123242825793167,0.15707683563232358,0.10318096324836624,0.10552189705272143,-2.9889850437119543e-17,-2.9243435366606779e-17,0.33036679307222511,1.7639063045901013e-19,-1.348915940196879e-18,0.055050970593560969,0.86328125,0.12363858912096067,0.16069730830575368
16.158293353675326,0.15707683563232472,0.10317986216614011,0.10549638820848649,-1.4126906735472095e-17,-2.5853896050711153e-17,0.33243069489342297,5.4403317335852295e-19,-1.3470559050361056e-18,0.039617471434733466,0.78515625,0.12722802702322744,0.16069734205309461
16.193343881557485,0.15707683563232447,0.1031787864870643,0.10553245541776471,-2.433869608162978e-17,1.9228060611835423e-17,0.33450147432730454,6.560937090853427e-19,-3.1798050075772259e-18,0.02409959965657283,0.69921875,0.12946422860194093,0.16376434949878393
16.228394409439645,0.15707683563232389,0.10317782210076284,0.10554886665941531,-1.8156674783705898e-17,3.6170027686367933e-18,0.33655930536704987,7.9643803149718812e-19,-1.2407431533490584e-18,0.011405667900272516,0.64453125,0.13031995587533637,0.17374153810094944
16.263444937321804,0.1570768356323243,0.10317693610924288,0.10555001243602283,-3.097357076245193e-17,-1.7877382482006755e-17,0.33858851557037178,1.1665657868483282e-18,-1.3610951730526993e-18,0.010703891278036439,0.59375,0.12989500606655557,0.17582626859414868
16.298495465203963,0.15707683563232408,0.10317609257272579,0.10552221342000769,4.3957783557242536e-18,4.3927145450837732e-17,0.34056581773998201,1.0150534921912512e-18,1.7012545722454781e-18,0.024719085804508073,0.5078125,0.12827285265684271,0.17265161491169517
16.333545993086123,0.15707683563232422,0.10317537801508159,0.10551215827454777,-1.3231096267623755e-17,-7.8914030366119133e-17,0.34247280873429559,1.332580418799838e-18,3.2177039449337423e-18,0.039462622451648846,0.46484375,0.12553601448609558,0.16626773992376045
16.368596520968282,0.1570768356323243,0.10317477322912143,0.10551226419284239,-4.1553616403102817e-18,2.1597600597074307e-18,0.34428761729344953,1.3313940867050721e-18,5.466025320504319e-19,0.053859598300719694,0.37890625,0.12175527813713607,0.17420470387186368
16.403647048850441,0.15707683563232414,0.10317419890111622,0.10553097323739802,-1.0412869692489954e-17,4.8481606869521073e-17,0.34599732227754509,1.6354971644416304e-18,-3.124079219727418e-18,0.067829416519189098,0.31640625,0.11697639607316483,0.17556177391487718
16.438697576732597,0.15707683563232422,0.10317363185457881,0.10553729757493412,-1.3434756997616794e-17,-2.8806760725957054e-17,0.34758508867023868,1.6998861440936769e-18,-1.49145149636312e-18,0.081052560466856646,0.25390625,0.11125626911350744,0.1739298550957476
16.473748104614756,0.15707683563232408,0.10317300953024679,0.10555057777035746,-1.6182862963291487e-17,4.5104411266484521e-17,0.34903643465491802,1.879252091517252e-18,-6.0087028159247015e-19,0.093559907360922914,0.22265625,0.1047094340494337,0.18747499262262279
16.508798632496916,0.15707683563232422,0.10317226413459801,0.10553654685100557,-2.5283536472077369e-17,7.610464555459029e-17,0.35033923200678352,2.0896258864793547e-18,-3.0896584960673305e-19,0.10510511330210848,0.18359375,0.097404039296605807,0.19681258374491231
16.543849160379075,0.1570768356323245,0.10317140982592776,0.10552688631094591,-2.2730873504349504e-17,7.4572561187320291e-18,0.35148388616049286,2.151001705653812e-18,-7.6568264206655107e-21,0.11576867437577783,0.14453125,0.089374160813405296,0.20008060814418122
16.578899688261235,0.15707683563232433,0.10317056178627407,0.10551920333368422,-8.722904024326997e-18,1.6535109030387428e-17,0.35245814107121726,2.2438647752305597e-18,3.4498129670846614e-20,0.12547566733674817,0.1171875,0.080770626977171814,0.19620148066625681
16.613950216143394,0.15707683563232391,0.10316975255563873,0.10551286103245976,-1.0336320504757607e-17,5.3903161455648617e-18,0.3532526961697488,2.3564555337300259e-18,3.1423561049415525e-19,0.13415022097578677,0.0859375,0.071703995980255147,0.18786566915741518
16.649000744025553,0.15707683563232389,0.10316893662132764,0.10550739104988838,-8.1975681910067512e-18,-2.1394413815100652e-17,0.35386242126552725,2.5312225637429593e-18,9.5928682352460729e-19,0.14174135356864651,0.0546875,0.062321823091855091,0.17740940484824114
16.684051271907713,0.15707683563232419,0.1031680817714324,0.10551689846304611,-2.0981232514464487e-17,-2.8386094996182429e-17,0.3542790297421563,2.6329916801799123e-18,7.4235901161295695e-19,0.14827281451963584,0.1015625,0.052805467508044927,0.16553659150436278
16.719101799789872,0.15707683563232455,0.10316722406091726,0.10552278302506997,-1.0721703437538001e-17,8.591971934421637e-18,0.35450062709270552,2.9362570307511075e-18,5.6816507559285502e-19,0.15362278458303646,0.1015625,0.04331804811283451,0.16069771907181693
16.754152327672031,0.15707683563232427,0.10316635779326115,0.10552407810695669,-1.5469673882944921e-17,-4.7554596140256027e-17,0.35452599326549789,3.0854077247593455e-18,4.6166259904632635e-19,0.15777676951626041,0.1171875,0.034283494162315034,0.16069773331294149
16.789202855554191,0.15707683563232439,0.10316549992881667,0.10552559673345094,-9.1199645096946865e-18,-7.474624733813562e-17,0.35435541174046425,3.3164133170536873e-18,-1.257073614727196e-19,0.16075913410946796,0.140625,0.026551103221883848,0.16069774655176414
16.82425338343635,0.15707683563232419,0.10316463853991185,0.10552631355915361,-7.6561642033090736e-18,-4.2595520031385876e-17,0.35399151841146842,3.4523893503494285e-18,4.8097692061379289e-19,0.16256876199474785,0.140625,0.021821961845695192,0.16069775880296194
16.859303911318506,0.15707683563232419,0.10316379284847867,0.10552559673345094,-2.8497098888397441e-18,-7.4230834133208929e-17,0.35343896410078707,3.5221616214279701e-18,-1.3283221382428548e-19,0.16320259663331135,0.140625,0.022241241183655384,0.16069777008100047
16.894354439200665,0.1570768356323245,0.10316296370768258,0.10552407810695671,-1.364865763787178e-17,6.0384158379818476e-17,0.3527041980447872,3.77549788493637e-18,1.2931651882946781e-18,0.16267866356841226,0.1171875,0.027561293793632032,0.16069778040013608
16.929404967082824,0.15707683563232397,0.10316214440856242,0.10552278302506998,-1.1547838280456553e-17,4.4175378359003765e-17,0.35179513305072907,3.8630523161369055e-18,1.6903923466341615e-18,0.16102723702437016,0.1015625,0.03557066282772188,0.16069778977442165
16.964455494964984,0.15707683563232436,0.10316134458487532,0.10551689846304613,-1.4536920483512427e-17,-2.6915718661028643e-18,0.35072286821430437,3.8985406908609031e-18,-6.1236023065996371e-19,0.15819184568940126,0.1015625,0.044709346279983048,0.16069779821770983
16.999506022847143,0.15707683563232405,0.10316047638266565,0.10550739104988838,-1.0989864543394374e-17,1.7040469271215457e-17,0.34949683019104516,3.93490096564932e-18,2.378563787063361e-18,0.15414850329197399,0.0546875,0.054262803121657023,0.16069780574365525
17.034556550729302,0.15707683563232455,0.10315962555586179,0.10551286103245976,-4.6298678650802178e-18,2.2625857155445291e-17,0.34813125898990044,3.9028149398811178e-18,-3.9049219239976552e-19,0.14896939182968466,0.0859375,0.063847923129084744,0.16069781236571518
17.069607078611462,0.15707683563232408,0.10315878934503644,0.10551920333368424,-5.9024419943687193e-18,-5.6237513433497105e-17,0.34663961681355554,4.0877140018196366e-18,-2.266248638035414e-18,0.14259693918613864,0.1171875,0.073242397462436395,0.16069781809715505
17.104657606493621,0.15707683563232433,0.10315795949538299,0.10552688631094591,-2.0651560854833407e-17,9.7206812488796844e-17,0.34503666129561461,4.1977126347733031e-18,2.6934386595370034e-19,0.13505172835802878,0.14453125,0.082285947951465835,0.16069782295105123
17.13970813437578,0.15707683563232419,0.10315713760407882,0.10553654685100548,1.2358663285828577e-17,2.047006246083293e-17,0.34333853144416621,4.3154877994607337e-18,4.3873683406631713e-18,0.12635563053512755,0.18359375,0.090849288761807381,0.16069782694029391
17.17475866225794,0.15707683563232461,0.10315617729055149,0.10555057777035749,-1.2286540245987768e-17,-2.7390346005847928e-17,0.34156114165803958,4.2967141082782302e-18,2.8889707146595852e-19,0.11657695835750252,0.22265625,0.098906668280179841,0.16069783007759017
17.209809190140099,0.15707683563232422,0.10315518481758598,0.10553729757493409,-7.7091976701492602e-18,-5.3111668263375833e-18,0.33972293791427738,4.5499842490364141e-18,9.3302056912768966e-19,0.10559775906088861,0.26171875,0.10630167261957316,0.16069783237546556
17.244859718022258,0.15707683563232433,0.10315415625189567,0.10553097323739796,1.3745431240806572e-17,2.3494656535759012e-17,0.33784092093771323,4.5762353427636673e-18,3.471419377048944e-18,0.093617225067280985,0.30859375,0.1130387776031449,0.16069783384626388
17.279910245904418,0.1570768356323245,0.10315308783907363,0.10551226419284233,5.0823736860975529e-18,-8.7907968147908339e-17,0.33593367670227453,4.3497853442953848e-18,1.3492581118583146e-18,0.080566555080877858,0.37109375,0.11904224763731334,0.16069783450215547
17.314960773786574,0.15707683563232427,0.10315190460921932,0.10551215827454778,2.2582161781108124e-18,2.9027915403952281e-17,0.33402055788297902,4.3004508449966502e-18,2.9679651900757378e-18,0.066716445787240786,0.45703125,0.12433455093343082,0.16069783435514381
17.350011301668733,0.15707683563232433,0.10315064190399427,0.10552221342000781,-3.4878084881356265e-18,-1.0266380785459161e-16,0.33212156004483062,4.2645321812577601e-18,1.4877392260962557e-18,0.052517850600626796,0.5,0.12886402913628028,0.16069783341706001
17.385061829550892,0.15707683563232408,0.1031493182457095,0.10555001243602281,6.7775567320399144e-18,-2.9449792334220773e-17,0.33025310524786533,4.5663097440997021e-18,2.2388964861334961e-18,0.038038042266556847,0.5859375,0.13260206642341177,0.16069783169956733
17.420112357433052,0.15707683563232419,0.10314794022624968,0.10554886665941532,-2.2650818417796457e-18,4.6190921302519652e-17,0.32843229321387563,4.6498792843980517e-18,1.4202418406427284e-18,0.023174933762755326,0.63671875,0.13528613616874721,0.16069782921416428
17.455162885315211,0.1570768356323243,0.10314651151491919,0.10553245541776474,7.1079393136999544e-18,-1.2059886454446113e-17,0.3266771785227402,4.626148506599671e-18,-8.0204464876437548e-19,0.0094347393560129337,0.68359375,0.13678298435806666,0.16069782597218568
17.49021341319737,0.15707683563232397,0.10314503880904718,0.10549638820848649,2.384789262760651e-18,4.5581160845212634e-19,0.3250055776782042,4.6421585873556348e-18,-1.303435782666389e-18,0.014585513223601869,0.76953125,0.13696996500454769,0.16069782198480431
17.52526394107953,0.15707683563232419,0.10314354380362806,0.10552189705272147,-7.7961631821285632e-18,-3.8434893618494258e-17,0.3234329483212538,4.6323634247345116e-18,2.2785921082480916e-18,0.030981846485158945,0.84765625,0.13580421810104171,0.16069781726303634
17.560314468961689,0.15707683563232408,0.10314205105085172,0.10552696062838422,4.7432335982582111e-18,9.7503851510775266e-18,0.32197447174026067,4.5380706251677543e-18,-5.4842736356755777e-19,0.047959655314931147,0.91015625,0.13313446239098542,0.16069781181774323
17.595364996843848,0.15707683563232411,0.103140553236702,0.10555339377176204,5.1708755795728467e-18,9.8036390037466981e-17,0.32064428257713296,4.4666478185744397e-18,6.3335790031689261e-19,0.064560969575534172,0.95703125,0.12891049882637914,0.16069780565963324
17.630415524726008,0.1570768356323243,0.10313906599312023,0.10554983968140506,1.3195643639255964e-17,3.7545930383002817e-17,0.31945467328531862,4.4010939618247654e-18,1.1835592657991697e-18,0.080834779850876032,1.015625,0.1230789858866683,0.16069779879926552
17.665466052608167,0.15707683563232427,0.10313760097542622,0.10552451179509927,-2.015342832130012e-18,7.3980652772074546e-19,0.31841547491663569,4.5430288491569737e-18,1.9546140226604236e-18,0.096570159387574739,1.0546875,0.11565061056628752,0.16069779124705239
17.700516580490326,0.15707683563232402,0.10313617069413723,0.10551048821918126,2.5442793538748795e-18,-4.6774314451685002e-17,0.31753597484679597,4.7304591354686931e-18,1.5989814637085845e-18,0.11130980359784412,1.1171875,0.10667936375583463,0.16069778301325988
17.735567108372482,0.15707683563232416,0.10313477049216981,0.1055157077780965,1.5045444327369438e-17,-5.0242128916016458e-17,0.31682275126751086,4.5080033336844877e-18,-5.7921679665028021e-19,0.12473005943498709,1.1640625,0.096250932403748463,0.16069777410800931
17.770617636254642,0.15707683563232411,0.10313337912346085,0.10552337020134409,1.4347205673988046e-17,7.4363076162778829e-18,0.31628271563463317,4.3808565745483493e-18,3.5002435194691199e-20,0.13671973252399558,1.18359375,0.084464978843826338,0.16069776454128057
17.805668164136801,0.15707683563232433,0.10313201456960724,0.10552355865174602,3.9657903317139526e-18,2.6527686885429096e-17,0.31591951850393607,4.1911621915024957e-18,1.183942964512295e-19,0.14716793901653039,1.21484375,0.071472286781192398,0.16069775432291458
17.84071869201896,0.1570768356323243,0.10313070634118514,0.10551820907260487,2.0120777252335454e-17,2.5780202399795292e-17,0.31573425719839215,4.2911102181221249e-18,7.7923174417789603e-19,0.15587929668674882,1.23046875,0.057450200300183447,0.1606977434626142
17.87576921990112,0.15707683563232427,0.1031294427728621,0.10551640388015925,2.3785249864674464e-17,4.1300988943579867e-17,0.31572756372467214,4.2476000009139528e-18,7.362346600616681e-19,0.16264580423437602,1.25390625,0.042609288803333464,0.16069773196994641
17.910819747783279,0.15707683563232458,0.10312823061017741,0.10552405086382642,6.7525454418422939e-18,-1.5101453134553123e-17,0.31589836345912081,4.0244826097360698e-18,4.0396883219698112e-19,0.16727319943257354,1.29296875,0.027195074604464412,0.16069771985434558
17.945870275665438,0.15707683563232433,0.10312707826894349,0.1055274135713139,1.6131741086795887e-17,8.8905418085023326e-17,0.31624367953470567,3.8699225164132529e-18,1.1094762883611501e-19,0.16981731076926854,1.30078125,0.011619162302290424,0.16069770712511497
17.980920803547598,0.15707683563232394,0.10312598426615796,0.10552405086382639,6.2218671611264376e-18,1.7724971331170095e-17,0.31675884258910636,3.5399685452695523e-18,2.9815676388742439e-19,0.17027056855672337,1.29296875,0.0059830782306901269,0.16069769379142806
18.015971331429757,0.15707683563232427,0.10312493899757662,0.10551640388015926,2.1905582552209879e-17,-7.3867763619960447e-17,0.31743858943842101,3.3950882745711957e-18,-2.1882751619890933e-19,0.16862054748039423,1.25390625,0.021090140635870679,0.1606976798623313
18.051021859311916,0.15707683563232447,0.10312394798235339,0.10551820907260487,6.327096786639317e-18,5.0522853593951637e-17,0.31827586080254561,3.1498914165915294e-18,1.8140913846654362e-19,0.16478286592003225,1.23046875,0.036531060917869985,0.16069766534674562
18.086072387194076,0.15707683563232433,0.10312301717383582,0.10552355865174605,1.556697936087916e-17,-4.8893678341878547e-17,0.31926109945246478,3.311356089884903e-18,4.5390921544501661e-19,0.15888557190337282,1.21484375,0.051478242493275275,0.16069765025346908
18.121122915076235,0.15707683563232455,0.10312216417973574,0.10552337020134409,1.5868950075302931e-17,3.5945139351198086e-17,0.32038381107790331,2.8036726964607751e-18,2.2644154442392831e-18,0.15109108580905015,1.18359375,0.065674189937857008,0.16069763459117725
18.156173442958394,0.15707683563232427,0.10312136132374031,0.10551570777809648,1.3885478930950276e-17,-1.8417772747551975e-17,0.32163266122517248,2.7624160811327155e-18,2.1362401280167005e-18,0.14158728553109473,1.1640625,0.078919390982636645,0.16069761836842544
18.19122397084055,0.15707683563232416,0.1031205743553583,0.10551048821918119,1.9630247634945517e-17,8.4029930608494864e-18,0.32299692569483734,2.4907613859714459e-18,-4.3935609701579128e-19,0.1304186551271975,1.1171875,0.091052396920595552,0.16069760159365098
18.226274498722709,0.15707683563232425,0.10311984210657189,0.10552451179509925,1.4373970571857134e-17,3.8101787152245348e-17,0.32446137708962336,2.4387361198388647e-18,-7.9090768609859185e-19,0.11766097699031913,1.0546875,0.10195526199443623,0.16069758427517503
18.261325026604869,0.15707683563232439,0.10311908989992322,0.10554983968140498,1.9259866473498966e-17,-1.3917062300349171e-17,0.32601123087296385,2.1188138332726892e-18,1.779217068761637e-18,0.10358155586194873,1.015625,0.11153091968761025,0.16069756642120336
18.296375554487028,0.1570768356323243,0.10311825951866738,0.10555339377176208,2.8108813023998619e-17,4.928159952960693e-17,0.3276326780281994,2.163423683707674e-18,2.82660922577474e-18,0.088650602497780506,0.95703125,0.11968885764957239,0.16069754803982869
18.331426082369187,0.15707683563232397,0.10311736703880173,0.10552696062838424,-6.3220452906666985e-19,-2.9181211257758445e-17,0.32930857101723338,2.111057102174838e-18,1.1250564613807851e-19,0.07313977486145655,0.91015625,0.12638357772479,0.16069752913903257
18.366476610251347,0.15707683563232405,0.10311647305091248,0.10552189705272143,5.7721668490790473e-18,-1.1331791708891815e-17,0.33102145510238457,2.1001326312224267e-18,-2.1260330779181399e-18,0.0568814004088216,0.84765625,0.13161686039069795,0.16069750972668748
18.401527138133506,0.15707683563232416,0.10311560492814115,0.10549638820848649,2.3433508025610188e-17,-1.049799865589437e-16,0.33275518544936622,1.820401809849284e-18,-6.7289084573180222e-19,0.040417865623896154,0.76953125,0.13533898055254739,0.16069748981055637
18.436577666015665,0.15707683563232383,0.10311478486596473,0.10553245541776471,-5.6981289275879787e-18,2.4222114084531869e-17,0.3344924153766029,1.5817894129431163e-18,4.532342247560634e-18,0.023494714282850337,0.68359375,0.13761787544049578,0.16069746939829604
18.471628193897825,0.1570768356323245,0.10311405739609271,0.10554886665941531,2.0674878439123034e-17,-6.3688329125255264e-17,0.33621914550123455,1.3685799394436052e-18,-4.7174523277970591e-19,0.009480206634947138,0.62890625,0.13842485407118554,0.16069744849745796
18.506678721779984,0.15707683563232408,0.10311342748996537,0.10555001243602283,3.2275419081067434e-17,2.3996588552580597e-17,0.33791527956593326,1.1827337040049249e-18,3.2790370221349853e-18,0.01229301064231092,0.578125,0.13789059051847577,0.16069742711549115
18.541729249662144,0.15707683563232405,0.10311291564058934,0.10552221342000769,2.0963595723795377e-17,1.3430612585492267e-17,0.33956462604655935,1.21532022574251e-18,9.5973151065203697e-19,0.027756091378263591,0.4921875,0.13610428946912928,0.16069740525974047
18.576779777544303,0.15707683563232366,0.10311247346832693,0.10551215827454777,1.6311498380086566e-17,-3.1668874887680466e-17,0.34115143651198832,9.5474380542879828e-19,2.5192088962566203e-18,0.043443207613101366,0.44921875,0.13311346122509707,0.16069738293745095
18.611830305426459,0.15707683563232397,0.10311211331044563,0.1055122641928424,2.0812703181403939e-19,-3.1533299423707947e-17,0.34266082283805921,8.5858328373768454e-19,2.5138842603366083e-18,0.058727169848638468,0.37890625,0.12901529209381274,0.16546897510623038
18.646880833308618,0.15707683563232411,0.10311175750651863,0.10553097323739793,1.0815191000872156e-17,-1.6194677434195436e-17,0.34407911040613082,7.7990956699109495e-19,2.3211332704439608e-18,0.073487211296559621,0.31640625,0.12379540254592006,0.1637752073961167
18.681931361190777,0.1570768356323238,0.10311131943145699,0.10553729757493412,4.471280249986142e-18,-2.204280630207183e-17,0.3453945716554439,6.5368444215370544e-19,3.1527883420371836e-18,0.087446846331652658,0.26953125,0.11758781842106389,0.16069731324232051
18.716981889072937,0.15707683563232405,0.10311080668104436,0.10555057777035746,-6.7714994130484873e-19,-2.7282006754719443e-17,0.34659373966159512,7.6226807927202339e-19,-1.239750249039485e-18,0.10062212505837814,0.23046875,0.11057286691895282,0.16069728912436418
18.752032416955096,0.15707683563232416,0.10311023690972174,0.10553654685100544,1.759683882588443e-17,-5.5878992821234161e-17,0.3476677829304618,6.9060823373442406e-19,7.7308775678058184e-19,0.11275986867494213,0.19140625,0.10273756206319183,0.16069726457463568
18.787082944837255,0.15707683563232427,0.10310962903237865,0.10552688631094591,1.8282766679463845e-17,-2.5301356917603979e-17,0.34860537062039054,6.3986261600946234e-19,9.1971378246820873e-19,0.12393752462157125,0.15234375,0.094125640624199605,0.16069723959980656
18.822133472719415,0.15707683563232414,0.10310901975486086,0.10551920333368421,1.4969371720700957e-17,3.5165310546289992e-17,0.34939949769340573,3.2749848549533698e-19,1.5764238251204344e-18,0.1340870223783415,0.125,0.08486198282268273,0.16069721420645605
18.857184000601574,0.15707683563232461,0.10310842245461828,0.10551286103245981,2.9208303311412986e-17,-6.0117989172165541e-18,0.35004380581323247,2.1966070679560043e-19,1.5252777259632006e-18,0.14313692977935802,0.09375,0.075091821548897528,0.16069718840107527
18.892234528483733,0.15707683563232494,0.10310784864446218,0.10550739104988838,3.1275095834085206e-17,6.7985083941475025e-17,0.35053158327961015,1.6319937443547386e-19,5.9679514722415924e-19,0.15102567039069478,0.0625,0.064937992772546319,0.16069716219006711
18.927285056365893,0.15707683563232389,0.10310728301666247,0.10551689846304611,1.5609356238157097e-17,1.4178618413947349e-17,0.35085781662335513,-4.6895350467468798e-20,9.7211457567419198e-19,0.15778653395536102,0.109375,0.054585365042807837,0.16069713557974769
18.962335584248052,0.15707683563232452,0.10310672445884003,0.10552278302506994,2.0810380836109173e-17,4.2472209288935638e-17,0.35102021581509224,-1.3852561073878274e-19,1.2021124939613822e-18,0.16330821757280381,0.109375,0.044195080291344807,0.16069710857634714
18.997386112130211,0.15707683563232439,0.10310615035869028,0.10552407810695669,1.7658354645748234e-17,-6.6276090576858694e-17,0.35101681878256935,-4.5101102661022369e-19,1.1483240341920074e-18,0.16757240608374441,0.125,0.034215050716729881,0.16069708118601125
19.032436640012371,0.15707683563232422,0.10310553535936701,0.10552559673345094,2.8622279750740501e-17,3.1782153730388125e-17,0.35084891006213464,-5.2437729405273163e-19,9.9664942795793675e-19,0.17058571165742112,0.1484375,0.025519774036072751,0.16069705341480128
19.067487167894527,0.15707683563232375,0.10310491713866154,0.10552631355915361,1.4681311380644382e-17,2.004236650210504e-18,0.35051961047695174,-7.6615308811524354e-19,7.4474740515882432e-19,0.17233545464877947,0.1484375,0.020203961986957116,0.16069702526869817
19.102537695776686,0.15707683563232444,0.10310429808082257,0.10552559673345094,9.6874850080405648e-18,3.1991270128692459e-17,0.35003281852381041,-7.1239849751454361e-19,7.6999861200891135e-19,0.17282063735077208,0.1484375,0.021176569567664838,0.16069699675360277
19.137588223658845,0.157076835632324,0.10310368047215523,0.10552407810695671,7.0700498025994904e-18,5.6346779516307958e-17,0.34939486661262886,-1.099006223908366e-18,2.0392596635433936e-18,0.17206162244219328,0.125,0.027779769986602181,0.16069696787533636
19.172638751541005,0.15707683563232419,0.1031031030969299,0.10552278302506998,1.9905544949798384e-17,-3.7536530413952897e-17,0.34861290200653683,-8.987966175181617e-19,2.1944438290954648e-19,0.17006321849678888,0.109375,0.037032116091249768,0.16069693863964152
19.207689279423164,0.15707683563232405,0.10310255482175289,0.10551689846304613,9.2148462701190121e-18,-7.6244017868806528e-19,0.34769494133181916,-1.3492035437872803e-18,9.7090924104355724e-19,0.16679116029872432,0.109375,0.047220031433210206,0.16069690905218384
19.242739807305323,0.15707683563232464,0.10310202629336213,0.10550739104988838,8.7948730310614754e-18,-6.4128131822832355e-17,0.34665007131358139,-1.2758860800009129e-18,8.1393619078808927e-19,0.16224975386675089,0.0625,0.05751892190780622,0.16069687911855224
19.277790335187483,0.15707683563232433,0.10310148416280034,0.10551286103245976,2.2234985641296651e-17,-4.9895509665127648e-17,0.34548855379001842,-1.4323144641347574e-18,2.4281824972195157e-18,0.15652410743206235,0.09375,0.067889314381451349,0.16069684884426005
19.312840863069642,0.15707683563232441,0.10310093580379218,0.10551920333368424,2.5121229023292676e-17,4.6007450758149788e-18,0.34422271948226463,-1.5671567947022064e-18,1.9222085403858883e-18,0.14952930775272547,0.125,0.077993595309410232,0.16069681823474602
19.347891390951801,0.15707683563232397,0.10310036677374029,0.10552688631094591,6.7737862122417339e-18,6.2549205592986147e-17,0.34286498748449629,-1.3918091872968373e-18,5.1574071420176254e-20,0.14128605627609678,0.15234375,0.087675592890374229,0.16069678729537573
19.382941918833961,0.157076835632324,0.10309974592675637,0.10553654685100548,6.4442699022392256e-18,5.1213943531375036e-17,0.34142864044434029,-1.5128781334846658e-18,1.2090327095842208e-20,0.13180695776015047,0.19140625,0.096825076248931261,0.16069675603144226
19.41799244671612,0.15707683563232441,0.1030991233885749,0.10555057777035749,1.0251397577089335e-17,-2.818287135158495e-17,0.33992779678047302,-1.7757616639243645e-18,1.4811693666992731e-18,0.12117267651200971,0.23046875,0.10538924325186518,0.16069672444816679
19.453042974598279,0.15707683563232464,0.10309845002186663,0.10553729757493407,-1.439139211113412e-18,3.0623103316950641e-17,0.33837744713399787,-2.0643484360318648e-18,2.0210986030020621e-18,0.10930096629987375,0.26953125,0.11322464446195478,0.16069669255069874
19.488093502480435,0.15707683563232427,0.10309773579320766,0.10553097323739802,1.3393499164273414e-17,-4.1711480589206314e-17,0.33679240317129694,-1.8298231902311099e-18,-1.7781101427745019e-18,0.096385619429925573,0.31640625,0.12032315900238676,0.16069666034412131
19.523144030362594,0.15707683563232455,0.10309693554312545,0.10551226419284239,7.4593006778265034e-18,9.1375071690210808e-18,0.33518816323749706,-1.7183607577859542e-18,5.2227901471967163e-19,0.082366244739976752,0.37890625,0.12660539709373525,0.16069662783345015
19.558194558244754,0.15707683563232427,0.1030960387540307,0.10551215827454777,8.2017310344431358e-18,1.1710386652817682e-17,0.33358199972942826,-2.2949402312247769e-18,2.1178077037668377e-18,0.067484112933783674,0.44921875,0.13206412429137077,0.16069659502363398
19.593245086126913,0.1570768356323235,0.10309506896188117,0.10552221342000764,2.1552761823140588e-17,-4.2229595297843467e-17,0.33198926893632852,-1.9139654497060758e-18,1.0937989119260173e-18,0.051979394836788297,0.4921875,0.13661932206631761,0.1606965619195552
19.628295614009073,0.15707683563232402,0.10309407030326311,0.10555001243602281,1.4991672949793619e-17,4.2204971065194843e-17,0.33042394958020083,-2.1457889168310794e-18,7.9461005281632543e-21,0.036329012707568144,0.578125,0.14027787067353206,0.16069652852603011
19.663346141891232,0.15707683563232425,0.10309305924635738,0.10554886665941532,5.4409028557552729e-18,-3.0586983211789055e-17,0.32890121621179691,-2.1680536720900747e-18,7.1794262064021773e-19,0.02053901272140074,0.62890625,0.14280349346141977,0.16069649484781007
19.698396669773391,0.15707683563232425,0.10309202914906952,0.10553245541776472,1.2866599960750513e-17,4.042771338752811e-18,0.32743563569100548,-1.9806245231516975e-18,-1.374669358769885e-18,0.0068302093355029998,0.68359375,0.14405013394304042,0.16069646088958101
19.733447197655551,0.15707683563232455,0.10309098101797695,0.10549638820848647,1.2753140754490919e-17,3.5123871691133586e-17,0.32604261993168532,-2.0552523444259254e-18,-6.7976502035249905e-19,0.018335817044099631,0.76953125,0.14389619988123531,0.16064796046473301
19.76849772553771,0.15707683563232427,0.10308991637183118,0.10552189705272147,1.5757396535037761e-17,6.8456419980604879e-18,0.32473525810178333,-2.4784271924600912e-18,5.8129417028582764e-19,0.035548262542259561,0.84765625,0.14230966896388511,0.16064800193432635
19.803548253419869,0.15707683563232411,0.1030888745183904,0.10552696062838425,1.2491749864438446e-17,2.625701517159265e-17,0.32352493246060293,-2.4033313420555231e-18,2.5785172001082211e-18,0.053233382993289335,0.91015625,0.13914494402345681,0.16064804329018145
19.838598781302029,0.15707683563232377,0.10308784891413313,0.10555339377176204,4.1569980774992427e-18,-1.3901753779325029e-17,0.32242218509845083,-2.3129154346222253e-18,1.2512222360092239e-18,0.070516907175084922,0.95703125,0.13436811618752628,0.16064808453117663
19.873649309184188,0.15707683563232375,0.10308682697889539,0.10554983968140506,2.1367835863394746e-17,-5.0823847448846946e-17,0.32143716227970159,-2.4889669210300887e-18,-1.7076743532912448e-18,0.087432214527545696,1.015625,0.12792910591485337,0.16064812565622566
19.908699837066347,0.15707683563232464,0.10308581485025643,0.10552451179509928,8.8058475607534005e-18,4.4822754490777748e-17,0.320581076005993,-2.6072550927936671e-18,1.8285314119952891e-18,0.10371972487041274,1.0546875,0.11984787730506991,0.16064816666427692
19.943750364948503,0.15707683563232408,0.10308483652560177,0.10551048821918127,2.146000427140837e-17,-4.2734808088176408e-17,0.31985963828927394,-2.8307367536338031e-18,1.8107954253535818e-19,0.11891424003598286,1.1171875,0.11019453160064875,0.16064820755431283
19.978800892830662,0.15707683563232427,0.1030838845099251,0.10551570777809645,2.5330402032054944e-18,4.4349080308086275e-17,0.31927849334449199,-2.8787959989219223e-18,1.7981980882410329e-18,0.13271025465193345,1.1640625,0.099064022840484031,0.16064824832534894
20.013851420712822,0.15707683563232394,0.10308294461672671,0.10552337020134411,1.2123115728052056e-17,1.4967694471321475e-17,0.31884308959088836,-2.9234717653119699e-18,2.805071045286296e-19,0.1449763041210409,1.18359375,0.08656134308825629,0.16064828897643343
20.048901948594981,0.15707683563232447,0.10308201742342787,0.10552355865174602,-6.2627622925827812e-19,-3.1575149033814242e-17,0.3185562042089482,-3.0061452105129831e-18,1.4138231064974244e-18,0.15561147622764879,1.21484375,0.072842416350149014,0.1606483295066464
20.08395247647714,0.1570768356323248,0.10308111779460241,0.10551820907260487,1.1515185894969553e-18,1.2747606094843003e-16,0.31841937890150784,-2.9775765635045094e-18,8.4448436501293325e-19,0.16442833502819382,1.23046875,0.058092130829228913,0.16064836991509912
20.1190030043593,0.15707683563232422,0.10308025412268347,0.10551640388015925,5.836954226798487e-18,-4.160151411654473e-17,0.31843257301418798,-3.0442697064516107e-18,6.3608361876279396e-19,0.1712147869590438,1.25390625,0.042529240008556284,0.16064841020093346
20.154053532241459,0.15707683563232414,0.10307942729367016,0.10552405086382642,-7.9918306471234623e-18,2.0242356767992813e-17,0.31859471444259296,-3.212244549659718e-18,4.0903000139837218e-19,0.17579562313018515,1.29296875,0.026408740217806152,0.1606484503633212
20.189104060123618,0.15707683563232397,0.10307863071455377,0.1055274135713139,8.6723028323915599e-18,3.4848365707500115e-17,0.31890306100724891,-3.2128868037065772e-18,8.4179405054348402e-19,0.17821327752865196,1.30078125,0.010198621527602349,0.16064849040146342
20.224154588005778,0.15707683563232452,0.103077866081084,0.10552405086382639,-5.2514223871959715e-18,1.4660286519898144e-17,0.31935468140564671,-3.0511152981047347e-18,-1.8808529703458777e-20,0.17845665658824558,1.29296875,0.0078262749048233632,0.16064853031459006
20.259205115887937,0.15707683563232425,0.10307715923064413,0.10551640388015926,-9.3782753958827304e-18,1.0243731336224537e-16,0.31994313072945141,-2.5568355910252044e-18,5.2673953447407555e-19,0.17650392267097315,1.25390625,0.023844224376261686,0.16064857010195896
20.294255643770096,0.15707683563232414,0.10307650954117087,0.10551820907260487,6.0603568665798279e-18,4.8986793329408653e-18,0.32066221744298806,-2.676601934543415e-18,2.2214152485022353e-19,0.17227590470404699,1.23046875,0.039915401910190058,0.16064860976285553
20.329306171652256,0.15707683563232416,0.10307591308202653,0.10552355865174605,-1.0533030655395002e-17,-1.4694075854022588e-16,0.32150474396456846,-2.7690313546840317e-18,-8.9529674526061595e-19,0.16590975725753443,1.21484375,0.055438660396807234,0.16064864929659226
20.364356699534412,0.15707683563232475,0.10307536561003917,0.10552337020134417,5.8568449036039429e-18,-2.1266853338743771e-17,0.32246215316969506,-2.5203912023082485e-18,1.4067609066149109e-18,0.15757002459919384,1.18359375,0.07016002830831207,0.16064868870250784
20.399407227416571,0.15707683563232416,0.10307481329996608,0.10551570777809646,-5.8246217043789709e-18,3.4642440559192483e-19,0.3235254213847894,-1.858478587806325e-18,1.5932999833647869e-18,0.14744051555349177,1.1640625,0.083877947702567623,0.1606487279799669
20.43445775529873,0.15707683563232447,0.10307425065617896,0.1055104882191813,5.5036555482973038e-19,4.4022830289850232e-17,0.32468263740319148,-1.9025636955402214e-18,1.9337552741099639e-18,0.1356105181637928,1.1171875,0.09643053055694456,0.16064876712835915
20.46950828318089,0.15707683563232402,0.10307368803749016,0.10552451179509927,-6.8057526896229236e-18,4.7109980237238251e-17,0.325922261658324,-1.3446052726114921e-18,-1.3696502481483506e-18,0.12212306999813322,1.0546875,0.10770790208541582,0.16064880614709931
20.504558811063049,0.15707683563232464,0.10307310733295105,0.10554983968140502,-3.7406347425222434e-20,1.7767716176424027e-17,0.327231495975016,-1.3956664597401428e-18,2.0276968191844188e-19,0.10727213948086524,1.015625,0.11761140696981104,0.16064884503562632
20.539609338945208,0.15707683563232377,0.10307250288543383,0.10555339377176204,-1.8613375702955411e-17,-4.3970632814655433e-17,0.32859839721698397,-1.2443470015633672e-18,-1.5183939224431857e-18,0.091537047869200763,0.95703125,0.12604725504332848,0.16064888379340253
20.574659866827368,0.15707683563232488,0.10307185567546179,0.10552696062838424,-7.7823587878045511e-18,-2.0290499354577924e-17,0.33000824075994878,-1.5342021000438528e-18,-2.0332713912808054e-18,0.07518076544683161,0.91015625,0.13296298572513396,0.16064892241991383
20.609710394709527,0.15707683563232414,0.10307120180318129,0.10552189705272143,-2.8095472703776927e-17,-4.2371195167750285e-17,0.33144840859628361,-1.5838022277167934e-18,-8.0503552060186555e-19,0.058071483112567476,0.84765625,0.1383608409375994,0.16064896091466863
20.644760922591686,0.15707683563232416,0.10307057381053582,0.10549638820848649,-2.8143961535720694e-18,3.2064779466489813e-17,0.33290390085535976,-1.2805294325200852e-18,2.2352498410160105e-18,0.040726071538831475,0.76953125,0.1421792126141373,0.16064899927719767
20.679811450473846,0.15707683563232416,0.10307000291652944,0.10553245541776471,-1.495315874887321e-17,-3.7340842542862729e-17,0.33436077224594235,-1.1884207258125918e-18,-1.2168271921066296e-18,0.022893661197820079,0.68359375,0.14448076642634503,0.16064903750705348
20.714861978356005,0.15707683563232414,0.10306950154285152,0.10554886665941531,-2.9926756506079815e-18,6.5390997916858539e-17,0.33580693254857868,-1.4055216705038586e-18,-1.6509030770018295e-19,0.0079109590496533634,0.62890625,0.14523909970743926,0.16064907560380981
20.749912506238164,0.1570768356323238,0.10306904377675354,0.10555001243602286,-3.8120534429454312e-18,-3.794849129843935e-18,0.33722693132417975,-1.0474831339557868e-18,5.0499514367503574e-19,0.013617019577342833,0.578125,0.14460373036512419,0.16064911356706138
20.784963034120324,0.15707683563232436,0.10306864231037839,0.10552221342000769,-1.2494561297758617e-17,-6.0622069753341459e-17,0.33860671006080495,-9.3981443614313496e-19,-1.522982807057726e-18,0.030204634345681217,0.4921875,0.14262164989071294,0.16064915139642322
20.82001356200248,0.15707683563232402,0.10306827284674482,0.10551215827454788,-4.086018437255082e-18,-6.0666589270623514e-17,0.33993318533624201,-9.7171992974264749e-19,4.2007425198089024e-19,0.04676402215730837,0.44921875,0.1393697370565285,0.16064918909153036
20.855064089884639,0.15707683563232436,0.10306796257656545,0.1055122641928424,-1.3068842796252395e-17,-5.613795801899325e-17,0.34119380798843585,-6.4387102986031774e-19,-2.938562518827612e-19,0.062858628940299102,0.37890625,0.13493459296504121,0.16064922665203743
20.890114617766798,0.15707683563232433,0.10306766566588096,0.10553097323739793,-7.9696683111309075e-18,4.0302733294832099e-17,0.34237737280319136,-5.36427454421251e-19,-4.4736981955903074e-19,0.078384236873167798,0.31640625,0.12932263008896808,0.16064926407761809
20.925165145648958,0.15707683563232422,0.10306733715847081,0.10553729757493407,-1.5841204368338317e-17,3.0104509394205349e-17,0.34347261968023129,-7.6190536057341889e-19,6.9530462597920203e-19,0.093050736867832134,0.26953125,0.12271668463537036,0.16064930136796476
20.960215673531117,0.15707683563232416,0.10306697693329023,0.10555057777035746,-1.5496129398079198e-17,-2.6641355418730561e-18,0.3444709124003113,-1.4775826469397578e-19,2.7597482524049958e-19,0.10687809668917135,0.23046875,0.11523750980099808,0.16064933852278815
20.995266201413276,0.15707683563232447,0.1030665694205939,0.10553654685100544,-1.8322391366923942e-17,8.088212584681142e-18,0.34536240344263114,-4.9389403411892746e-20,-5.006067776576186e-19,0.11957800048535325,0.19140625,0.10691860659777302,0.16064937554181694
21.030316729295436,0.15707683563232447,0.10306613280810728,0.10552688631094591,-8.0634810554671725e-18,6.9115370976228704e-17,0.34613910950036686,1.4389892429913892e-19,-7.8368755934256605e-19,0.13123709053055344,0.14453125,0.097843117963884771,0.16064941242479744
21.065367257177595,0.15707683563232439,0.10306567642609435,0.10551920333368421,-1.8312883443047381e-17,5.3318098956237311e-17,0.34679436323624835,3.1634816838630459e-19,-5.4389170447114364e-19,0.14177234466525593,0.1328125,0.088092922364528967,0.16064944917149293
21.100417785059754,0.157076835632324,0.10306523280156334,0.10551286103245981,-1.1848757751843039e-17,1.4979895999774534e-17,0.34732200389852813,4.2010254414277897e-19,-1.4338531654769481e-18,0.15111664139130832,0.1015625,0.07774545462375311,0.16064948578168345
21.135468312941914,0.15707683563232447,0.10306479395723815,0.10550739104988838,-1.4861109486125483e-17,5.877341970569709e-17,0.34771897691712217,4.931344496720565e-19,-1.1878008088734458e-18,0.15922028048671258,0.0703125,0.066913790084546787,0.16064952225516557
21.170518840824073,0.15707683563232402,0.10306435068246877,0.10551689846304611,-1.7109940176931428e-17,-3.4835584909245641e-17,0.34798177543046666,6.8168603100287982e-19,-1.5051251085436998e-18,0.16611773506765851,0.125,0.055789960366322479,0.16064955859175181
21.205569368706232,0.15707683563232377,0.10306390995301762,0.10552278302506994,-2.5318361777580756e-17,-2.1395593419059873e-19,0.34810769777810385,8.7594415043394749e-19,-1.2571881550082276e-18,0.17169944941731902,0.125,0.044586855948942218,0.16064959479127053
21.240619896588388,0.15707683563232455,0.10306348191340566,0.10552407810695669,-2.5128733858526437e-17,8.6680511237015009e-17,0.34809605232389895,1.2734477325008656e-18,-1.3870877663761811e-18,0.17594716748705874,0.140625,0.033708337950063103,0.16064963085356537
21.275670424470547,0.15707683563232441,0.10306304166231157,0.10552559673345091,-2.3001780217412248e-17,6.3730526297242536e-18,0.34794631880085325,1.3259268364464029e-18,-1.0938416409745344e-18,0.17887385941759396,0.1640625,0.024028024976640139,0.16064966677849504
21.310720952352707,0.15707683563232408,0.1030625796637417,0.10552631355915361,-6.6549674437969609e-18,-2.6218962411729964e-18,0.34766046124971894,1.6122189319864987e-18,-1.567658675229763e-18,0.18047283117458751,0.1640625,0.017904078872059789,0.16064970256593275
21.345771480234866,0.15707683563232375,0.10306210196303259,0.10552559673345094,-2.3004018963542519e-17,-6.2169083483220307e-17,0.34724296022082424,1.77555701427094e-18,-1.9784147683063989e-18,0.1807420118524537,0.1640625,0.019637262052738778,0.16064973821576634
21.380822008117025,0.15707683563232427,0.10306163944682158,0.10552407810695669,-2.1106194834109744e-17,-3.9249346959258662e-17,0.34669889538440057,1.8214416275780515e-18,-2.3468001985597539e-18,0.17968409998054632,0.140625,0.027683294323839303,0.16064977372789749
21.415872535999185,0.157076835632324,0.10306119699363216,0.10552278302506997,-2.0077969214012243e-17,7.4301473452444847e-17,0.34603395683324323,1.8652318454235728e-18,-8.5742540051675936e-19,0.17731937785426188,0.125,0.038103417759714986,0.1606498091022418
21.450923063881344,0.15707683563232469,0.10306078348236734,0.10551689846304613,-7.963019215376442e-18,3.4404160559432191e-17,0.34525563690376881,1.9867081522136895e-18,-7.8030345198109937e-19,0.17364010493923221,0.125,0.049224553729935609,0.16064984433872803
21.485973591763504,0.1570768356323238,0.1030603985655746,0.1055073910498884,-3.6870911233001636e-18,2.6890146532341606e-17,0.34437194540769928,2.1880720374499232e-18,-1.2802267635796604e-18,0.16862936606310813,0.078125,0.060369383920860574,0.16064987943729839
21.521024119645663,0.15707683563232425,0.10305999477530697,0.10551286103245974,-1.0311409270252955e-17,2.1690199507872205e-17,0.34339127344402498,2.192707299108729e-18,-1.3210447389229325e-18,0.16237107804982334,0.109375,0.07143156040076476,0.16064991439790768
21.556074647527822,0.15707683563232461,0.10305957836960704,0.10551920333368424,-1.0829891288604851e-17,5.2213905392992151e-18,0.34232373798164811,2.3223255446682051e-18,-4.7724230839245394e-18,0.15481642757305827,0.140625,0.082149980410731363,0.16064994922052334
21.591125175409982,0.15707683563232433,0.1030591507908076,0.10552688631094584,-1.9976879392795877e-17,8.6788155364382039e-17,0.34118002724589203,2.5414120330223289e-18,-2.4010847453612232e-18,0.14595649344161746,0.15234375,0.092336105872681359,0.16064998390512511
21.626175703292141,0.15707683563232391,0.10305871169911505,0.10553654685100548,-3.15067971720329e-17,-9.4655423914632342e-17,0.3399724981795732,2.4334980503086609e-18,-1.6137815117065283e-18,0.13582958821112201,0.19140625,0.10197944194645568,0.16065001845170471
21.6612262311743,0.15707683563232411,0.10305825023313146,0.10555057777035749,-1.5522039214730107e-17,-1.6583483324893219e-17,0.33871147971371274,2.795928502319083e-18,8.133336381794584e-19,0.12450286193756327,0.23046875,0.11097408137025774,0.16065005286026557
21.696276759056456,0.15707683563232405,0.10305776960597271,0.10553729757493414,1.5676238861078625e-18,-5.1583317553280478e-17,0.33740943050579525,2.9931016062287875e-18,-1.3539541971415371e-18,0.11186231290303009,0.25390625,0.11917109171673278,0.16065008713082249
21.731327286938615,0.15707683563232414,0.10305726094611081,0.10553097323739802,1.5784602467869302e-17,2.8224794686938848e-17,0.33607942344438135,2.8615617942569565e-18,-2.0553088350456491e-18,0.098152589251701283,0.30078125,0.12655931322603733,0.16065012126340153
21.766377814820775,0.15707683563232436,0.10305669688384811,0.10551226419284239,-2.9437139238627022e-17,4.5983500584906584e-17,0.33473407823288343,3.1053105950261664e-18,-1.5271715979809062e-18,0.083359134402208226,0.36328125,0.13304546621791413,0.16065015525803961
21.801428342702934,0.15707683563232447,0.10305604037011599,0.10551215827454777,-1.9225055649740675e-17,8.8874993255227134e-17,0.33338650530874009,3.1011094480925861e-18,-1.1741676089894332e-18,0.06769719677279129,0.43359375,0.13861540472204156,0.16065018911478449
21.836478870585093,0.15707683563232441,0.10305530441146898,0.10552221342000764,-7.0129627636717798e-19,2.4626007320511406e-17,0.33205069899757833,3.4688621611099333e-18,7.0214082460872958e-20,0.051259408810939489,0.4765625,0.14317855810033372,0.16065022283369423
21.871529398467253,0.15707683563232408,0.10305455825324635,0.10555001243602284,4.6708005174214596e-18,3.7593359414514539e-17,0.33073969020549404,3.4603896602882824e-18,-2.515037130390657e-18,0.034464561872280523,0.5625,0.14673026312972998,0.16065025641483707
21.906579926349412,0.15707683563232444,0.10305381826457731,0.10554886665941535,-1.3327356426870911e-17,1.6269977242287929e-17,0.32946524958312262,3.6534457570423398e-18,3.2785001948421354e-19,0.017847656409481476,0.61328125,0.14907041304191548,0.16065028985829138
21.941630454231571,0.15707683563232411,0.10305308507149076,0.10553245541776474,5.3319896009144015e-18,-9.5143898440749495e-17,0.32823936747434018,3.9442859242347994e-18,-1.029545307166681e-18,0.005500820929648033,0.66796875,0.15005881983467026,0.16065032316414513
21.976680982113731,0.15707683563232436,0.10305235471982969,0.10549638820848646,-5.5561512157877882e-18,7.9567499362986103e-18,0.32707428614557715,3.8120649807273193e-18,-4.2540904057356905e-18,0.021211033894820101,0.75390625,0.1495730977031603,0.16065035633249572
22.01173150999589,0.15707683563232433,0.10305163246173051,0.10552189705272147,3.4997513199614775e-18,5.8996886196808863e-17,0.32598205661828661,3.9277836710143665e-18,-1.1555403707806171e-18,0.039499880122668508,0.83203125,0.14759348107058898,0.16065038936345
22.046782037878049,0.15707683563232452,0.1030509233618656,0.10552696062838426,-9.8183618040103186e-18,-1.341279477301016e-17,0.32497215941379126,4.3149861144192203e-18,1.2919358686574536e-19,0.057891802085682863,0.89453125,0.14398137899342897,0.16065042225712364
22.081832565760209,0.1570768356323245,0.10305021547028829,0.10555339377176204,-1.2182394118307945e-17,1.2048943521288794e-18,0.32405313844663985,4.6043854363821891e-18,-1.2982266886914316e-18,0.07574622220267177,0.94140625,0.13871486404396419,0.1606504550136415
22.116883093642365,0.15707683563232383,0.10304951046254017,0.10554983968140502,-7.4734131383630755e-18,1.0559964199767669e-16,0.32323366974059436,4.2768238525157508e-18,-2.7888553035193619e-18,0.093183066470901577,1,0.1317480221969578,0.16065048763313672
22.151933621524524,0.15707683563232389,0.10304882787736169,0.10552451179509927,1.9635765179803861e-18,-1.0590357959638065e-17,0.32252055622987547,4.3995444974410887e-18,-1.285187645209715e-18,0.10992857707453009,1.0390625,0.12310465573169095,0.16065052011575115
22.186984149406683,0.15707683563232411,0.10304816258559205,0.1055104882191813,2.4831558576492688e-18,5.3627981969539376e-18,0.32192035398598834,4.5885024570972229e-18,-1.1561075016413374e-18,0.12547699499448153,1.1015625,0.11286405796384909,0.16065055246163473
22.222034677288843,0.15707683563232425,0.10304749566043614,0.10551570777809645,-1.1526425703900113e-17,-3.9345353029706594e-17,0.3214396356757912,4.442205587901081e-18,-4.4372412440677984e-20,0.13954268219765645,1.1484375,0.10113085022417488,0.1606505846709454
22.257085205171002,0.15707683563232419,0.10304684213255901,0.10552337020134411,8.8387573263453028e-18,-1.01697422577099e-17,0.32108077115191053,4.4374503075052726e-18,-9.3578031022304365e-19,0.15202981579898953,1.16796875,0.088016950814430631,0.16065061674384887
22.292135733053161,0.15707683563232458,0.10304621146507037,0.10552355865174602,-8.1408998061627608e-19,-2.9020332235643025e-17,0.32084637366731394,4.5429934871857871e-18,-7.5719426002337395e-19,0.16285261243569052,1.19921875,0.073681762527327582,0.16065064868051868
22.327186260935321,0.15707683563232436,0.1030456071242411,0.10551820907260485,9.5487959688856034e-18,-5.4647673233983289e-17,0.32073769640175009,4.191764146343887e-18,-1.0493153939425543e-18,0.17179476688650036,1.21484375,0.05831378353270187,0.16065068048113568
22.36223678881748,0.15707683563232419,0.10304502623613979,0.10551640388015925,9.7200814413307919e-19,-8.9770704983904984e-18,0.32075437815951635,4.1505489417452433e-18,-1.1054015029596601e-18,0.17863440170664749,1.23828125,0.042134959939103746,0.16065071214588805
22.397287316699639,0.15707683563232447,0.10304446644562652,0.10552405086382642,1.2936506635339787e-17,-1.4954689074366692e-16,0.32089571628750585,4.3882865434548479e-18,-1.2461556352038887e-18,0.18317860110760298,1.27734375,0.025396532408247074,0.16065074367497106
22.432337844581799,0.15707683563232433,0.10304392844433234,0.1055274135713139,-1.4513157256432385e-18,8.3872974822761649e-18,0.32115928433112251,4.3172837378175571e-18,-1.150148608830779e-18,0.1854705335954325,1.28515625,0.008536861395034125,0.16065077506858694
