domain	function	header	signature
2d	swmm_2d_boundary_edge_count	openswmm_2d.h	SWMM_ENGINE_API int swmm_2d_boundary_edge_count(SWMM_Engine engine, int* count);
2d	swmm_2d_edge_get_geometry_bulk	openswmm_2d.h	SWMM_ENGINE_API int swmm_2d_edge_get_geometry_bulk(SWMM_Engine engine, double* length, double* nx, double* ny);
2d	swmm_2d_force_clear_all	openswmm_2d.h	SWMM_ENGINE_API int swmm_2d_force_clear_all(SWMM_Engine engine);
2d	swmm_2d_force_coupling_flux	openswmm_2d.h	SWMM_ENGINE_API int swmm_2d_force_coupling_flux(SWMM_Engine engine, int idx, double value, int mode, int persist);
2d	swmm_2d_force_evap	openswmm_2d.h	SWMM_ENGINE_API int swmm_2d_force_evap(SWMM_Engine engine, int idx, double value, int mode, int persist);
2d	swmm_2d_force_evap_uniform	openswmm_2d.h	SWMM_ENGINE_API int swmm_2d_force_evap_uniform(SWMM_Engine engine, double value, int mode, int persist);
2d	swmm_2d_force_rainfall	openswmm_2d.h	SWMM_ENGINE_API int swmm_2d_force_rainfall(SWMM_Engine engine, int idx, double value, int mode, int persist);
2d	swmm_2d_force_rainfall_uniform	openswmm_2d.h	SWMM_ENGINE_API int swmm_2d_force_rainfall_uniform(SWMM_Engine engine, double value, int mode, int persist);
2d	swmm_2d_get_abs_tolerance	openswmm_2d.h	SWMM_ENGINE_API int swmm_2d_get_abs_tolerance(SWMM_Engine engine, double* atol);
2d	swmm_2d_get_continuity_error	openswmm_2d.h	SWMM_ENGINE_API int swmm_2d_get_continuity_error(SWMM_Engine engine, double* err);
2d	swmm_2d_get_coupling_flux	openswmm_2d.h	SWMM_ENGINE_API int swmm_2d_get_coupling_flux(SWMM_Engine engine, int idx, double* flux);
2d	swmm_2d_get_coupling_fluxes_bulk	openswmm_2d.h	SWMM_ENGINE_API int swmm_2d_get_coupling_fluxes_bulk(SWMM_Engine engine, double* fluxes);
2d	swmm_2d_get_cvode_last_step	openswmm_2d.h	SWMM_ENGINE_API int swmm_2d_get_cvode_last_step(SWMM_Engine engine, double* h_last);
2d	swmm_2d_get_cvode_steps	openswmm_2d.h	SWMM_ENGINE_API int swmm_2d_get_cvode_steps(SWMM_Engine engine, long* steps);
2d	swmm_2d_get_depth	openswmm_2d.h	SWMM_ENGINE_API int swmm_2d_get_depth(SWMM_Engine engine, int idx, double* depth);
2d	swmm_2d_get_depths_bulk	openswmm_2d.h	SWMM_ENGINE_API int swmm_2d_get_depths_bulk(SWMM_Engine engine, double* depths);
2d	swmm_2d_get_dry_depth	openswmm_2d.h	SWMM_ENGINE_API int swmm_2d_get_dry_depth(SWMM_Engine engine, double* dry_depth);
2d	swmm_2d_get_edge_bc_cum_flux	openswmm_2d.h	SWMM_ENGINE_API int swmm_2d_get_edge_bc_cum_flux(SWMM_Engine engine, int tri_idx, int edge, double* cum_flux);
2d	swmm_2d_get_edge_bc_flow	openswmm_2d.h	SWMM_ENGINE_API int swmm_2d_get_edge_bc_flow(SWMM_Engine engine, int tri_idx, int edge, double* flow);
2d	swmm_2d_get_edge_bc_head	openswmm_2d.h	SWMM_ENGINE_API int swmm_2d_get_edge_bc_head(SWMM_Engine engine, int tri_idx, int edge, double* head);
2d	swmm_2d_get_edge_bc_slope	openswmm_2d.h	SWMM_ENGINE_API int swmm_2d_get_edge_bc_slope(SWMM_Engine engine, int tri_idx, int edge, double* slope);
2d	swmm_2d_get_edge_bc_type	openswmm_2d.h	SWMM_ENGINE_API int swmm_2d_get_edge_bc_type(SWMM_Engine engine, int tri_idx, int edge, int* bc_type);
2d	swmm_2d_get_edge_conveyance	openswmm_2d.h	SWMM_ENGINE_API int swmm_2d_get_edge_conveyance(SWMM_Engine engine, int tri, int edge, double* conveyance);
2d	swmm_2d_get_edge_conveyance_bulk	openswmm_2d.h	SWMM_ENGINE_API int swmm_2d_get_edge_conveyance_bulk(SWMM_Engine engine, double* conveyance);
2d	swmm_2d_get_edge_flux_bulk	openswmm_2d.h	SWMM_ENGINE_API int swmm_2d_get_edge_flux_bulk(SWMM_Engine engine, double* flux);
2d	swmm_2d_get_head	openswmm_2d.h	SWMM_ENGINE_API int swmm_2d_get_head(SWMM_Engine engine, int idx, double* head);
2d	swmm_2d_get_heads_bulk	openswmm_2d.h	SWMM_ENGINE_API int swmm_2d_get_heads_bulk(SWMM_Engine engine, double* heads);
2d	swmm_2d_get_mass_balance	openswmm_2d.h	SWMM_ENGINE_API int swmm_2d_get_mass_balance(SWMM_Engine engine, double* init_storage, double* final_storage, double* rainfall_in, double* coupling_1d_to_2d_in, double* coupling_2d_to_1d_out, double* outfall_in, double* outfall_out, double* boundary_in, double* boundary_out, double* evap_out);
2d	swmm_2d_get_max_depth	openswmm_2d.h	SWMM_ENGINE_API int swmm_2d_get_max_depth(SWMM_Engine engine, double* max_depth);
2d	swmm_2d_get_net_source	openswmm_2d.h	SWMM_ENGINE_API int swmm_2d_get_net_source(SWMM_Engine engine, int idx, double* net_source);
2d	swmm_2d_get_rainfall	openswmm_2d.h	SWMM_ENGINE_API int swmm_2d_get_rainfall(SWMM_Engine engine, int idx, double* rainfall);
2d	swmm_2d_get_rel_tolerance	openswmm_2d.h	SWMM_ENGINE_API int swmm_2d_get_rel_tolerance(SWMM_Engine engine, double* rtol);
2d	swmm_2d_get_stat_max_continuity_err	openswmm_2d.h	SWMM_ENGINE_API int swmm_2d_get_stat_max_continuity_err(SWMM_Engine engine, double* max_errs);
2d	swmm_2d_get_stat_max_depths	openswmm_2d.h	SWMM_ENGINE_API int swmm_2d_get_stat_max_depths(SWMM_Engine engine, double* max_depths);
2d	swmm_2d_get_stat_max_velocities	openswmm_2d.h	SWMM_ENGINE_API int swmm_2d_get_stat_max_velocities(SWMM_Engine engine, double* max_velocities);
2d	swmm_2d_get_total_exchange_flow	openswmm_2d.h	SWMM_ENGINE_API int swmm_2d_get_total_exchange_flow(SWMM_Engine engine, double* flow);
2d	swmm_2d_get_total_volume	openswmm_2d.h	SWMM_ENGINE_API int swmm_2d_get_total_volume(SWMM_Engine engine, double* volume);
2d	swmm_2d_get_triangle_tag	openswmm_2d.h	SWMM_ENGINE_API int swmm_2d_get_triangle_tag(SWMM_Engine engine, int idx, char* buf, int buflen);
2d	swmm_2d_get_vertex_coupling_area	openswmm_2d.h	SWMM_ENGINE_API int swmm_2d_get_vertex_coupling_area(SWMM_Engine engine, int vertex_idx, double* area);
2d	swmm_2d_get_vertex_coupling_cd	openswmm_2d.h	SWMM_ENGINE_API int swmm_2d_get_vertex_coupling_cd(SWMM_Engine engine, int vertex_idx, double* cd);
2d	swmm_2d_get_vertex_tag	openswmm_2d.h	SWMM_ENGINE_API int swmm_2d_get_vertex_tag(SWMM_Engine engine, int idx, char* buf, int buflen);
2d	swmm_2d_is_active	openswmm_2d.h	SWMM_ENGINE_API int swmm_2d_is_active(SWMM_Engine engine, int* active);
2d	swmm_2d_prepare_for_edit	openswmm_2d.h	SWMM_ENGINE_API int swmm_2d_prepare_for_edit(SWMM_Engine engine);
2d	swmm_2d_reset_edge_conveyance	openswmm_2d.h	SWMM_ENGINE_API int swmm_2d_reset_edge_conveyance(SWMM_Engine engine);
2d	swmm_2d_set_abs_tolerance	openswmm_2d.h	SWMM_ENGINE_API int swmm_2d_set_abs_tolerance(SWMM_Engine engine, double atol);
2d	swmm_2d_set_dry_depth	openswmm_2d.h	SWMM_ENGINE_API int swmm_2d_set_dry_depth(SWMM_Engine engine, double dry_depth);
2d	swmm_2d_set_edge_bc_flow	openswmm_2d.h	SWMM_ENGINE_API int swmm_2d_set_edge_bc_flow(SWMM_Engine engine, int tri_idx, int edge, double flow);
2d	swmm_2d_set_edge_bc_flow_tseries_name	openswmm_2d.h	SWMM_ENGINE_API int swmm_2d_set_edge_bc_flow_tseries_name(SWMM_Engine engine, int tri_idx, int edge, const char* name);
2d	swmm_2d_set_edge_bc_head	openswmm_2d.h	SWMM_ENGINE_API int swmm_2d_set_edge_bc_head(SWMM_Engine engine, int tri_idx, int edge, double head);
2d	swmm_2d_set_edge_bc_rating_curve_name	openswmm_2d.h	SWMM_ENGINE_API int swmm_2d_set_edge_bc_rating_curve_name(SWMM_Engine engine, int tri_idx, int edge, const char* name);
2d	swmm_2d_set_edge_bc_slope	openswmm_2d.h	SWMM_ENGINE_API int swmm_2d_set_edge_bc_slope(SWMM_Engine engine, int tri_idx, int edge, double slope);
2d	swmm_2d_set_edge_bc_tseries_name	openswmm_2d.h	SWMM_ENGINE_API int swmm_2d_set_edge_bc_tseries_name(SWMM_Engine engine, int tri_idx, int edge, const char* name);
2d	swmm_2d_set_edge_bc_type	openswmm_2d.h	SWMM_ENGINE_API int swmm_2d_set_edge_bc_type(SWMM_Engine engine, int tri_idx, int edge, int bc_type);
2d	swmm_2d_set_edge_conveyance	openswmm_2d.h	SWMM_ENGINE_API int swmm_2d_set_edge_conveyance(SWMM_Engine engine, int tri, int edge, double conveyance);
2d	swmm_2d_set_rel_tolerance	openswmm_2d.h	SWMM_ENGINE_API int swmm_2d_set_rel_tolerance(SWMM_Engine engine, double rtol);
2d	swmm_2d_set_triangle_mannings	openswmm_2d.h	SWMM_ENGINE_API int swmm_2d_set_triangle_mannings(SWMM_Engine engine, int idx, double n);
2d	swmm_2d_set_triangle_tag	openswmm_2d.h	SWMM_ENGINE_API int swmm_2d_set_triangle_tag(SWMM_Engine engine, int idx, const char* tag);
2d	swmm_2d_set_vertex_coupled_node	openswmm_2d.h	SWMM_ENGINE_API int swmm_2d_set_vertex_coupled_node(SWMM_Engine engine, int vertex_idx, const char* node_name);
2d	swmm_2d_set_vertex_coupling_area	openswmm_2d.h	SWMM_ENGINE_API int swmm_2d_set_vertex_coupling_area(SWMM_Engine engine, int vertex_idx, double area);
2d	swmm_2d_set_vertex_coupling_cd	openswmm_2d.h	SWMM_ENGINE_API int swmm_2d_set_vertex_coupling_cd(SWMM_Engine engine, int vertex_idx, double cd);
2d	swmm_2d_set_vertex_tag	openswmm_2d.h	SWMM_ENGINE_API int swmm_2d_set_vertex_tag(SWMM_Engine engine, int idx, const char* tag);
2d	swmm_2d_set_vertex_z	openswmm_2d.h	SWMM_ENGINE_API int swmm_2d_set_vertex_z(SWMM_Engine engine, int idx, double z);
2d	swmm_2d_triangle_count	openswmm_2d.h	SWMM_ENGINE_API int swmm_2d_triangle_count(SWMM_Engine engine, int* count);
2d	swmm_2d_triangle_coupling_count	openswmm_2d.h	SWMM_ENGINE_API int swmm_2d_triangle_coupling_count(SWMM_Engine engine, int* count);
2d	swmm_2d_triangle_get_area	openswmm_2d.h	SWMM_ENGINE_API int swmm_2d_triangle_get_area(SWMM_Engine engine, int idx, double* area);
2d	swmm_2d_triangle_get_centroid	openswmm_2d.h	SWMM_ENGINE_API int swmm_2d_triangle_get_centroid(SWMM_Engine engine, int idx, double* cx, double* cy, double* cz);
2d	swmm_2d_triangle_get_coupled_node	openswmm_2d.h	SWMM_ENGINE_API int swmm_2d_triangle_get_coupled_node(SWMM_Engine engine, int tri_idx, int* node_idx);
2d	swmm_2d_triangle_get_mannings	openswmm_2d.h	SWMM_ENGINE_API int swmm_2d_triangle_get_mannings(SWMM_Engine engine, int idx, double* n);
2d	swmm_2d_triangle_get_neighbours	openswmm_2d.h	SWMM_ENGINE_API int swmm_2d_triangle_get_neighbours(SWMM_Engine engine, int idx, int* n0, int* n1, int* n2);
2d	swmm_2d_triangle_get_vertices	openswmm_2d.h	SWMM_ENGINE_API int swmm_2d_triangle_get_vertices(SWMM_Engine engine, int idx, int* v0, int* v1, int* v2);
2d	swmm_2d_vertex_count	openswmm_2d.h	SWMM_ENGINE_API int swmm_2d_vertex_count(SWMM_Engine engine, int* count);
2d	swmm_2d_vertex_coupling_count	openswmm_2d.h	SWMM_ENGINE_API int swmm_2d_vertex_coupling_count(SWMM_Engine engine, int* count);
2d	swmm_2d_vertex_get_coupled_node	openswmm_2d.h	SWMM_ENGINE_API int swmm_2d_vertex_get_coupled_node(SWMM_Engine engine, int vertex_idx, int* node_idx);
2d	swmm_2d_vertex_get_head	openswmm_2d.h	SWMM_ENGINE_API int swmm_2d_vertex_get_head(SWMM_Engine engine, int idx, double* head);
2d	swmm_2d_vertex_get_heads_bulk	openswmm_2d.h	SWMM_ENGINE_API int swmm_2d_vertex_get_heads_bulk(SWMM_Engine engine, double* heads);
2d	swmm_2d_vertex_get_xyz	openswmm_2d.h	SWMM_ENGINE_API int swmm_2d_vertex_get_xyz(SWMM_Engine engine, int idx, double* x, double* y, double* z);
2d	swmm_2d_vertex_get_xyz_bulk	openswmm_2d.h	SWMM_ENGINE_API int swmm_2d_vertex_get_xyz_bulk(SWMM_Engine engine, double* x, double* y, double* z);
climate	swmm_climate_get_adc_impervious	openswmm_climate.h	SWMM_ENGINE_API int swmm_climate_get_adc_impervious(SWMM_Engine engine, double* buf, int count);
climate	swmm_climate_get_adc_pervious	openswmm_climate.h	SWMM_ENGINE_API int swmm_climate_get_adc_pervious(SWMM_Engine engine, double* buf, int count);
climate	swmm_climate_get_adjust_conductivity	openswmm_climate.h	SWMM_ENGINE_API int swmm_climate_get_adjust_conductivity(SWMM_Engine engine, double* buf, int count);
climate	swmm_climate_get_adjust_evaporation	openswmm_climate.h	SWMM_ENGINE_API int swmm_climate_get_adjust_evaporation(SWMM_Engine engine, double* buf, int count);
climate	swmm_climate_get_adjust_rainfall	openswmm_climate.h	SWMM_ENGINE_API int swmm_climate_get_adjust_rainfall(SWMM_Engine engine, double* buf, int count);
climate	swmm_climate_get_adjust_temperature	openswmm_climate.h	SWMM_ENGINE_API int swmm_climate_get_adjust_temperature(SWMM_Engine engine, double* buf, int count);
climate	swmm_climate_get_ati_weight	openswmm_climate.h	SWMM_ENGINE_API int swmm_climate_get_ati_weight(SWMM_Engine engine, double* tipm);
climate	swmm_climate_get_elevation	openswmm_climate.h	SWMM_ENGINE_API int swmm_climate_get_elevation(SWMM_Engine engine, double* elev);
climate	swmm_climate_get_evap_monthly	openswmm_climate.h	SWMM_ENGINE_API int swmm_climate_get_evap_monthly(SWMM_Engine engine, double* buf, int count);
climate	swmm_climate_get_evap_recovery	openswmm_climate.h	SWMM_ENGINE_API int swmm_climate_get_evap_recovery(SWMM_Engine engine, char* buf, int buflen);
climate	swmm_climate_get_evap_timeseries	openswmm_climate.h	SWMM_ENGINE_API int swmm_climate_get_evap_timeseries(SWMM_Engine engine, char* buf, int buflen);
climate	swmm_climate_get_evap_type	openswmm_climate.h	SWMM_ENGINE_API int swmm_climate_get_evap_type(SWMM_Engine engine, int* type);
climate	swmm_climate_get_latitude	openswmm_climate.h	SWMM_ENGINE_API int swmm_climate_get_latitude(SWMM_Engine engine, double* latitude);
climate	swmm_climate_get_longitude_correction	openswmm_climate.h	SWMM_ENGINE_API int swmm_climate_get_longitude_correction(SWMM_Engine engine, double* minutes);
climate	swmm_climate_get_neg_melt_ratio	openswmm_climate.h	SWMM_ENGINE_API int swmm_climate_get_neg_melt_ratio(SWMM_Engine engine, double* rnm);
climate	swmm_climate_get_pan_coeff	openswmm_climate.h	SWMM_ENGINE_API int swmm_climate_get_pan_coeff(SWMM_Engine engine, double* buf, int count);
climate	swmm_climate_get_snow_temp	openswmm_climate.h	SWMM_ENGINE_API int swmm_climate_get_snow_temp(SWMM_Engine engine, double* divide_temp);
climate	swmm_climate_get_temp_file_start	openswmm_climate.h	SWMM_ENGINE_API int swmm_climate_get_temp_file_start(SWMM_Engine engine, double* date);
climate	swmm_climate_get_temp_source	openswmm_climate.h	SWMM_ENGINE_API int swmm_climate_get_temp_source(SWMM_Engine engine, int* source);
climate	swmm_climate_get_temp_timeseries	openswmm_climate.h	SWMM_ENGINE_API int swmm_climate_get_temp_timeseries(SWMM_Engine engine, char* buf, int buflen);
climate	swmm_climate_get_temp_units	openswmm_climate.h	SWMM_ENGINE_API int swmm_climate_get_temp_units(SWMM_Engine engine, int* units);
climate	swmm_climate_get_wind_monthly	openswmm_climate.h	SWMM_ENGINE_API int swmm_climate_get_wind_monthly(SWMM_Engine engine, double* buf, int count);
climate	swmm_climate_get_wind_type	openswmm_climate.h	SWMM_ENGINE_API int swmm_climate_get_wind_type(SWMM_Engine engine, int* type);
climate	swmm_climate_set_adc_impervious	openswmm_climate.h	SWMM_ENGINE_API int swmm_climate_set_adc_impervious(SWMM_Engine engine, const double* values, int count);
climate	swmm_climate_set_adc_pervious	openswmm_climate.h	SWMM_ENGINE_API int swmm_climate_set_adc_pervious(SWMM_Engine engine, const double* values, int count);
climate	swmm_climate_set_adjust_conductivity	openswmm_climate.h	SWMM_ENGINE_API int swmm_climate_set_adjust_conductivity(SWMM_Engine engine, const double* values, int count);
climate	swmm_climate_set_adjust_evaporation	openswmm_climate.h	SWMM_ENGINE_API int swmm_climate_set_adjust_evaporation(SWMM_Engine engine, const double* values, int count);
climate	swmm_climate_set_adjust_rainfall	openswmm_climate.h	SWMM_ENGINE_API int swmm_climate_set_adjust_rainfall(SWMM_Engine engine, const double* values, int count);
climate	swmm_climate_set_adjust_temperature	openswmm_climate.h	SWMM_ENGINE_API int swmm_climate_set_adjust_temperature(SWMM_Engine engine, const double* values, int count);
climate	swmm_climate_set_ati_weight	openswmm_climate.h	SWMM_ENGINE_API int swmm_climate_set_ati_weight(SWMM_Engine engine, double tipm);
climate	swmm_climate_set_elevation	openswmm_climate.h	SWMM_ENGINE_API int swmm_climate_set_elevation(SWMM_Engine engine, double elev);
climate	swmm_climate_set_evap_monthly	openswmm_climate.h	SWMM_ENGINE_API int swmm_climate_set_evap_monthly(SWMM_Engine engine, const double* values, int count);
climate	swmm_climate_set_evap_recovery	openswmm_climate.h	SWMM_ENGINE_API int swmm_climate_set_evap_recovery(SWMM_Engine engine, const char* pattern_id);
climate	swmm_climate_set_evap_timeseries	openswmm_climate.h	SWMM_ENGINE_API int swmm_climate_set_evap_timeseries(SWMM_Engine engine, const char* ts_id);
climate	swmm_climate_set_evap_type	openswmm_climate.h	SWMM_ENGINE_API int swmm_climate_set_evap_type(SWMM_Engine engine, int type);
climate	swmm_climate_set_latitude	openswmm_climate.h	SWMM_ENGINE_API int swmm_climate_set_latitude(SWMM_Engine engine, double latitude);
climate	swmm_climate_set_longitude_correction	openswmm_climate.h	SWMM_ENGINE_API int swmm_climate_set_longitude_correction(SWMM_Engine engine, double minutes);
climate	swmm_climate_set_neg_melt_ratio	openswmm_climate.h	SWMM_ENGINE_API int swmm_climate_set_neg_melt_ratio(SWMM_Engine engine, double rnm);
climate	swmm_climate_set_pan_coeff	openswmm_climate.h	SWMM_ENGINE_API int swmm_climate_set_pan_coeff(SWMM_Engine engine, const double* values, int count);
climate	swmm_climate_set_snow_temp	openswmm_climate.h	SWMM_ENGINE_API int swmm_climate_set_snow_temp(SWMM_Engine engine, double divide_temp);
climate	swmm_climate_set_temp_file_start	openswmm_climate.h	SWMM_ENGINE_API int swmm_climate_set_temp_file_start(SWMM_Engine engine, double date);
climate	swmm_climate_set_temp_source	openswmm_climate.h	SWMM_ENGINE_API int swmm_climate_set_temp_source(SWMM_Engine engine, int source);
climate	swmm_climate_set_temp_timeseries	openswmm_climate.h	SWMM_ENGINE_API int swmm_climate_set_temp_timeseries(SWMM_Engine engine, const char* ts_id);
climate	swmm_climate_set_temp_units	openswmm_climate.h	SWMM_ENGINE_API int swmm_climate_set_temp_units(SWMM_Engine engine, int units);
climate	swmm_climate_set_wind_monthly	openswmm_climate.h	SWMM_ENGINE_API int swmm_climate_set_wind_monthly(SWMM_Engine engine, const double* values, int count);
climate	swmm_climate_set_wind_type	openswmm_climate.h	SWMM_ENGINE_API int swmm_climate_set_wind_type(SWMM_Engine engine, int type);
controls	swmm_control_add_rule	openswmm_controls.h	SWMM_ENGINE_API int swmm_control_add_rule(SWMM_Engine engine, const char* rule_text);
controls	swmm_control_clear_rules	openswmm_controls.h	SWMM_ENGINE_API int swmm_control_clear_rules(SWMM_Engine engine);
controls	swmm_control_count	openswmm_controls.h	SWMM_ENGINE_API int swmm_control_count(SWMM_Engine engine);
controls	swmm_control_get_id	openswmm_controls.h	SWMM_ENGINE_API int swmm_control_get_id(SWMM_Engine engine, int idx, char* buf, int buflen);
controls	swmm_control_get_rule	openswmm_controls.h	SWMM_ENGINE_API int swmm_control_get_rule(SWMM_Engine engine, int idx, char* buf, int buflen);
controls	swmm_control_set_link_setting	openswmm_controls.h	SWMM_ENGINE_API int swmm_control_set_link_setting(SWMM_Engine engine, int link_idx, double setting);
controls	swmm_control_set_link_status	openswmm_controls.h	SWMM_ENGINE_API int swmm_control_set_link_status(SWMM_Engine engine, int link_idx, int status);
controls	swmm_control_validate_rule	openswmm_controls.h	SWMM_ENGINE_API int swmm_control_validate_rule(SWMM_Engine engine, const char* rule_text, char* errbuf, int buflen, int* line_out);
datetime	swmm_datetime_add_seconds	openswmm_datetime.h	SWMM_ENGINE_API int swmm_datetime_add_seconds(double value, double seconds, double* out);
datetime	swmm_datetime_decode_date	openswmm_datetime.h	SWMM_ENGINE_API int swmm_datetime_decode_date(double value, int* year, int* month, int* day);
datetime	swmm_datetime_decode_time	openswmm_datetime.h	SWMM_ENGINE_API int swmm_datetime_decode_time(double value, int* hour, int* minute, int* second);
datetime	swmm_datetime_encode_date	openswmm_datetime.h	SWMM_ENGINE_API int swmm_datetime_encode_date(int year, int month, int day, double* out);
datetime	swmm_datetime_encode_time	openswmm_datetime.h	SWMM_ENGINE_API int swmm_datetime_encode_time(int hour, int minute, int second, double* out);
datetime	swmm_datetime_time_diff	openswmm_datetime.h	SWMM_ENGINE_API int swmm_datetime_time_diff(double value1, double value2, long* out);
edit	swmm_conversion_result_free	openswmm_edit.h	SWMM_ENGINE_API void swmm_conversion_result_free(SWMM_ConversionResult* result);
edit	swmm_gage_analyze_impact	openswmm_edit.h	SWMM_ENGINE_API int swmm_gage_analyze_impact( SWMM_Engine engine, int idx, SWMM_ImpactReport* report_out);
edit	swmm_gage_delete	openswmm_edit.h	SWMM_ENGINE_API int swmm_gage_delete( SWMM_Engine engine, int idx, SWMM_ImpactReport* cascade_out);
edit	swmm_impact_report_free	openswmm_edit.h	SWMM_ENGINE_API void swmm_impact_report_free(SWMM_ImpactReport* report);
edit	swmm_link_analyze_impact	openswmm_edit.h	SWMM_ENGINE_API int swmm_link_analyze_impact( SWMM_Engine engine, int idx, SWMM_ImpactReport* report_out);
edit	swmm_link_convert	openswmm_edit.h	SWMM_ENGINE_API int swmm_link_convert( SWMM_Engine engine, int idx, int new_type, SWMM_ConversionResult* result_out);
edit	swmm_link_delete	openswmm_edit.h	SWMM_ENGINE_API int swmm_link_delete( SWMM_Engine engine, int idx, SWMM_ImpactReport* cascade_out);
edit	swmm_node_analyze_impact	openswmm_edit.h	SWMM_ENGINE_API int swmm_node_analyze_impact( SWMM_Engine engine, int idx, SWMM_ImpactReport* report_out);
edit	swmm_node_convert	openswmm_edit.h	SWMM_ENGINE_API int swmm_node_convert( SWMM_Engine engine, int idx, int new_type, SWMM_ConversionResult* result_out);
edit	swmm_node_delete	openswmm_edit.h	SWMM_ENGINE_API int swmm_node_delete( SWMM_Engine engine, int idx, SWMM_ImpactReport* cascade_out);
edit	swmm_subcatch_analyze_impact	openswmm_edit.h	SWMM_ENGINE_API int swmm_subcatch_analyze_impact( SWMM_Engine engine, int idx, SWMM_ImpactReport* report_out);
edit	swmm_subcatch_delete	openswmm_edit.h	SWMM_ENGINE_API int swmm_subcatch_delete( SWMM_Engine engine, int idx, SWMM_ImpactReport* cascade_out);
edit	swmm_table_analyze_impact	openswmm_edit.h	SWMM_ENGINE_API int swmm_table_analyze_impact( SWMM_Engine engine, int idx, SWMM_ImpactReport* report_out);
edit	swmm_table_delete	openswmm_edit.h	SWMM_ENGINE_API int swmm_table_delete( SWMM_Engine engine, int idx, SWMM_ImpactReport* cascade_out);
edit	swmm_transect_analyze_impact	openswmm_edit.h	SWMM_ENGINE_API int swmm_transect_analyze_impact( SWMM_Engine engine, int idx, SWMM_ImpactReport* report_out);
edit	swmm_transect_delete	openswmm_edit.h	SWMM_ENGINE_API int swmm_transect_delete( SWMM_Engine engine, int idx, SWMM_ImpactReport* cascade_out);
engine	swmm_engine_close	openswmm_engine.h	SWMM_ENGINE_API int swmm_engine_close(SWMM_Engine engine);
engine	swmm_engine_create	openswmm_engine.h	SWMM_ENGINE_API SWMM_Engine swmm_engine_create(void);
engine	swmm_engine_destroy	openswmm_engine.h	SWMM_ENGINE_API void swmm_engine_destroy(SWMM_Engine engine);
engine	swmm_engine_end	openswmm_engine.h	SWMM_ENGINE_API int swmm_engine_end(SWMM_Engine engine);
engine	swmm_engine_get_state	openswmm_engine.h	SWMM_ENGINE_API int swmm_engine_get_state(SWMM_Engine engine, int* state);
engine	swmm_engine_initialize	openswmm_engine.h	SWMM_ENGINE_API int swmm_engine_initialize(SWMM_Engine engine);
engine	swmm_engine_open	openswmm_engine.h	SWMM_ENGINE_API int swmm_engine_open(SWMM_Engine engine, const char* inp, const char* rpt, const char* out, const char* input_plugin_lib);
engine	swmm_engine_report	openswmm_engine.h	SWMM_ENGINE_API int swmm_engine_report(SWMM_Engine engine);
engine	swmm_engine_run	openswmm_engine.h	SWMM_ENGINE_API int swmm_engine_run(const char* inp, const char* rpt, const char* out, const char* input_plugin_lib);
engine	swmm_engine_run_with_callback	openswmm_engine.h	SWMM_ENGINE_API int swmm_engine_run_with_callback( const char* inp, const char* rpt, const char* out, const char* input_plugin_lib, SWMM_ProgressCallback callback, void* user_data);
engine	swmm_engine_start	openswmm_engine.h	SWMM_ENGINE_API int swmm_engine_start(SWMM_Engine engine, int save_results);
engine	swmm_engine_step	openswmm_engine.h	SWMM_ENGINE_API int swmm_engine_step(SWMM_Engine engine, double* elapsed_time);
engine	swmm_engine_stride	openswmm_engine.h	SWMM_ENGINE_API int swmm_engine_stride(SWMM_Engine engine, int n_steps, double* elapsed_time);
engine	swmm_error_message	openswmm_engine.h	SWMM_ENGINE_API const char* swmm_error_message (int code);
engine	swmm_events_add	openswmm_engine.h	SWMM_ENGINE_API int swmm_events_add(SWMM_Engine engine, double start, double end, int* out_idx);
engine	swmm_events_clear	openswmm_engine.h	SWMM_ENGINE_API int swmm_events_clear(SWMM_Engine engine);
engine	swmm_events_count	openswmm_engine.h	SWMM_ENGINE_API int swmm_events_count(SWMM_Engine engine, int* count);
engine	swmm_events_get	openswmm_engine.h	SWMM_ENGINE_API int swmm_events_get(SWMM_Engine engine, int idx, double* start, double* end);
engine	swmm_events_remove	openswmm_engine.h	SWMM_ENGINE_API int swmm_events_remove(SWMM_Engine engine, int idx);
engine	swmm_events_set	openswmm_engine.h	SWMM_ENGINE_API int swmm_events_set(SWMM_Engine engine, int idx, double start, double end);
engine	swmm_get_current_time	openswmm_engine.h	SWMM_ENGINE_API int swmm_get_current_time(SWMM_Engine engine, double* current);
engine	swmm_get_end_time	openswmm_engine.h	SWMM_ENGINE_API int swmm_get_end_time (SWMM_Engine engine, double* end);
engine	swmm_get_event_count	openswmm_engine.h	SWMM_ENGINE_API int swmm_get_event_count(SWMM_Engine engine, int* count);
engine	swmm_get_flow_units	openswmm_engine.h	SWMM_ENGINE_API int swmm_get_flow_units(SWMM_Engine engine, int* flow_units);
engine	swmm_get_last_error	openswmm_engine.h	SWMM_ENGINE_API int swmm_get_last_error (SWMM_Engine engine);
engine	swmm_get_last_error_msg	openswmm_engine.h	SWMM_ENGINE_API const char* swmm_get_last_error_msg(SWMM_Engine engine);
engine	swmm_get_routing_step	openswmm_engine.h	SWMM_ENGINE_API int swmm_get_routing_step(SWMM_Engine engine, double* dt);
engine	swmm_get_start_time	openswmm_engine.h	SWMM_ENGINE_API int swmm_get_start_time (SWMM_Engine engine, double* start);
engine	swmm_get_steady_state_skip	openswmm_engine.h	SWMM_ENGINE_API int swmm_get_steady_state_skip(SWMM_Engine engine, int* enabled);
engine	swmm_get_unit_system	openswmm_engine.h	SWMM_ENGINE_API int swmm_get_unit_system(SWMM_Engine engine, int* unit_system);
engine	swmm_is_between_events	openswmm_engine.h	SWMM_ENGINE_API int swmm_is_between_events(SWMM_Engine engine, int* is_between);
engine	swmm_runoff_iface_close	openswmm_engine.h	SWMM_ENGINE_API int swmm_runoff_iface_close(SWMM_Engine engine);
engine	swmm_runoff_iface_open_read	openswmm_engine.h	SWMM_ENGINE_API int swmm_runoff_iface_open_read(SWMM_Engine engine, const char* path);
engine	swmm_runoff_iface_open_write	openswmm_engine.h	SWMM_ENGINE_API int swmm_runoff_iface_open_write(SWMM_Engine engine, const char* path);
engine	swmm_runoff_iface_read_step	openswmm_engine.h	SWMM_ENGINE_API int swmm_runoff_iface_read_step(SWMM_Engine engine, int* has_data);
engine	swmm_runoff_iface_save_step	openswmm_engine.h	SWMM_ENGINE_API int swmm_runoff_iface_save_step(SWMM_Engine engine, double dt);
engine	swmm_set_progress_callback	openswmm_engine.h	SWMM_ENGINE_API int swmm_set_progress_callback (SWMM_Engine engine, SWMM_ProgressCallback callback, void* user_data);
engine	swmm_set_steady_state_skip	openswmm_engine.h	SWMM_ENGINE_API int swmm_set_steady_state_skip(SWMM_Engine engine, int enabled);
engine	swmm_set_step_begin_callback	openswmm_engine.h	SWMM_ENGINE_API int swmm_set_step_begin_callback(SWMM_Engine engine, SWMM_StepBeginCallback callback, void* user_data);
engine	swmm_set_step_end_callback	openswmm_engine.h	SWMM_ENGINE_API int swmm_set_step_end_callback (SWMM_Engine engine, SWMM_StepEndCallback callback, void* user_data);
engine	swmm_set_warning_callback	openswmm_engine.h	SWMM_ENGINE_API int swmm_set_warning_callback (SWMM_Engine engine, SWMM_WarningCallback callback, void* user_data);
forcing	swmm_climate_get_dry_only	openswmm_forcing.h	SWMM_ENGINE_API int swmm_climate_get_dry_only(SWMM_Engine engine, int* flag);
forcing	swmm_climate_get_evap_rate	openswmm_forcing.h	SWMM_ENGINE_API int swmm_climate_get_evap_rate(SWMM_Engine engine, double* value);
forcing	swmm_climate_get_temperature	openswmm_forcing.h	SWMM_ENGINE_API int swmm_climate_get_temperature(SWMM_Engine engine, double* value);
forcing	swmm_climate_get_wind_speed	openswmm_forcing.h	SWMM_ENGINE_API int swmm_climate_get_wind_speed(SWMM_Engine engine, double* value);
forcing	swmm_climate_set_dry_only	openswmm_forcing.h	SWMM_ENGINE_API int swmm_climate_set_dry_only(SWMM_Engine engine, int flag);
forcing	swmm_forcing_clear	openswmm_forcing.h	SWMM_ENGINE_API int swmm_forcing_clear(SWMM_Engine engine, int type, int idx);
forcing	swmm_forcing_clear_all	openswmm_forcing.h	SWMM_ENGINE_API int swmm_forcing_clear_all(SWMM_Engine engine);
forcing	swmm_forcing_climate_evap	openswmm_forcing.h	SWMM_ENGINE_API int swmm_forcing_climate_evap( SWMM_Engine engine, double value, int mode, int persist);
forcing	swmm_forcing_climate_temperature	openswmm_forcing.h	SWMM_ENGINE_API int swmm_forcing_climate_temperature( SWMM_Engine engine, double value, int mode, int persist);
forcing	swmm_forcing_climate_wind	openswmm_forcing.h	SWMM_ENGINE_API int swmm_forcing_climate_wind( SWMM_Engine engine, double value, int mode, int persist);
forcing	swmm_forcing_gage_rainfall	openswmm_forcing.h	SWMM_ENGINE_API int swmm_forcing_gage_rainfall( SWMM_Engine engine, int idx, double value, int mode, int persist);
forcing	swmm_forcing_link_flow	openswmm_forcing.h	SWMM_ENGINE_API int swmm_forcing_link_flow( SWMM_Engine engine, int idx, double value, int mode, int persist);
forcing	swmm_forcing_link_quality	openswmm_forcing.h	SWMM_ENGINE_API int swmm_forcing_link_quality( SWMM_Engine engine, int link_idx, int pollutant_idx, double value, int mode, int persist);
forcing	swmm_forcing_link_setting	openswmm_forcing.h	SWMM_ENGINE_API int swmm_forcing_link_setting( SWMM_Engine engine, int idx, double value, int mode, int persist);
forcing	swmm_forcing_node_head_boundary	openswmm_forcing.h	SWMM_ENGINE_API int swmm_forcing_node_head_boundary( SWMM_Engine engine, int idx, double value, int mode, int persist);
forcing	swmm_forcing_node_lat_inflow	openswmm_forcing.h	SWMM_ENGINE_API int swmm_forcing_node_lat_inflow( SWMM_Engine engine, int idx, double value, int mode, int persist);
forcing	swmm_forcing_node_quality	openswmm_forcing.h	SWMM_ENGINE_API int swmm_forcing_node_quality( SWMM_Engine engine, int node_idx, int pollutant_idx, double mass_rate, int mode, int persist);
forcing	swmm_forcing_subcatch_evap	openswmm_forcing.h	SWMM_ENGINE_API int swmm_forcing_subcatch_evap( SWMM_Engine engine, int idx, double value, int mode, int persist);
forcing	swmm_forcing_subcatch_rainfall	openswmm_forcing.h	SWMM_ENGINE_API int swmm_forcing_subcatch_rainfall( SWMM_Engine engine, int idx, double value, int mode, int persist);
forcing	swmm_forcing_subcatch_snowfall	openswmm_forcing.h	SWMM_ENGINE_API int swmm_forcing_subcatch_snowfall( SWMM_Engine engine, int idx, double value, int mode, int persist);
gages	swmm_gage_add	openswmm_gages.h	SWMM_ENGINE_API int swmm_gage_add(SWMM_Engine engine, const char* id);
gages	swmm_gage_count	openswmm_gages.h	SWMM_ENGINE_API int swmm_gage_count(SWMM_Engine engine);
gages	swmm_gage_get_data_source	openswmm_gages.h	SWMM_ENGINE_API int swmm_gage_get_data_source(SWMM_Engine engine, int idx, int* source);
gages	swmm_gage_get_rain_interval	openswmm_gages.h	SWMM_ENGINE_API int swmm_gage_get_rain_interval(SWMM_Engine engine, int idx, double* seconds);
gages	swmm_gage_get_rain_type	openswmm_gages.h	SWMM_ENGINE_API int swmm_gage_get_rain_type(SWMM_Engine engine, int idx, int* type);
gages	swmm_gage_get_rain_units	openswmm_gages.h	SWMM_ENGINE_API int swmm_gage_get_rain_units(SWMM_Engine engine, int idx, int* units);
gages	swmm_gage_get_rainfall	openswmm_gages.h	SWMM_ENGINE_API int swmm_gage_get_rainfall(SWMM_Engine engine, int idx, double* rainfall);
gages	swmm_gage_get_rainfall_bulk	openswmm_gages.h	SWMM_ENGINE_API int swmm_gage_get_rainfall_bulk(SWMM_Engine engine, double* buf, int count);
gages	swmm_gage_get_scale_factor	openswmm_gages.h	SWMM_ENGINE_API int swmm_gage_get_scale_factor(SWMM_Engine engine, int idx, double* factor);
gages	swmm_gage_get_snow_factor	openswmm_gages.h	SWMM_ENGINE_API int swmm_gage_get_snow_factor(SWMM_Engine engine, int idx, double* factor);
gages	swmm_gage_get_station_id	openswmm_gages.h	SWMM_ENGINE_API int swmm_gage_get_station_id(SWMM_Engine engine, int idx, char* buf, int buflen);
gages	swmm_gage_get_timeseries	openswmm_gages.h	SWMM_ENGINE_API int swmm_gage_get_timeseries(SWMM_Engine engine, int idx, char* buf, int buflen);
gages	swmm_gage_id	openswmm_gages.h	SWMM_ENGINE_API const char* swmm_gage_id(SWMM_Engine engine, int idx);
gages	swmm_gage_index	openswmm_gages.h	SWMM_ENGINE_API int swmm_gage_index(SWMM_Engine engine, const char* id);
gages	swmm_gage_rename	openswmm_gages.h	SWMM_ENGINE_API int swmm_gage_rename(SWMM_Engine engine, int idx, const char* newId);
gages	swmm_gage_set_data_source	openswmm_gages.h	SWMM_ENGINE_API int swmm_gage_set_data_source(SWMM_Engine engine, int idx, int source);
gages	swmm_gage_set_filename	openswmm_gages.h	SWMM_ENGINE_API int swmm_gage_set_filename(SWMM_Engine engine, int idx, const char* path, const char* station_id);
gages	swmm_gage_set_rain_interval	openswmm_gages.h	SWMM_ENGINE_API int swmm_gage_set_rain_interval(SWMM_Engine engine, int idx, double seconds);
gages	swmm_gage_set_rain_type	openswmm_gages.h	SWMM_ENGINE_API int swmm_gage_set_rain_type(SWMM_Engine engine, int idx, int type);
gages	swmm_gage_set_rain_units	openswmm_gages.h	SWMM_ENGINE_API int swmm_gage_set_rain_units(SWMM_Engine engine, int idx, int units);
gages	swmm_gage_set_rainfall	openswmm_gages.h	SWMM_ENGINE_API int swmm_gage_set_rainfall(SWMM_Engine engine, int idx, double rainfall);
gages	swmm_gage_set_scale_factor	openswmm_gages.h	SWMM_ENGINE_API int swmm_gage_set_scale_factor(SWMM_Engine engine, int idx, double factor);
gages	swmm_gage_set_snow_factor	openswmm_gages.h	SWMM_ENGINE_API int swmm_gage_set_snow_factor(SWMM_Engine engine, int idx, double factor);
gages	swmm_gage_set_station_id	openswmm_gages.h	SWMM_ENGINE_API int swmm_gage_set_station_id(SWMM_Engine engine, int idx, const char* station_id);
gages	swmm_gage_set_timeseries	openswmm_gages.h	SWMM_ENGINE_API int swmm_gage_set_timeseries(SWMM_Engine engine, int idx, const char* ts_id);
geopackage	swmm_gpkg_begin	openswmm_geopackage.h	SWMM_ENGINE_API int swmm_gpkg_begin(SWMM_Gpkg gpkg);
geopackage	swmm_gpkg_close	openswmm_geopackage.h	SWMM_ENGINE_API void swmm_gpkg_close(SWMM_Gpkg gpkg);
geopackage	swmm_gpkg_commit	openswmm_geopackage.h	SWMM_ENGINE_API int swmm_gpkg_commit(SWMM_Gpkg gpkg);
geopackage	swmm_gpkg_create_observed_series	openswmm_geopackage.h	SWMM_ENGINE_API int swmm_gpkg_create_observed_series(SWMM_Gpkg gpkg, const char* name, const char* variable_name, const char* object_type, const char* object_id, const char* source, const char* units);
geopackage	swmm_gpkg_gage_count	openswmm_geopackage.h	SWMM_ENGINE_API int swmm_gpkg_gage_count(SWMM_Gpkg gpkg, const char* simulation_id);
geopackage	swmm_gpkg_is_registered	openswmm_geopackage.h	SWMM_ENGINE_API int swmm_gpkg_is_registered(void);
geopackage	swmm_gpkg_last_error	openswmm_geopackage.h	SWMM_ENGINE_API const char* swmm_gpkg_last_error(SWMM_Gpkg gpkg);
geopackage	swmm_gpkg_link_count	openswmm_geopackage.h	SWMM_ENGINE_API int swmm_gpkg_link_count(SWMM_Gpkg gpkg, const char* simulation_id);
geopackage	swmm_gpkg_node_count	openswmm_geopackage.h	SWMM_ENGINE_API int swmm_gpkg_node_count(SWMM_Gpkg gpkg, const char* simulation_id);
geopackage	swmm_gpkg_observed_series_count	openswmm_geopackage.h	SWMM_ENGINE_API int swmm_gpkg_observed_series_count(SWMM_Gpkg gpkg);
geopackage	swmm_gpkg_observed_value_count	openswmm_geopackage.h	SWMM_ENGINE_API int swmm_gpkg_observed_value_count(SWMM_Gpkg gpkg, int series_id);
geopackage	swmm_gpkg_open	openswmm_geopackage.h	SWMM_ENGINE_API SWMM_Gpkg swmm_gpkg_open(const char* path);
geopackage	swmm_gpkg_query_double	openswmm_geopackage.h	SWMM_ENGINE_API int swmm_gpkg_query_double(SWMM_Gpkg gpkg, const char* sql, double* result);
geopackage	swmm_gpkg_query_int	openswmm_geopackage.h	SWMM_ENGINE_API int swmm_gpkg_query_int(SWMM_Gpkg gpkg, const char* sql);
geopackage	swmm_gpkg_read_observed_values	openswmm_geopackage.h	SWMM_ENGINE_API int swmm_gpkg_read_observed_values(SWMM_Gpkg gpkg, int series_id, char* timestamps, int ts_buf_len, double* values, int max_count);
geopackage	swmm_gpkg_read_result_ts	openswmm_geopackage.h	SWMM_ENGINE_API int swmm_gpkg_read_result_ts(SWMM_Gpkg gpkg, const char* simulation_id, const char* object_type, const char* object_id, const char* variable_name, double* times, double* values, int max_count);
geopackage	swmm_gpkg_read_summary	openswmm_geopackage.h	SWMM_ENGINE_API int swmm_gpkg_read_summary(SWMM_Gpkg gpkg, const char* simulation_id, const char* object_type, const char* object_id, const char* variable_name, double* value);
geopackage	swmm_gpkg_register	openswmm_geopackage.h	SWMM_ENGINE_API int swmm_gpkg_register(const char* license_key, const char* organization, const char* contact_email, const char* deployment_id);
geopackage	swmm_gpkg_result_ts_count	openswmm_geopackage.h	SWMM_ENGINE_API int swmm_gpkg_result_ts_count(SWMM_Gpkg gpkg, const char* simulation_id, const char* object_type, const char* object_id, const char* variable_name);
geopackage	swmm_gpkg_rollback	openswmm_geopackage.h	SWMM_ENGINE_API int swmm_gpkg_rollback(SWMM_Gpkg gpkg);
geopackage	swmm_gpkg_simulation_count	openswmm_geopackage.h	SWMM_ENGINE_API int swmm_gpkg_simulation_count(SWMM_Gpkg gpkg);
geopackage	swmm_gpkg_simulation_id	openswmm_geopackage.h	SWMM_ENGINE_API int swmm_gpkg_simulation_id(SWMM_Gpkg gpkg, int index, char* buf, int bufsz);
geopackage	swmm_gpkg_subcatch_count	openswmm_geopackage.h	SWMM_ENGINE_API int swmm_gpkg_subcatch_count(SWMM_Gpkg gpkg, const char* simulation_id);
geopackage	swmm_gpkg_topology_edge_count	openswmm_geopackage.h	SWMM_ENGINE_API int swmm_gpkg_topology_edge_count(SWMM_Gpkg gpkg, const char* simulation_id);
geopackage	swmm_gpkg_variable_count	openswmm_geopackage.h	SWMM_ENGINE_API int swmm_gpkg_variable_count(SWMM_Gpkg gpkg);
geopackage	swmm_gpkg_write_observed_value	openswmm_geopackage.h	SWMM_ENGINE_API int swmm_gpkg_write_observed_value(SWMM_Gpkg gpkg, int series_id, const char* timestamp, double value, const char* quality_flag);
geopackage	swmm_gpkg_write_observed_values	openswmm_geopackage.h	SWMM_ENGINE_API int swmm_gpkg_write_observed_values(SWMM_Gpkg gpkg, int series_id, const char** timestamps, const double* values, const char** quality_flags, int count);
hotstart	swmm_hotstart_apply	openswmm_hotstart.h	SWMM_ENGINE_API int swmm_hotstart_apply(SWMM_Engine engine, SWMM_HotStart hs);
hotstart	swmm_hotstart_close	openswmm_hotstart.h	SWMM_ENGINE_API int swmm_hotstart_close(SWMM_HotStart hs);
hotstart	swmm_hotstart_get_crs	openswmm_hotstart.h	SWMM_ENGINE_API int swmm_hotstart_get_crs(SWMM_HotStart hs, char* buf, int buflen);
hotstart	swmm_hotstart_get_sim_time	openswmm_hotstart.h	SWMM_ENGINE_API int swmm_hotstart_get_sim_time(SWMM_HotStart hs, double* sim_time);
hotstart	swmm_hotstart_link_count	openswmm_hotstart.h	SWMM_ENGINE_API int swmm_hotstart_link_count(SWMM_HotStart hs);
hotstart	swmm_hotstart_node_count	openswmm_hotstart.h	SWMM_ENGINE_API int swmm_hotstart_node_count(SWMM_HotStart hs);
hotstart	swmm_hotstart_open	openswmm_hotstart.h	SWMM_ENGINE_API int swmm_hotstart_open(const char* path, SWMM_HotStart* hs);
hotstart	swmm_hotstart_save	openswmm_hotstart.h	SWMM_ENGINE_API int swmm_hotstart_save(SWMM_Engine engine, const char* path);
hotstart	swmm_hotstart_saves_add	openswmm_hotstart.h	SWMM_ENGINE_API int swmm_hotstart_saves_add( SWMM_Engine engine, const char* path, double datetime);
hotstart	swmm_hotstart_saves_clear	openswmm_hotstart.h	SWMM_ENGINE_API int swmm_hotstart_saves_clear(SWMM_Engine engine);
hotstart	swmm_hotstart_saves_count	openswmm_hotstart.h	SWMM_ENGINE_API int swmm_hotstart_saves_count(SWMM_Engine engine, int* count);
hotstart	swmm_hotstart_saves_get_datetime	openswmm_hotstart.h	SWMM_ENGINE_API int swmm_hotstart_saves_get_datetime( SWMM_Engine engine, int idx, double* datetime);
hotstart	swmm_hotstart_saves_get_path	openswmm_hotstart.h	SWMM_ENGINE_API int swmm_hotstart_saves_get_path( SWMM_Engine engine, int idx, char* buf, int buflen);
hotstart	swmm_hotstart_saves_remove	openswmm_hotstart.h	SWMM_ENGINE_API int swmm_hotstart_saves_remove(SWMM_Engine engine, int idx);
hotstart	swmm_hotstart_saves_set_datetime	openswmm_hotstart.h	SWMM_ENGINE_API int swmm_hotstart_saves_set_datetime( SWMM_Engine engine, int idx, double datetime);
hotstart	swmm_hotstart_saves_set_path	openswmm_hotstart.h	SWMM_ENGINE_API int swmm_hotstart_saves_set_path( SWMM_Engine engine, int idx, const char* path);
hotstart	swmm_hotstart_set_link_depth	openswmm_hotstart.h	SWMM_ENGINE_API int swmm_hotstart_set_link_depth( SWMM_HotStart hs, const char* link_id, double depth );
hotstart	swmm_hotstart_set_link_flow	openswmm_hotstart.h	SWMM_ENGINE_API int swmm_hotstart_set_link_flow( SWMM_HotStart hs, const char* link_id, double flow );
hotstart	swmm_hotstart_set_node_depth	openswmm_hotstart.h	SWMM_ENGINE_API int swmm_hotstart_set_node_depth( SWMM_HotStart hs, const char* node_id, double depth );
hotstart	swmm_hotstart_set_node_head	openswmm_hotstart.h	SWMM_ENGINE_API int swmm_hotstart_set_node_head( SWMM_HotStart hs, const char* node_id, double head );
hotstart	swmm_hotstart_set_subcatch_runoff	openswmm_hotstart.h	SWMM_ENGINE_API int swmm_hotstart_set_subcatch_runoff( SWMM_HotStart hs, const char* subcatch_id, double runoff );
hotstart	swmm_hotstart_warning	openswmm_hotstart.h	SWMM_ENGINE_API const char* swmm_hotstart_warning(SWMM_HotStart hs, int index);
hotstart	swmm_hotstart_warning_count	openswmm_hotstart.h	SWMM_ENGINE_API int swmm_hotstart_warning_count(SWMM_HotStart hs);
inflows	swmm_dwf_add	openswmm_inflows.h	SWMM_ENGINE_API int swmm_dwf_add(SWMM_Engine engine, int node_idx, const char* constituent, double avg_value, const char* pat1, const char* pat2, const char* pat3, const char* pat4);
inflows	swmm_dwf_count	openswmm_inflows.h	SWMM_ENGINE_API int swmm_dwf_count(SWMM_Engine engine);
inflows	swmm_dwf_get	openswmm_inflows.h	SWMM_ENGINE_API int swmm_dwf_get(SWMM_Engine engine, int entry_idx, int* node_idx, char* constituent_buf, int constituent_buflen, double* avg_value, char* pat1_buf, int pat1_buflen, char* pat2_buf, int pat2_buflen, char* pat3_buf, int pat3_buflen, char* pat4_buf, int pat4_buflen);
inflows	swmm_dwf_remove	openswmm_inflows.h	SWMM_ENGINE_API int swmm_dwf_remove(SWMM_Engine engine, int entry_idx);
inflows	swmm_dwf_set_baseline	openswmm_inflows.h	SWMM_ENGINE_API int swmm_dwf_set_baseline(SWMM_Engine engine, int entry_idx, double avg_value);
inflows	swmm_ext_inflow_add	openswmm_inflows.h	SWMM_ENGINE_API int swmm_ext_inflow_add(SWMM_Engine engine, int node_idx, const char* constituent, const char* ts_name, const char* type, double m_factor, double s_factor, double baseline, const char* pattern);
inflows	swmm_ext_inflow_count	openswmm_inflows.h	SWMM_ENGINE_API int swmm_ext_inflow_count(SWMM_Engine engine);
inflows	swmm_ext_inflow_get	openswmm_inflows.h	SWMM_ENGINE_API int swmm_ext_inflow_get(SWMM_Engine engine, int entry_idx, int* node_idx, char* constituent_buf, int constituent_buflen, char* ts_buf, int ts_buflen, char* type_buf, int type_buflen, double* m_factor, double* s_factor, double* baseline, char* pattern_buf, int pattern_buflen);
inflows	swmm_ext_inflow_remove	openswmm_inflows.h	SWMM_ENGINE_API int swmm_ext_inflow_remove(SWMM_Engine engine, int entry_idx);
inflows	swmm_ext_inflow_set_baseline	openswmm_inflows.h	SWMM_ENGINE_API int swmm_ext_inflow_set_baseline(SWMM_Engine engine, int entry_idx, double baseline);
inflows	swmm_ext_inflow_set_scale	openswmm_inflows.h	SWMM_ENGINE_API int swmm_ext_inflow_set_scale(SWMM_Engine engine, int entry_idx, double scale);
inflows	swmm_hydrograph_add	openswmm_inflows.h	SWMM_ENGINE_API int swmm_hydrograph_add(SWMM_Engine engine, const char* uh_name, int month, int response, double r, double t, double k, double dmax, double drecov, double dinit);
inflows	swmm_hydrograph_add_gage	openswmm_inflows.h	SWMM_ENGINE_API int swmm_hydrograph_add_gage(SWMM_Engine engine, const char* uh_name, const char* gage_name);
inflows	swmm_hydrograph_clear_group_months	openswmm_inflows.h	SWMM_ENGINE_API int swmm_hydrograph_clear_group_months(SWMM_Engine engine, const char* uh_name);
inflows	swmm_hydrograph_count	openswmm_inflows.h	SWMM_ENGINE_API int swmm_hydrograph_count(SWMM_Engine engine);
inflows	swmm_hydrograph_gage_count	openswmm_inflows.h	SWMM_ENGINE_API int swmm_hydrograph_gage_count(SWMM_Engine engine);
inflows	swmm_hydrograph_get	openswmm_inflows.h	SWMM_ENGINE_API int swmm_hydrograph_get(SWMM_Engine engine, int entry_idx, char* uh_buf, int buflen, int* month, int* response, double* r, double* t, double* k, double* dmax, double* drecov, double* dinit);
inflows	swmm_hydrograph_get_gage	openswmm_inflows.h	SWMM_ENGINE_API int swmm_hydrograph_get_gage(SWMM_Engine engine, int entry_idx, char* uh_buf, int uh_buflen, char* gage_buf, int gage_buflen);
inflows	swmm_hydrograph_group_count	openswmm_inflows.h	SWMM_ENGINE_API int swmm_hydrograph_group_count(SWMM_Engine engine);
inflows	swmm_hydrograph_group_id	openswmm_inflows.h	SWMM_ENGINE_API int swmm_hydrograph_group_id(SWMM_Engine engine, int idx, char* buf, int buflen);
inflows	swmm_hydrograph_group_rename	openswmm_inflows.h	SWMM_ENGINE_API int swmm_hydrograph_group_rename(SWMM_Engine engine, int idx, const char* new_id);
inflows	swmm_hydrograph_remove_entry	openswmm_inflows.h	SWMM_ENGINE_API int swmm_hydrograph_remove_entry(SWMM_Engine engine, const char* uh_name, int month, int response);
inflows	swmm_hydrograph_remove_group	openswmm_inflows.h	SWMM_ENGINE_API int swmm_hydrograph_remove_group(SWMM_Engine engine, const char* uh_name);
inflows	swmm_hydrograph_set_gage	openswmm_inflows.h	SWMM_ENGINE_API int swmm_hydrograph_set_gage(SWMM_Engine engine, const char* uh_name, const char* gage_name);
inflows	swmm_hydrograph_set_ia	openswmm_inflows.h	SWMM_ENGINE_API int swmm_hydrograph_set_ia(SWMM_Engine engine, const char* uh_name, int month, int response, double dmax, double drecov, double dinit);
inflows	swmm_hydrograph_set_rtk	openswmm_inflows.h	SWMM_ENGINE_API int swmm_hydrograph_set_rtk(SWMM_Engine engine, const char* uh_name, int month, int response, double r, double t, double k);
inflows	swmm_rdii_add	openswmm_inflows.h	SWMM_ENGINE_API int swmm_rdii_add(SWMM_Engine engine, int node_idx, const char* uh_name, double area);
inflows	swmm_rdii_count	openswmm_inflows.h	SWMM_ENGINE_API int swmm_rdii_count(SWMM_Engine engine);
inflows	swmm_rdii_decay_add	openswmm_inflows.h	SWMM_ENGINE_API int swmm_rdii_decay_add(SWMM_Engine engine, const char* uh_name, int response, double k_dep, double k_0, double k_T, double T_ref, double theta_rec, double T_freeze);
inflows	swmm_rdii_decay_count	openswmm_inflows.h	SWMM_ENGINE_API int swmm_rdii_decay_count(SWMM_Engine engine);
inflows	swmm_rdii_decay_get	openswmm_inflows.h	SWMM_ENGINE_API int swmm_rdii_decay_get(SWMM_Engine engine, int entry_idx, char* uh_buf, int buflen, int* response, double* k_dep, double* k_0, double* k_T, double* T_ref, double* theta_rec, double* T_freeze);
inflows	swmm_rdii_decay_remove	openswmm_inflows.h	SWMM_ENGINE_API int swmm_rdii_decay_remove(SWMM_Engine engine, const char* uh_name, int response);
inflows	swmm_rdii_decay_set	openswmm_inflows.h	SWMM_ENGINE_API int swmm_rdii_decay_set(SWMM_Engine engine, const char* uh_name, int response, double k_dep, double k_0, double k_T, double T_ref, double theta_rec, double T_freeze);
inflows	swmm_rdii_get	openswmm_inflows.h	SWMM_ENGINE_API int swmm_rdii_get(SWMM_Engine engine, int entry_idx, int* node_idx, char* uh_buf, int buflen, double* area);
inflows	swmm_rdii_remove	openswmm_inflows.h	SWMM_ENGINE_API int swmm_rdii_remove(SWMM_Engine engine, int entry_idx);
infrastructure	swmm_inlet_add	openswmm_infrastructure.h	SWMM_ENGINE_API int swmm_inlet_add(SWMM_Engine engine, const char* id, const char* type);
infrastructure	swmm_inlet_count	openswmm_infrastructure.h	SWMM_ENGINE_API int swmm_inlet_count(SWMM_Engine engine);
infrastructure	swmm_inlet_get_params	openswmm_infrastructure.h	SWMM_ENGINE_API int swmm_inlet_get_params(SWMM_Engine engine, int idx, double* length, double* width, char* grate_type, int grate_buflen, double* open_area, double* splash_veloc);
infrastructure	swmm_inlet_get_type	openswmm_infrastructure.h	SWMM_ENGINE_API int swmm_inlet_get_type(SWMM_Engine engine, int idx, char* buf, int buflen);
infrastructure	swmm_inlet_id	openswmm_infrastructure.h	SWMM_ENGINE_API const char* swmm_inlet_id(SWMM_Engine engine, int idx);
infrastructure	swmm_inlet_index	openswmm_infrastructure.h	SWMM_ENGINE_API int swmm_inlet_index(SWMM_Engine engine, const char* id);
infrastructure	swmm_inlet_set_params	openswmm_infrastructure.h	SWMM_ENGINE_API int swmm_inlet_set_params(SWMM_Engine engine, int idx, double length, double width, const char* grate_type, double open_area, double splash_veloc);
infrastructure	swmm_lid_add	openswmm_infrastructure.h	SWMM_ENGINE_API int swmm_lid_add(SWMM_Engine engine, const char* id, int type);
infrastructure	swmm_lid_count	openswmm_infrastructure.h	SWMM_ENGINE_API int swmm_lid_count(SWMM_Engine engine);
infrastructure	swmm_lid_get_drain	openswmm_infrastructure.h	SWMM_ENGINE_API int swmm_lid_get_drain(SWMM_Engine engine, int idx, double* coeff, double* expon, double* offset);
infrastructure	swmm_lid_get_drainmat	openswmm_infrastructure.h	SWMM_ENGINE_API int swmm_lid_get_drainmat(SWMM_Engine engine, int idx, double* thick, double* void_frac, double* roughness);
infrastructure	swmm_lid_get_pavement	openswmm_infrastructure.h	SWMM_ENGINE_API int swmm_lid_get_pavement(SWMM_Engine engine, int idx, double* thick, double* void_ratio, double* frac_imperv, double* ksat, double* clog_factor, double* regen_days);
infrastructure	swmm_lid_get_soil	openswmm_infrastructure.h	SWMM_ENGINE_API int swmm_lid_get_soil(SWMM_Engine engine, int idx, double* thick, double* porosity, double* fc, double* wp, double* ksat, double* kslope);
infrastructure	swmm_lid_get_storage	openswmm_infrastructure.h	SWMM_ENGINE_API int swmm_lid_get_storage(SWMM_Engine engine, int idx, double* thick, double* void_frac, double* ksat);
infrastructure	swmm_lid_get_surface	openswmm_infrastructure.h	SWMM_ENGINE_API int swmm_lid_get_surface(SWMM_Engine engine, int idx, double* storage, double* roughness, double* slope);
infrastructure	swmm_lid_get_type	openswmm_infrastructure.h	SWMM_ENGINE_API int swmm_lid_get_type(SWMM_Engine engine, int idx, int* type);
infrastructure	swmm_lid_id	openswmm_infrastructure.h	SWMM_ENGINE_API const char* swmm_lid_id(SWMM_Engine engine, int idx);
infrastructure	swmm_lid_index	openswmm_infrastructure.h	SWMM_ENGINE_API int swmm_lid_index(SWMM_Engine engine, const char* id);
infrastructure	swmm_lid_set_drain	openswmm_infrastructure.h	SWMM_ENGINE_API int swmm_lid_set_drain(SWMM_Engine engine, int idx, double coeff, double expon, double offset);
infrastructure	swmm_lid_set_drainmat	openswmm_infrastructure.h	SWMM_ENGINE_API int swmm_lid_set_drainmat(SWMM_Engine engine, int idx, double thick, double void_frac, double roughness);
infrastructure	swmm_lid_set_pavement	openswmm_infrastructure.h	SWMM_ENGINE_API int swmm_lid_set_pavement(SWMM_Engine engine, int idx, double thick, double void_ratio, double frac_imperv, double ksat, double clog_factor, double regen_days);
infrastructure	swmm_lid_set_soil	openswmm_infrastructure.h	SWMM_ENGINE_API int swmm_lid_set_soil(SWMM_Engine engine, int idx, double thick, double porosity, double fc, double wp, double ksat, double kslope);
infrastructure	swmm_lid_set_storage	openswmm_infrastructure.h	SWMM_ENGINE_API int swmm_lid_set_storage(SWMM_Engine engine, int idx, double thick, double void_frac, double ksat);
infrastructure	swmm_lid_set_surface	openswmm_infrastructure.h	SWMM_ENGINE_API int swmm_lid_set_surface(SWMM_Engine engine, int idx, double storage, double roughness, double slope);
infrastructure	swmm_lid_usage_add	openswmm_infrastructure.h	SWMM_ENGINE_API int swmm_lid_usage_add(SWMM_Engine engine, int subcatch_idx, int lid_idx, int number, double area, double width, double init_sat, double from_imperv);
infrastructure	swmm_lid_usage_count	openswmm_infrastructure.h	SWMM_ENGINE_API int swmm_lid_usage_count(SWMM_Engine engine);
infrastructure	swmm_lid_usage_get	openswmm_infrastructure.h	SWMM_ENGINE_API int swmm_lid_usage_get(SWMM_Engine engine, int usage_idx, int* subcatch_idx, int* lid_idx, int* number, double* area, double* width, double* init_sat, double* from_imperv, int* to_perv, double* from_perv);
infrastructure	swmm_lid_usage_remove	openswmm_infrastructure.h	SWMM_ENGINE_API int swmm_lid_usage_remove(SWMM_Engine engine, int usage_idx);
infrastructure	swmm_street_add	openswmm_infrastructure.h	SWMM_ENGINE_API int swmm_street_add(SWMM_Engine engine, const char* id);
infrastructure	swmm_street_count	openswmm_infrastructure.h	SWMM_ENGINE_API int swmm_street_count(SWMM_Engine engine);
infrastructure	swmm_street_get_params	openswmm_infrastructure.h	SWMM_ENGINE_API int swmm_street_get_params(SWMM_Engine engine, int idx, double* t_crown, double* h_curb, double* sx, double* n_road, double* gutter_depres, double* gutter_width, int* sides, double* back_width, double* back_slope, double* back_n);
infrastructure	swmm_street_id	openswmm_infrastructure.h	SWMM_ENGINE_API const char* swmm_street_id(SWMM_Engine engine, int idx);
infrastructure	swmm_street_index	openswmm_infrastructure.h	SWMM_ENGINE_API int swmm_street_index(SWMM_Engine engine, const char* id);
infrastructure	swmm_street_set_params	openswmm_infrastructure.h	SWMM_ENGINE_API int swmm_street_set_params(SWMM_Engine engine, int idx, double t_crown, double h_curb, double sx, double n_road, double gutter_depres, double gutter_width, int sides, double back_width, double back_slope, double back_n);
infrastructure	swmm_transect_add	openswmm_infrastructure.h	SWMM_ENGINE_API int swmm_transect_add(SWMM_Engine engine, const char* id);
infrastructure	swmm_transect_add_station	openswmm_infrastructure.h	SWMM_ENGINE_API int swmm_transect_add_station(SWMM_Engine engine, int idx, double station, double elevation);
infrastructure	swmm_transect_clear_stations	openswmm_infrastructure.h	SWMM_ENGINE_API int swmm_transect_clear_stations(SWMM_Engine engine, int idx);
infrastructure	swmm_transect_count	openswmm_infrastructure.h	SWMM_ENGINE_API int swmm_transect_count(SWMM_Engine engine);
infrastructure	swmm_transect_get_bank_stations	openswmm_infrastructure.h	SWMM_ENGINE_API int swmm_transect_get_bank_stations(SWMM_Engine engine, int idx, double* x_left, double* x_right);
infrastructure	swmm_transect_get_comments	openswmm_infrastructure.h	SWMM_ENGINE_API int swmm_transect_get_comments(SWMM_Engine engine, int idx, char* buf, int buflen);
infrastructure	swmm_transect_get_encroachment_stations	openswmm_infrastructure.h	SWMM_ENGINE_API int swmm_transect_get_encroachment_stations(SWMM_Engine engine, int idx, double* x_left, double* x_right);
infrastructure	swmm_transect_get_modifiers	openswmm_infrastructure.h	SWMM_ENGINE_API int swmm_transect_get_modifiers(SWMM_Engine engine, int idx, double* x_factor, double* y_factor, double* length_factor);
infrastructure	swmm_transect_get_roughness	openswmm_infrastructure.h	SWMM_ENGINE_API int swmm_transect_get_roughness(SWMM_Engine engine, int idx, double* n_left, double* n_right, double* n_channel);
infrastructure	swmm_transect_get_station	openswmm_infrastructure.h	SWMM_ENGINE_API int swmm_transect_get_station(SWMM_Engine engine, int idx, int station_idx, double* station, double* elevation);
infrastructure	swmm_transect_get_station_count	openswmm_infrastructure.h	SWMM_ENGINE_API int swmm_transect_get_station_count(SWMM_Engine engine, int idx);
infrastructure	swmm_transect_id	openswmm_infrastructure.h	SWMM_ENGINE_API const char* swmm_transect_id(SWMM_Engine engine, int idx);
infrastructure	swmm_transect_index	openswmm_infrastructure.h	SWMM_ENGINE_API int swmm_transect_index(SWMM_Engine engine, const char* id);
infrastructure	swmm_transect_remove	openswmm_infrastructure.h	SWMM_ENGINE_API int swmm_transect_remove(SWMM_Engine engine, int idx);
infrastructure	swmm_transect_rename	openswmm_infrastructure.h	SWMM_ENGINE_API int swmm_transect_rename(SWMM_Engine engine, int idx, const char* new_id);
infrastructure	swmm_transect_set_bank_stations	openswmm_infrastructure.h	SWMM_ENGINE_API int swmm_transect_set_bank_stations(SWMM_Engine engine, int idx, double x_left, double x_right);
infrastructure	swmm_transect_set_comments	openswmm_infrastructure.h	SWMM_ENGINE_API int swmm_transect_set_comments(SWMM_Engine engine, int idx, const char* text);
infrastructure	swmm_transect_set_encroachment_stations	openswmm_infrastructure.h	SWMM_ENGINE_API int swmm_transect_set_encroachment_stations(SWMM_Engine engine, int idx, double x_left, double x_right);
infrastructure	swmm_transect_set_modifiers	openswmm_infrastructure.h	SWMM_ENGINE_API int swmm_transect_set_modifiers(SWMM_Engine engine, int idx, double x_factor, double y_factor, double length_factor);
infrastructure	swmm_transect_set_roughness	openswmm_infrastructure.h	SWMM_ENGINE_API int swmm_transect_set_roughness(SWMM_Engine engine, int idx, double n_left, double n_right, double n_channel);
links	swmm_link_add	openswmm_links.h	SWMM_ENGINE_API int swmm_link_add(SWMM_Engine engine, const char* id, int type);
links	swmm_link_count	openswmm_links.h	SWMM_ENGINE_API int swmm_link_count(SWMM_Engine engine);
links	swmm_link_get_barrels	openswmm_links.h	SWMM_ENGINE_API int swmm_link_get_barrels(SWMM_Engine engine, int idx, int* n);
links	swmm_link_get_capacities_bulk	openswmm_links.h	SWMM_ENGINE_API int swmm_link_get_capacities_bulk(SWMM_Engine engine, double* buf, int count);
links	swmm_link_get_capacity	openswmm_links.h	SWMM_ENGINE_API int swmm_link_get_capacity(SWMM_Engine engine, int idx, double* capacity);
links	swmm_link_get_closed	openswmm_links.h	SWMM_ENGINE_API int swmm_link_get_closed(SWMM_Engine engine, int idx, int* closed);
links	swmm_link_get_control_setting	openswmm_links.h	SWMM_ENGINE_API int swmm_link_get_control_setting(SWMM_Engine engine, int idx, double* setting);
links	swmm_link_get_control_settings_bulk	openswmm_links.h	SWMM_ENGINE_API int swmm_link_get_control_settings_bulk(SWMM_Engine engine, double* buf, int count);
links	swmm_link_get_crest_height	openswmm_links.h	SWMM_ENGINE_API int swmm_link_get_crest_height(SWMM_Engine engine, int idx, double* h);
links	swmm_link_get_culvert_code	openswmm_links.h	SWMM_ENGINE_API int swmm_link_get_culvert_code(SWMM_Engine engine, int idx, int* code);
links	swmm_link_get_depth	openswmm_links.h	SWMM_ENGINE_API int swmm_link_get_depth(SWMM_Engine engine, int idx, double* depth);
links	swmm_link_get_depths_bulk	openswmm_links.h	SWMM_ENGINE_API int swmm_link_get_depths_bulk(SWMM_Engine engine, double* buf, int count);
links	swmm_link_get_discharge_coeff	openswmm_links.h	SWMM_ENGINE_API int swmm_link_get_discharge_coeff(SWMM_Engine engine, int idx, double* cd);
links	swmm_link_get_end_contractions	openswmm_links.h	SWMM_ENGINE_API int swmm_link_get_end_contractions(SWMM_Engine engine, int idx, double* n);
links	swmm_link_get_flap_gate	openswmm_links.h	SWMM_ENGINE_API int swmm_link_get_flap_gate(SWMM_Engine engine, int idx, int* has_gate);
links	swmm_link_get_flow	openswmm_links.h	SWMM_ENGINE_API int swmm_link_get_flow(SWMM_Engine engine, int idx, double* flow);
links	swmm_link_get_flows_bulk	openswmm_links.h	SWMM_ENGINE_API int swmm_link_get_flows_bulk(SWMM_Engine engine, double* buf, int count);
links	swmm_link_get_from_node	openswmm_links.h	SWMM_ENGINE_API int swmm_link_get_from_node(SWMM_Engine engine, int idx, int* node_idx);
links	swmm_link_get_hyd_power	openswmm_links.h	SWMM_ENGINE_API int swmm_link_get_hyd_power(SWMM_Engine engine, int idx, double* power);
links	swmm_link_get_hyd_powers_bulk	openswmm_links.h	SWMM_ENGINE_API int swmm_link_get_hyd_powers_bulk(SWMM_Engine engine, double* buf, int count);
links	swmm_link_get_ids_bulk	openswmm_links.h	SWMM_ENGINE_API int swmm_link_get_ids_bulk(SWMM_Engine engine, char* buf, int stride, int count);
links	swmm_link_get_initial_flow	openswmm_links.h	SWMM_ENGINE_API int swmm_link_get_initial_flow(SWMM_Engine engine, int idx, double* flow);
links	swmm_link_get_length	openswmm_links.h	SWMM_ENGINE_API int swmm_link_get_length(SWMM_Engine engine, int idx, double* length);
links	swmm_link_get_loss_coeff	openswmm_links.h	SWMM_ENGINE_API int swmm_link_get_loss_coeff(SWMM_Engine engine, int idx, double* inlet, double* outlet, double* avg);
links	swmm_link_get_max_flow	openswmm_links.h	SWMM_ENGINE_API int swmm_link_get_max_flow(SWMM_Engine engine, int idx, double* flow);
links	swmm_link_get_offset_dn	openswmm_links.h	SWMM_ENGINE_API int swmm_link_get_offset_dn(SWMM_Engine engine, int idx, double* offset);
links	swmm_link_get_offset_up	openswmm_links.h	SWMM_ENGINE_API int swmm_link_get_offset_up(SWMM_Engine engine, int idx, double* offset);
links	swmm_link_get_orifice_open_close_rate	openswmm_links.h	SWMM_ENGINE_API int swmm_link_get_orifice_open_close_rate(SWMM_Engine engine, int idx, double* rate);
links	swmm_link_get_orifice_type	openswmm_links.h	SWMM_ENGINE_API int swmm_link_get_orifice_type(SWMM_Engine engine, int idx, int* type);
links	swmm_link_get_outlet_expon	openswmm_links.h	SWMM_ENGINE_API int swmm_link_get_outlet_expon(SWMM_Engine engine, int idx, double* expon);
links	swmm_link_get_outlet_rating_type	openswmm_links.h	SWMM_ENGINE_API int swmm_link_get_outlet_rating_type(SWMM_Engine engine, int idx, int* type);
links	swmm_link_get_pump_curve	openswmm_links.h	SWMM_ENGINE_API int swmm_link_get_pump_curve(SWMM_Engine engine, int idx, int* curve_idx);
links	swmm_link_get_pump_init_state	openswmm_links.h	SWMM_ENGINE_API int swmm_link_get_pump_init_state(SWMM_Engine engine, int idx, int* on);
links	swmm_link_get_pump_shutoff_depth	openswmm_links.h	SWMM_ENGINE_API int swmm_link_get_pump_shutoff_depth(SWMM_Engine engine, int idx, double* depth);
links	swmm_link_get_pump_startup_depth	openswmm_links.h	SWMM_ENGINE_API int swmm_link_get_pump_startup_depth(SWMM_Engine engine, int idx, double* depth);
links	swmm_link_get_pump_stats_bulk	openswmm_links.h	SWMM_ENGINE_API int swmm_link_get_pump_stats_bulk(SWMM_Engine engine, int* cycles, double* on_time, double* volume, int count);
links	swmm_link_get_quality	openswmm_links.h	SWMM_ENGINE_API int swmm_link_get_quality(SWMM_Engine engine, int link_idx, int pollutant_idx, double* conc);
links	swmm_link_get_quality_bulk	openswmm_links.h	SWMM_ENGINE_API int swmm_link_get_quality_bulk(SWMM_Engine engine, int pollutant_idx, double* buf, int count);
links	swmm_link_get_roughness	openswmm_links.h	SWMM_ENGINE_API int swmm_link_get_roughness(SWMM_Engine engine, int idx, double* n);
links	swmm_link_get_seep_rate	openswmm_links.h	SWMM_ENGINE_API int swmm_link_get_seep_rate(SWMM_Engine engine, int idx, double* rate);
links	swmm_link_get_slope	openswmm_links.h	SWMM_ENGINE_API int swmm_link_get_slope(SWMM_Engine engine, int idx, double* slope);
links	swmm_link_get_stat_max_filling	openswmm_links.h	SWMM_ENGINE_API int swmm_link_get_stat_max_filling(SWMM_Engine engine, int idx, double* val);
links	swmm_link_get_stat_max_flow	openswmm_links.h	SWMM_ENGINE_API int swmm_link_get_stat_max_flow(SWMM_Engine engine, int idx, double* val);
links	swmm_link_get_stat_max_velocity	openswmm_links.h	SWMM_ENGINE_API int swmm_link_get_stat_max_velocity(SWMM_Engine engine, int idx, double* val);
links	swmm_link_get_stat_pump_cycles	openswmm_links.h	SWMM_ENGINE_API int swmm_link_get_stat_pump_cycles(SWMM_Engine engine, int idx, int* cycles);
links	swmm_link_get_stat_pump_on_time	openswmm_links.h	SWMM_ENGINE_API int swmm_link_get_stat_pump_on_time(SWMM_Engine engine, int idx, double* seconds);
links	swmm_link_get_stat_pump_volume	openswmm_links.h	SWMM_ENGINE_API int swmm_link_get_stat_pump_volume(SWMM_Engine engine, int idx, double* volume);
links	swmm_link_get_stat_surcharge_time	openswmm_links.h	SWMM_ENGINE_API int swmm_link_get_stat_surcharge_time(SWMM_Engine engine, int idx, double* val);
links	swmm_link_get_stat_vol_flow	openswmm_links.h	SWMM_ENGINE_API int swmm_link_get_stat_vol_flow(SWMM_Engine engine, int idx, double* val);
links	swmm_link_get_tag	openswmm_links.h	SWMM_ENGINE_API int swmm_link_get_tag(SWMM_Engine engine, int idx, char* buf, int buflen);
links	swmm_link_get_target_setting	openswmm_links.h	SWMM_ENGINE_API int swmm_link_get_target_setting(SWMM_Engine engine, int idx, double* setting);
links	swmm_link_get_target_settings_bulk	openswmm_links.h	SWMM_ENGINE_API int swmm_link_get_target_settings_bulk(SWMM_Engine engine, double* buf, int count);
links	swmm_link_get_to_node	openswmm_links.h	SWMM_ENGINE_API int swmm_link_get_to_node(SWMM_Engine engine, int idx, int* node_idx);
links	swmm_link_get_type	openswmm_links.h	SWMM_ENGINE_API int swmm_link_get_type(SWMM_Engine engine, int idx, int* type);
links	swmm_link_get_velocities_bulk	openswmm_links.h	SWMM_ENGINE_API int swmm_link_get_velocities_bulk(SWMM_Engine engine, double* buf, int count);
links	swmm_link_get_velocity	openswmm_links.h	SWMM_ENGINE_API int swmm_link_get_velocity(SWMM_Engine engine, int idx, double* velocity);
links	swmm_link_get_volume	openswmm_links.h	SWMM_ENGINE_API int swmm_link_get_volume(SWMM_Engine engine, int idx, double* volume);
links	swmm_link_get_volumes_bulk	openswmm_links.h	SWMM_ENGINE_API int swmm_link_get_volumes_bulk(SWMM_Engine engine, double* buf, int count);
links	swmm_link_get_weir_type	openswmm_links.h	SWMM_ENGINE_API int swmm_link_get_weir_type(SWMM_Engine engine, int idx, int* type);
links	swmm_link_get_xsect	openswmm_links.h	SWMM_ENGINE_API int swmm_link_get_xsect(SWMM_Engine engine, int idx, int* shape, double* geom1, double* geom2, double* geom3, double* geom4);
links	swmm_link_id	openswmm_links.h	SWMM_ENGINE_API const char* swmm_link_id(SWMM_Engine engine, int idx);
links	swmm_link_index	openswmm_links.h	SWMM_ENGINE_API int swmm_link_index(SWMM_Engine engine, const char* id);
links	swmm_link_pop_last	openswmm_links.h	SWMM_ENGINE_API int swmm_link_pop_last(SWMM_Engine engine, const char* id);
links	swmm_link_rename	openswmm_links.h	SWMM_ENGINE_API int swmm_link_rename(SWMM_Engine engine, int idx, const char* newId);
links	swmm_link_set_barrels	openswmm_links.h	SWMM_ENGINE_API int swmm_link_set_barrels(SWMM_Engine engine, int idx, int n);
links	swmm_link_set_closed	openswmm_links.h	SWMM_ENGINE_API int swmm_link_set_closed(SWMM_Engine engine, int idx, int closed);
links	swmm_link_set_control_setting	openswmm_links.h	SWMM_ENGINE_API int swmm_link_set_control_setting(SWMM_Engine engine, int idx, double setting);
links	swmm_link_set_crest_height	openswmm_links.h	SWMM_ENGINE_API int swmm_link_set_crest_height(SWMM_Engine engine, int idx, double h);
links	swmm_link_set_culvert_code	openswmm_links.h	SWMM_ENGINE_API int swmm_link_set_culvert_code(SWMM_Engine engine, int idx, int code);
links	swmm_link_set_discharge_coeff	openswmm_links.h	SWMM_ENGINE_API int swmm_link_set_discharge_coeff(SWMM_Engine engine, int idx, double cd);
links	swmm_link_set_end_contractions	openswmm_links.h	SWMM_ENGINE_API int swmm_link_set_end_contractions(SWMM_Engine engine, int idx, double n);
links	swmm_link_set_flap_gate	openswmm_links.h	SWMM_ENGINE_API int swmm_link_set_flap_gate(SWMM_Engine engine, int idx, int has_gate);
links	swmm_link_set_flow	openswmm_links.h	SWMM_ENGINE_API int swmm_link_set_flow(SWMM_Engine engine, int idx, double flow);
links	swmm_link_set_flows_bulk	openswmm_links.h	SWMM_ENGINE_API int swmm_link_set_flows_bulk(SWMM_Engine engine, const double* buf, int count);
links	swmm_link_set_initial_flow	openswmm_links.h	SWMM_ENGINE_API int swmm_link_set_initial_flow(SWMM_Engine engine, int idx, double flow);
links	swmm_link_set_length	openswmm_links.h	SWMM_ENGINE_API int swmm_link_set_length(SWMM_Engine engine, int idx, double length);
links	swmm_link_set_loss_coeff	openswmm_links.h	SWMM_ENGINE_API int swmm_link_set_loss_coeff(SWMM_Engine engine, int idx, double inlet, double outlet, double avg);
links	swmm_link_set_max_flow	openswmm_links.h	SWMM_ENGINE_API int swmm_link_set_max_flow(SWMM_Engine engine, int idx, double flow);
links	swmm_link_set_nodes	openswmm_links.h	SWMM_ENGINE_API int swmm_link_set_nodes(SWMM_Engine engine, int idx, int from_node_idx, int to_node_idx);
links	swmm_link_set_offset_dn	openswmm_links.h	SWMM_ENGINE_API int swmm_link_set_offset_dn(SWMM_Engine engine, int idx, double offset);
links	swmm_link_set_offset_up	openswmm_links.h	SWMM_ENGINE_API int swmm_link_set_offset_up(SWMM_Engine engine, int idx, double offset);
links	swmm_link_set_orifice_open_close_rate	openswmm_links.h	SWMM_ENGINE_API int swmm_link_set_orifice_open_close_rate(SWMM_Engine engine, int idx, double rate);
links	swmm_link_set_orifice_type	openswmm_links.h	SWMM_ENGINE_API int swmm_link_set_orifice_type(SWMM_Engine engine, int idx, int type);
links	swmm_link_set_outlet_expon	openswmm_links.h	SWMM_ENGINE_API int swmm_link_set_outlet_expon(SWMM_Engine engine, int idx, double expon);
links	swmm_link_set_outlet_rating_type	openswmm_links.h	SWMM_ENGINE_API int swmm_link_set_outlet_rating_type(SWMM_Engine engine, int idx, int type);
links	swmm_link_set_pump_curve	openswmm_links.h	SWMM_ENGINE_API int swmm_link_set_pump_curve(SWMM_Engine engine, int idx, int curve_idx);
links	swmm_link_set_pump_init_state	openswmm_links.h	SWMM_ENGINE_API int swmm_link_set_pump_init_state(SWMM_Engine engine, int idx, int on);
links	swmm_link_set_pump_shutoff_depth	openswmm_links.h	SWMM_ENGINE_API int swmm_link_set_pump_shutoff_depth(SWMM_Engine engine, int idx, double depth);
links	swmm_link_set_pump_startup_depth	openswmm_links.h	SWMM_ENGINE_API int swmm_link_set_pump_startup_depth(SWMM_Engine engine, int idx, double depth);
links	swmm_link_set_roughness	openswmm_links.h	SWMM_ENGINE_API int swmm_link_set_roughness(SWMM_Engine engine, int idx, double n);
links	swmm_link_set_seep_rate	openswmm_links.h	SWMM_ENGINE_API int swmm_link_set_seep_rate(SWMM_Engine engine, int idx, double rate);
links	swmm_link_set_tag	openswmm_links.h	SWMM_ENGINE_API int swmm_link_set_tag(SWMM_Engine engine, int idx, const char* tag);
links	swmm_link_set_target_setting	openswmm_links.h	SWMM_ENGINE_API int swmm_link_set_target_setting(SWMM_Engine engine, int idx, double setting);
links	swmm_link_set_weir_type	openswmm_links.h	SWMM_ENGINE_API int swmm_link_set_weir_type(SWMM_Engine engine, int idx, int type);
links	swmm_link_set_xsect	openswmm_links.h	SWMM_ENGINE_API int swmm_link_set_xsect(SWMM_Engine engine, int idx, int shape, double geom1, double geom2, double geom3, double geom4);
massbalance	swmm_get_max_courant	openswmm_massbalance.h	SWMM_ENGINE_API int swmm_get_max_courant(SWMM_Engine engine, double* max_courant);
massbalance	swmm_get_quality_continuity_error	openswmm_massbalance.h	SWMM_ENGINE_API int swmm_get_quality_continuity_error(SWMM_Engine engine, int pollutant_idx, double* error);
massbalance	swmm_get_quality_evap_loss	openswmm_massbalance.h	SWMM_ENGINE_API int swmm_get_quality_evap_loss(SWMM_Engine engine, int pollutant_idx, double* mass);
massbalance	swmm_get_quality_seep_loss	openswmm_massbalance.h	SWMM_ENGINE_API int swmm_get_quality_seep_loss(SWMM_Engine engine, int pollutant_idx, double* mass);
massbalance	swmm_get_routing_continuity_error	openswmm_massbalance.h	SWMM_ENGINE_API int swmm_get_routing_continuity_error(SWMM_Engine engine, double* error);
massbalance	swmm_get_routing_stats	openswmm_massbalance.h	SWMM_ENGINE_API int swmm_get_routing_stats(SWMM_Engine engine, double* avg_step, double* min_step, double* max_step, int* n_steps, double* pct_non_converged, double* avg_iterations, double* max_courant);
massbalance	swmm_get_routing_total	openswmm_massbalance.h	SWMM_ENGINE_API int swmm_get_routing_total(SWMM_Engine engine, int component, double* volume);
massbalance	swmm_get_runoff_continuity_error	openswmm_massbalance.h	SWMM_ENGINE_API int swmm_get_runoff_continuity_error (SWMM_Engine engine, double* error);
massbalance	swmm_get_runoff_total	openswmm_massbalance.h	SWMM_ENGINE_API int swmm_get_runoff_total (SWMM_Engine engine, int component, double* volume);
model	swmm_engine_new	openswmm_model.h	SWMM_ENGINE_API SWMM_Engine swmm_engine_new(void);
model	swmm_file_path_get	openswmm_model.h	SWMM_ENGINE_API int swmm_file_path_get(SWMM_Engine engine, SWMM_FilePathRole role, const char* owner, char* absolute_buf, int absolute_buflen, char* original_buf, int original_buflen);
model	swmm_file_path_set	openswmm_model.h	SWMM_ENGINE_API int swmm_file_path_set(SWMM_Engine engine, SWMM_FilePathRole role, const char* owner, const char* new_path);
model	swmm_files_get	openswmm_model.h	SWMM_ENGINE_API int swmm_files_get(SWMM_Engine engine, const char* key, char* buf, int buflen);
model	swmm_files_set	openswmm_model.h	SWMM_ENGINE_API int swmm_files_set(SWMM_Engine engine, const char* key, const char* value);
model	swmm_finalize_model	openswmm_model.h	SWMM_ENGINE_API int swmm_finalize_model(SWMM_Engine engine);
model	swmm_get_crs	openswmm_model.h	SWMM_ENGINE_API int swmm_get_crs(SWMM_Engine engine, char* buf, int buflen);
model	swmm_model_write	openswmm_model.h	SWMM_ENGINE_API int swmm_model_write(SWMM_Engine engine, const char* new_inp_path);
model	swmm_model_write_with_plugin	openswmm_model.h	SWMM_ENGINE_API int swmm_model_write_with_plugin(SWMM_Engine engine, const char* new_path, const char* output_plugin_id);
model	swmm_options_get	openswmm_model.h	SWMM_ENGINE_API int swmm_options_get( SWMM_Engine engine, const char* key, char* buf, int buflen );
model	swmm_options_get_end_date	openswmm_model.h	SWMM_ENGINE_API int swmm_options_get_end_date(SWMM_Engine engine, double* value);
model	swmm_options_get_ext	openswmm_model.h	SWMM_ENGINE_API int swmm_options_get_ext( SWMM_Engine engine, const char* key, char* buf, int buflen );
model	swmm_options_get_report_start	openswmm_model.h	SWMM_ENGINE_API int swmm_options_get_report_start(SWMM_Engine engine, double* value);
model	swmm_options_get_start_date	openswmm_model.h	SWMM_ENGINE_API int swmm_options_get_start_date(SWMM_Engine engine, double* value);
model	swmm_options_set	openswmm_model.h	SWMM_ENGINE_API int swmm_options_set( SWMM_Engine engine, const char* key, const char* value );
model	swmm_options_set_end_date	openswmm_model.h	SWMM_ENGINE_API int swmm_options_set_end_date(SWMM_Engine engine, double value);
model	swmm_options_set_ext	openswmm_model.h	SWMM_ENGINE_API int swmm_options_set_ext( SWMM_Engine engine, const char* key, const char* value );
model	swmm_options_set_report_start	openswmm_model.h	SWMM_ENGINE_API int swmm_options_set_report_start(SWMM_Engine engine, double value);
model	swmm_options_set_start_date	openswmm_model.h	SWMM_ENGINE_API int swmm_options_set_start_date(SWMM_Engine engine, double value);
model	swmm_plugin_get	openswmm_model.h	SWMM_ENGINE_API int swmm_plugin_get(SWMM_Engine engine, int idx, char* path_buf, int path_buf_sz, char* args_buf, int args_buf_sz);
model	swmm_plugin_remove	openswmm_model.h	SWMM_ENGINE_API int swmm_plugin_remove(SWMM_Engine engine, const char* path_or_id);
model	swmm_plugin_set	openswmm_model.h	SWMM_ENGINE_API int swmm_plugin_set(SWMM_Engine engine, const char* path_or_id, const char* args);
model	swmm_plugins_count	openswmm_model.h	SWMM_ENGINE_API int swmm_plugins_count(SWMM_Engine engine, int* count);
model	swmm_title_add_line	openswmm_model.h	SWMM_ENGINE_API int swmm_title_add_line(SWMM_Engine engine, const char* line);
model	swmm_title_clear	openswmm_model.h	SWMM_ENGINE_API int swmm_title_clear(SWMM_Engine engine);
model	swmm_title_get_count	openswmm_model.h	SWMM_ENGINE_API int swmm_title_get_count(SWMM_Engine engine, int* count);
model	swmm_title_get_line	openswmm_model.h	SWMM_ENGINE_API int swmm_title_get_line( SWMM_Engine engine, int index, char* buf, int buflen );
model	swmm_title_set	openswmm_model.h	SWMM_ENGINE_API int swmm_title_set(SWMM_Engine engine, const char* text);
model	swmm_userflag_def_count	openswmm_model.h	SWMM_ENGINE_API int swmm_userflag_def_count(SWMM_Engine engine, int* count);
model	swmm_userflag_def_get	openswmm_model.h	SWMM_ENGINE_API int swmm_userflag_def_get( SWMM_Engine engine, int index, char* name_buf, int name_buflen, int* type, char* desc_buf, int desc_buflen );
model	swmm_userflag_define	openswmm_model.h	SWMM_ENGINE_API int swmm_userflag_define( SWMM_Engine engine, const char* name, int type, const char* description );
model	swmm_userflag_get_bool	openswmm_model.h	SWMM_ENGINE_API int swmm_userflag_get_bool(SWMM_Engine engine, const char* name, int* value);
model	swmm_userflag_get_int	openswmm_model.h	SWMM_ENGINE_API int swmm_userflag_get_int (SWMM_Engine engine, const char* name, int* value);
model	swmm_userflag_get_real	openswmm_model.h	SWMM_ENGINE_API int swmm_userflag_get_real(SWMM_Engine engine, const char* name, double* value);
model	swmm_userflag_set_bool	openswmm_model.h	SWMM_ENGINE_API int swmm_userflag_set_bool(SWMM_Engine engine, const char* name, int value);
model	swmm_userflag_set_int	openswmm_model.h	SWMM_ENGINE_API int swmm_userflag_set_int (SWMM_Engine engine, const char* name, int value);
model	swmm_userflag_set_real	openswmm_model.h	SWMM_ENGINE_API int swmm_userflag_set_real(SWMM_Engine engine, const char* name, double value);
model	swmm_userflag_undefine	openswmm_model.h	SWMM_ENGINE_API int swmm_userflag_undefine(SWMM_Engine engine, const char* name);
model	swmm_userflag_value_clear	openswmm_model.h	SWMM_ENGINE_API int swmm_userflag_value_clear( SWMM_Engine engine, const char* obj_type, const char* obj_name, const char* flag_name );
model	swmm_userflag_value_get	openswmm_model.h	SWMM_ENGINE_API int swmm_userflag_value_get( SWMM_Engine engine, const char* obj_type, const char* obj_name, const char* flag_name, char* buf, int buflen, int* found );
model	swmm_userflag_value_set	openswmm_model.h	SWMM_ENGINE_API int swmm_userflag_value_set( SWMM_Engine engine, const char* obj_type, const char* obj_name, const char* flag_name, const char* value );
model	swmm_validate_model	openswmm_model.h	SWMM_ENGINE_API int swmm_validate_model(SWMM_Engine engine);
nodes	swmm_node_add	openswmm_nodes.h	SWMM_ENGINE_API int swmm_node_add(SWMM_Engine engine, const char* id, int type);
nodes	swmm_node_count	openswmm_nodes.h	SWMM_ENGINE_API int swmm_node_count(SWMM_Engine engine);
nodes	swmm_node_get_crown_elev	openswmm_nodes.h	SWMM_ENGINE_API int swmm_node_get_crown_elev(SWMM_Engine engine, int idx, double* elev);
nodes	swmm_node_get_degree	openswmm_nodes.h	SWMM_ENGINE_API int swmm_node_get_degree(SWMM_Engine engine, int idx, int* degree);
nodes	swmm_node_get_depth	openswmm_nodes.h	SWMM_ENGINE_API int swmm_node_get_depth(SWMM_Engine engine, int idx, double* depth);
nodes	swmm_node_get_depth_from_volume	openswmm_nodes.h	SWMM_ENGINE_API int swmm_node_get_depth_from_volume(SWMM_Engine engine, int idx, double volume, double* depth);
nodes	swmm_node_get_depths_bulk	openswmm_nodes.h	SWMM_ENGINE_API int swmm_node_get_depths_bulk(SWMM_Engine engine, double* buf, int count);
nodes	swmm_node_get_divider_type	openswmm_nodes.h	SWMM_ENGINE_API int swmm_node_get_divider_type(SWMM_Engine engine, int idx, int* type);
nodes	swmm_node_get_exfil_params	openswmm_nodes.h	SWMM_ENGINE_API int swmm_node_get_exfil_params(SWMM_Engine engine, int idx, double* suction, double* ksat, double* imd);
nodes	swmm_node_get_full_volume	openswmm_nodes.h	SWMM_ENGINE_API int swmm_node_get_full_volume(SWMM_Engine engine, int idx, double* vol);
nodes	swmm_node_get_head	openswmm_nodes.h	SWMM_ENGINE_API int swmm_node_get_head(SWMM_Engine engine, int idx, double* head);
nodes	swmm_node_get_heads_bulk	openswmm_nodes.h	SWMM_ENGINE_API int swmm_node_get_heads_bulk(SWMM_Engine engine, double* buf, int count);
nodes	swmm_node_get_ids_bulk	openswmm_nodes.h	SWMM_ENGINE_API int swmm_node_get_ids_bulk(SWMM_Engine engine, char* buf, int stride, int count);
nodes	swmm_node_get_inflow	openswmm_nodes.h	SWMM_ENGINE_API int swmm_node_get_inflow(SWMM_Engine engine, int idx, double* inflow);
nodes	swmm_node_get_inflows_bulk	openswmm_nodes.h	SWMM_ENGINE_API int swmm_node_get_inflows_bulk(SWMM_Engine engine, double* buf, int count);
nodes	swmm_node_get_initial_depth	openswmm_nodes.h	SWMM_ENGINE_API int swmm_node_get_initial_depth(SWMM_Engine engine, int idx, double* depth);
nodes	swmm_node_get_invert_elev	openswmm_nodes.h	SWMM_ENGINE_API int swmm_node_get_invert_elev(SWMM_Engine engine, int idx, double* elev);
nodes	swmm_node_get_lateral_inflow	openswmm_nodes.h	SWMM_ENGINE_API int swmm_node_get_lateral_inflow(SWMM_Engine engine, int idx, double* inflow);
nodes	swmm_node_get_lateral_inflows_bulk	openswmm_nodes.h	SWMM_ENGINE_API int swmm_node_get_lateral_inflows_bulk(SWMM_Engine engine, double* buf, int count);
nodes	swmm_node_get_losses	openswmm_nodes.h	SWMM_ENGINE_API int swmm_node_get_losses(SWMM_Engine engine, int idx, double* losses);
nodes	swmm_node_get_losses_bulk	openswmm_nodes.h	SWMM_ENGINE_API int swmm_node_get_losses_bulk(SWMM_Engine engine, double* buf, int count);
nodes	swmm_node_get_max_depth	openswmm_nodes.h	SWMM_ENGINE_API int swmm_node_get_max_depth(SWMM_Engine engine, int idx, double* depth);
nodes	swmm_node_get_outfall_flap_gate	openswmm_nodes.h	SWMM_ENGINE_API int swmm_node_get_outfall_flap_gate(SWMM_Engine engine, int idx, int* has_gate);
nodes	swmm_node_get_outfall_param	openswmm_nodes.h	SWMM_ENGINE_API int swmm_node_get_outfall_param(SWMM_Engine engine, int idx, double* param);
nodes	swmm_node_get_outfall_route_to	openswmm_nodes.h	SWMM_ENGINE_API int swmm_node_get_outfall_route_to(SWMM_Engine engine, int idx, int* subcatch_idx);
nodes	swmm_node_get_outfall_tidal	openswmm_nodes.h	SWMM_ENGINE_API int swmm_node_get_outfall_tidal(SWMM_Engine engine, int idx, int* curve_idx);
nodes	swmm_node_get_outfall_timeseries	openswmm_nodes.h	SWMM_ENGINE_API int swmm_node_get_outfall_timeseries(SWMM_Engine engine, int idx, int* ts_idx);
nodes	swmm_node_get_outfall_type	openswmm_nodes.h	SWMM_ENGINE_API int swmm_node_get_outfall_type(SWMM_Engine engine, int idx, int* type);
nodes	swmm_node_get_outflow	openswmm_nodes.h	SWMM_ENGINE_API int swmm_node_get_outflow(SWMM_Engine engine, int idx, double* outflow);
nodes	swmm_node_get_outflows_bulk	openswmm_nodes.h	SWMM_ENGINE_API int swmm_node_get_outflows_bulk(SWMM_Engine engine, double* buf, int count);
nodes	swmm_node_get_overflow	openswmm_nodes.h	SWMM_ENGINE_API int swmm_node_get_overflow(SWMM_Engine engine, int idx, double* overflow);
nodes	swmm_node_get_overflows_bulk	openswmm_nodes.h	SWMM_ENGINE_API int swmm_node_get_overflows_bulk(SWMM_Engine engine, double* buf, int count);
nodes	swmm_node_get_ponded_area	openswmm_nodes.h	SWMM_ENGINE_API int swmm_node_get_ponded_area(SWMM_Engine engine, int idx, double* area);
nodes	swmm_node_get_quality	openswmm_nodes.h	SWMM_ENGINE_API int swmm_node_get_quality(SWMM_Engine engine, int node_idx, int pollutant_idx, double* conc);
nodes	swmm_node_get_quality_bulk	openswmm_nodes.h	SWMM_ENGINE_API int swmm_node_get_quality_bulk(SWMM_Engine engine, int pollutant_idx, double* buf, int count);
nodes	swmm_node_get_stat_max_depth	openswmm_nodes.h	SWMM_ENGINE_API int swmm_node_get_stat_max_depth(SWMM_Engine engine, int idx, double* val);
nodes	swmm_node_get_stat_max_overflow	openswmm_nodes.h	SWMM_ENGINE_API int swmm_node_get_stat_max_overflow(SWMM_Engine engine, int idx, double* val);
nodes	swmm_node_get_stat_time_flooded	openswmm_nodes.h	SWMM_ENGINE_API int swmm_node_get_stat_time_flooded(SWMM_Engine engine, int idx, double* val);
nodes	swmm_node_get_stat_vol_flooded	openswmm_nodes.h	SWMM_ENGINE_API int swmm_node_get_stat_vol_flooded(SWMM_Engine engine, int idx, double* val);
nodes	swmm_node_get_storage_curve	openswmm_nodes.h	SWMM_ENGINE_API int swmm_node_get_storage_curve(SWMM_Engine engine, int idx, int* curve_idx);
nodes	swmm_node_get_storage_functional	openswmm_nodes.h	SWMM_ENGINE_API int swmm_node_get_storage_functional(SWMM_Engine engine, int idx, double* a, double* b, double* c);
nodes	swmm_node_get_storage_seep_rate	openswmm_nodes.h	SWMM_ENGINE_API int swmm_node_get_storage_seep_rate(SWMM_Engine engine, int idx, double* rate);
nodes	swmm_node_get_surcharge_depth	openswmm_nodes.h	SWMM_ENGINE_API int swmm_node_get_surcharge_depth(SWMM_Engine engine, int idx, double* depth);
nodes	swmm_node_get_tag	openswmm_nodes.h	SWMM_ENGINE_API int swmm_node_get_tag(SWMM_Engine engine, int idx, char* buf, int buflen);
nodes	swmm_node_get_type	openswmm_nodes.h	SWMM_ENGINE_API int swmm_node_get_type(SWMM_Engine engine, int idx, int* type);
nodes	swmm_node_get_volume	openswmm_nodes.h	SWMM_ENGINE_API int swmm_node_get_volume(SWMM_Engine engine, int idx, double* volume);
nodes	swmm_node_get_volumes_bulk	openswmm_nodes.h	SWMM_ENGINE_API int swmm_node_get_volumes_bulk(SWMM_Engine engine, double* buf, int count);
nodes	swmm_node_id	openswmm_nodes.h	SWMM_ENGINE_API const char* swmm_node_id(SWMM_Engine engine, int idx);
nodes	swmm_node_index	openswmm_nodes.h	SWMM_ENGINE_API int swmm_node_index(SWMM_Engine engine, const char* id);
nodes	swmm_node_pop_last	openswmm_nodes.h	SWMM_ENGINE_API int swmm_node_pop_last(SWMM_Engine engine, const char* id);
nodes	swmm_node_rename	openswmm_nodes.h	SWMM_ENGINE_API int swmm_node_rename(SWMM_Engine engine, int idx, const char* newId);
nodes	swmm_node_set_depth	openswmm_nodes.h	SWMM_ENGINE_API int swmm_node_set_depth(SWMM_Engine engine, int idx, double depth);
nodes	swmm_node_set_depths_bulk	openswmm_nodes.h	SWMM_ENGINE_API int swmm_node_set_depths_bulk(SWMM_Engine engine, const double* buf, int count);
nodes	swmm_node_set_divider_type	openswmm_nodes.h	SWMM_ENGINE_API int swmm_node_set_divider_type(SWMM_Engine engine, int idx, int type);
nodes	swmm_node_set_exfil_params	openswmm_nodes.h	SWMM_ENGINE_API int swmm_node_set_exfil_params(SWMM_Engine engine, int idx, double suction, double ksat, double imd);
nodes	swmm_node_set_head_boundary	openswmm_nodes.h	SWMM_ENGINE_API int swmm_node_set_head_boundary(SWMM_Engine engine, int idx, double head);
nodes	swmm_node_set_initial_depth	openswmm_nodes.h	SWMM_ENGINE_API int swmm_node_set_initial_depth(SWMM_Engine engine, int idx, double depth);
nodes	swmm_node_set_invert_elev	openswmm_nodes.h	SWMM_ENGINE_API int swmm_node_set_invert_elev(SWMM_Engine engine, int idx, double elev);
nodes	swmm_node_set_lat_inflows_bulk	openswmm_nodes.h	SWMM_ENGINE_API int swmm_node_set_lat_inflows_bulk(SWMM_Engine engine, const double* buf, int count);
nodes	swmm_node_set_lateral_inflow	openswmm_nodes.h	SWMM_ENGINE_API int swmm_node_set_lateral_inflow(SWMM_Engine engine, int idx, double flow);
nodes	swmm_node_set_max_depth	openswmm_nodes.h	SWMM_ENGINE_API int swmm_node_set_max_depth(SWMM_Engine engine, int idx, double depth);
nodes	swmm_node_set_outfall_flap_gate	openswmm_nodes.h	SWMM_ENGINE_API int swmm_node_set_outfall_flap_gate(SWMM_Engine engine, int idx, int has_gate);
nodes	swmm_node_set_outfall_route_to	openswmm_nodes.h	SWMM_ENGINE_API int swmm_node_set_outfall_route_to(SWMM_Engine engine, int idx, int subcatch_idx);
nodes	swmm_node_set_outfall_stage	openswmm_nodes.h	SWMM_ENGINE_API int swmm_node_set_outfall_stage(SWMM_Engine engine, int idx, double stage);
nodes	swmm_node_set_outfall_tidal	openswmm_nodes.h	SWMM_ENGINE_API int swmm_node_set_outfall_tidal(SWMM_Engine engine, int idx, int curve_idx);
nodes	swmm_node_set_outfall_timeseries	openswmm_nodes.h	SWMM_ENGINE_API int swmm_node_set_outfall_timeseries(SWMM_Engine engine, int idx, int ts_idx);
nodes	swmm_node_set_outfall_type	openswmm_nodes.h	SWMM_ENGINE_API int swmm_node_set_outfall_type(SWMM_Engine engine, int idx, int type);
nodes	swmm_node_set_pond_area	openswmm_nodes.h	SWMM_ENGINE_API int swmm_node_set_pond_area(SWMM_Engine engine, int idx, double area);
nodes	swmm_node_set_quality_mass_flux	openswmm_nodes.h	SWMM_ENGINE_API int swmm_node_set_quality_mass_flux(SWMM_Engine engine, int node_idx, int pollutant_idx, double mass_rate);
nodes	swmm_node_set_storage_curve	openswmm_nodes.h	SWMM_ENGINE_API int swmm_node_set_storage_curve(SWMM_Engine engine, int idx, int curve_idx);
nodes	swmm_node_set_storage_functional	openswmm_nodes.h	SWMM_ENGINE_API int swmm_node_set_storage_functional(SWMM_Engine engine, int idx, double a, double b, double c);
nodes	swmm_node_set_storage_seep_rate	openswmm_nodes.h	SWMM_ENGINE_API int swmm_node_set_storage_seep_rate(SWMM_Engine engine, int idx, double rate);
nodes	swmm_node_set_surcharge_depth	openswmm_nodes.h	SWMM_ENGINE_API int swmm_node_set_surcharge_depth(SWMM_Engine engine, int idx, double depth);
nodes	swmm_node_set_tag	openswmm_nodes.h	SWMM_ENGINE_API int swmm_node_set_tag(SWMM_Engine engine, int idx, const char* tag);
output	swmm_output_close	openswmm_output.h	SWMM_ENGINE_API void swmm_output_close(SWMM_Output handle);
output	swmm_output_get_error_code	openswmm_output.h	SWMM_ENGINE_API int swmm_output_get_error_code(SWMM_Output handle);
output	swmm_output_get_flow_units	openswmm_output.h	SWMM_ENGINE_API int swmm_output_get_flow_units(SWMM_Output handle);
output	swmm_output_get_link_attribute	openswmm_output.h	SWMM_ENGINE_API int swmm_output_get_link_attribute(SWMM_Output handle, int link_idx, int period, float* values, int* count);
output	swmm_output_get_link_count	openswmm_output.h	SWMM_ENGINE_API int swmm_output_get_link_count(SWMM_Output handle);
output	swmm_output_get_link_id	openswmm_output.h	SWMM_ENGINE_API const char* swmm_output_get_link_id(SWMM_Output handle, int index);
output	swmm_output_get_link_result	openswmm_output.h	SWMM_ENGINE_API int swmm_output_get_link_result(SWMM_Output handle, int period, int var, float* values);
output	swmm_output_get_link_series	openswmm_output.h	SWMM_ENGINE_API int swmm_output_get_link_series(SWMM_Output handle, int link_idx, int var, int start_period, int end_period, float* values);
output	swmm_output_get_node_attribute	openswmm_output.h	SWMM_ENGINE_API int swmm_output_get_node_attribute(SWMM_Output handle, int node_idx, int period, float* values, int* count);
output	swmm_output_get_node_count	openswmm_output.h	SWMM_ENGINE_API int swmm_output_get_node_count(SWMM_Output handle);
output	swmm_output_get_node_id	openswmm_output.h	SWMM_ENGINE_API const char* swmm_output_get_node_id(SWMM_Output handle, int index);
output	swmm_output_get_node_result	openswmm_output.h	SWMM_ENGINE_API int swmm_output_get_node_result(SWMM_Output handle, int period, int var, float* values);
output	swmm_output_get_node_series	openswmm_output.h	SWMM_ENGINE_API int swmm_output_get_node_series(SWMM_Output handle, int node_idx, int var, int start_period, int end_period, float* values);
output	swmm_output_get_node_stat_max_depth	openswmm_output.h	SWMM_ENGINE_API int swmm_output_get_node_stat_max_depth(SWMM_Output handle, int node_idx, double* value);
output	swmm_output_get_node_stat_max_overflow	openswmm_output.h	SWMM_ENGINE_API int swmm_output_get_node_stat_max_overflow(SWMM_Output handle, int node_idx, double* value);
output	swmm_output_get_node_stat_time_flooded	openswmm_output.h	SWMM_ENGINE_API int swmm_output_get_node_stat_time_flooded(SWMM_Output handle, int node_idx, double* value);
output	swmm_output_get_node_stat_vol_flooded	openswmm_output.h	SWMM_ENGINE_API int swmm_output_get_node_stat_vol_flooded(SWMM_Output handle, int node_idx, double* value);
output	swmm_output_get_period_count	openswmm_output.h	SWMM_ENGINE_API int swmm_output_get_period_count(SWMM_Output handle);
output	swmm_output_get_period_time	openswmm_output.h	SWMM_ENGINE_API int swmm_output_get_period_time(SWMM_Output handle, int period, double* time);
output	swmm_output_get_pollut_count	openswmm_output.h	SWMM_ENGINE_API int swmm_output_get_pollut_count(SWMM_Output handle);
output	swmm_output_get_report_step	openswmm_output.h	SWMM_ENGINE_API int swmm_output_get_report_step(SWMM_Output handle);
output	swmm_output_get_start_date	openswmm_output.h	SWMM_ENGINE_API int swmm_output_get_start_date(SWMM_Output handle, double* start_date);
output	swmm_output_get_subcatch_attribute	openswmm_output.h	SWMM_ENGINE_API int swmm_output_get_subcatch_attribute(SWMM_Output handle, int subcatch_idx, int period, float* values, int* count);
output	swmm_output_get_subcatch_count	openswmm_output.h	SWMM_ENGINE_API int swmm_output_get_subcatch_count(SWMM_Output handle);
output	swmm_output_get_subcatch_id	openswmm_output.h	SWMM_ENGINE_API const char* swmm_output_get_subcatch_id(SWMM_Output handle, int index);
output	swmm_output_get_subcatch_result	openswmm_output.h	SWMM_ENGINE_API int swmm_output_get_subcatch_result(SWMM_Output handle, int period, int var, float* values);
output	swmm_output_get_subcatch_series	openswmm_output.h	SWMM_ENGINE_API int swmm_output_get_subcatch_series(SWMM_Output handle, int subcatch_idx, int var, int start_period, int end_period, float* values);
output	swmm_output_get_system_result	openswmm_output.h	SWMM_ENGINE_API int swmm_output_get_system_result(SWMM_Output handle, int period, int var, float* value);
output	swmm_output_get_system_series	openswmm_output.h	SWMM_ENGINE_API int swmm_output_get_system_series(SWMM_Output handle, int var, int start_period, int end_period, float* values);
output	swmm_output_get_version	openswmm_output.h	SWMM_ENGINE_API int swmm_output_get_version(SWMM_Output handle);
output	swmm_output_open	openswmm_output.h	SWMM_ENGINE_API SWMM_Output swmm_output_open(const char* path);
pollutants	swmm_link_set_quality	openswmm_pollutants.h	SWMM_ENGINE_API int swmm_link_set_quality(SWMM_Engine engine, int link_idx, int pollut_idx, double conc);
pollutants	swmm_node_set_quality	openswmm_pollutants.h	SWMM_ENGINE_API int swmm_node_set_quality(SWMM_Engine engine, int node_idx, int pollut_idx, double conc);
pollutants	swmm_pollutant_add	openswmm_pollutants.h	SWMM_ENGINE_API int swmm_pollutant_add(SWMM_Engine engine, const char* id, int units);
pollutants	swmm_pollutant_count	openswmm_pollutants.h	SWMM_ENGINE_API int swmm_pollutant_count(SWMM_Engine engine);
pollutants	swmm_pollutant_get_co_pollutant	openswmm_pollutants.h	SWMM_ENGINE_API int swmm_pollutant_get_co_pollutant(SWMM_Engine engine, int idx, int* co_idx, double* frac);
pollutants	swmm_pollutant_get_dwf_conc	openswmm_pollutants.h	SWMM_ENGINE_API int swmm_pollutant_get_dwf_conc(SWMM_Engine engine, int idx, double* conc);
pollutants	swmm_pollutant_get_gw_conc	openswmm_pollutants.h	SWMM_ENGINE_API int swmm_pollutant_get_gw_conc(SWMM_Engine engine, int idx, double* conc);
pollutants	swmm_pollutant_get_init_conc	openswmm_pollutants.h	SWMM_ENGINE_API int swmm_pollutant_get_init_conc(SWMM_Engine engine, int idx, double* conc);
pollutants	swmm_pollutant_get_kdecay	openswmm_pollutants.h	SWMM_ENGINE_API int swmm_pollutant_get_kdecay(SWMM_Engine engine, int idx, double* k);
pollutants	swmm_pollutant_get_mwt	openswmm_pollutants.h	SWMM_ENGINE_API int swmm_pollutant_get_mwt(SWMM_Engine engine, int idx, double* mwt);
pollutants	swmm_pollutant_get_rain_conc	openswmm_pollutants.h	SWMM_ENGINE_API int swmm_pollutant_get_rain_conc(SWMM_Engine engine, int idx, double* conc);
pollutants	swmm_pollutant_get_rdii_conc	openswmm_pollutants.h	SWMM_ENGINE_API int swmm_pollutant_get_rdii_conc(SWMM_Engine engine, int idx, double* conc);
pollutants	swmm_pollutant_get_snow_only	openswmm_pollutants.h	SWMM_ENGINE_API int swmm_pollutant_get_snow_only(SWMM_Engine engine, int idx, int* flag);
pollutants	swmm_pollutant_get_units	openswmm_pollutants.h	SWMM_ENGINE_API int swmm_pollutant_get_units(SWMM_Engine engine, int idx, int* units);
pollutants	swmm_pollutant_id	openswmm_pollutants.h	SWMM_ENGINE_API const char* swmm_pollutant_id(SWMM_Engine engine, int idx);
pollutants	swmm_pollutant_index	openswmm_pollutants.h	SWMM_ENGINE_API int swmm_pollutant_index(SWMM_Engine engine, const char* id);
pollutants	swmm_pollutant_set_co_pollutant	openswmm_pollutants.h	SWMM_ENGINE_API int swmm_pollutant_set_co_pollutant(SWMM_Engine engine, int idx, int co_idx, double frac);
pollutants	swmm_pollutant_set_dwf_conc	openswmm_pollutants.h	SWMM_ENGINE_API int swmm_pollutant_set_dwf_conc(SWMM_Engine engine, int idx, double conc);
pollutants	swmm_pollutant_set_gw_conc	openswmm_pollutants.h	SWMM_ENGINE_API int swmm_pollutant_set_gw_conc(SWMM_Engine engine, int idx, double conc);
pollutants	swmm_pollutant_set_init_conc	openswmm_pollutants.h	SWMM_ENGINE_API int swmm_pollutant_set_init_conc(SWMM_Engine engine, int idx, double conc);
pollutants	swmm_pollutant_set_kdecay	openswmm_pollutants.h	SWMM_ENGINE_API int swmm_pollutant_set_kdecay(SWMM_Engine engine, int idx, double k);
pollutants	swmm_pollutant_set_mwt	openswmm_pollutants.h	SWMM_ENGINE_API int swmm_pollutant_set_mwt(SWMM_Engine engine, int idx, double mwt);
pollutants	swmm_pollutant_set_rain_conc	openswmm_pollutants.h	SWMM_ENGINE_API int swmm_pollutant_set_rain_conc(SWMM_Engine engine, int idx, double conc);
pollutants	swmm_pollutant_set_rdii_conc	openswmm_pollutants.h	SWMM_ENGINE_API int swmm_pollutant_set_rdii_conc(SWMM_Engine engine, int idx, double conc);
pollutants	swmm_pollutant_set_snow_only	openswmm_pollutants.h	SWMM_ENGINE_API int swmm_pollutant_set_snow_only(SWMM_Engine engine, int idx, int flag);
pollutants	swmm_pollutant_set_units	openswmm_pollutants.h	SWMM_ENGINE_API int swmm_pollutant_set_units(SWMM_Engine engine, int idx, int units);
quality	swmm_buildup_get	openswmm_quality.h	SWMM_ENGINE_API int swmm_buildup_get(SWMM_Engine engine, int lu_idx, int pollut_idx, int* func_type, double* c1, double* c2, double* c3, int* normalizer);
quality	swmm_buildup_set	openswmm_quality.h	SWMM_ENGINE_API int swmm_buildup_set(SWMM_Engine engine, int lu_idx, int pollut_idx, int func_type, double c1, double c2, double c3, int normalizer);
quality	swmm_landuse_add	openswmm_quality.h	SWMM_ENGINE_API int swmm_landuse_add(SWMM_Engine engine, const char* id);
quality	swmm_landuse_count	openswmm_quality.h	SWMM_ENGINE_API int swmm_landuse_count(SWMM_Engine engine);
quality	swmm_landuse_get_sweep_interval	openswmm_quality.h	SWMM_ENGINE_API int swmm_landuse_get_sweep_interval(SWMM_Engine engine, int idx, double* days);
quality	swmm_landuse_get_sweep_removal	openswmm_quality.h	SWMM_ENGINE_API int swmm_landuse_get_sweep_removal(SWMM_Engine engine, int idx, double* frac);
quality	swmm_landuse_id	openswmm_quality.h	SWMM_ENGINE_API const char* swmm_landuse_id (SWMM_Engine engine, int idx);
quality	swmm_landuse_index	openswmm_quality.h	SWMM_ENGINE_API int swmm_landuse_index(SWMM_Engine engine, const char* id);
quality	swmm_landuse_set_sweep_interval	openswmm_quality.h	SWMM_ENGINE_API int swmm_landuse_set_sweep_interval(SWMM_Engine engine, int idx, double days);
quality	swmm_landuse_set_sweep_removal	openswmm_quality.h	SWMM_ENGINE_API int swmm_landuse_set_sweep_removal(SWMM_Engine engine, int idx, double frac);
quality	swmm_treatment_clear	openswmm_quality.h	SWMM_ENGINE_API int swmm_treatment_clear(SWMM_Engine engine, int node_idx, int pollut_idx);
quality	swmm_treatment_get	openswmm_quality.h	SWMM_ENGINE_API int swmm_treatment_get(SWMM_Engine engine, int node_idx, int pollut_idx, char* buf, int buflen);
quality	swmm_treatment_set	openswmm_quality.h	SWMM_ENGINE_API int swmm_treatment_set(SWMM_Engine engine, int node_idx, int pollut_idx, const char* expression);
quality	swmm_washoff_get	openswmm_quality.h	SWMM_ENGINE_API int swmm_washoff_get(SWMM_Engine engine, int lu_idx, int pollut_idx, int* func_type, double* coeff, double* expon, double* sweep_effic, double* bmp_effic);
quality	swmm_washoff_set	openswmm_quality.h	SWMM_ENGINE_API int swmm_washoff_set(SWMM_Engine engine, int lu_idx, int pollut_idx, int func_type, double coeff, double expon, double sweep_effic, double bmp_effic);
spatial	swmm_spatial_get_crs	openswmm_spatial.h	SWMM_ENGINE_API int swmm_spatial_get_crs(SWMM_Engine engine, char* buf, int buflen);
spatial	swmm_spatial_get_gage_coord	openswmm_spatial.h	SWMM_ENGINE_API int swmm_spatial_get_gage_coord(SWMM_Engine engine, int idx, double* x, double* y);
spatial	swmm_spatial_get_link_coord	openswmm_spatial.h	SWMM_ENGINE_API int swmm_spatial_get_link_coord(SWMM_Engine engine, int idx, double* x, double* y);
spatial	swmm_spatial_get_link_vertex_count	openswmm_spatial.h	SWMM_ENGINE_API int swmm_spatial_get_link_vertex_count(SWMM_Engine engine, int idx, int* count);
spatial	swmm_spatial_get_link_vertices	openswmm_spatial.h	SWMM_ENGINE_API int swmm_spatial_get_link_vertices(SWMM_Engine engine, int idx, double* x, double* y, int max_count);
spatial	swmm_spatial_get_node_coord	openswmm_spatial.h	SWMM_ENGINE_API int swmm_spatial_get_node_coord(SWMM_Engine engine, int idx, double* x, double* y);
spatial	swmm_spatial_get_node_coords_bulk	openswmm_spatial.h	SWMM_ENGINE_API int swmm_spatial_get_node_coords_bulk(SWMM_Engine engine, double* x_buf, double* y_buf, int count);
spatial	swmm_spatial_get_subcatch_coord	openswmm_spatial.h	SWMM_ENGINE_API int swmm_spatial_get_subcatch_coord(SWMM_Engine engine, int idx, double* x, double* y);
spatial	swmm_spatial_get_subcatch_polygon	openswmm_spatial.h	SWMM_ENGINE_API int swmm_spatial_get_subcatch_polygon(SWMM_Engine engine, int idx, double* x, double* y, int max_count);
spatial	swmm_spatial_get_subcatch_polygon_count	openswmm_spatial.h	SWMM_ENGINE_API int swmm_spatial_get_subcatch_polygon_count(SWMM_Engine engine, int idx, int* count);
spatial	swmm_spatial_set_crs	openswmm_spatial.h	SWMM_ENGINE_API int swmm_spatial_set_crs(SWMM_Engine engine, const char* crs);
spatial	swmm_spatial_set_gage_coord	openswmm_spatial.h	SWMM_ENGINE_API int swmm_spatial_set_gage_coord(SWMM_Engine engine, int idx, double x, double y);
spatial	swmm_spatial_set_link_coord	openswmm_spatial.h	SWMM_ENGINE_API int swmm_spatial_set_link_coord(SWMM_Engine engine, int idx, double x, double y);
spatial	swmm_spatial_set_link_vertices	openswmm_spatial.h	SWMM_ENGINE_API int swmm_spatial_set_link_vertices(SWMM_Engine engine, int idx, const double* x, const double* y, int count);
spatial	swmm_spatial_set_node_coord	openswmm_spatial.h	SWMM_ENGINE_API int swmm_spatial_set_node_coord(SWMM_Engine engine, int idx, double x, double y);
spatial	swmm_spatial_set_node_coords_bulk	openswmm_spatial.h	SWMM_ENGINE_API int swmm_spatial_set_node_coords_bulk(SWMM_Engine engine, const double* x_buf, const double* y_buf, int count);
spatial	swmm_spatial_set_subcatch_coord	openswmm_spatial.h	SWMM_ENGINE_API int swmm_spatial_set_subcatch_coord(SWMM_Engine engine, int idx, double x, double y);
spatial	swmm_spatial_set_subcatch_polygon	openswmm_spatial.h	SWMM_ENGINE_API int swmm_spatial_set_subcatch_polygon(SWMM_Engine engine, int idx, const double* x, const double* y, int count);
statistics	swmm_stat_link_max_filling	openswmm_statistics.h	SWMM_ENGINE_API int swmm_stat_link_max_filling(SWMM_Engine engine, int idx, double* val);
statistics	swmm_stat_link_max_filling_bulk	openswmm_statistics.h	SWMM_ENGINE_API int swmm_stat_link_max_filling_bulk(SWMM_Engine engine, double* buf, int count);
statistics	swmm_stat_link_max_flow	openswmm_statistics.h	SWMM_ENGINE_API int swmm_stat_link_max_flow(SWMM_Engine engine, int idx, double* val);
statistics	swmm_stat_link_max_flow_bulk	openswmm_statistics.h	SWMM_ENGINE_API int swmm_stat_link_max_flow_bulk(SWMM_Engine engine, double* buf, int count);
statistics	swmm_stat_link_max_velocity	openswmm_statistics.h	SWMM_ENGINE_API int swmm_stat_link_max_velocity(SWMM_Engine engine, int idx, double* val);
statistics	swmm_stat_link_max_velocity_bulk	openswmm_statistics.h	SWMM_ENGINE_API int swmm_stat_link_max_velocity_bulk(SWMM_Engine engine, double* buf, int count);
statistics	swmm_stat_link_surcharge_time	openswmm_statistics.h	SWMM_ENGINE_API int swmm_stat_link_surcharge_time(SWMM_Engine engine, int idx, double* val);
statistics	swmm_stat_link_surcharge_time_bulk	openswmm_statistics.h	SWMM_ENGINE_API int swmm_stat_link_surcharge_time_bulk(SWMM_Engine engine, double* buf, int count);
statistics	swmm_stat_link_vol_flow	openswmm_statistics.h	SWMM_ENGINE_API int swmm_stat_link_vol_flow(SWMM_Engine engine, int idx, double* val);
statistics	swmm_stat_link_vol_flow_bulk	openswmm_statistics.h	SWMM_ENGINE_API int swmm_stat_link_vol_flow_bulk(SWMM_Engine engine, double* buf, int count);
statistics	swmm_stat_node_max_depth	openswmm_statistics.h	SWMM_ENGINE_API int swmm_stat_node_max_depth(SWMM_Engine engine, int idx, double* val);
statistics	swmm_stat_node_max_depth_bulk	openswmm_statistics.h	SWMM_ENGINE_API int swmm_stat_node_max_depth_bulk(SWMM_Engine engine, double* buf, int count);
statistics	swmm_stat_node_max_overflow	openswmm_statistics.h	SWMM_ENGINE_API int swmm_stat_node_max_overflow(SWMM_Engine engine, int idx, double* val);
statistics	swmm_stat_node_max_overflow_bulk	openswmm_statistics.h	SWMM_ENGINE_API int swmm_stat_node_max_overflow_bulk(SWMM_Engine engine, double* buf, int count);
statistics	swmm_stat_node_time_flooded	openswmm_statistics.h	SWMM_ENGINE_API int swmm_stat_node_time_flooded(SWMM_Engine engine, int idx, double* val);
statistics	swmm_stat_node_time_flooded_bulk	openswmm_statistics.h	SWMM_ENGINE_API int swmm_stat_node_time_flooded_bulk(SWMM_Engine engine, double* buf, int count);
statistics	swmm_stat_node_vol_flooded	openswmm_statistics.h	SWMM_ENGINE_API int swmm_stat_node_vol_flooded(SWMM_Engine engine, int idx, double* val);
statistics	swmm_stat_node_vol_flooded_bulk	openswmm_statistics.h	SWMM_ENGINE_API int swmm_stat_node_vol_flooded_bulk(SWMM_Engine engine, double* buf, int count);
statistics	swmm_stat_subcatch_max_runoff	openswmm_statistics.h	SWMM_ENGINE_API int swmm_stat_subcatch_max_runoff(SWMM_Engine engine, int idx, double* val);
statistics	swmm_stat_subcatch_max_runoff_bulk	openswmm_statistics.h	SWMM_ENGINE_API int swmm_stat_subcatch_max_runoff_bulk(SWMM_Engine engine, double* buf, int count);
statistics	swmm_stat_subcatch_precip	openswmm_statistics.h	SWMM_ENGINE_API int swmm_stat_subcatch_precip(SWMM_Engine engine, int idx, double* val);
statistics	swmm_stat_subcatch_runoff_vol	openswmm_statistics.h	SWMM_ENGINE_API int swmm_stat_subcatch_runoff_vol(SWMM_Engine engine, int idx, double* val);
statistics	swmm_stat_subcatch_runoff_vol_bulk	openswmm_statistics.h	SWMM_ENGINE_API int swmm_stat_subcatch_runoff_vol_bulk(SWMM_Engine engine, double* buf, int count);
subcatchments	swmm_aquifer_add	openswmm_subcatchments.h	SWMM_ENGINE_API int swmm_aquifer_add(SWMM_Engine engine, const char* id);
subcatchments	swmm_aquifer_count	openswmm_subcatchments.h	SWMM_ENGINE_API int swmm_aquifer_count(SWMM_Engine engine);
subcatchments	swmm_aquifer_get_evap_pattern	openswmm_subcatchments.h	SWMM_ENGINE_API int swmm_aquifer_get_evap_pattern(SWMM_Engine engine, int idx, char* buf, int buflen);
subcatchments	swmm_aquifer_get_param	openswmm_subcatchments.h	SWMM_ENGINE_API int swmm_aquifer_get_param(SWMM_Engine engine, int idx, int param, double* value);
subcatchments	swmm_aquifer_id	openswmm_subcatchments.h	SWMM_ENGINE_API const char* swmm_aquifer_id(SWMM_Engine engine, int idx);
subcatchments	swmm_aquifer_index	openswmm_subcatchments.h	SWMM_ENGINE_API int swmm_aquifer_index(SWMM_Engine engine, const char* id);
subcatchments	swmm_aquifer_set_evap_pattern	openswmm_subcatchments.h	SWMM_ENGINE_API int swmm_aquifer_set_evap_pattern(SWMM_Engine engine, int idx, const char* name);
subcatchments	swmm_aquifer_set_param	openswmm_subcatchments.h	SWMM_ENGINE_API int swmm_aquifer_set_param(SWMM_Engine engine, int idx, int param, double value);
subcatchments	swmm_snowpack_add	openswmm_subcatchments.h	SWMM_ENGINE_API int swmm_snowpack_add(SWMM_Engine engine, const char* id);
subcatchments	swmm_snowpack_count	openswmm_subcatchments.h	SWMM_ENGINE_API int swmm_snowpack_count(SWMM_Engine engine);
subcatchments	swmm_snowpack_get_impervious	openswmm_subcatchments.h	SWMM_ENGINE_API int swmm_snowpack_get_impervious(SWMM_Engine engine, int idx, double* cmin, double* cmax, double* tbase, double* fwfrac, double* sd0, double* fw0, double* last);
subcatchments	swmm_snowpack_get_pervious	openswmm_subcatchments.h	SWMM_ENGINE_API int swmm_snowpack_get_pervious(SWMM_Engine engine, int idx, double* cmin, double* cmax, double* tbase, double* fwfrac, double* sd0, double* fw0, double* last);
subcatchments	swmm_snowpack_get_plowable	openswmm_subcatchments.h	SWMM_ENGINE_API int swmm_snowpack_get_plowable(SWMM_Engine engine, int idx, double* cmin, double* cmax, double* tbase, double* fwfrac, double* sd0, double* fw0, double* last);
subcatchments	swmm_snowpack_get_removal	openswmm_subcatchments.h	SWMM_ENGINE_API int swmm_snowpack_get_removal(SWMM_Engine engine, int idx, double* dsnow, double* fout, double* fimp, double* fperv, double* fimelt, double* fsubcatch);
subcatchments	swmm_snowpack_get_removal_subcatch	openswmm_subcatchments.h	SWMM_ENGINE_API int swmm_snowpack_get_removal_subcatch(SWMM_Engine engine, int idx, char* buf, int buflen);
subcatchments	swmm_snowpack_id	openswmm_subcatchments.h	SWMM_ENGINE_API const char* swmm_snowpack_id(SWMM_Engine engine, int idx);
subcatchments	swmm_snowpack_index	openswmm_subcatchments.h	SWMM_ENGINE_API int swmm_snowpack_index(SWMM_Engine engine, const char* id);
subcatchments	swmm_snowpack_set_impervious	openswmm_subcatchments.h	SWMM_ENGINE_API int swmm_snowpack_set_impervious(SWMM_Engine engine, int idx, double cmin, double cmax, double tbase, double fwfrac, double sd0, double fw0, double last);
subcatchments	swmm_snowpack_set_pervious	openswmm_subcatchments.h	SWMM_ENGINE_API int swmm_snowpack_set_pervious(SWMM_Engine engine, int idx, double cmin, double cmax, double tbase, double fwfrac, double sd0, double fw0, double last);
subcatchments	swmm_snowpack_set_plowable	openswmm_subcatchments.h	SWMM_ENGINE_API int swmm_snowpack_set_plowable(SWMM_Engine engine, int idx, double cmin, double cmax, double tbase, double fwfrac, double sd0, double fw0, double last);
subcatchments	swmm_snowpack_set_removal	openswmm_subcatchments.h	SWMM_ENGINE_API int swmm_snowpack_set_removal(SWMM_Engine engine, int idx, double dsnow, double fout, double fimp, double fperv, double fimelt, double fsubcatch);
subcatchments	swmm_snowpack_set_removal_subcatch	openswmm_subcatchments.h	SWMM_ENGINE_API int swmm_snowpack_set_removal_subcatch(SWMM_Engine engine, int idx, const char* name);
subcatchments	swmm_subcatch_add	openswmm_subcatchments.h	SWMM_ENGINE_API int swmm_subcatch_add(SWMM_Engine engine, const char* id);
subcatchments	swmm_subcatch_count	openswmm_subcatchments.h	SWMM_ENGINE_API int swmm_subcatch_count(SWMM_Engine engine);
subcatchments	swmm_subcatch_get_aquifer	openswmm_subcatchments.h	SWMM_ENGINE_API int swmm_subcatch_get_aquifer(SWMM_Engine engine, int idx, int* aquifer_idx);
subcatchments	swmm_subcatch_get_area	openswmm_subcatchments.h	SWMM_ENGINE_API int swmm_subcatch_get_area(SWMM_Engine engine, int idx, double* area);
subcatchments	swmm_subcatch_get_coverage	openswmm_subcatchments.h	SWMM_ENGINE_API int swmm_subcatch_get_coverage(SWMM_Engine engine, int sc_idx, int lu_idx, double* fraction);
subcatchments	swmm_subcatch_get_ds_imperv	openswmm_subcatchments.h	SWMM_ENGINE_API int swmm_subcatch_get_ds_imperv(SWMM_Engine engine, int idx, double* ds);
subcatchments	swmm_subcatch_get_ds_perv	openswmm_subcatchments.h	SWMM_ENGINE_API int swmm_subcatch_get_ds_perv(SWMM_Engine engine, int idx, double* ds);
subcatchments	swmm_subcatch_get_evap	openswmm_subcatchments.h	SWMM_ENGINE_API int swmm_subcatch_get_evap(SWMM_Engine engine, int idx, double* evap);
subcatchments	swmm_subcatch_get_evap_bulk	openswmm_subcatchments.h	SWMM_ENGINE_API int swmm_subcatch_get_evap_bulk(SWMM_Engine engine, double* buf, int count);
subcatchments	swmm_subcatch_get_gage	openswmm_subcatchments.h	SWMM_ENGINE_API int swmm_subcatch_get_gage(SWMM_Engine engine, int idx, int* gage_idx);
subcatchments	swmm_subcatch_get_groundwater	openswmm_subcatchments.h	SWMM_ENGINE_API int swmm_subcatch_get_groundwater(SWMM_Engine engine, int idx, double* gw_flow);
subcatchments	swmm_subcatch_get_gw_node	openswmm_subcatchments.h	SWMM_ENGINE_API int swmm_subcatch_get_gw_node(SWMM_Engine engine, int idx, int* node_idx);
subcatchments	swmm_subcatch_get_gw_params	openswmm_subcatchments.h	SWMM_ENGINE_API int swmm_subcatch_get_gw_params(SWMM_Engine engine, int idx, double* surf_elev, double* a1, double* b1, double* a2, double* b2, double* a3, double* tw, double* hstar);
subcatchments	swmm_subcatch_get_gw_state	openswmm_subcatchments.h	SWMM_ENGINE_API int swmm_subcatch_get_gw_state(SWMM_Engine engine, int idx, double* theta, double* lower_depth);
subcatchments	swmm_subcatch_get_ids_bulk	openswmm_subcatchments.h	SWMM_ENGINE_API int swmm_subcatch_get_ids_bulk(SWMM_Engine engine, char* buf, int stride, int count);
subcatchments	swmm_subcatch_get_imperv_pct	openswmm_subcatchments.h	SWMM_ENGINE_API int swmm_subcatch_get_imperv_pct(SWMM_Engine engine, int idx, double* pct);
subcatchments	swmm_subcatch_get_infil	openswmm_subcatchments.h	SWMM_ENGINE_API int swmm_subcatch_get_infil(SWMM_Engine engine, int idx, double* infil);
subcatchments	swmm_subcatch_get_infil_bulk	openswmm_subcatchments.h	SWMM_ENGINE_API int swmm_subcatch_get_infil_bulk(SWMM_Engine engine, double* buf, int count);
subcatchments	swmm_subcatch_get_infil_curve_number	openswmm_subcatchments.h	SWMM_ENGINE_API int swmm_subcatch_get_infil_curve_number(SWMM_Engine engine, int idx, double* cn);
subcatchments	swmm_subcatch_get_infil_green_ampt	openswmm_subcatchments.h	SWMM_ENGINE_API int swmm_subcatch_get_infil_green_ampt(SWMM_Engine engine, int idx, double* suction, double* conductivity, double* deficit);
subcatchments	swmm_subcatch_get_infil_horton	openswmm_subcatchments.h	SWMM_ENGINE_API int swmm_subcatch_get_infil_horton(SWMM_Engine engine, int idx, double* f0, double* fmin, double* decay, double* dry_time);
subcatchments	swmm_subcatch_get_infil_model	openswmm_subcatchments.h	SWMM_ENGINE_API int swmm_subcatch_get_infil_model(SWMM_Engine engine, int idx, int* model);
subcatchments	swmm_subcatch_get_n_imperv	openswmm_subcatchments.h	SWMM_ENGINE_API int swmm_subcatch_get_n_imperv(SWMM_Engine engine, int idx, double* n);
subcatchments	swmm_subcatch_get_n_perv	openswmm_subcatchments.h	SWMM_ENGINE_API int swmm_subcatch_get_n_perv(SWMM_Engine engine, int idx, double* n);
subcatchments	swmm_subcatch_get_outlet	openswmm_subcatchments.h	SWMM_ENGINE_API int swmm_subcatch_get_outlet(SWMM_Engine engine, int idx, int* node_idx);
subcatchments	swmm_subcatch_get_outlet_subcatch	openswmm_subcatchments.h	SWMM_ENGINE_API int swmm_subcatch_get_outlet_subcatch(SWMM_Engine engine, int idx, int* sc_idx);
subcatchments	swmm_subcatch_get_ponded_quality	openswmm_subcatchments.h	SWMM_ENGINE_API int swmm_subcatch_get_ponded_quality(SWMM_Engine engine, int subcatch_idx, int pollutant_idx, double* mass);
subcatchments	swmm_subcatch_get_quality	openswmm_subcatchments.h	SWMM_ENGINE_API int swmm_subcatch_get_quality(SWMM_Engine engine, int subcatch_idx, int pollutant_idx, double* conc);
subcatchments	swmm_subcatch_get_quality_bulk	openswmm_subcatchments.h	SWMM_ENGINE_API int swmm_subcatch_get_quality_bulk(SWMM_Engine engine, int pollutant_idx, double* buf, int count);
subcatchments	swmm_subcatch_get_rainfall	openswmm_subcatchments.h	SWMM_ENGINE_API int swmm_subcatch_get_rainfall(SWMM_Engine engine, int idx, double* rainfall);
subcatchments	swmm_subcatch_get_rainfall_bulk	openswmm_subcatchments.h	SWMM_ENGINE_API int swmm_subcatch_get_rainfall_bulk(SWMM_Engine engine, double* buf, int count);
subcatchments	swmm_subcatch_get_runoff	openswmm_subcatchments.h	SWMM_ENGINE_API int swmm_subcatch_get_runoff(SWMM_Engine engine, int idx, double* runoff);
subcatchments	swmm_subcatch_get_runoff_bulk	openswmm_subcatchments.h	SWMM_ENGINE_API int swmm_subcatch_get_runoff_bulk(SWMM_Engine engine, double* buf, int count);
subcatchments	swmm_subcatch_get_slope	openswmm_subcatchments.h	SWMM_ENGINE_API int swmm_subcatch_get_slope(SWMM_Engine engine, int idx, double* s);
subcatchments	swmm_subcatch_get_snow_depth	openswmm_subcatchments.h	SWMM_ENGINE_API int swmm_subcatch_get_snow_depth(SWMM_Engine engine, int idx, double* depth);
subcatchments	swmm_subcatch_get_snow_depth_bulk	openswmm_subcatchments.h	SWMM_ENGINE_API int swmm_subcatch_get_snow_depth_bulk(SWMM_Engine engine, double* buf, int count);
subcatchments	swmm_subcatch_get_snow_state	openswmm_subcatchments.h	SWMM_ENGINE_API int swmm_subcatch_get_snow_state(SWMM_Engine engine, int idx, int surface, double* swe, double* fw, double* ati, double* coldc);
subcatchments	swmm_subcatch_get_stat_max_runoff	openswmm_subcatchments.h	SWMM_ENGINE_API int swmm_subcatch_get_stat_max_runoff(SWMM_Engine engine, int idx, double* rate);
subcatchments	swmm_subcatch_get_stat_precip	openswmm_subcatchments.h	SWMM_ENGINE_API int swmm_subcatch_get_stat_precip(SWMM_Engine engine, int idx, double* vol);
subcatchments	swmm_subcatch_get_stat_runoff_vol	openswmm_subcatchments.h	SWMM_ENGINE_API int swmm_subcatch_get_stat_runoff_vol(SWMM_Engine engine, int idx, double* vol);
subcatchments	swmm_subcatch_get_tag	openswmm_subcatchments.h	SWMM_ENGINE_API int swmm_subcatch_get_tag(SWMM_Engine engine, int idx, char* buf, int buflen);
subcatchments	swmm_subcatch_get_width	openswmm_subcatchments.h	SWMM_ENGINE_API int swmm_subcatch_get_width(SWMM_Engine engine, int idx, double* w);
subcatchments	swmm_subcatch_id	openswmm_subcatchments.h	SWMM_ENGINE_API const char* swmm_subcatch_id(SWMM_Engine engine, int idx);
subcatchments	swmm_subcatch_index	openswmm_subcatchments.h	SWMM_ENGINE_API int swmm_subcatch_index(SWMM_Engine engine, const char* id);
subcatchments	swmm_subcatch_rename	openswmm_subcatchments.h	SWMM_ENGINE_API int swmm_subcatch_rename(SWMM_Engine engine, int idx, const char* newId);
subcatchments	swmm_subcatch_set_aquifer	openswmm_subcatchments.h	SWMM_ENGINE_API int swmm_subcatch_set_aquifer(SWMM_Engine engine, int idx, int aquifer_idx);
subcatchments	swmm_subcatch_set_area	openswmm_subcatchments.h	SWMM_ENGINE_API int swmm_subcatch_set_area(SWMM_Engine engine, int idx, double area);
subcatchments	swmm_subcatch_set_coverage	openswmm_subcatchments.h	SWMM_ENGINE_API int swmm_subcatch_set_coverage(SWMM_Engine engine, int sc_idx, int lu_idx, double fraction);
subcatchments	swmm_subcatch_set_ds_imperv	openswmm_subcatchments.h	SWMM_ENGINE_API int swmm_subcatch_set_ds_imperv(SWMM_Engine engine, int idx, double ds);
subcatchments	swmm_subcatch_set_ds_perv	openswmm_subcatchments.h	SWMM_ENGINE_API int swmm_subcatch_set_ds_perv(SWMM_Engine engine, int idx, double ds);
subcatchments	swmm_subcatch_set_gage	openswmm_subcatchments.h	SWMM_ENGINE_API int swmm_subcatch_set_gage(SWMM_Engine engine, int idx, int gage_idx);
subcatchments	swmm_subcatch_set_gw_node	openswmm_subcatchments.h	SWMM_ENGINE_API int swmm_subcatch_set_gw_node(SWMM_Engine engine, int idx, int node_idx);
subcatchments	swmm_subcatch_set_gw_params	openswmm_subcatchments.h	SWMM_ENGINE_API int swmm_subcatch_set_gw_params(SWMM_Engine engine, int idx, double surf_elev, double a1, double b1, double a2, double b2, double a3, double tw, double hstar);
subcatchments	swmm_subcatch_set_gw_state	openswmm_subcatchments.h	SWMM_ENGINE_API int swmm_subcatch_set_gw_state(SWMM_Engine engine, int idx, double theta, double lower_depth);
subcatchments	swmm_subcatch_set_imperv_pct	openswmm_subcatchments.h	SWMM_ENGINE_API int swmm_subcatch_set_imperv_pct(SWMM_Engine engine, int idx, double pct);
subcatchments	swmm_subcatch_set_infil_curve_number	openswmm_subcatchments.h	SWMM_ENGINE_API int swmm_subcatch_set_infil_curve_number(SWMM_Engine engine, int idx, double cn);
subcatchments	swmm_subcatch_set_infil_green_ampt	openswmm_subcatchments.h	SWMM_ENGINE_API int swmm_subcatch_set_infil_green_ampt(SWMM_Engine engine, int idx, double suction, double conductivity, double initial_deficit);
subcatchments	swmm_subcatch_set_infil_horton	openswmm_subcatchments.h	SWMM_ENGINE_API int swmm_subcatch_set_infil_horton(SWMM_Engine engine, int idx, double f0, double fmin, double decay, double dry_time);
subcatchments	swmm_subcatch_set_infil_model	openswmm_subcatchments.h	SWMM_ENGINE_API int swmm_subcatch_set_infil_model(SWMM_Engine engine, int idx, int model);
subcatchments	swmm_subcatch_set_n_imperv	openswmm_subcatchments.h	SWMM_ENGINE_API int swmm_subcatch_set_n_imperv(SWMM_Engine engine, int idx, double n);
subcatchments	swmm_subcatch_set_n_perv	openswmm_subcatchments.h	SWMM_ENGINE_API int swmm_subcatch_set_n_perv(SWMM_Engine engine, int idx, double n);
subcatchments	swmm_subcatch_set_outlet	openswmm_subcatchments.h	SWMM_ENGINE_API int swmm_subcatch_set_outlet(SWMM_Engine engine, int idx, int node_idx);
subcatchments	swmm_subcatch_set_outlet_subcatch	openswmm_subcatchments.h	SWMM_ENGINE_API int swmm_subcatch_set_outlet_subcatch(SWMM_Engine engine, int idx, int sc_idx);
subcatchments	swmm_subcatch_set_ponded_quality	openswmm_subcatchments.h	SWMM_ENGINE_API int swmm_subcatch_set_ponded_quality(SWMM_Engine engine, int subcatch_idx, int pollutant_idx, double mass);
subcatchments	swmm_subcatch_set_rainfall	openswmm_subcatchments.h	SWMM_ENGINE_API int swmm_subcatch_set_rainfall(SWMM_Engine engine, int idx, double rainfall);
subcatchments	swmm_subcatch_set_slope	openswmm_subcatchments.h	SWMM_ENGINE_API int swmm_subcatch_set_slope(SWMM_Engine engine, int idx, double slope);
subcatchments	swmm_subcatch_set_snow_state	openswmm_subcatchments.h	SWMM_ENGINE_API int swmm_subcatch_set_snow_state(SWMM_Engine engine, int idx, int surface, double swe, double fw, double ati, double coldc);
subcatchments	swmm_subcatch_set_tag	openswmm_subcatchments.h	SWMM_ENGINE_API int swmm_subcatch_set_tag(SWMM_Engine engine, int idx, const char* tag);
subcatchments	swmm_subcatch_set_width	openswmm_subcatchments.h	SWMM_ENGINE_API int swmm_subcatch_set_width(SWMM_Engine engine, int idx, double width);
tables	swmm_curve_add	openswmm_tables.h	SWMM_ENGINE_API int swmm_curve_add(SWMM_Engine engine, const char* id, int type);
tables	swmm_pattern_add	openswmm_tables.h	SWMM_ENGINE_API int swmm_pattern_add(SWMM_Engine engine, const char* id, int type);
tables	swmm_pattern_count	openswmm_tables.h	SWMM_ENGINE_API int swmm_pattern_count(SWMM_Engine engine);
tables	swmm_pattern_get_factor	openswmm_tables.h	SWMM_ENGINE_API int swmm_pattern_get_factor(SWMM_Engine engine, int idx, int i, double* v);
tables	swmm_pattern_get_factor_count	openswmm_tables.h	SWMM_ENGINE_API int swmm_pattern_get_factor_count(SWMM_Engine engine, int idx, int* count);
tables	swmm_pattern_get_type	openswmm_tables.h	SWMM_ENGINE_API int swmm_pattern_get_type(SWMM_Engine engine, int idx, int* type);
tables	swmm_pattern_id	openswmm_tables.h	SWMM_ENGINE_API const char* swmm_pattern_id(SWMM_Engine engine, int idx);
tables	swmm_pattern_index	openswmm_tables.h	SWMM_ENGINE_API int swmm_pattern_index(SWMM_Engine engine, const char* id);
tables	swmm_pattern_remove	openswmm_tables.h	SWMM_ENGINE_API int swmm_pattern_remove(SWMM_Engine engine, int idx);
tables	swmm_pattern_rename	openswmm_tables.h	SWMM_ENGINE_API int swmm_pattern_rename(SWMM_Engine engine, int idx, const char* newId);
tables	swmm_pattern_set_factors	openswmm_tables.h	SWMM_ENGINE_API int swmm_pattern_set_factors(SWMM_Engine engine, int idx, const double* factors, int count);
tables	swmm_table_add_point	openswmm_tables.h	SWMM_ENGINE_API int swmm_table_add_point(SWMM_Engine engine, int idx, double x, double y);
tables	swmm_table_clear	openswmm_tables.h	SWMM_ENGINE_API int swmm_table_clear(SWMM_Engine engine, int idx);
tables	swmm_table_count	openswmm_tables.h	SWMM_ENGINE_API int swmm_table_count(SWMM_Engine engine);
tables	swmm_table_get_point	openswmm_tables.h	SWMM_ENGINE_API int swmm_table_get_point(SWMM_Engine engine, int idx, int pt_idx, double* x, double* y);
tables	swmm_table_get_point_count	openswmm_tables.h	SWMM_ENGINE_API int swmm_table_get_point_count(SWMM_Engine engine, int idx, int* count);
tables	swmm_table_get_type	openswmm_tables.h	SWMM_ENGINE_API int swmm_table_get_type(SWMM_Engine engine, int idx, int* type);
tables	swmm_table_id	openswmm_tables.h	SWMM_ENGINE_API const char* swmm_table_id(SWMM_Engine engine, int idx);
tables	swmm_table_index	openswmm_tables.h	SWMM_ENGINE_API int swmm_table_index(SWMM_Engine engine, const char* id);
tables	swmm_table_lookup	openswmm_tables.h	SWMM_ENGINE_API int swmm_table_lookup(SWMM_Engine engine, int idx, double x, double* y);
tables	swmm_timeseries_add	openswmm_tables.h	SWMM_ENGINE_API int swmm_timeseries_add(SWMM_Engine engine, const char* id);
# 823 functions across 24 headers
